# Renewables.ninja Solar photovoltaic power (PV) (Point API) - 40.739, 71.766 - Version: 1.4 (gsee f9b6961) - License: https://creativecommons.org/licenses/by-nc/4.0/ - Reference: https://doi.org/10.1016/j.energy.2016.08.060
# Units: time in UTC, local_time in Asia/Karachi, electricity in kW, irradiance_direct in unknown, irradiance_diffuse in unknown, temperature in ºC
# {"units": {"time": "UTC", "local_time": "Asia/Karachi", "electricity": "kW", "irradiance_direct": "unknown", "irradiance_diffuse": "unknown", "temperature": "\u00baC"}, "params": {"local_time": "true", "header": "true", "lat": "40.73941377770845", "lon": "71.76615222429818", "date_from": "2019-01-01", "date_to": "2019-12-31", "dataset": "merra2", "capacity": "1", "system_loss": "0.1", "tracking": "0", "tilt": "35", "azim": "180", "raw": "true"}}
time,local_time,electricity,irradiance_direct,irradiance_diffuse,temperature
2019-01-01 00:00,2019-01-01 05:00,0,0,0,3.206
2019-01-01 01:00,2019-01-01 06:00,0,0,0,3.047
2019-01-01 02:00,2019-01-01 07:00,0,0.002,0.003,2.679
2019-01-01 03:00,2019-01-01 08:00,0.107,0.069,0.062,4.113
2019-01-01 04:00,2019-01-01 09:00,0.241,0.148,0.123,7.127
2019-01-01 05:00,2019-01-01 10:00,0.239,0.105,0.166,9.175
2019-01-01 06:00,2019-01-01 11:00,0.201,0.057,0.176,10.486
2019-01-01 07:00,2019-01-01 12:00,0.154,0.028,0.155,11.051
2019-01-01 08:00,2019-01-01 13:00,0.104,0.014,0.118,10.662
2019-01-01 09:00,2019-01-01 14:00,0.062,0.007,0.079,9.612
2019-01-01 10:00,2019-01-01 15:00,0.022,0.003,0.039,8.760
2019-01-01 11:00,2019-01-01 16:00,0,0.001,0.007,7.522
2019-01-01 12:00,2019-01-01 17:00,0,0,0,6.154
2019-01-01 13:00,2019-01-01 18:00,0,0,0,5.496
2019-01-01 14:00,2019-01-01 19:00,0,0,0,4.880
2019-01-01 15:00,2019-01-01 20:00,0,0,0,4.321
2019-01-01 16:00,2019-01-01 21:00,0,0,0,3.862
2019-01-01 17:00,2019-01-01 22:00,0,0,0,3.218
2019-01-01 18:00,2019-01-01 23:00,0,0,0,2.784
2019-01-01 19:00,2019-01-02 00:00,0,0,0,2.525
2019-01-01 20:00,2019-01-02 01:00,0,0,0,2.272
2019-01-01 21:00,2019-01-02 02:00,0,0,0,2.099
2019-01-01 22:00,2019-01-02 03:00,0,0,0,2.002
2019-01-01 23:00,2019-01-02 04:00,0,0,0,1.856
2019-01-02 00:00,2019-01-02 05:00,0,0,0,1.728
2019-01-02 01:00,2019-01-02 06:00,0,0,0,1.727
2019-01-02 02:00,2019-01-02 07:00,0,0,0.002,1.773
2019-01-02 03:00,2019-01-02 08:00,0.040,0.015,0.046,2.681
2019-01-02 04:00,2019-01-02 09:00,0.157,0.066,0.115,4.267
2019-01-02 05:00,2019-01-02 10:00,0.308,0.178,0.162,5.669
2019-01-02 06:00,2019-01-02 11:00,0.401,0.264,0.180,6.869
2019-01-02 07:00,2019-01-02 12:00,0.362,0.213,0.190,7.647
2019-01-02 08:00,2019-01-02 13:00,0.273,0.129,0.177,7.951
2019-01-02 09:00,2019-01-02 14:00,0.167,0.060,0.134,7.743
2019-01-02 10:00,2019-01-02 15:00,0.074,0.024,0.074,6.772
2019-01-02 11:00,2019-01-02 16:00,0.004,0.005,0.015,4.550
2019-01-02 12:00,2019-01-02 17:00,0,0,0,3.197
2019-01-02 13:00,2019-01-02 18:00,0,0,0,2.675
2019-01-02 14:00,2019-01-02 19:00,0,0,0,2.199
2019-01-02 15:00,2019-01-02 20:00,0,0,0,1.590
2019-01-02 16:00,2019-01-02 21:00,0,0,0,1.066
2019-01-02 17:00,2019-01-02 22:00,0,0,0,0.695
2019-01-02 18:00,2019-01-02 23:00,0,0,0,0.685
2019-01-02 19:00,2019-01-03 00:00,0,0,0,0.682
2019-01-02 20:00,2019-01-03 01:00,0,0,0,0.486
2019-01-02 21:00,2019-01-03 02:00,0,0,0,0.193
2019-01-02 22:00,2019-01-03 03:00,0,0,0,-0.096
2019-01-02 23:00,2019-01-03 04:00,0,0,0,-0.366
2019-01-03 00:00,2019-01-03 05:00,0,0,0,-0.619
2019-01-03 01:00,2019-01-03 06:00,0,0,0,-0.747
2019-01-03 02:00,2019-01-03 07:00,0,0.005,0.004,-0.793
2019-01-03 03:00,2019-01-03 08:00,0.152,0.120,0.054,1.658
2019-01-03 04:00,2019-01-03 09:00,0.358,0.305,0.089,5.059
2019-01-03 05:00,2019-01-03 10:00,0.588,0.588,0.082,7.463
2019-01-03 06:00,2019-01-03 11:00,0.701,0.751,0.075,9.291
2019-01-03 07:00,2019-01-03 12:00,0.686,0.729,0.082,10.341
2019-01-03 08:00,2019-01-03 13:00,0.593,0.597,0.092,10.805
2019-01-03 09:00,2019-01-03 14:00,0.421,0.379,0.097,10.686
2019-01-03 10:00,2019-01-03 15:00,0.207,0.161,0.077,9.389
2019-01-03 11:00,2019-01-03 16:00,0.040,0.041,0.020,6.288
2019-01-03 12:00,2019-01-03 17:00,0,0,0,4.243
2019-01-03 13:00,2019-01-03 18:00,0,0,0,3.344
2019-01-03 14:00,2019-01-03 19:00,0,0,0,2.539
2019-01-03 15:00,2019-01-03 20:00,0,0,0,1.897
2019-01-03 16:00,2019-01-03 21:00,0,0,0,1.496
2019-01-03 17:00,2019-01-03 22:00,0,0,0,1.267
2019-01-03 18:00,2019-01-03 23:00,0,0,0,1.036
2019-01-03 19:00,2019-01-04 00:00,0,0,0,0.942
2019-01-03 20:00,2019-01-04 01:00,0,0,0,1.070
2019-01-03 21:00,2019-01-04 02:00,0,0,0,1.286
2019-01-03 22:00,2019-01-04 03:00,0,0,0,1.225
2019-01-03 23:00,2019-01-04 04:00,0,0,0,1.151
2019-01-04 00:00,2019-01-04 05:00,0,0,0,1.326
2019-01-04 01:00,2019-01-04 06:00,0,0,0,1.141
2019-01-04 02:00,2019-01-04 07:00,0,0.002,0.004,1.340
2019-01-04 03:00,2019-01-04 08:00,0.064,0.029,0.057,3.053
2019-01-04 04:00,2019-01-04 09:00,0.137,0.046,0.116,5.324
2019-01-04 05:00,2019-01-04 10:00,0.179,0.051,0.156,7.224
2019-01-04 06:00,2019-01-04 11:00,0.172,0.036,0.164,8.222
2019-01-04 07:00,2019-01-04 12:00,0.144,0.022,0.149,8.563
2019-01-04 08:00,2019-01-04 13:00,0.092,0.010,0.107,8.007
2019-01-04 09:00,2019-01-04 14:00,0.061,0.006,0.078,7.381
2019-01-04 10:00,2019-01-04 15:00,0.027,0.004,0.044,6.863
2019-01-04 11:00,2019-01-04 16:00,0,0.002,0.011,6.375
2019-01-04 12:00,2019-01-04 17:00,0,0,0,5.911
2019-01-04 13:00,2019-01-04 18:00,0,0,0,5.025
2019-01-04 14:00,2019-01-04 19:00,0,0,0,4.580
2019-01-04 15:00,2019-01-04 20:00,0,0,0,4.290
2019-01-04 16:00,2019-01-04 21:00,0,0,0,4.162
2019-01-04 17:00,2019-01-04 22:00,0,0,0,3.737
2019-01-04 18:00,2019-01-04 23:00,0,0,0,3.590
2019-01-04 19:00,2019-01-05 00:00,0,0,0,3.239
2019-01-04 20:00,2019-01-05 01:00,0,0,0,2.752
2019-01-04 21:00,2019-01-05 02:00,0,0,0,2.435
2019-01-04 22:00,2019-01-05 03:00,0,0,0,2.355
2019-01-04 23:00,2019-01-05 04:00,0,0,0,2.100
2019-01-05 00:00,2019-01-05 05:00,0,0,0,1.750
2019-01-05 01:00,2019-01-05 06:00,0,0,0,1.402
2019-01-05 02:00,2019-01-05 07:00,0,0,0.002,1.058
2019-01-05 03:00,2019-01-05 08:00,0.022,0.005,0.036,1.767
2019-01-05 04:00,2019-01-05 09:00,0.094,0.019,0.098,3.249
2019-01-05 05:00,2019-01-05 10:00,0.171,0.042,0.154,4.268
2019-01-05 06:00,2019-01-05 11:00,0.202,0.049,0.179,5.057
2019-01-05 07:00,2019-01-05 12:00,0.176,0.033,0.168,5.333
2019-01-05 08:00,2019-01-05 13:00,0.134,0.020,0.138,5.148
2019-01-05 09:00,2019-01-05 14:00,0.083,0.010,0.095,4.690
2019-01-05 10:00,2019-01-05 15:00,0.033,0.004,0.049,3.947
2019-01-05 11:00,2019-01-05 16:00,0,0.001,0.011,2.699
2019-01-05 12:00,2019-01-05 17:00,0,0,0,1.881
2019-01-05 13:00,2019-01-05 18:00,0,0,0,1.704
2019-01-05 14:00,2019-01-05 19:00,0,0,0,1.562
2019-01-05 15:00,2019-01-05 20:00,0,0,0,1.236
2019-01-05 16:00,2019-01-05 21:00,0,0,0,0.817
2019-01-05 17:00,2019-01-05 22:00,0,0,0,0.472
2019-01-05 18:00,2019-01-05 23:00,0,0,0,0.187
2019-01-05 19:00,2019-01-06 00:00,0,0,0,-0.134
2019-01-05 20:00,2019-01-06 01:00,0,0,0,-0.433
2019-01-05 21:00,2019-01-06 02:00,0,0,0,-0.539
2019-01-05 22:00,2019-01-06 03:00,0,0,0,-0.571
2019-01-05 23:00,2019-01-06 04:00,0,0,0,-0.584
2019-01-06 00:00,2019-01-06 05:00,0,0,0,-0.569
2019-01-06 01:00,2019-01-06 06:00,0,0,0,-0.543
2019-01-06 02:00,2019-01-06 07:00,0,0.005,0.004,-0.527
2019-01-06 03:00,2019-01-06 08:00,0.208,0.180,0.051,1.715
2019-01-06 04:00,2019-01-06 09:00,0.438,0.411,0.072,4.806
2019-01-06 05:00,2019-01-06 10:00,0.591,0.593,0.079,6.832
2019-01-06 06:00,2019-01-06 11:00,0.683,0.719,0.078,8.393
2019-01-06 07:00,2019-01-06 12:00,0.710,0.767,0.074,9.549
2019-01-06 08:00,2019-01-06 13:00,0.667,0.716,0.069,10.241
2019-01-06 09:00,2019-01-06 14:00,0.553,0.574,0.062,10.407
2019-01-06 10:00,2019-01-06 15:00,0.354,0.345,0.053,9.685
2019-01-06 11:00,2019-01-06 16:00,0.091,0.096,0.019,6.666
2019-01-06 12:00,2019-01-06 17:00,0,0,0,4.517
2019-01-06 13:00,2019-01-06 18:00,0,0,0,3.239
2019-01-06 14:00,2019-01-06 19:00,0,0,0,2.374
2019-01-06 15:00,2019-01-06 20:00,0,0,0,1.915
2019-01-06 16:00,2019-01-06 21:00,0,0,0,1.704
2019-01-06 17:00,2019-01-06 22:00,0,0,0,1.528
2019-01-06 18:00,2019-01-06 23:00,0,0,0,1.315
2019-01-06 19:00,2019-01-07 00:00,0,0,0,1.133
2019-01-06 20:00,2019-01-07 01:00,0,0,0,1.084
2019-01-06 21:00,2019-01-07 02:00,0,0,0,1.101
2019-01-06 22:00,2019-01-07 03:00,0,0,0,1.104
2019-01-06 23:00,2019-01-07 04:00,0,0,0,1.016
2019-01-07 00:00,2019-01-07 05:00,0,0,0,0.965
2019-01-07 01:00,2019-01-07 06:00,0,0,0,0.908
2019-01-07 02:00,2019-01-07 07:00,0,0.010,0.005,0.965
2019-01-07 03:00,2019-01-07 08:00,0.234,0.205,0.053,3.156
2019-01-07 04:00,2019-01-07 09:00,0.334,0.267,0.103,6.293
2019-01-07 05:00,2019-01-07 10:00,0.352,0.243,0.151,8.856
2019-01-07 06:00,2019-01-07 11:00,0.310,0.167,0.182,10.423
2019-01-07 07:00,2019-01-07 12:00,0.246,0.101,0.181,11.237
2019-01-07 08:00,2019-01-07 13:00,0.253,0.120,0.170,11.752
2019-01-07 09:00,2019-01-07 14:00,0.281,0.185,0.135,12.104
2019-01-07 10:00,2019-01-07 15:00,0.222,0.171,0.084,10.696
2019-01-07 11:00,2019-01-07 16:00,0.044,0.043,0.023,7.652
2019-01-07 12:00,2019-01-07 17:00,0,0,0,6.486
2019-01-07 13:00,2019-01-07 18:00,0,0,0,6.169
2019-01-07 14:00,2019-01-07 19:00,0,0,0,6.334
2019-01-07 15:00,2019-01-07 20:00,0,0,0,6.289
2019-01-07 16:00,2019-01-07 21:00,0,0,0,6.013
2019-01-07 17:00,2019-01-07 22:00,0,0,0,6.781
2019-01-07 18:00,2019-01-07 23:00,0,0,0,6.798
2019-01-07 19:00,2019-01-08 00:00,0,0,0,6.454
2019-01-07 20:00,2019-01-08 01:00,0,0,0,5.824
2019-01-07 21:00,2019-01-08 02:00,0,0,0,4.871
2019-01-07 22:00,2019-01-08 03:00,0,0,0,4.421
2019-01-07 23:00,2019-01-08 04:00,0,0,0,4.802
2019-01-08 00:00,2019-01-08 05:00,0,0,0,4.492
2019-01-08 01:00,2019-01-08 06:00,0,0,0,4.069
2019-01-08 02:00,2019-01-08 07:00,0,0.003,0.005,3.653
2019-01-08 03:00,2019-01-08 08:00,0.084,0.042,0.065,5.056
2019-01-08 04:00,2019-01-08 09:00,0.106,0.024,0.107,6.826
2019-01-08 05:00,2019-01-08 10:00,0.068,0.006,0.086,6.992
2019-01-08 06:00,2019-01-08 11:00,0.064,0.004,0.083,6.064
2019-01-08 07:00,2019-01-08 12:00,0.065,0.004,0.084,5.053
2019-01-08 08:00,2019-01-08 13:00,0.063,0.004,0.082,5.299
2019-01-08 09:00,2019-01-08 14:00,0.073,0.008,0.089,5.982
2019-01-08 10:00,2019-01-08 15:00,0.040,0.006,0.056,6.024
2019-01-08 11:00,2019-01-08 16:00,0.001,0.002,0.014,4.892
2019-01-08 12:00,2019-01-08 17:00,0,0,0,4.068
2019-01-08 13:00,2019-01-08 18:00,0,0,0,3.918
2019-01-08 14:00,2019-01-08 19:00,0,0,0,3.917
2019-01-08 15:00,2019-01-08 20:00,0,0,0,3.587
2019-01-08 16:00,2019-01-08 21:00,0,0,0,2.971
2019-01-08 17:00,2019-01-08 22:00,0,0,0,2.733
2019-01-08 18:00,2019-01-08 23:00,0,0,0,2.493
2019-01-08 19:00,2019-01-09 00:00,0,0,0,2.503
2019-01-08 20:00,2019-01-09 01:00,0,0,0,2.877
2019-01-08 21:00,2019-01-09 02:00,0,0,0,3.204
2019-01-08 22:00,2019-01-09 03:00,0,0,0,3.161
2019-01-08 23:00,2019-01-09 04:00,0,0,0,2.824
2019-01-09 00:00,2019-01-09 05:00,0,0,0,2.552
2019-01-09 01:00,2019-01-09 06:00,0,0,0,2.114
2019-01-09 02:00,2019-01-09 07:00,0,0.003,0.004,1.790
2019-01-09 03:00,2019-01-09 08:00,0.123,0.088,0.058,3.396
2019-01-09 04:00,2019-01-09 09:00,0.357,0.301,0.093,5.786
2019-01-09 05:00,2019-01-09 10:00,0.582,0.577,0.086,7.688
2019-01-09 06:00,2019-01-09 11:00,0.679,0.714,0.083,9.213
2019-01-09 07:00,2019-01-09 12:00,0.698,0.748,0.080,10.421
2019-01-09 08:00,2019-01-09 13:00,0.648,0.686,0.077,11.160
2019-01-09 09:00,2019-01-09 14:00,0.527,0.534,0.072,11.144
2019-01-09 10:00,2019-01-09 15:00,0.325,0.305,0.061,10.153
2019-01-09 11:00,2019-01-09 16:00,0.072,0.074,0.022,6.545
2019-01-09 12:00,2019-01-09 17:00,0,0,0,4.242
2019-01-09 13:00,2019-01-09 18:00,0,0,0,3.408
2019-01-09 14:00,2019-01-09 19:00,0,0,0,2.813
2019-01-09 15:00,2019-01-09 20:00,0,0,0,2.076
2019-01-09 16:00,2019-01-09 21:00,0,0,0,1.665
2019-01-09 17:00,2019-01-09 22:00,0,0,0,1.642
2019-01-09 18:00,2019-01-09 23:00,0,0,0,1.600
2019-01-09 19:00,2019-01-10 00:00,0,0,0,1.443
2019-01-09 20:00,2019-01-10 01:00,0,0,0,1.265
2019-01-09 21:00,2019-01-10 02:00,0,0,0,1.016
2019-01-09 22:00,2019-01-10 03:00,0,0,0,0.738
2019-01-09 23:00,2019-01-10 04:00,0,0,0,0.593
2019-01-10 00:00,2019-01-10 05:00,0,0,0,0.356
2019-01-10 01:00,2019-01-10 06:00,0,0,0,0.129
2019-01-10 02:00,2019-01-10 07:00,0,0.004,0.005,0.384
2019-01-10 03:00,2019-01-10 08:00,0.115,0.075,0.063,2.466
2019-01-10 04:00,2019-01-10 09:00,0.305,0.224,0.113,5.622
2019-01-10 05:00,2019-01-10 10:00,0.515,0.463,0.119,8.316
2019-01-10 06:00,2019-01-10 11:00,0.563,0.513,0.135,10.403
2019-01-10 07:00,2019-01-10 12:00,0.450,0.340,0.173,11.467
2019-01-10 08:00,2019-01-10 13:00,0.297,0.158,0.179,11.642
2019-01-10 09:00,2019-01-10 14:00,0.135,0.039,0.124,10.781
2019-01-10 10:00,2019-01-10 15:00,0.050,0.011,0.062,9.489
2019-01-10 11:00,2019-01-10 16:00,0.002,0.003,0.014,8.770
2019-01-10 12:00,2019-01-10 17:00,0,0,0,8.196
2019-01-10 13:00,2019-01-10 18:00,0,0,0,7.661
2019-01-10 14:00,2019-01-10 19:00,0,0,0,6.925
2019-01-10 15:00,2019-01-10 20:00,0,0,0,6.355
2019-01-10 16:00,2019-01-10 21:00,0,0,0,5.865
2019-01-10 17:00,2019-01-10 22:00,0,0,0,5.159
2019-01-10 18:00,2019-01-10 23:00,0,0,0,4.702
2019-01-10 19:00,2019-01-11 00:00,0,0,0,4.467
2019-01-10 20:00,2019-01-11 01:00,0,0,0,4.512
2019-01-10 21:00,2019-01-11 02:00,0,0,0,4.500
2019-01-10 22:00,2019-01-11 03:00,0,0,0,3.922
2019-01-10 23:00,2019-01-11 04:00,0,0,0,3.361
2019-01-11 00:00,2019-01-11 05:00,0,0,0,3.017
2019-01-11 01:00,2019-01-11 06:00,0,0,0,2.627
2019-01-11 02:00,2019-01-11 07:00,0,0.001,0.004,2.058
2019-01-11 03:00,2019-01-11 08:00,0.071,0.031,0.063,3.040
2019-01-11 04:00,2019-01-11 09:00,0.178,0.074,0.129,4.516
2019-01-11 05:00,2019-01-11 10:00,0.255,0.105,0.178,5.275
2019-01-11 06:00,2019-01-11 11:00,0.226,0.061,0.192,5.571
2019-01-11 07:00,2019-01-11 12:00,0.101,0.010,0.116,4.917
2019-01-11 08:00,2019-01-11 13:00,0.080,0.007,0.097,4.654
2019-01-11 09:00,2019-01-11 14:00,0.060,0.005,0.077,4.619
2019-01-11 10:00,2019-01-11 15:00,0.026,0.003,0.044,4.184
2019-01-11 11:00,2019-01-11 16:00,0,0.001,0.011,3.041
2019-01-11 12:00,2019-01-11 17:00,0,0,0,2.406
2019-01-11 13:00,2019-01-11 18:00,0,0,0,2.075
2019-01-11 14:00,2019-01-11 19:00,0,0,0,1.425
2019-01-11 15:00,2019-01-11 20:00,0,0,0,1.094
2019-01-11 16:00,2019-01-11 21:00,0,0,0,1.089
2019-01-11 17:00,2019-01-11 22:00,0,0,0,0.944
2019-01-11 18:00,2019-01-11 23:00,0,0,0,0.642
2019-01-11 19:00,2019-01-12 00:00,0,0,0,0.310
2019-01-11 20:00,2019-01-12 01:00,0,0,0,-0.036
2019-01-11 21:00,2019-01-12 02:00,0,0,0,-0.324
2019-01-11 22:00,2019-01-12 03:00,0,0,0,-0.572
2019-01-11 23:00,2019-01-12 04:00,0,0,0,-0.797
2019-01-12 00:00,2019-01-12 05:00,0,0,0,-0.975
2019-01-12 01:00,2019-01-12 06:00,0,0,0,-1.003
2019-01-12 02:00,2019-01-12 07:00,0,0.002,0.004,-0.886
2019-01-12 03:00,2019-01-12 08:00,0.069,0.034,0.057,0.515
2019-01-12 04:00,2019-01-12 09:00,0.235,0.139,0.120,2.273
2019-01-12 05:00,2019-01-12 10:00,0.428,0.328,0.141,3.939
2019-01-12 06:00,2019-01-12 11:00,0.567,0.501,0.134,5.295
2019-01-12 07:00,2019-01-12 12:00,0.590,0.536,0.131,6.149
2019-01-12 08:00,2019-01-12 13:00,0.514,0.443,0.133,6.492
2019-01-12 09:00,2019-01-12 14:00,0.370,0.284,0.125,6.282
2019-01-12 10:00,2019-01-12 15:00,0.191,0.127,0.090,5.549
2019-01-12 11:00,2019-01-12 16:00,0.030,0.026,0.025,3.180
2019-01-12 12:00,2019-01-12 17:00,0,0,0,1.539
2019-01-12 13:00,2019-01-12 18:00,0,0,0,0.631
2019-01-12 14:00,2019-01-12 19:00,0,0,0,-0.247
2019-01-12 15:00,2019-01-12 20:00,0,0,0,-0.771
2019-01-12 16:00,2019-01-12 21:00,0,0,0,-1.180
2019-01-12 17:00,2019-01-12 22:00,0,0,0,-1.728
2019-01-12 18:00,2019-01-12 23:00,0,0,0,-2.021
2019-01-12 19:00,2019-01-13 00:00,0,0,0,-2.056
2019-01-12 20:00,2019-01-13 01:00,0,0,0,-1.992
2019-01-12 21:00,2019-01-13 02:00,0,0,0,-2.000
2019-01-12 22:00,2019-01-13 03:00,0,0,0,-2.035
2019-01-12 23:00,2019-01-13 04:00,0,0,0,-2.094
2019-01-13 00:00,2019-01-13 05:00,0,0,0,-2.211
2019-01-13 01:00,2019-01-13 06:00,0,0,0,-2.320
2019-01-13 02:00,2019-01-13 07:00,0.001,0.010,0.006,-2.267
2019-01-13 03:00,2019-01-13 08:00,0.254,0.226,0.050,0.397
2019-01-13 04:00,2019-01-13 09:00,0.499,0.486,0.063,3.529
2019-01-13 05:00,2019-01-13 10:00,0.652,0.679,0.066,5.708
2019-01-13 06:00,2019-01-13 11:00,0.747,0.817,0.064,7.432
2019-01-13 07:00,2019-01-13 12:00,0.757,0.838,0.063,8.589
2019-01-13 08:00,2019-01-13 13:00,0.705,0.772,0.061,9.286
2019-01-13 09:00,2019-01-13 14:00,0.587,0.620,0.056,9.461
2019-01-13 10:00,2019-01-13 15:00,0.389,0.387,0.048,8.582
2019-01-13 11:00,2019-01-13 16:00,0.112,0.115,0.021,5.029
2019-01-13 12:00,2019-01-13 17:00,0,0,0,2.135
2019-01-13 13:00,2019-01-13 18:00,0,0,0,0.833
2019-01-13 14:00,2019-01-13 19:00,0,0,0,0.323
2019-01-13 15:00,2019-01-13 20:00,0,0,0,0.210
2019-01-13 16:00,2019-01-13 21:00,0,0,0,0.221
2019-01-13 17:00,2019-01-13 22:00,0,0,0,0.170
2019-01-13 18:00,2019-01-13 23:00,0,0,0,0.112
2019-01-13 19:00,2019-01-14 00:00,0,0,0,-0.185
2019-01-13 20:00,2019-01-14 01:00,0,0,0,-0.676
2019-01-13 21:00,2019-01-14 02:00,0,0,0,-0.205
2019-01-13 22:00,2019-01-14 03:00,0,0,0,-0.172
2019-01-13 23:00,2019-01-14 04:00,0,0,0,-0.341
2019-01-14 00:00,2019-01-14 05:00,0,0,0,-0.667
2019-01-14 01:00,2019-01-14 06:00,0,0,0,-0.997
2019-01-14 02:00,2019-01-14 07:00,0.012,0.023,0.007,-0.839
2019-01-14 03:00,2019-01-14 08:00,0.356,0.347,0.039,2.285
2019-01-14 04:00,2019-01-14 09:00,0.563,0.583,0.051,6.181
2019-01-14 05:00,2019-01-14 10:00,0.656,0.697,0.067,8.954
2019-01-14 06:00,2019-01-14 11:00,0.684,0.729,0.082,11.001
2019-01-14 07:00,2019-01-14 12:00,0.615,0.615,0.108,12.339
2019-01-14 08:00,2019-01-14 13:00,0.470,0.409,0.132,12.868
2019-01-14 09:00,2019-01-14 14:00,0.321,0.244,0.123,12.505
2019-01-14 10:00,2019-01-14 15:00,0.269,0.229,0.078,10.873
2019-01-14 11:00,2019-01-14 16:00,0.041,0.038,0.025,7.623
2019-01-14 12:00,2019-01-14 17:00,0,0,0,6.553
2019-01-14 13:00,2019-01-14 18:00,0,0,0,6.133
2019-01-14 14:00,2019-01-14 19:00,0,0,0,4.926
2019-01-14 15:00,2019-01-14 20:00,0,0,0,4.226
2019-01-14 16:00,2019-01-14 21:00,0,0,0,3.964
2019-01-14 17:00,2019-01-14 22:00,0,0,0,3.800
2019-01-14 18:00,2019-01-14 23:00,0,0,0,4.072
2019-01-14 19:00,2019-01-15 00:00,0,0,0,4.551
2019-01-14 20:00,2019-01-15 01:00,0,0,0,5.138
2019-01-14 21:00,2019-01-15 02:00,0,0,0,5.280
2019-01-14 22:00,2019-01-15 03:00,0,0,0,5.805
2019-01-14 23:00,2019-01-15 04:00,0,0,0,5.951
2019-01-15 00:00,2019-01-15 05:00,0,0,0,6.270
2019-01-15 01:00,2019-01-15 06:00,0,0,0,6.099
2019-01-15 02:00,2019-01-15 07:00,0,0.001,0.004,5.390
2019-01-15 03:00,2019-01-15 08:00,0.001,0.001,0.016,4.651
2019-01-15 04:00,2019-01-15 09:00,0.037,0.004,0.055,5.157
2019-01-15 05:00,2019-01-15 10:00,0.173,0.042,0.158,7.028
2019-01-15 06:00,2019-01-15 11:00,0.326,0.155,0.211,9.119
2019-01-15 07:00,2019-01-15 12:00,0.314,0.144,0.209,10.100
2019-01-15 08:00,2019-01-15 13:00,0.330,0.175,0.199,10.770
2019-01-15 09:00,2019-01-15 14:00,0.168,0.052,0.145,10.731
2019-01-15 10:00,2019-01-15 15:00,0.067,0.015,0.077,9.546
2019-01-15 11:00,2019-01-15 16:00,0,0.002,0.014,7.188
2019-01-15 12:00,2019-01-15 17:00,0,0,0,6.036
2019-01-15 13:00,2019-01-15 18:00,0,0,0,5.517
2019-01-15 14:00,2019-01-15 19:00,0,0,0,5.212
2019-01-15 15:00,2019-01-15 20:00,0,0,0,5.183
2019-01-15 16:00,2019-01-15 21:00,0,0,0,4.877
2019-01-15 17:00,2019-01-15 22:00,0,0,0,4.569
2019-01-15 18:00,2019-01-15 23:00,0,0,0,4.390
2019-01-15 19:00,2019-01-16 00:00,0,0,0,4.270
2019-01-15 20:00,2019-01-16 01:00,0,0,0,4.266
2019-01-15 21:00,2019-01-16 02:00,0,0,0,4.109
2019-01-15 22:00,2019-01-16 03:00,0,0,0,3.832
2019-01-15 23:00,2019-01-16 04:00,0,0,0,3.613
2019-01-16 00:00,2019-01-16 05:00,0,0,0,3.403
2019-01-16 01:00,2019-01-16 06:00,0,0,0,3.194
2019-01-16 02:00,2019-01-16 07:00,0,0.001,0.004,2.976
2019-01-16 03:00,2019-01-16 08:00,0.047,0.015,0.053,3.829
2019-01-16 04:00,2019-01-16 09:00,0.162,0.061,0.126,4.993
2019-01-16 05:00,2019-01-16 10:00,0.262,0.116,0.175,6.179
2019-01-16 06:00,2019-01-16 11:00,0.315,0.149,0.201,7.045
2019-01-16 07:00,2019-01-16 12:00,0.360,0.197,0.204,7.744
2019-01-16 08:00,2019-01-16 13:00,0.384,0.244,0.184,8.262
2019-01-16 09:00,2019-01-16 14:00,0.276,0.156,0.153,8.372
2019-01-16 10:00,2019-01-16 15:00,0.141,0.068,0.099,8.039
2019-01-16 11:00,2019-01-16 16:00,0.018,0.011,0.027,6.243
2019-01-16 12:00,2019-01-16 17:00,0,0,0,4.259
2019-01-16 13:00,2019-01-16 18:00,0,0,0,3.667
2019-01-16 14:00,2019-01-16 19:00,0,0,0,3.477
2019-01-16 15:00,2019-01-16 20:00,0,0,0,3.094
2019-01-16 16:00,2019-01-16 21:00,0,0,0,2.523
2019-01-16 17:00,2019-01-16 22:00,0,0,0,2.291
2019-01-16 18:00,2019-01-16 23:00,0,0,0,2.184
2019-01-16 19:00,2019-01-17 00:00,0,0,0,1.876
2019-01-16 20:00,2019-01-17 01:00,0,0,0,1.470
2019-01-16 21:00,2019-01-17 02:00,0,0,0,1.227
2019-01-16 22:00,2019-01-17 03:00,0,0,0,1.074
2019-01-16 23:00,2019-01-17 04:00,0,0,0,0.855
2019-01-17 00:00,2019-01-17 05:00,0,0,0,0.704
2019-01-17 01:00,2019-01-17 06:00,0,0,0,0.653
2019-01-17 02:00,2019-01-17 07:00,0.006,0.015,0.008,0.807
2019-01-17 03:00,2019-01-17 08:00,0.279,0.255,0.052,3.935
2019-01-17 04:00,2019-01-17 09:00,0.506,0.503,0.065,7.417
2019-01-17 05:00,2019-01-17 10:00,0.646,0.685,0.071,10.010
2019-01-17 06:00,2019-01-17 11:00,0.702,0.763,0.077,12.037
2019-01-17 07:00,2019-01-17 12:00,0.712,0.783,0.078,13.181
2019-01-17 08:00,2019-01-17 13:00,0.662,0.718,0.075,13.781
2019-01-17 09:00,2019-01-17 14:00,0.550,0.575,0.068,13.780
2019-01-17 10:00,2019-01-17 15:00,0.356,0.347,0.059,12.819
2019-01-17 11:00,2019-01-17 16:00,0.088,0.085,0.029,9.458
2019-01-17 12:00,2019-01-17 17:00,0,0,0,6.620
2019-01-17 13:00,2019-01-17 18:00,0,0,0,5.055
2019-01-17 14:00,2019-01-17 19:00,0,0,0,4.079
2019-01-17 15:00,2019-01-17 20:00,0,0,0,3.663
2019-01-17 16:00,2019-01-17 21:00,0,0,0,3.527
2019-01-17 17:00,2019-01-17 22:00,0,0,0,3.273
2019-01-17 18:00,2019-01-17 23:00,0,0,0,2.875
2019-01-17 19:00,2019-01-18 00:00,0,0,0,2.464
2019-01-17 20:00,2019-01-18 01:00,0,0,0,2.011
2019-01-17 21:00,2019-01-18 02:00,0,0,0,1.719
2019-01-17 22:00,2019-01-18 03:00,0,0,0,1.623
2019-01-17 23:00,2019-01-18 04:00,0,0,0,1.517
2019-01-18 00:00,2019-01-18 05:00,0,0,0,1.383
2019-01-18 01:00,2019-01-18 06:00,0,0,0,1.341
2019-01-18 02:00,2019-01-18 07:00,0.005,0.012,0.009,1.556
2019-01-18 03:00,2019-01-18 08:00,0.172,0.125,0.072,4.125
2019-01-18 04:00,2019-01-18 09:00,0.320,0.235,0.121,7.670
2019-01-18 05:00,2019-01-18 10:00,0.491,0.421,0.139,10.684
2019-01-18 06:00,2019-01-18 11:00,0.497,0.403,0.171,12.767
2019-01-18 07:00,2019-01-18 12:00,0.315,0.156,0.206,13.886
2019-01-18 08:00,2019-01-18 13:00,0.185,0.051,0.168,13.765
2019-01-18 09:00,2019-01-18 14:00,0.129,0.031,0.128,13.151
2019-01-18 10:00,2019-01-18 15:00,0.093,0.029,0.091,12.202
2019-01-18 11:00,2019-01-18 16:00,0.003,0.002,0.017,10.086
2019-01-18 12:00,2019-01-18 17:00,0,0,0,9.580
2019-01-18 13:00,2019-01-18 18:00,0,0,0,9.618
2019-01-18 14:00,2019-01-18 19:00,0,0,0,9.031
2019-01-18 15:00,2019-01-18 20:00,0,0,0,8.255
2019-01-18 16:00,2019-01-18 21:00,0,0,0,7.684
2019-01-18 17:00,2019-01-18 22:00,0,0,0,7.305
2019-01-18 18:00,2019-01-18 23:00,0,0,0,6.526
2019-01-18 19:00,2019-01-19 00:00,0,0,0,5.997
2019-01-18 20:00,2019-01-19 01:00,0,0,0,5.646
2019-01-18 21:00,2019-01-19 02:00,0,0,0,5.475
2019-01-18 22:00,2019-01-19 03:00,0,0,0,5.225
2019-01-18 23:00,2019-01-19 04:00,0,0,0,5.158
2019-01-19 00:00,2019-01-19 05:00,0,0,0,4.954
2019-01-19 01:00,2019-01-19 06:00,0,0,0,4.481
2019-01-19 02:00,2019-01-19 07:00,0,0.002,0.006,4.487
2019-01-19 03:00,2019-01-19 08:00,0.068,0.027,0.064,6.313
2019-01-19 04:00,2019-01-19 09:00,0.150,0.052,0.125,8.446
2019-01-19 05:00,2019-01-19 10:00,0.182,0.051,0.160,9.709
2019-01-19 06:00,2019-01-19 11:00,0.219,0.064,0.188,10.658
2019-01-19 07:00,2019-01-19 12:00,0.258,0.094,0.201,11.607
2019-01-19 08:00,2019-01-19 13:00,0.326,0.180,0.192,12.623
2019-01-19 09:00,2019-01-19 14:00,0.360,0.267,0.144,13.345
2019-01-19 10:00,2019-01-19 15:00,0.215,0.150,0.100,12.888
2019-01-19 11:00,2019-01-19 16:00,0.046,0.034,0.035,9.836
2019-01-19 12:00,2019-01-19 17:00,0,0,0,7.445
2019-01-19 13:00,2019-01-19 18:00,0,0,0,6.759
2019-01-19 14:00,2019-01-19 19:00,0,0,0,6.280
2019-01-19 15:00,2019-01-19 20:00,0,0,0,6.046
2019-01-19 16:00,2019-01-19 21:00,0,0,0,5.941
2019-01-19 17:00,2019-01-19 22:00,0,0,0,6.037
2019-01-19 18:00,2019-01-19 23:00,0,0,0,6.333
2019-01-19 19:00,2019-01-20 00:00,0,0,0,6.423
2019-01-19 20:00,2019-01-20 01:00,0,0,0,6.338
2019-01-19 21:00,2019-01-20 02:00,0,0,0,6.275
2019-01-19 22:00,2019-01-20 03:00,0,0,0,6.069
2019-01-19 23:00,2019-01-20 04:00,0,0,0,5.281
2019-01-20 00:00,2019-01-20 05:00,0,0,0,4.622
2019-01-20 01:00,2019-01-20 06:00,0,0,0,4.700
2019-01-20 02:00,2019-01-20 07:00,0,0.003,0.008,5.103
2019-01-20 03:00,2019-01-20 08:00,0.050,0.016,0.057,6.784
2019-01-20 04:00,2019-01-20 09:00,0.108,0.026,0.108,8.645
2019-01-20 05:00,2019-01-20 10:00,0.177,0.047,0.159,10.523
2019-01-20 06:00,2019-01-20 11:00,0.235,0.076,0.194,11.843
2019-01-20 07:00,2019-01-20 12:00,0.278,0.115,0.203,12.739
2019-01-20 08:00,2019-01-20 13:00,0.467,0.372,0.168,13.716
2019-01-20 09:00,2019-01-20 14:00,0.429,0.367,0.126,13.636
2019-01-20 10:00,2019-01-20 15:00,0.237,0.174,0.099,12.075
2019-01-20 11:00,2019-01-20 16:00,0.043,0.029,0.036,8.536
2019-01-20 12:00,2019-01-20 17:00,0,0,0,5.846
2019-01-20 13:00,2019-01-20 18:00,0,0,0,4.711
2019-01-20 14:00,2019-01-20 19:00,0,0,0,3.900
2019-01-20 15:00,2019-01-20 20:00,0,0,0,3.399
2019-01-20 16:00,2019-01-20 21:00,0,0,0,2.953
2019-01-20 17:00,2019-01-20 22:00,0,0,0,2.566
2019-01-20 18:00,2019-01-20 23:00,0,0,0,2.083
2019-01-20 19:00,2019-01-21 00:00,0,0,0,1.310
2019-01-20 20:00,2019-01-21 01:00,0,0,0,0.302
2019-01-20 21:00,2019-01-21 02:00,0,0,0,-0.195
2019-01-20 22:00,2019-01-21 03:00,0,0,0,-0.243
2019-01-20 23:00,2019-01-21 04:00,0,0,0,-0.472
2019-01-21 00:00,2019-01-21 05:00,0,0,0,-0.873
2019-01-21 01:00,2019-01-21 06:00,0,0,0,-1.205
2019-01-21 02:00,2019-01-21 07:00,0.005,0.012,0.010,-1.314
2019-01-21 03:00,2019-01-21 08:00,0.230,0.188,0.064,1.140
2019-01-21 04:00,2019-01-21 09:00,0.467,0.429,0.083,3.410
2019-01-21 05:00,2019-01-21 10:00,0.624,0.621,0.088,5.569
2019-01-21 06:00,2019-01-21 11:00,0.697,0.718,0.092,6.873
2019-01-21 07:00,2019-01-21 12:00,0.694,0.712,0.096,7.567
2019-01-21 08:00,2019-01-21 13:00,0.630,0.628,0.097,7.784
2019-01-21 09:00,2019-01-21 14:00,0.507,0.479,0.091,7.443
2019-01-21 10:00,2019-01-21 15:00,0.315,0.273,0.077,6.507
2019-01-21 11:00,2019-01-21 16:00,0.071,0.058,0.035,4.000
2019-01-21 12:00,2019-01-21 17:00,0,0,0,1.177
2019-01-21 13:00,2019-01-21 18:00,0,0,0,0.013
2019-01-21 14:00,2019-01-21 19:00,0,0,0,-0.511
2019-01-21 15:00,2019-01-21 20:00,0,0,0,-0.428
2019-01-21 16:00,2019-01-21 21:00,0,0,0,-0.575
2019-01-21 17:00,2019-01-21 22:00,0,0,0,-0.949
2019-01-21 18:00,2019-01-21 23:00,0,0,0,-1.386
2019-01-21 19:00,2019-01-22 00:00,0,0,0,-1.573
2019-01-21 20:00,2019-01-22 01:00,0,0,0,-1.684
2019-01-21 21:00,2019-01-22 02:00,0,0,0,-1.792
2019-01-21 22:00,2019-01-22 03:00,0,0,0,-1.992
2019-01-21 23:00,2019-01-22 04:00,0,0,0,-2.251
2019-01-22 00:00,2019-01-22 05:00,0,0,0,-2.353
2019-01-22 01:00,2019-01-22 06:00,0,0,0,-2.283
2019-01-22 02:00,2019-01-22 07:00,0,0.005,0.009,-2.015
2019-01-22 03:00,2019-01-22 08:00,0.097,0.048,0.070,-0.176
2019-01-22 04:00,2019-01-22 09:00,0.237,0.129,0.131,1.438
2019-01-22 05:00,2019-01-22 10:00,0.410,0.287,0.159,2.867
2019-01-22 06:00,2019-01-22 11:00,0.601,0.536,0.139,4.244
2019-01-22 07:00,2019-01-22 12:00,0.651,0.616,0.125,5.163
2019-01-22 08:00,2019-01-22 13:00,0.576,0.521,0.128,5.568
2019-01-22 09:00,2019-01-22 14:00,0.415,0.330,0.128,5.471
2019-01-22 10:00,2019-01-22 15:00,0.210,0.136,0.101,4.824
2019-01-22 11:00,2019-01-22 16:00,0.039,0.025,0.035,2.420
2019-01-22 12:00,2019-01-22 17:00,0,0,0,0.507
2019-01-22 13:00,2019-01-22 18:00,0,0,0,-0.044
2019-01-22 14:00,2019-01-22 19:00,0,0,0,-0.349
2019-01-22 15:00,2019-01-22 20:00,0,0,0,-0.748
2019-01-22 16:00,2019-01-22 21:00,0,0,0,-1.247
2019-01-22 17:00,2019-01-22 22:00,0,0,0,-1.892
2019-01-22 18:00,2019-01-22 23:00,0,0,0,-2.436
2019-01-22 19:00,2019-01-23 00:00,0,0,0,-2.728
2019-01-22 20:00,2019-01-23 01:00,0,0,0,-2.847
2019-01-22 21:00,2019-01-23 02:00,0,0,0,-2.803
2019-01-22 22:00,2019-01-23 03:00,0,0,0,-2.668
2019-01-22 23:00,2019-01-23 04:00,0,0,0,-2.702
2019-01-23 00:00,2019-01-23 05:00,0,0,0,-2.793
2019-01-23 01:00,2019-01-23 06:00,0,0,0,-2.681
2019-01-23 02:00,2019-01-23 07:00,0.011,0.018,0.011,-2.244
2019-01-23 03:00,2019-01-23 08:00,0.265,0.227,0.061,0.970
2019-01-23 04:00,2019-01-23 09:00,0.499,0.473,0.076,3.650
2019-01-23 05:00,2019-01-23 10:00,0.647,0.658,0.081,5.818
2019-01-23 06:00,2019-01-23 11:00,0.721,0.760,0.084,7.178
2019-01-23 07:00,2019-01-23 12:00,0.727,0.770,0.086,7.979
2019-01-23 08:00,2019-01-23 13:00,0.664,0.686,0.087,8.327
2019-01-23 09:00,2019-01-23 14:00,0.527,0.510,0.086,8.174
2019-01-23 10:00,2019-01-23 15:00,0.321,0.281,0.077,7.402
2019-01-23 11:00,2019-01-23 16:00,0.075,0.061,0.037,4.620
2019-01-23 12:00,2019-01-23 17:00,0,0,0,3.032
2019-01-23 13:00,2019-01-23 18:00,0,0,0,2.509
2019-01-23 14:00,2019-01-23 19:00,0,0,0,2.080
2019-01-23 15:00,2019-01-23 20:00,0,0,0,1.735
2019-01-23 16:00,2019-01-23 21:00,0,0,0,1.383
2019-01-23 17:00,2019-01-23 22:00,0,0,0,0.833
2019-01-23 18:00,2019-01-23 23:00,0,0,0,0.339
2019-01-23 19:00,2019-01-24 00:00,0,0,0,0.078
2019-01-23 20:00,2019-01-24 01:00,0,0,0,0.004
2019-01-23 21:00,2019-01-24 02:00,0,0,0,-0.221
2019-01-23 22:00,2019-01-24 03:00,0,0,0,-0.500
2019-01-23 23:00,2019-01-24 04:00,0,0,0,-0.726
2019-01-24 00:00,2019-01-24 05:00,0,0,0,-0.868
2019-01-24 01:00,2019-01-24 06:00,0,0,0,-0.727
2019-01-24 02:00,2019-01-24 07:00,0.002,0.006,0.011,-0.123
2019-01-24 03:00,2019-01-24 08:00,0.095,0.045,0.073,1.873
2019-01-24 04:00,2019-01-24 09:00,0.190,0.083,0.131,3.596
2019-01-24 05:00,2019-01-24 10:00,0.329,0.186,0.176,4.939
2019-01-24 06:00,2019-01-24 11:00,0.459,0.328,0.182,6.175
2019-01-24 07:00,2019-01-24 12:00,0.569,0.489,0.156,7.139
2019-01-24 08:00,2019-01-24 13:00,0.567,0.511,0.133,7.695
2019-01-24 09:00,2019-01-24 14:00,0.451,0.384,0.120,7.800
2019-01-24 10:00,2019-01-24 15:00,0.270,0.207,0.095,7.281
2019-01-24 11:00,2019-01-24 16:00,0.061,0.044,0.040,4.585
2019-01-24 12:00,2019-01-24 17:00,0,0,0,2.820
2019-01-24 13:00,2019-01-24 18:00,0,0,0,2.285
2019-01-24 14:00,2019-01-24 19:00,0,0,0,2.208
2019-01-24 15:00,2019-01-24 20:00,0,0,0,2.039
2019-01-24 16:00,2019-01-24 21:00,0,0,0,1.428
2019-01-24 17:00,2019-01-24 22:00,0,0,0,0.549
2019-01-24 18:00,2019-01-24 23:00,0,0,0,-0.192
2019-01-24 19:00,2019-01-25 00:00,0,0,0,-0.641
2019-01-24 20:00,2019-01-25 01:00,0,0,0,-0.857
2019-01-24 21:00,2019-01-25 02:00,0,0,0,-0.915
2019-01-24 22:00,2019-01-25 03:00,0,0,0,-0.980
2019-01-24 23:00,2019-01-25 04:00,0,0,0,-1.117
2019-01-25 00:00,2019-01-25 05:00,0,0,0,-1.199
2019-01-25 01:00,2019-01-25 06:00,0,0,0,-1.227
2019-01-25 02:00,2019-01-25 07:00,0.020,0.027,0.012,-1.046
2019-01-25 03:00,2019-01-25 08:00,0.315,0.288,0.054,1.840
2019-01-25 04:00,2019-01-25 09:00,0.541,0.539,0.064,4.756
2019-01-25 05:00,2019-01-25 10:00,0.684,0.724,0.068,6.865
2019-01-25 06:00,2019-01-25 11:00,0.763,0.842,0.068,8.551
2019-01-25 07:00,2019-01-25 12:00,0.771,0.860,0.069,9.737
2019-01-25 08:00,2019-01-25 13:00,0.719,0.791,0.066,10.456
2019-01-25 09:00,2019-01-25 14:00,0.602,0.638,0.062,10.665
2019-01-25 10:00,2019-01-25 15:00,0.408,0.405,0.055,10.033
2019-01-25 11:00,2019-01-25 16:00,0.129,0.121,0.034,7.504
2019-01-25 12:00,2019-01-25 17:00,0,0,0,6.194
2019-01-25 13:00,2019-01-25 18:00,0,0,0,5.001
2019-01-25 14:00,2019-01-25 19:00,0,0,0,3.858
2019-01-25 15:00,2019-01-25 20:00,0,0,0,3.268
2019-01-25 16:00,2019-01-25 21:00,0,0,0,2.908
2019-01-25 17:00,2019-01-25 22:00,0,0,0,1.827
2019-01-25 18:00,2019-01-25 23:00,0,0,0,0.437
2019-01-25 19:00,2019-01-26 00:00,0,0,0,-0.508
2019-01-25 20:00,2019-01-26 01:00,0,0,0,-0.879
2019-01-25 21:00,2019-01-26 02:00,0,0,0,-0.990
2019-01-25 22:00,2019-01-26 03:00,0,0,0,-1.001
2019-01-25 23:00,2019-01-26 04:00,0,0,0,-0.955
2019-01-26 00:00,2019-01-26 05:00,0,0,0,-0.933
2019-01-26 01:00,2019-01-26 06:00,0,0,0,-0.883
2019-01-26 02:00,2019-01-26 07:00,0.033,0.041,0.012,-0.495
2019-01-26 03:00,2019-01-26 08:00,0.356,0.339,0.048,2.681
2019-01-26 04:00,2019-01-26 09:00,0.562,0.573,0.059,5.656
2019-01-26 05:00,2019-01-26 10:00,0.692,0.740,0.066,7.660
2019-01-26 06:00,2019-01-26 11:00,0.756,0.834,0.070,9.200
2019-01-26 07:00,2019-01-26 12:00,0.762,0.846,0.071,10.241
2019-01-26 08:00,2019-01-26 13:00,0.706,0.771,0.070,10.732
2019-01-26 09:00,2019-01-26 14:00,0.585,0.611,0.067,10.716
2019-01-26 10:00,2019-01-26 15:00,0.391,0.380,0.060,9.897
2019-01-26 11:00,2019-01-26 16:00,0.120,0.109,0.036,6.658
2019-01-26 12:00,2019-01-26 17:00,0,0,0,5.210
2019-01-26 13:00,2019-01-26 18:00,0,0,0,4.807
2019-01-26 14:00,2019-01-26 19:00,0,0,0,4.580
2019-01-26 15:00,2019-01-26 20:00,0,0,0,3.983
2019-01-26 16:00,2019-01-26 21:00,0,0,0,2.996
2019-01-26 17:00,2019-01-26 22:00,0,0,0,1.982
2019-01-26 18:00,2019-01-26 23:00,0,0,0,1.521
2019-01-26 19:00,2019-01-27 00:00,0,0,0,1.430
2019-01-26 20:00,2019-01-27 01:00,0,0,0,1.382
2019-01-26 21:00,2019-01-27 02:00,0,0,0,1.279
2019-01-26 22:00,2019-01-27 03:00,0,0,0,1.176
2019-01-26 23:00,2019-01-27 04:00,0,0,0,0.989
2019-01-27 00:00,2019-01-27 05:00,0,0,0,0.783
2019-01-27 01:00,2019-01-27 06:00,0,0,0,0.472
2019-01-27 02:00,2019-01-27 07:00,0.035,0.043,0.013,0.683
2019-01-27 03:00,2019-01-27 08:00,0.359,0.343,0.048,3.414
2019-01-27 04:00,2019-01-27 09:00,0.571,0.587,0.057,6.040
2019-01-27 05:00,2019-01-27 10:00,0.704,0.763,0.063,8.232
2019-01-27 06:00,2019-01-27 11:00,0.773,0.867,0.065,9.841
2019-01-27 07:00,2019-01-27 12:00,0.779,0.880,0.066,10.776
2019-01-27 08:00,2019-01-27 13:00,0.726,0.806,0.065,11.290
2019-01-27 09:00,2019-01-27 14:00,0.604,0.642,0.062,11.320
2019-01-27 10:00,2019-01-27 15:00,0.409,0.407,0.056,10.541
2019-01-27 11:00,2019-01-27 16:00,0.132,0.122,0.036,7.430
2019-01-27 12:00,2019-01-27 17:00,0,0,0,5.389
2019-01-27 13:00,2019-01-27 18:00,0,0,0,4.374
2019-01-27 14:00,2019-01-27 19:00,0,0,0,3.661
2019-01-27 15:00,2019-01-27 20:00,0,0,0,2.803
2019-01-27 16:00,2019-01-27 21:00,0,0,0,2.017
2019-01-27 17:00,2019-01-27 22:00,0,0,0,1.370
2019-01-27 18:00,2019-01-27 23:00,0,0,0,0.913
2019-01-27 19:00,2019-01-28 00:00,0,0,0,0.823
2019-01-27 20:00,2019-01-28 01:00,0,0,0,0.747
2019-01-27 21:00,2019-01-28 02:00,0,0,0,0.626
2019-01-27 22:00,2019-01-28 03:00,0,0,0,0.437
2019-01-27 23:00,2019-01-28 04:00,0,0,0,0.334
2019-01-28 00:00,2019-01-28 05:00,0,0,0,0.281
2019-01-28 01:00,2019-01-28 06:00,0,0,0,0.075
2019-01-28 02:00,2019-01-28 07:00,0.032,0.037,0.015,0.248
2019-01-28 03:00,2019-01-28 08:00,0.338,0.312,0.056,3.196
2019-01-28 04:00,2019-01-28 09:00,0.544,0.542,0.070,6.171
2019-01-28 05:00,2019-01-28 10:00,0.661,0.687,0.081,8.416
2019-01-28 06:00,2019-01-28 11:00,0.708,0.750,0.091,10.356
2019-01-28 07:00,2019-01-28 12:00,0.702,0.740,0.098,11.613
2019-01-28 08:00,2019-01-28 13:00,0.588,0.569,0.118,12.204
2019-01-28 09:00,2019-01-28 14:00,0.362,0.274,0.138,12.083
2019-01-28 10:00,2019-01-28 15:00,0.193,0.119,0.105,10.779
2019-01-28 11:00,2019-01-28 16:00,0.059,0.040,0.043,8.311
2019-01-28 12:00,2019-01-28 17:00,0,0,0,6.343
2019-01-28 13:00,2019-01-28 18:00,0,0,0,5.023
2019-01-28 14:00,2019-01-28 19:00,0,0,0,4.060
2019-01-28 15:00,2019-01-28 20:00,0,0,0,3.199
2019-01-28 16:00,2019-01-28 21:00,0,0,0,2.699
2019-01-28 17:00,2019-01-28 22:00,0,0,0,2.385
2019-01-28 18:00,2019-01-28 23:00,0,0,0,2.559
2019-01-28 19:00,2019-01-29 00:00,0,0,0,2.736
2019-01-28 20:00,2019-01-29 01:00,0,0,0,2.692
2019-01-28 21:00,2019-01-29 02:00,0,0,0,2.654
2019-01-28 22:00,2019-01-29 03:00,0,0,0,2.637
2019-01-28 23:00,2019-01-29 04:00,0,0,0,2.743
2019-01-29 00:00,2019-01-29 05:00,0,0,0,2.715
2019-01-29 01:00,2019-01-29 06:00,0,0,0,2.502
2019-01-29 02:00,2019-01-29 07:00,0,0.003,0.011,2.522
2019-01-29 03:00,2019-01-29 08:00,0.061,0.016,0.067,4.103
2019-01-29 04:00,2019-01-29 09:00,0.158,0.047,0.137,6.427
2019-01-29 05:00,2019-01-29 10:00,0.269,0.108,0.195,9.002
2019-01-29 06:00,2019-01-29 11:00,0.347,0.168,0.225,11.202
2019-01-29 07:00,2019-01-29 12:00,0.303,0.121,0.225,12.264
2019-01-29 08:00,2019-01-29 13:00,0.260,0.094,0.205,12.674
2019-01-29 09:00,2019-01-29 14:00,0.235,0.098,0.173,12.679
2019-01-29 10:00,2019-01-29 15:00,0.148,0.060,0.118,11.690
2019-01-29 11:00,2019-01-29 16:00,0.023,0.008,0.036,9.015
2019-01-29 12:00,2019-01-29 17:00,0,0,0,7.697
2019-01-29 13:00,2019-01-29 18:00,0,0,0,7.153
2019-01-29 14:00,2019-01-29 19:00,0,0,0,6.770
2019-01-29 15:00,2019-01-29 20:00,0,0,0,6.621
2019-01-29 16:00,2019-01-29 21:00,0,0,0,6.353
2019-01-29 17:00,2019-01-29 22:00,0,0,0,6.027
2019-01-29 18:00,2019-01-29 23:00,0,0,0,5.776
2019-01-29 19:00,2019-01-30 00:00,0,0,0,5.445
2019-01-29 20:00,2019-01-30 01:00,0,0,0,5.116
2019-01-29 21:00,2019-01-30 02:00,0,0,0,5.007
2019-01-29 22:00,2019-01-30 03:00,0,0,0,4.938
2019-01-29 23:00,2019-01-30 04:00,0,0,0,4.802
2019-01-30 00:00,2019-01-30 05:00,0,0,0,4.784
2019-01-30 01:00,2019-01-30 06:00,0,0,0,4.902
2019-01-30 02:00,2019-01-30 07:00,0,0,0.006,5.073
2019-01-30 03:00,2019-01-30 08:00,0.018,0.002,0.035,5.686
2019-01-30 04:00,2019-01-30 09:00,0.061,0.006,0.078,6.610
2019-01-30 05:00,2019-01-30 10:00,0.136,0.019,0.143,7.732
2019-01-30 06:00,2019-01-30 11:00,0.227,0.054,0.205,9.054
2019-01-30 07:00,2019-01-30 12:00,0.284,0.095,0.226,10.209
2019-01-30 08:00,2019-01-30 13:00,0.311,0.136,0.216,11.066
2019-01-30 09:00,2019-01-30 14:00,0.302,0.166,0.178,11.680
2019-01-30 10:00,2019-01-30 15:00,0.211,0.121,0.123,11.700
2019-01-30 11:00,2019-01-30 16:00,0.047,0.022,0.048,9.517
2019-01-30 12:00,2019-01-30 17:00,0,0,0,7.950
2019-01-30 13:00,2019-01-30 18:00,0,0,0,8.106
2019-01-30 14:00,2019-01-30 19:00,0,0,0,7.320
2019-01-30 15:00,2019-01-30 20:00,0,0,0,6.598
2019-01-30 16:00,2019-01-30 21:00,0,0,0,6.148
2019-01-30 17:00,2019-01-30 22:00,0,0,0,5.891
2019-01-30 18:00,2019-01-30 23:00,0,0,0,5.541
2019-01-30 19:00,2019-01-31 00:00,0,0,0,5.216
2019-01-30 20:00,2019-01-31 01:00,0,0,0,5.036
2019-01-30 21:00,2019-01-31 02:00,0,0,0,4.931
2019-01-30 22:00,2019-01-31 03:00,0,0,0,4.761
2019-01-30 23:00,2019-01-31 04:00,0,0,0,4.468
2019-01-31 00:00,2019-01-31 05:00,0,0,0,4.168
2019-01-31 01:00,2019-01-31 06:00,0,0,0,3.839
2019-01-31 02:00,2019-01-31 07:00,0,0,0.005,3.644
2019-01-31 03:00,2019-01-31 08:00,0.016,0.002,0.033,4.262
2019-01-31 04:00,2019-01-31 09:00,0.057,0.005,0.075,4.867
2019-01-31 05:00,2019-01-31 10:00,0.106,0.010,0.120,5.613
2019-01-31 06:00,2019-01-31 11:00,0.167,0.022,0.171,6.578
2019-01-31 07:00,2019-01-31 12:00,0.233,0.051,0.212,7.602
2019-01-31 08:00,2019-01-31 13:00,0.264,0.082,0.215,8.484
2019-01-31 09:00,2019-01-31 14:00,0.230,0.081,0.181,8.892
2019-01-31 10:00,2019-01-31 15:00,0.120,0.034,0.113,8.676
2019-01-31 11:00,2019-01-31 16:00,0.031,0.010,0.042,7.459
2019-01-31 12:00,2019-01-31 17:00,0,0,0.001,5.362
2019-01-31 13:00,2019-01-31 18:00,0,0,0,4.142
2019-01-31 14:00,2019-01-31 19:00,0,0,0,3.132
2019-01-31 15:00,2019-01-31 20:00,0,0,0,2.502
2019-01-31 16:00,2019-01-31 21:00,0,0,0,2.061
2019-01-31 17:00,2019-01-31 22:00,0,0,0,1.401
2019-01-31 18:00,2019-01-31 23:00,0,0,0,1.066
2019-01-31 19:00,2019-02-01 00:00,0,0,0,1.190
2019-01-31 20:00,2019-02-01 01:00,0,0,0,1.353
2019-01-31 21:00,2019-02-01 02:00,0,0,0,1.312
2019-01-31 22:00,2019-02-01 03:00,0,0,0,1.153
2019-01-31 23:00,2019-02-01 04:00,0,0,0,1.223
2019-02-01 00:00,2019-02-01 05:00,0,0,0,1.431
2019-02-01 01:00,2019-02-01 06:00,0,0,0,1.501
2019-02-01 02:00,2019-02-01 07:00,0.001,0.003,0.013,1.811
2019-02-01 03:00,2019-02-01 08:00,0.061,0.014,0.069,3.443
2019-02-01 04:00,2019-02-01 09:00,0.144,0.034,0.135,5.303
2019-02-01 05:00,2019-02-01 10:00,0.221,0.061,0.188,6.351
2019-02-01 06:00,2019-02-01 11:00,0.271,0.083,0.220,7.206
2019-02-01 07:00,2019-02-01 12:00,0.284,0.091,0.227,7.821
2019-02-01 08:00,2019-02-01 13:00,0.260,0.082,0.210,8.202
2019-02-01 09:00,2019-02-01 14:00,0.202,0.060,0.171,8.231
2019-02-01 10:00,2019-02-01 15:00,0.116,0.031,0.110,7.817
2019-02-01 11:00,2019-02-01 16:00,0.028,0.008,0.040,6.017
2019-02-01 12:00,2019-02-01 17:00,0,0,0.001,3.914
2019-02-01 13:00,2019-02-01 18:00,0,0,0,3.601
2019-02-01 14:00,2019-02-01 19:00,0,0,0,3.389
2019-02-01 15:00,2019-02-01 20:00,0,0,0,3.056
2019-02-01 16:00,2019-02-01 21:00,0,0,0,2.860
2019-02-01 17:00,2019-02-01 22:00,0,0,0,2.729
2019-02-01 18:00,2019-02-01 23:00,0,0,0,2.620
2019-02-01 19:00,2019-02-02 00:00,0,0,0,2.545
2019-02-01 20:00,2019-02-02 01:00,0,0,0,2.311
2019-02-01 21:00,2019-02-02 02:00,0,0,0,2.072
2019-02-01 22:00,2019-02-02 03:00,0,0,0,1.777
2019-02-01 23:00,2019-02-02 04:00,0,0,0,1.556
2019-02-02 00:00,2019-02-02 05:00,0,0,0,1.550
2019-02-02 01:00,2019-02-02 06:00,0,0,0,1.617
2019-02-02 02:00,2019-02-02 07:00,0.001,0.003,0.014,1.863
2019-02-02 03:00,2019-02-02 08:00,0.066,0.016,0.072,3.524
2019-02-02 04:00,2019-02-02 09:00,0.153,0.040,0.138,5.511
2019-02-02 05:00,2019-02-02 10:00,0.242,0.078,0.194,7.262
2019-02-02 06:00,2019-02-02 11:00,0.315,0.125,0.228,8.767
2019-02-02 07:00,2019-02-02 12:00,0.339,0.147,0.234,9.662
2019-02-02 08:00,2019-02-02 13:00,0.314,0.137,0.217,10.218
2019-02-02 09:00,2019-02-02 14:00,0.256,0.111,0.180,10.414
2019-02-02 10:00,2019-02-02 15:00,0.163,0.067,0.124,10.072
2019-02-02 11:00,2019-02-02 16:00,0.034,0.012,0.044,8.142
2019-02-02 12:00,2019-02-02 17:00,0,0,0.001,6.976
2019-02-02 13:00,2019-02-02 18:00,0,0,0,6.657
2019-02-02 14:00,2019-02-02 19:00,0,0,0,6.159
2019-02-02 15:00,2019-02-02 20:00,0,0,0,5.611
2019-02-02 16:00,2019-02-02 21:00,0,0,0,4.856
2019-02-02 17:00,2019-02-02 22:00,0,0,0,4.142
2019-02-02 18:00,2019-02-02 23:00,0,0,0,3.622
2019-02-02 19:00,2019-02-03 00:00,0,0,0,3.374
2019-02-02 20:00,2019-02-03 01:00,0,0,0,3.150
2019-02-02 21:00,2019-02-03 02:00,0,0,0,3.100
2019-02-02 22:00,2019-02-03 03:00,0,0,0,3.459
2019-02-02 23:00,2019-02-03 04:00,0,0,0,3.546
2019-02-03 00:00,2019-02-03 05:00,0,0,0,3.061
2019-02-03 01:00,2019-02-03 06:00,0,0,0,2.421
2019-02-03 02:00,2019-02-03 07:00,0.019,0.018,0.020,2.689
2019-02-03 03:00,2019-02-03 08:00,0.161,0.097,0.090,5.759
2019-02-03 04:00,2019-02-03 09:00,0.294,0.187,0.143,8.594
2019-02-03 05:00,2019-02-03 10:00,0.441,0.335,0.165,10.810
2019-02-03 06:00,2019-02-03 11:00,0.594,0.548,0.148,12.621
2019-02-03 07:00,2019-02-03 12:00,0.629,0.610,0.138,13.789
2019-02-03 08:00,2019-02-03 13:00,0.579,0.549,0.134,14.381
2019-02-03 09:00,2019-02-03 14:00,0.438,0.373,0.133,14.404
2019-02-03 10:00,2019-02-03 15:00,0.252,0.180,0.111,13.776
2019-02-03 11:00,2019-02-03 16:00,0.067,0.040,0.052,11.358
2019-02-03 12:00,2019-02-03 17:00,0,0,0.001,9.674
2019-02-03 13:00,2019-02-03 18:00,0,0,0,8.989
2019-02-03 14:00,2019-02-03 19:00,0,0,0,8.562
2019-02-03 15:00,2019-02-03 20:00,0,0,0,7.762
2019-02-03 16:00,2019-02-03 21:00,0,0,0,6.234
2019-02-03 17:00,2019-02-03 22:00,0,0,0,5.168
2019-02-03 18:00,2019-02-03 23:00,0,0,0,4.834
2019-02-03 19:00,2019-02-04 00:00,0,0,0,4.910
2019-02-03 20:00,2019-02-04 01:00,0,0,0,5.180
2019-02-03 21:00,2019-02-04 02:00,0,0,0,5.350
2019-02-03 22:00,2019-02-04 03:00,0,0,0,5.391
2019-02-03 23:00,2019-02-04 04:00,0,0,0,5.361
2019-02-04 00:00,2019-02-04 05:00,0,0,0,5.350
2019-02-04 01:00,2019-02-04 06:00,0,0,0,5.264
2019-02-04 02:00,2019-02-04 07:00,0.001,0.002,0.014,5.346
2019-02-04 03:00,2019-02-04 08:00,0.052,0.009,0.066,6.812
2019-02-04 04:00,2019-02-04 09:00,0.093,0.012,0.107,8.380
2019-02-04 05:00,2019-02-04 10:00,0.142,0.019,0.151,9.711
2019-02-04 06:00,2019-02-04 11:00,0.244,0.059,0.221,11.362
2019-02-04 07:00,2019-02-04 12:00,0.291,0.092,0.241,12.723
2019-02-04 08:00,2019-02-04 13:00,0.244,0.066,0.216,13.276
2019-02-04 09:00,2019-02-04 14:00,0.139,0.023,0.146,12.934
2019-02-04 10:00,2019-02-04 15:00,0.077,0.011,0.092,11.762
2019-02-04 11:00,2019-02-04 16:00,0.015,0.003,0.032,10.122
2019-02-04 12:00,2019-02-04 17:00,0,0,0.001,8.262
2019-02-04 13:00,2019-02-04 18:00,0,0,0,7.287
2019-02-04 14:00,2019-02-04 19:00,0,0,0,6.788
2019-02-04 15:00,2019-02-04 20:00,0,0,0,6.567
2019-02-04 16:00,2019-02-04 21:00,0,0,0,6.584
2019-02-04 17:00,2019-02-04 22:00,0,0,0,6.452
2019-02-04 18:00,2019-02-04 23:00,0,0,0,6.090
2019-02-04 19:00,2019-02-05 00:00,0,0,0,5.375
2019-02-04 20:00,2019-02-05 01:00,0,0,0,4.770
2019-02-04 21:00,2019-02-05 02:00,0,0,0,4.398
2019-02-04 22:00,2019-02-05 03:00,0,0,0,4.109
2019-02-04 23:00,2019-02-05 04:00,0,0,0,4.020
2019-02-05 00:00,2019-02-05 05:00,0,0,0,4.150
2019-02-05 01:00,2019-02-05 06:00,0,0,0,4.097
2019-02-05 02:00,2019-02-05 07:00,0,0,0.005,3.932
2019-02-05 03:00,2019-02-05 08:00,0.011,0.001,0.028,4.318
2019-02-05 04:00,2019-02-05 09:00,0.035,0.002,0.054,4.434
2019-02-05 05:00,2019-02-05 10:00,0.060,0.003,0.080,4.556
2019-02-05 06:00,2019-02-05 11:00,0.079,0.003,0.099,4.774
2019-02-05 07:00,2019-02-05 12:00,0.085,0.004,0.105,4.825
2019-02-05 08:00,2019-02-05 13:00,0.086,0.004,0.105,4.866
2019-02-05 09:00,2019-02-05 14:00,0.070,0.004,0.090,4.916
2019-02-05 10:00,2019-02-05 15:00,0.042,0.003,0.060,4.841
2019-02-05 11:00,2019-02-05 16:00,0.009,0.001,0.026,4.315
2019-02-05 12:00,2019-02-05 17:00,0,0,0.001,3.374
2019-02-05 13:00,2019-02-05 18:00,0,0,0,2.817
2019-02-05 14:00,2019-02-05 19:00,0,0,0,2.177
2019-02-05 15:00,2019-02-05 20:00,0,0,0,1.809
2019-02-05 16:00,2019-02-05 21:00,0,0,0,1.414
2019-02-05 17:00,2019-02-05 22:00,0,0,0,0.675
2019-02-05 18:00,2019-02-05 23:00,0,0,0,0.254
2019-02-05 19:00,2019-02-06 00:00,0,0,0,-0.288
2019-02-05 20:00,2019-02-06 01:00,0,0,0,-1.352
2019-02-05 21:00,2019-02-06 02:00,0,0,0,-2.165
2019-02-05 22:00,2019-02-06 03:00,0,0,0,-2.425
2019-02-05 23:00,2019-02-06 04:00,0,0,0,-2.452
2019-02-06 00:00,2019-02-06 05:00,0,0,0,-2.037
2019-02-06 01:00,2019-02-06 06:00,0,0,0,-1.918
2019-02-06 02:00,2019-02-06 07:00,0.026,0.023,0.022,-1.530
2019-02-06 03:00,2019-02-06 08:00,0.245,0.184,0.083,0.078
2019-02-06 04:00,2019-02-06 09:00,0.480,0.425,0.098,1.910
2019-02-06 05:00,2019-02-06 10:00,0.685,0.695,0.085,3.655
2019-02-06 06:00,2019-02-06 11:00,0.794,0.858,0.077,5.023
2019-02-06 07:00,2019-02-06 12:00,0.801,0.874,0.077,5.888
2019-02-06 08:00,2019-02-06 13:00,0.740,0.788,0.077,6.245
2019-02-06 09:00,2019-02-06 14:00,0.623,0.636,0.073,6.232
2019-02-06 10:00,2019-02-06 15:00,0.438,0.420,0.065,5.828
2019-02-06 11:00,2019-02-06 16:00,0.169,0.148,0.046,4.389
2019-02-06 12:00,2019-02-06 17:00,0,0.002,0.002,0.947
2019-02-06 13:00,2019-02-06 18:00,0,0,0,-0.229
2019-02-06 14:00,2019-02-06 19:00,0,0,0,-0.845
2019-02-06 15:00,2019-02-06 20:00,0,0,0,-1.308
2019-02-06 16:00,2019-02-06 21:00,0,0,0,-2.003
2019-02-06 17:00,2019-02-06 22:00,0,0,0,-2.835
2019-02-06 18:00,2019-02-06 23:00,0,0,0,-3.512
2019-02-06 19:00,2019-02-07 00:00,0,0,0,-3.696
2019-02-06 20:00,2019-02-07 01:00,0,0,0,-3.501
2019-02-06 21:00,2019-02-07 02:00,0,0,0,-3.428
2019-02-06 22:00,2019-02-07 03:00,0,0,0,-3.290
2019-02-06 23:00,2019-02-07 04:00,0,0,0,-3.265
2019-02-07 00:00,2019-02-07 05:00,0,0,0,-3.482
2019-02-07 01:00,2019-02-07 06:00,0,0,0,-3.617
2019-02-07 02:00,2019-02-07 07:00,0.045,0.040,0.025,-2.901
2019-02-07 03:00,2019-02-07 08:00,0.256,0.192,0.084,-0.714
2019-02-07 04:00,2019-02-07 09:00,0.442,0.365,0.113,1.108
2019-02-07 05:00,2019-02-07 10:00,0.607,0.559,0.118,2.602
2019-02-07 06:00,2019-02-07 11:00,0.695,0.677,0.116,3.766
2019-02-07 07:00,2019-02-07 12:00,0.711,0.704,0.115,4.597
2019-02-07 08:00,2019-02-07 13:00,0.664,0.647,0.110,5.039
2019-02-07 09:00,2019-02-07 14:00,0.555,0.520,0.101,5.078
2019-02-07 10:00,2019-02-07 15:00,0.381,0.333,0.085,4.702
2019-02-07 11:00,2019-02-07 16:00,0.147,0.117,0.053,3.369
2019-02-07 12:00,2019-02-07 17:00,0,0.002,0.003,0.696
2019-02-07 13:00,2019-02-07 18:00,0,0,0,0.316
2019-02-07 14:00,2019-02-07 19:00,0,0,0,-0.358
2019-02-07 15:00,2019-02-07 20:00,0,0,0,-1.511
2019-02-07 16:00,2019-02-07 21:00,0,0,0,-2.315
2019-02-07 17:00,2019-02-07 22:00,0,0,0,-2.655
2019-02-07 18:00,2019-02-07 23:00,0,0,0,-2.756
2019-02-07 19:00,2019-02-08 00:00,0,0,0,-3.123
2019-02-07 20:00,2019-02-08 01:00,0,0,0,-3.810
2019-02-07 21:00,2019-02-08 02:00,0,0,0,-4.155
2019-02-07 22:00,2019-02-08 03:00,0,0,0,-4.103
2019-02-07 23:00,2019-02-08 04:00,0,0,0,-3.849
2019-02-08 00:00,2019-02-08 05:00,0,0,0,-3.654
2019-02-08 01:00,2019-02-08 06:00,0,0,0,-3.622
2019-02-08 02:00,2019-02-08 07:00,0.083,0.080,0.023,-2.866
2019-02-08 03:00,2019-02-08 08:00,0.374,0.344,0.058,-0.161
2019-02-08 04:00,2019-02-08 09:00,0.606,0.611,0.061,1.935
2019-02-08 05:00,2019-02-08 10:00,0.748,0.800,0.065,3.659
2019-02-08 06:00,2019-02-08 11:00,0.814,0.895,0.068,4.900
2019-02-08 07:00,2019-02-08 12:00,0.821,0.910,0.069,5.764
2019-02-08 08:00,2019-02-08 13:00,0.776,0.851,0.065,6.291
2019-02-08 09:00,2019-02-08 14:00,0.663,0.703,0.060,6.461
2019-02-08 10:00,2019-02-08 15:00,0.475,0.475,0.054,6.090
2019-02-08 11:00,2019-02-08 16:00,0.205,0.189,0.041,4.121
2019-02-08 12:00,2019-02-08 17:00,0,0.004,0.003,0.241
2019-02-08 13:00,2019-02-08 18:00,0,0,0,-0.512
2019-02-08 14:00,2019-02-08 19:00,0,0,0,-0.584
2019-02-08 15:00,2019-02-08 20:00,0,0,0,-0.769
2019-02-08 16:00,2019-02-08 21:00,0,0,0,-0.829
2019-02-08 17:00,2019-02-08 22:00,0,0,0,-0.585
2019-02-08 18:00,2019-02-08 23:00,0,0,0,-0.387
2019-02-08 19:00,2019-02-09 00:00,0,0,0,-0.517
2019-02-08 20:00,2019-02-09 01:00,0,0,0,-0.759
2019-02-08 21:00,2019-02-09 02:00,0,0,0,-1.087
2019-02-08 22:00,2019-02-09 03:00,0,0,0,-1.247
2019-02-08 23:00,2019-02-09 04:00,0,0,0,-0.898
2019-02-09 00:00,2019-02-09 05:00,0,0,0,-0.646
2019-02-09 01:00,2019-02-09 06:00,0,0,0,-0.545
2019-02-09 02:00,2019-02-09 07:00,0.001,0.002,0.014,-0.171
2019-02-09 03:00,2019-02-09 08:00,0.060,0.009,0.072,1.425
2019-02-09 04:00,2019-02-09 09:00,0.197,0.055,0.167,3.665
2019-02-09 05:00,2019-02-09 10:00,0.276,0.087,0.220,5.780
2019-02-09 06:00,2019-02-09 11:00,0.247,0.052,0.225,7.058
2019-02-09 07:00,2019-02-09 12:00,0.156,0.016,0.167,7.165
2019-02-09 08:00,2019-02-09 13:00,0.126,0.011,0.141,7.153
2019-02-09 09:00,2019-02-09 14:00,0.098,0.008,0.115,7.026
2019-02-09 10:00,2019-02-09 15:00,0.065,0.006,0.081,6.451
2019-02-09 11:00,2019-02-09 16:00,0.029,0.005,0.044,5.533
2019-02-09 12:00,2019-02-09 17:00,0,0,0.003,4.300
2019-02-09 13:00,2019-02-09 18:00,0,0,0,3.982
2019-02-09 14:00,2019-02-09 19:00,0,0,0,3.843
2019-02-09 15:00,2019-02-09 20:00,0,0,0,3.775
2019-02-09 16:00,2019-02-09 21:00,0,0,0,3.796
2019-02-09 17:00,2019-02-09 22:00,0,0,0,3.932
2019-02-09 18:00,2019-02-09 23:00,0,0,0,4.082
2019-02-09 19:00,2019-02-10 00:00,0,0,0,3.956
2019-02-09 20:00,2019-02-10 01:00,0,0,0,3.738
2019-02-09 21:00,2019-02-10 02:00,0,0,0,3.578
2019-02-09 22:00,2019-02-10 03:00,0,0,0,3.048
2019-02-09 23:00,2019-02-10 04:00,0,0,0,2.776
2019-02-10 00:00,2019-02-10 05:00,0,0,0,2.968
2019-02-10 01:00,2019-02-10 06:00,0,0,0,3.474
2019-02-10 02:00,2019-02-10 07:00,0.040,0.033,0.029,4.395
2019-02-10 03:00,2019-02-10 08:00,0.268,0.212,0.088,7.273
2019-02-10 04:00,2019-02-10 09:00,0.488,0.453,0.103,10.245
2019-02-10 05:00,2019-02-10 10:00,0.641,0.654,0.104,12.470
2019-02-10 06:00,2019-02-10 11:00,0.698,0.734,0.111,13.995
2019-02-10 07:00,2019-02-10 12:00,0.696,0.730,0.118,15.012
2019-02-10 08:00,2019-02-10 13:00,0.592,0.566,0.139,15.425
2019-02-10 09:00,2019-02-10 14:00,0.365,0.256,0.165,15.096
2019-02-10 10:00,2019-02-10 15:00,0.181,0.087,0.128,13.970
2019-02-10 11:00,2019-02-10 16:00,0.047,0.017,0.054,11.701
2019-02-10 12:00,2019-02-10 17:00,0,0.001,0.003,9.372
2019-02-10 13:00,2019-02-10 18:00,0,0,0,8.353
2019-02-10 14:00,2019-02-10 19:00,0,0,0,7.823
2019-02-10 15:00,2019-02-10 20:00,0,0,0,7.268
2019-02-10 16:00,2019-02-10 21:00,0,0,0,6.835
2019-02-10 17:00,2019-02-10 22:00,0,0,0,6.769
2019-02-10 18:00,2019-02-10 23:00,0,0,0,6.566
2019-02-10 19:00,2019-02-11 00:00,0,0,0,6.226
2019-02-10 20:00,2019-02-11 01:00,0,0,0,6.051
2019-02-10 21:00,2019-02-11 02:00,0,0,0,5.914
2019-02-10 22:00,2019-02-11 03:00,0,0,0,5.851
2019-02-10 23:00,2019-02-11 04:00,0,0,0,5.638
2019-02-11 00:00,2019-02-11 05:00,0,0,0,5.278
2019-02-11 01:00,2019-02-11 06:00,0,0,0,5.052
2019-02-11 02:00,2019-02-11 07:00,0.001,0.002,0.014,5.274
2019-02-11 03:00,2019-02-11 08:00,0.060,0.010,0.073,6.736
2019-02-11 04:00,2019-02-11 09:00,0.182,0.052,0.158,8.307
2019-02-11 05:00,2019-02-11 10:00,0.388,0.224,0.213,10.087
2019-02-11 06:00,2019-02-11 11:00,0.603,0.520,0.184,11.795
2019-02-11 07:00,2019-02-11 12:00,0.569,0.462,0.203,12.947
2019-02-11 08:00,2019-02-11 13:00,0.354,0.172,0.232,13.034
2019-02-11 09:00,2019-02-11 14:00,0.190,0.047,0.176,12.533
2019-02-11 10:00,2019-02-11 15:00,0.086,0.013,0.100,11.759
2019-02-11 11:00,2019-02-11 16:00,0.020,0.003,0.037,10.241
2019-02-11 12:00,2019-02-11 17:00,0,0,0.002,8.306
2019-02-11 13:00,2019-02-11 18:00,0,0,0,7.513
2019-02-11 14:00,2019-02-11 19:00,0,0,0,7.030
2019-02-11 15:00,2019-02-11 20:00,0,0,0,6.573
2019-02-11 16:00,2019-02-11 21:00,0,0,0,6.294
2019-02-11 17:00,2019-02-11 22:00,0,0,0,6.228
2019-02-11 18:00,2019-02-11 23:00,0,0,0,5.832
2019-02-11 19:00,2019-02-12 00:00,0,0,0,5.330
2019-02-11 20:00,2019-02-12 01:00,0,0,0,5.184
2019-02-11 21:00,2019-02-12 02:00,0,0,0,5.080
2019-02-11 22:00,2019-02-12 03:00,0,0,0,4.899
2019-02-11 23:00,2019-02-12 04:00,0,0,0,4.680
2019-02-12 00:00,2019-02-12 05:00,0,0,0,4.463
2019-02-12 01:00,2019-02-12 06:00,0,0,0,4.537
2019-02-12 02:00,2019-02-12 07:00,0.012,0.006,0.025,5.438
2019-02-12 03:00,2019-02-12 08:00,0.074,0.015,0.083,7.742
2019-02-12 04:00,2019-02-12 09:00,0.143,0.029,0.141,9.786
2019-02-12 05:00,2019-02-12 10:00,0.269,0.090,0.216,11.750
2019-02-12 06:00,2019-02-12 11:00,0.308,0.109,0.244,13.493
2019-02-12 07:00,2019-02-12 12:00,0.262,0.071,0.232,14.179
2019-02-12 08:00,2019-02-12 13:00,0.248,0.071,0.217,14.591
2019-02-12 09:00,2019-02-12 14:00,0.304,0.152,0.199,15.240
2019-02-12 10:00,2019-02-12 15:00,0.240,0.137,0.143,15.293
2019-02-12 11:00,2019-02-12 16:00,0.074,0.032,0.069,12.792
2019-02-12 12:00,2019-02-12 17:00,0,0.001,0.004,9.860
2019-02-12 13:00,2019-02-12 18:00,0,0,0,9.119
2019-02-12 14:00,2019-02-12 19:00,0,0,0,9.187
2019-02-12 15:00,2019-02-12 20:00,0,0,0,9.211
2019-02-12 16:00,2019-02-12 21:00,0,0,0,8.848
2019-02-12 17:00,2019-02-12 22:00,0,0,0,8.223
2019-02-12 18:00,2019-02-12 23:00,0,0,0,7.867
2019-02-12 19:00,2019-02-13 00:00,0,0,0,7.875
2019-02-12 20:00,2019-02-13 01:00,0,0,0,7.720
2019-02-12 21:00,2019-02-13 02:00,0,0,0,7.515
2019-02-12 22:00,2019-02-13 03:00,0,0,0,7.343
2019-02-12 23:00,2019-02-13 04:00,0,0,0,7.253
2019-02-13 00:00,2019-02-13 05:00,0,0,0,7.093
2019-02-13 01:00,2019-02-13 06:00,0,0,0,7.128
2019-02-13 02:00,2019-02-13 07:00,0.002,0.002,0.017,7.591
2019-02-13 03:00,2019-02-13 08:00,0.046,0.006,0.064,9.196
2019-02-13 04:00,2019-02-13 09:00,0.106,0.013,0.120,11.107
2019-02-13 05:00,2019-02-13 10:00,0.232,0.059,0.209,13.229
2019-02-13 06:00,2019-02-13 11:00,0.421,0.232,0.257,16.236
2019-02-13 07:00,2019-02-13 12:00,0.405,0.215,0.260,18.069
2019-02-13 08:00,2019-02-13 13:00,0.306,0.116,0.244,18.658
2019-02-13 09:00,2019-02-13 14:00,0.173,0.036,0.174,18.317
2019-02-13 10:00,2019-02-13 15:00,0.095,0.015,0.109,16.954
2019-02-13 11:00,2019-02-13 16:00,0.028,0.005,0.046,15.110
2019-02-13 12:00,2019-02-13 17:00,0,0.001,0.004,13.403
2019-02-13 13:00,2019-02-13 18:00,0,0,0,11.951
2019-02-13 14:00,2019-02-13 19:00,0,0,0,11.051
2019-02-13 15:00,2019-02-13 20:00,0,0,0,9.934
2019-02-13 16:00,2019-02-13 21:00,0,0,0,8.863
2019-02-13 17:00,2019-02-13 22:00,0,0,0,7.841
2019-02-13 18:00,2019-02-13 23:00,0,0,0,6.685
2019-02-13 19:00,2019-02-14 00:00,0,0,0,5.911
2019-02-13 20:00,2019-02-14 01:00,0,0,0,5.456
2019-02-13 21:00,2019-02-14 02:00,0,0,0,5.151
2019-02-13 22:00,2019-02-14 03:00,0,0,0,4.901
2019-02-13 23:00,2019-02-14 04:00,0,0,0,4.558
2019-02-14 00:00,2019-02-14 05:00,0,0,0,4.074
2019-02-14 01:00,2019-02-14 06:00,0,0,0,3.602
2019-02-14 02:00,2019-02-14 07:00,0.012,0.004,0.026,3.722
2019-02-14 03:00,2019-02-14 08:00,0.052,0.006,0.068,4.165
2019-02-14 04:00,2019-02-14 09:00,0.081,0.006,0.098,4.268
2019-02-14 05:00,2019-02-14 10:00,0.107,0.007,0.124,4.283
2019-02-14 06:00,2019-02-14 11:00,0.137,0.010,0.151,4.565
2019-02-14 07:00,2019-02-14 12:00,0.146,0.011,0.160,4.905
2019-02-14 08:00,2019-02-14 13:00,0.182,0.021,0.187,5.354
2019-02-14 09:00,2019-02-14 14:00,0.182,0.029,0.179,5.608
2019-02-14 10:00,2019-02-14 15:00,0.110,0.016,0.118,5.372
2019-02-14 11:00,2019-02-14 16:00,0.027,0.003,0.044,4.711
2019-02-14 12:00,2019-02-14 17:00,0,0,0.003,3.734
2019-02-14 13:00,2019-02-14 18:00,0,0,0,3.246
2019-02-14 14:00,2019-02-14 19:00,0,0,0,2.875
2019-02-14 15:00,2019-02-14 20:00,0,0,0,2.517
2019-02-14 16:00,2019-02-14 21:00,0,0,0,2.204
2019-02-14 17:00,2019-02-14 22:00,0,0,0,1.930
2019-02-14 18:00,2019-02-14 23:00,0,0,0,1.796
2019-02-14 19:00,2019-02-15 00:00,0,0,0,1.644
2019-02-14 20:00,2019-02-15 01:00,0,0,0,1.380
2019-02-14 21:00,2019-02-15 02:00,0,0,0,1.141
2019-02-14 22:00,2019-02-15 03:00,0,0,0,0.925
2019-02-14 23:00,2019-02-15 04:00,0,0,0,0.750
2019-02-15 00:00,2019-02-15 05:00,0,0,0,0.555
2019-02-15 01:00,2019-02-15 06:00,0,0,0,0.331
2019-02-15 02:00,2019-02-15 07:00,0.055,0.040,0.036,1.091
2019-02-15 03:00,2019-02-15 08:00,0.318,0.259,0.089,3.814
2019-02-15 04:00,2019-02-15 09:00,0.559,0.536,0.093,5.897
2019-02-15 05:00,2019-02-15 10:00,0.692,0.706,0.100,7.575
2019-02-15 06:00,2019-02-15 11:00,0.725,0.740,0.118,8.802
2019-02-15 07:00,2019-02-15 12:00,0.697,0.686,0.136,9.511
2019-02-15 08:00,2019-02-15 13:00,0.600,0.539,0.155,9.799
2019-02-15 09:00,2019-02-15 14:00,0.393,0.267,0.175,9.627
2019-02-15 10:00,2019-02-15 15:00,0.192,0.084,0.137,9.154
2019-02-15 11:00,2019-02-15 16:00,0.057,0.018,0.062,8.006
2019-02-15 12:00,2019-02-15 17:00,0,0.001,0.005,5.825
2019-02-15 13:00,2019-02-15 18:00,0,0,0,5.248
2019-02-15 14:00,2019-02-15 19:00,0,0,0,5.059
2019-02-15 15:00,2019-02-15 20:00,0,0,0,4.946
2019-02-15 16:00,2019-02-15 21:00,0,0,0,4.853
2019-02-15 17:00,2019-02-15 22:00,0,0,0,4.693
2019-02-15 18:00,2019-02-15 23:00,0,0,0,4.374
2019-02-15 19:00,2019-02-16 00:00,0,0,0,3.997
2019-02-15 20:00,2019-02-16 01:00,0,0,0,3.538
2019-02-15 21:00,2019-02-16 02:00,0,0,0,3.037
2019-02-15 22:00,2019-02-16 03:00,0,0,0,2.352
2019-02-15 23:00,2019-02-16 04:00,0,0,0,1.538
2019-02-16 00:00,2019-02-16 05:00,0,0,0,0.941
2019-02-16 01:00,2019-02-16 06:00,0,0,0,0.638
2019-02-16 02:00,2019-02-16 07:00,0.126,0.116,0.033,1.992
2019-02-16 03:00,2019-02-16 08:00,0.390,0.369,0.063,6.271
2019-02-16 04:00,2019-02-16 09:00,0.589,0.607,0.071,9.271
2019-02-16 05:00,2019-02-16 10:00,0.717,0.784,0.076,11.494
2019-02-16 06:00,2019-02-16 11:00,0.783,0.883,0.080,12.833
2019-02-16 07:00,2019-02-16 12:00,0.792,0.903,0.080,13.711
2019-02-16 08:00,2019-02-16 13:00,0.744,0.836,0.078,14.236
2019-02-16 09:00,2019-02-16 14:00,0.620,0.659,0.079,14.336
2019-02-16 10:00,2019-02-16 15:00,0.406,0.384,0.083,13.857
2019-02-16 11:00,2019-02-16 16:00,0.193,0.168,0.058,12.114
2019-02-16 12:00,2019-02-16 17:00,0.003,0.011,0.008,7.878
2019-02-16 13:00,2019-02-16 18:00,0,0,0,6.281
2019-02-16 14:00,2019-02-16 19:00,0,0,0,5.615
2019-02-16 15:00,2019-02-16 20:00,0,0,0,5.418
2019-02-16 16:00,2019-02-16 21:00,0,0,0,5.618
2019-02-16 17:00,2019-02-16 22:00,0,0,0,5.011
2019-02-16 18:00,2019-02-16 23:00,0,0,0,4.480
2019-02-16 19:00,2019-02-17 00:00,0,0,0,4.229
2019-02-16 20:00,2019-02-17 01:00,0,0,0,3.234
2019-02-16 21:00,2019-02-17 02:00,0,0,0,3.270
2019-02-16 22:00,2019-02-17 03:00,0,0,0,3.682
2019-02-16 23:00,2019-02-17 04:00,0,0,0,3.528
2019-02-17 00:00,2019-02-17 05:00,0,0,0,3.613
2019-02-17 01:00,2019-02-17 06:00,0,0,0,3.959
2019-02-17 02:00,2019-02-17 07:00,0.005,0.002,0.020,4.898
2019-02-17 03:00,2019-02-17 08:00,0.023,0.002,0.041,5.752
2019-02-17 04:00,2019-02-17 09:00,0.071,0.005,0.090,6.976
2019-02-17 05:00,2019-02-17 10:00,0.210,0.034,0.207,9.662
2019-02-17 06:00,2019-02-17 11:00,0.279,0.065,0.254,11.745
2019-02-17 07:00,2019-02-17 12:00,0.302,0.076,0.270,13.108
2019-02-17 08:00,2019-02-17 13:00,0.172,0.019,0.185,12.658
2019-02-17 09:00,2019-02-17 14:00,0.077,0.004,0.098,11.081
2019-02-17 10:00,2019-02-17 15:00,0.050,0.003,0.070,9.916
2019-02-17 11:00,2019-02-17 16:00,0.011,0.001,0.029,8.448
2019-02-17 12:00,2019-02-17 17:00,0,0,0.003,6.929
2019-02-17 13:00,2019-02-17 18:00,0,0,0,6.230
2019-02-17 14:00,2019-02-17 19:00,0,0,0,5.589
2019-02-17 15:00,2019-02-17 20:00,0,0,0,5.133
2019-02-17 16:00,2019-02-17 21:00,0,0,0,4.733
2019-02-17 17:00,2019-02-17 22:00,0,0,0,3.987
2019-02-17 18:00,2019-02-17 23:00,0,0,0,3.140
2019-02-17 19:00,2019-02-18 00:00,0,0,0,2.639
2019-02-17 20:00,2019-02-18 01:00,0,0,0,2.561
2019-02-17 21:00,2019-02-18 02:00,0,0,0,2.858
2019-02-17 22:00,2019-02-18 03:00,0,0,0,2.748
2019-02-17 23:00,2019-02-18 04:00,0,0,0,2.565
2019-02-18 00:00,2019-02-18 05:00,0,0,0,2.342
2019-02-18 01:00,2019-02-18 06:00,0,0,0,1.518
2019-02-18 02:00,2019-02-18 07:00,0.064,0.042,0.043,1.772
2019-02-18 03:00,2019-02-18 08:00,0.258,0.173,0.112,4.736
2019-02-18 04:00,2019-02-18 09:00,0.447,0.354,0.144,6.992
2019-02-18 05:00,2019-02-18 10:00,0.569,0.485,0.165,8.536
2019-02-18 06:00,2019-02-18 11:00,0.570,0.450,0.204,9.593
2019-02-18 07:00,2019-02-18 12:00,0.446,0.256,0.249,10.072
2019-02-18 08:00,2019-02-18 13:00,0.293,0.099,0.232,10.089
2019-02-18 09:00,2019-02-18 14:00,0.229,0.067,0.194,10.062
2019-02-18 10:00,2019-02-18 15:00,0.151,0.041,0.138,9.785
2019-02-18 11:00,2019-02-18 16:00,0.055,0.013,0.065,8.507
2019-02-18 12:00,2019-02-18 17:00,0,0.001,0.006,6.048
2019-02-18 13:00,2019-02-18 18:00,0,0,0,4.679
2019-02-18 14:00,2019-02-18 19:00,0,0,0,3.144
2019-02-18 15:00,2019-02-18 20:00,0,0,0,2.401
2019-02-18 16:00,2019-02-18 21:00,0,0,0,2.126
2019-02-18 17:00,2019-02-18 22:00,0,0,0,1.731
2019-02-18 18:00,2019-02-18 23:00,0,0,0,1.179
2019-02-18 19:00,2019-02-19 00:00,0,0,0,0.649
2019-02-18 20:00,2019-02-19 01:00,0,0,0,0.236
2019-02-18 21:00,2019-02-19 02:00,0,0,0,0.111
2019-02-18 22:00,2019-02-19 03:00,0,0,0,-0.029
2019-02-18 23:00,2019-02-19 04:00,0,0,0,-0.061
2019-02-19 00:00,2019-02-19 05:00,0,0,0,-0.380
2019-02-19 01:00,2019-02-19 06:00,0,0,0,-0.604
2019-02-19 02:00,2019-02-19 07:00,0.160,0.146,0.035,1.035
2019-02-19 03:00,2019-02-19 08:00,0.421,0.402,0.062,4.906
2019-02-19 04:00,2019-02-19 09:00,0.616,0.639,0.070,8.217
2019-02-19 05:00,2019-02-19 10:00,0.740,0.810,0.077,10.349
2019-02-19 06:00,2019-02-19 11:00,0.795,0.891,0.084,11.754
2019-02-19 07:00,2019-02-19 12:00,0.776,0.856,0.096,12.724
2019-02-19 08:00,2019-02-19 13:00,0.651,0.652,0.124,13.174
2019-02-19 09:00,2019-02-19 14:00,0.482,0.417,0.140,13.265
2019-02-19 10:00,2019-02-19 15:00,0.323,0.247,0.123,13.069
2019-02-19 11:00,2019-02-19 16:00,0.102,0.053,0.076,11.343
2019-02-19 12:00,2019-02-19 17:00,0,0.002,0.008,9.355
2019-02-19 13:00,2019-02-19 18:00,0,0,0,8.527
2019-02-19 14:00,2019-02-19 19:00,0,0,0,7.742
2019-02-19 15:00,2019-02-19 20:00,0,0,0,7.000
2019-02-19 16:00,2019-02-19 21:00,0,0,0,6.281
2019-02-19 17:00,2019-02-19 22:00,0,0,0,5.454
2019-02-19 18:00,2019-02-19 23:00,0,0,0,4.514
2019-02-19 19:00,2019-02-20 00:00,0,0,0,3.461
2019-02-19 20:00,2019-02-20 01:00,0,0,0,2.722
2019-02-19 21:00,2019-02-20 02:00,0,0,0,2.585
2019-02-19 22:00,2019-02-20 03:00,0,0,0,2.802
2019-02-19 23:00,2019-02-20 04:00,0,0,0,3.418
2019-02-20 00:00,2019-02-20 05:00,0,0,0,4.354
2019-02-20 01:00,2019-02-20 06:00,0,0,0,4.719
2019-02-20 02:00,2019-02-20 07:00,0.062,0.034,0.051,4.801
2019-02-20 03:00,2019-02-20 08:00,0.109,0.025,0.109,6.235
2019-02-20 04:00,2019-02-20 09:00,0.110,0.013,0.122,6.833
2019-02-20 05:00,2019-02-20 10:00,0.178,0.025,0.181,7.545
2019-02-20 06:00,2019-02-20 11:00,0.262,0.056,0.239,8.717
2019-02-20 07:00,2019-02-20 12:00,0.340,0.112,0.270,9.619
2019-02-20 08:00,2019-02-20 13:00,0.341,0.126,0.257,9.826
2019-02-20 09:00,2019-02-20 14:00,0.235,0.064,0.203,9.263
2019-02-20 10:00,2019-02-20 15:00,0.165,0.043,0.150,8.478
2019-02-20 11:00,2019-02-20 16:00,0.054,0.011,0.067,7.111
2019-02-20 12:00,2019-02-20 17:00,0,0.001,0.007,4.978
2019-02-20 13:00,2019-02-20 18:00,0,0,0,3.415
2019-02-20 14:00,2019-02-20 19:00,0,0,0,2.659
2019-02-20 15:00,2019-02-20 20:00,0,0,0,2.194
2019-02-20 16:00,2019-02-20 21:00,0,0,0,1.761
2019-02-20 17:00,2019-02-20 22:00,0,0,0,1.329
2019-02-20 18:00,2019-02-20 23:00,0,0,0,0.836
2019-02-20 19:00,2019-02-21 00:00,0,0,0,0.344
2019-02-20 20:00,2019-02-21 01:00,0,0,0,-0.037
2019-02-20 21:00,2019-02-21 02:00,0,0,0,-0.285
2019-02-20 22:00,2019-02-21 03:00,0,0,0,-0.443
2019-02-20 23:00,2019-02-21 04:00,0,0,0,-0.654
2019-02-21 00:00,2019-02-21 05:00,0,0,0,-0.896
2019-02-21 01:00,2019-02-21 06:00,0,-0,0,-1.336
2019-02-21 02:00,2019-02-21 07:00,0.040,0.019,0.041,-0.754
2019-02-21 03:00,2019-02-21 08:00,0.219,0.126,0.115,0.857
2019-02-21 04:00,2019-02-21 09:00,0.461,0.371,0.133,2.739
2019-02-21 05:00,2019-02-21 10:00,0.684,0.673,0.110,4.549
2019-02-21 06:00,2019-02-21 11:00,0.786,0.828,0.100,5.767
2019-02-21 07:00,2019-02-21 12:00,0.791,0.837,0.102,6.526
2019-02-21 08:00,2019-02-21 13:00,0.742,0.772,0.099,6.932
2019-02-21 09:00,2019-02-21 14:00,0.639,0.643,0.091,7.020
2019-02-21 10:00,2019-02-21 15:00,0.469,0.443,0.080,6.679
2019-02-21 11:00,2019-02-21 16:00,0.227,0.192,0.063,5.676
2019-02-21 12:00,2019-02-21 17:00,0.011,0.016,0.012,2.548
2019-02-21 13:00,2019-02-21 18:00,0,0,0,1.374
2019-02-21 14:00,2019-02-21 19:00,0,0,0,0.617
2019-02-21 15:00,2019-02-21 20:00,0,0,0,0.105
2019-02-21 16:00,2019-02-21 21:00,0,0,0,-0.257
2019-02-21 17:00,2019-02-21 22:00,0,0,0,-1.135
2019-02-21 18:00,2019-02-21 23:00,0,0,0,-2.175
2019-02-21 19:00,2019-02-22 00:00,0,0,0,-2.734
2019-02-21 20:00,2019-02-22 01:00,0,0,0,-2.981
2019-02-21 21:00,2019-02-22 02:00,0,0,0,-3.094
2019-02-21 22:00,2019-02-22 03:00,0,0,0,-3.043
2019-02-21 23:00,2019-02-22 04:00,0,0,0,-3.087
2019-02-22 00:00,2019-02-22 05:00,0,0,0,-3.238
2019-02-22 01:00,2019-02-22 06:00,0,-0,0.001,-3.343
2019-02-22 02:00,2019-02-22 07:00,0.190,0.173,0.037,-1.399
2019-02-22 03:00,2019-02-22 08:00,0.454,0.441,0.052,2.025
2019-02-22 04:00,2019-02-22 09:00,0.653,0.684,0.059,4.923
2019-02-22 05:00,2019-02-22 10:00,0.781,0.864,0.064,7.149
2019-02-22 06:00,2019-02-22 11:00,0.846,0.969,0.066,8.864
2019-02-22 07:00,2019-02-22 12:00,0.853,0.988,0.067,10.197
2019-02-22 08:00,2019-02-22 13:00,0.804,0.921,0.065,11.124
2019-02-22 09:00,2019-02-22 14:00,0.684,0.750,0.063,11.514
2019-02-22 10:00,2019-02-22 15:00,0.510,0.528,0.057,11.380
2019-02-22 11:00,2019-02-22 16:00,0.264,0.251,0.048,9.804
2019-02-22 12:00,2019-02-22 17:00,0.020,0.027,0.012,5.897
2019-02-22 13:00,2019-02-22 18:00,0,0,0,4.196
2019-02-22 14:00,2019-02-22 19:00,0,0,0,2.847
2019-02-22 15:00,2019-02-22 20:00,0,0,0,1.756
2019-02-22 16:00,2019-02-22 21:00,0,0,0,0.953
2019-02-22 17:00,2019-02-22 22:00,0,0,0,0.284
2019-02-22 18:00,2019-02-22 23:00,0,0,0,-0.315
2019-02-22 19:00,2019-02-23 00:00,0,0,0,-0.712
2019-02-22 20:00,2019-02-23 01:00,0,0,0,-0.948
2019-02-22 21:00,2019-02-23 02:00,0,0,0,-0.978
2019-02-22 22:00,2019-02-23 03:00,0,0,0,-0.958
2019-02-22 23:00,2019-02-23 04:00,0,0,0,-0.863
2019-02-23 00:00,2019-02-23 05:00,0,0,0,-0.706
2019-02-23 01:00,2019-02-23 06:00,0,0.004,0.001,-0.754
2019-02-23 02:00,2019-02-23 07:00,0.196,0.181,0.037,1.192
2019-02-23 03:00,2019-02-23 08:00,0.454,0.450,0.052,5.132
2019-02-23 04:00,2019-02-23 09:00,0.647,0.689,0.059,7.915
2019-02-23 05:00,2019-02-23 10:00,0.769,0.864,0.065,10.414
2019-02-23 06:00,2019-02-23 11:00,0.820,0.944,0.072,12.140
2019-02-23 07:00,2019-02-23 12:00,0.825,0.957,0.073,13.280
2019-02-23 08:00,2019-02-23 13:00,0.773,0.883,0.072,14.017
2019-02-23 09:00,2019-02-23 14:00,0.658,0.718,0.071,14.191
2019-02-23 10:00,2019-02-23 15:00,0.481,0.490,0.067,13.834
2019-02-23 11:00,2019-02-23 16:00,0.236,0.215,0.057,12.008
2019-02-23 12:00,2019-02-23 17:00,0.015,0.021,0.014,9.445
2019-02-23 13:00,2019-02-23 18:00,0,0,0,8.302
2019-02-23 14:00,2019-02-23 19:00,0,0,0,7.080
2019-02-23 15:00,2019-02-23 20:00,0,0,0,6.223
2019-02-23 16:00,2019-02-23 21:00,0,0,0,5.675
2019-02-23 17:00,2019-02-23 22:00,0,0,0,5.187
2019-02-23 18:00,2019-02-23 23:00,0,0,0,4.552
2019-02-23 19:00,2019-02-24 00:00,0,0,0,3.782
2019-02-23 20:00,2019-02-24 01:00,0,0,0,3.103
2019-02-23 21:00,2019-02-24 02:00,0,0,0,2.414
2019-02-23 22:00,2019-02-24 03:00,0,0,0,1.943
2019-02-23 23:00,2019-02-24 04:00,0,0,0,1.717
2019-02-24 00:00,2019-02-24 05:00,0,0,0,1.541
2019-02-24 01:00,2019-02-24 06:00,0,0.001,0.001,1.338
2019-02-24 02:00,2019-02-24 07:00,0.108,0.079,0.052,2.779
2019-02-24 03:00,2019-02-24 08:00,0.352,0.303,0.088,6.702
2019-02-24 04:00,2019-02-24 09:00,0.568,0.560,0.092,9.257
2019-02-24 05:00,2019-02-24 10:00,0.705,0.747,0.094,11.090
2019-02-24 06:00,2019-02-24 11:00,0.773,0.847,0.097,12.251
2019-02-24 07:00,2019-02-24 12:00,0.777,0.856,0.100,12.988
2019-02-24 08:00,2019-02-24 13:00,0.715,0.761,0.105,13.301
2019-02-24 09:00,2019-02-24 14:00,0.562,0.538,0.119,13.178
2019-02-24 10:00,2019-02-24 15:00,0.355,0.284,0.121,12.670
2019-02-24 11:00,2019-02-24 16:00,0.135,0.079,0.085,11.169
2019-02-24 12:00,2019-02-24 17:00,0.004,0.006,0.014,8.429
2019-02-24 13:00,2019-02-24 18:00,0,0,0,7.438
2019-02-24 14:00,2019-02-24 19:00,0,0,0,6.539
2019-02-24 15:00,2019-02-24 20:00,0,0,0,5.905
2019-02-24 16:00,2019-02-24 21:00,0,0,0,5.510
2019-02-24 17:00,2019-02-24 22:00,0,0,0,5.086
2019-02-24 18:00,2019-02-24 23:00,0,0,0,4.563
2019-02-24 19:00,2019-02-25 00:00,0,0,0,4.003
2019-02-24 20:00,2019-02-25 01:00,0,0,0,3.673
2019-02-24 21:00,2019-02-25 02:00,0,0,0,3.572
2019-02-24 22:00,2019-02-25 03:00,0,0,0,3.434
2019-02-24 23:00,2019-02-25 04:00,0,0,0,3.295
2019-02-25 00:00,2019-02-25 05:00,0,0,0,3.241
2019-02-25 01:00,2019-02-25 06:00,0,0,0.001,3.206
2019-02-25 02:00,2019-02-25 07:00,0.030,0.008,0.042,3.947
2019-02-25 03:00,2019-02-25 08:00,0.138,0.041,0.122,5.789
2019-02-25 04:00,2019-02-25 09:00,0.292,0.133,0.193,7.378
2019-02-25 05:00,2019-02-25 10:00,0.442,0.272,0.225,8.876
2019-02-25 06:00,2019-02-25 11:00,0.546,0.398,0.228,9.935
2019-02-25 07:00,2019-02-25 12:00,0.560,0.418,0.228,10.632
2019-02-25 08:00,2019-02-25 13:00,0.505,0.355,0.223,10.933
2019-02-25 09:00,2019-02-25 14:00,0.407,0.259,0.202,10.994
2019-02-25 10:00,2019-02-25 15:00,0.260,0.135,0.161,10.766
2019-02-25 11:00,2019-02-25 16:00,0.104,0.040,0.091,10.010
2019-02-25 12:00,2019-02-25 17:00,0.002,0.004,0.014,7.345
2019-02-25 13:00,2019-02-25 18:00,0,0,0,6.010
2019-02-25 14:00,2019-02-25 19:00,0,0,0,5.348
2019-02-25 15:00,2019-02-25 20:00,0,0,0,4.768
2019-02-25 16:00,2019-02-25 21:00,0,0,0,4.436
2019-02-25 17:00,2019-02-25 22:00,0,0,0,4.247
2019-02-25 18:00,2019-02-25 23:00,0,0,0,4.054
2019-02-25 19:00,2019-02-26 00:00,0,0,0,3.690
2019-02-25 20:00,2019-02-26 01:00,0,0,0,3.310
2019-02-25 21:00,2019-02-26 02:00,0,0,0,2.917
2019-02-25 22:00,2019-02-26 03:00,0,0,0,2.619
2019-02-25 23:00,2019-02-26 04:00,0,0,0,2.374
2019-02-26 00:00,2019-02-26 05:00,0,0,0,2.240
2019-02-26 01:00,2019-02-26 06:00,0,0.001,0.002,2.193
2019-02-26 02:00,2019-02-26 07:00,0.111,0.078,0.056,3.695
2019-02-26 03:00,2019-02-26 08:00,0.342,0.284,0.096,7.089
2019-02-26 04:00,2019-02-26 09:00,0.546,0.518,0.106,9.303
2019-02-26 05:00,2019-02-26 10:00,0.664,0.664,0.118,10.804
2019-02-26 06:00,2019-02-26 11:00,0.707,0.714,0.133,11.761
2019-02-26 07:00,2019-02-26 12:00,0.696,0.688,0.145,12.309
2019-02-26 08:00,2019-02-26 13:00,0.628,0.587,0.154,12.461
2019-02-26 09:00,2019-02-26 14:00,0.466,0.367,0.167,12.263
2019-02-26 10:00,2019-02-26 15:00,0.310,0.210,0.143,11.923
2019-02-26 11:00,2019-02-26 16:00,0.131,0.069,0.090,10.950
2019-02-26 12:00,2019-02-26 17:00,0.005,0.007,0.016,8.018
2019-02-26 13:00,2019-02-26 18:00,0,0,0,6.582
2019-02-26 14:00,2019-02-26 19:00,0,0,0,5.998
2019-02-26 15:00,2019-02-26 20:00,0,0,0,5.566
2019-02-26 16:00,2019-02-26 21:00,0,0,0,5.270
2019-02-26 17:00,2019-02-26 22:00,0,0,0,4.387
2019-02-26 18:00,2019-02-26 23:00,0,0,0,3.718
2019-02-26 19:00,2019-02-27 00:00,0,0,0,3.538
2019-02-26 20:00,2019-02-27 01:00,0,0,0,3.217
2019-02-26 21:00,2019-02-27 02:00,0,0,0,2.785
2019-02-26 22:00,2019-02-27 03:00,0,0,0,2.102
2019-02-26 23:00,2019-02-27 04:00,0,0,0,1.391
2019-02-27 00:00,2019-02-27 05:00,0,0,0,1.180
2019-02-27 01:00,2019-02-27 06:00,0,0.001,0.002,1.394
2019-02-27 02:00,2019-02-27 07:00,0.139,0.108,0.054,3.420
2019-02-27 03:00,2019-02-27 08:00,0.389,0.352,0.080,7.180
2019-02-27 04:00,2019-02-27 09:00,0.586,0.587,0.088,9.646
2019-02-27 05:00,2019-02-27 10:00,0.702,0.740,0.098,11.254
2019-02-27 06:00,2019-02-27 11:00,0.755,0.812,0.107,12.380
2019-02-27 07:00,2019-02-27 12:00,0.761,0.822,0.110,13.182
2019-02-27 08:00,2019-02-27 13:00,0.705,0.741,0.113,13.552
2019-02-27 09:00,2019-02-27 14:00,0.562,0.535,0.123,13.598
2019-02-27 10:00,2019-02-27 15:00,0.348,0.270,0.129,13.319
2019-02-27 11:00,2019-02-27 16:00,0.136,0.076,0.090,12.237
2019-02-27 12:00,2019-02-27 17:00,0.009,0.009,0.017,9.378
2019-02-27 13:00,2019-02-27 18:00,0,0,0,8.322
2019-02-27 14:00,2019-02-27 19:00,0,0,0,7.866
2019-02-27 15:00,2019-02-27 20:00,0,0,0,7.329
2019-02-27 16:00,2019-02-27 21:00,0,0,0,6.618
2019-02-27 17:00,2019-02-27 22:00,0,0,0,5.774
2019-02-27 18:00,2019-02-27 23:00,0,0,0,5.060
2019-02-27 19:00,2019-02-28 00:00,0,0,0,4.690
2019-02-27 20:00,2019-02-28 01:00,0,0,0,4.417
2019-02-27 21:00,2019-02-28 02:00,0,0,0,3.872
2019-02-27 22:00,2019-02-28 03:00,0,0,0,3.150
2019-02-27 23:00,2019-02-28 04:00,0,0,0,2.603
2019-02-28 00:00,2019-02-28 05:00,0,0,0,2.397
2019-02-28 01:00,2019-02-28 06:00,0,0.001,0.003,2.058
2019-02-28 02:00,2019-02-28 07:00,0.144,0.113,0.056,4.111
2019-02-28 03:00,2019-02-28 08:00,0.385,0.348,0.083,8.391
2019-02-28 04:00,2019-02-28 09:00,0.573,0.573,0.093,11.803
2019-02-28 05:00,2019-02-28 10:00,0.699,0.750,0.098,14.386
2019-02-28 06:00,2019-02-28 11:00,0.765,0.854,0.101,16.102
2019-02-28 07:00,2019-02-28 12:00,0.774,0.874,0.101,17.209
2019-02-28 08:00,2019-02-28 13:00,0.722,0.796,0.103,17.841
2019-02-28 09:00,2019-02-28 14:00,0.554,0.534,0.128,17.760
2019-02-28 10:00,2019-02-28 15:00,0.260,0.151,0.153,16.813
2019-02-28 11:00,2019-02-28 16:00,0.076,0.023,0.081,14.505
2019-02-28 12:00,2019-02-28 17:00,0,0.002,0.013,11.959
2019-02-28 13:00,2019-02-28 18:00,0,0,0,10.851
2019-02-28 14:00,2019-02-28 19:00,0,0,0,10.229
2019-02-28 15:00,2019-02-28 20:00,0,0,0,9.893
2019-02-28 16:00,2019-02-28 21:00,0,0,0,9.720
2019-02-28 17:00,2019-02-28 22:00,0,0,0,9.087
2019-02-28 18:00,2019-02-28 23:00,0,0,0,8.805
2019-02-28 19:00,2019-03-01 00:00,0,0,0,8.820
2019-02-28 20:00,2019-03-01 01:00,0,0,0,8.323
2019-02-28 21:00,2019-03-01 02:00,0,0,0,7.617
2019-02-28 22:00,2019-03-01 03:00,0,0,0,7.221
2019-02-28 23:00,2019-03-01 04:00,0,0,0,6.829
2019-03-01 00:00,2019-03-01 05:00,0,0,0,6.007
2019-03-01 01:00,2019-03-01 06:00,0,0.001,0.003,5.563
2019-03-01 02:00,2019-03-01 07:00,0.113,0.073,0.066,7.415
2019-03-01 03:00,2019-03-01 08:00,0.278,0.187,0.128,10.485
2019-03-01 04:00,2019-03-01 09:00,0.382,0.252,0.184,12.718
2019-03-01 05:00,2019-03-01 10:00,0.395,0.215,0.239,14.330
2019-03-01 06:00,2019-03-01 11:00,0.372,0.157,0.272,15.119
2019-03-01 07:00,2019-03-01 12:00,0.275,0.071,0.248,15.243
2019-03-01 08:00,2019-03-01 13:00,0.344,0.144,0.254,15.691
2019-03-01 09:00,2019-03-01 14:00,0.527,0.455,0.168,16.675
2019-03-01 10:00,2019-03-01 15:00,0.313,0.206,0.157,16.660
2019-03-01 11:00,2019-03-01 16:00,0.099,0.034,0.094,15.101
2019-03-01 12:00,2019-03-01 17:00,0.002,0.003,0.015,11.895
2019-03-01 13:00,2019-03-01 18:00,0,0,0,10.709
2019-03-01 14:00,2019-03-01 19:00,0,0,0,10.193
2019-03-01 15:00,2019-03-01 20:00,0,0,0,9.598
2019-03-01 16:00,2019-03-01 21:00,0,0,0,9.092
2019-03-01 17:00,2019-03-01 22:00,0,0,0,8.789
2019-03-01 18:00,2019-03-01 23:00,0,0,0,8.580
2019-03-01 19:00,2019-03-02 00:00,0,0,0,8.221
2019-03-01 20:00,2019-03-02 01:00,0,0,0,7.898
2019-03-01 21:00,2019-03-02 02:00,0,0,0,7.880
2019-03-01 22:00,2019-03-02 03:00,0,0,0,7.635
2019-03-01 23:00,2019-03-02 04:00,0,0,0,7.270
2019-03-02 00:00,2019-03-02 05:00,0,0,0,7.145
2019-03-02 01:00,2019-03-02 06:00,0,0,0.003,6.955
2019-03-02 02:00,2019-03-02 07:00,0.048,0.013,0.059,8.408
2019-03-02 03:00,2019-03-02 08:00,0.173,0.058,0.146,11.606
2019-03-02 04:00,2019-03-02 09:00,0.323,0.156,0.217,14.753
2019-03-02 05:00,2019-03-02 10:00,0.391,0.187,0.269,17.226
2019-03-02 06:00,2019-03-02 11:00,0.245,0.044,0.245,17.864
2019-03-02 07:00,2019-03-02 12:00,0.189,0.020,0.207,17.807
2019-03-02 08:00,2019-03-02 13:00,0.135,0.010,0.158,17.287
2019-03-02 09:00,2019-03-02 14:00,0.102,0.007,0.125,16.479
2019-03-02 10:00,2019-03-02 15:00,0.066,0.004,0.089,15.268
2019-03-02 11:00,2019-03-02 16:00,0.032,0.003,0.053,13.806
2019-03-02 12:00,2019-03-02 17:00,0,0.001,0.010,11.906
2019-03-02 13:00,2019-03-02 18:00,0,0,0,11.027
2019-03-02 14:00,2019-03-02 19:00,0,0,0,9.952
2019-03-02 15:00,2019-03-02 20:00,0,0,0,8.960
2019-03-02 16:00,2019-03-02 21:00,0,0,0,8.363
2019-03-02 17:00,2019-03-02 22:00,0,0,0,7.867
2019-03-02 18:00,2019-03-02 23:00,0,0,0,7.490
2019-03-02 19:00,2019-03-03 00:00,0,0,0,7.021
2019-03-02 20:00,2019-03-03 01:00,0,0,0,6.647
2019-03-02 21:00,2019-03-03 02:00,0,0,0,6.399
2019-03-02 22:00,2019-03-03 03:00,0,0,0,6.122
2019-03-02 23:00,2019-03-03 04:00,0,0,0,5.937
2019-03-03 00:00,2019-03-03 05:00,0,0,0,5.617
2019-03-03 01:00,2019-03-03 06:00,0,0.001,0.004,5.254
2019-03-03 02:00,2019-03-03 07:00,0.088,0.046,0.066,6.776
2019-03-03 03:00,2019-03-03 08:00,0.257,0.163,0.128,8.969
2019-03-03 04:00,2019-03-03 09:00,0.423,0.320,0.161,11.111
2019-03-03 05:00,2019-03-03 10:00,0.575,0.512,0.163,13.171
2019-03-03 06:00,2019-03-03 11:00,0.694,0.697,0.144,14.543
2019-03-03 07:00,2019-03-03 12:00,0.711,0.730,0.140,15.352
2019-03-03 08:00,2019-03-03 13:00,0.674,0.686,0.133,15.775
2019-03-03 09:00,2019-03-03 14:00,0.569,0.549,0.127,15.809
2019-03-03 10:00,2019-03-03 15:00,0.412,0.364,0.114,15.426
2019-03-03 11:00,2019-03-03 16:00,0.208,0.157,0.087,14.439
2019-03-03 12:00,2019-03-03 17:00,0.024,0.021,0.024,11.241
2019-03-03 13:00,2019-03-03 18:00,0,0,0,9.487
2019-03-03 14:00,2019-03-03 19:00,0,0,0,9.154
2019-03-03 15:00,2019-03-03 20:00,0,0,0,9.140
2019-03-03 16:00,2019-03-03 21:00,0,0,0,8.993
2019-03-03 17:00,2019-03-03 22:00,0,0,0,8.033
2019-03-03 18:00,2019-03-03 23:00,0,0,0,6.565
2019-03-03 19:00,2019-03-04 00:00,0,0,0,5.496
2019-03-03 20:00,2019-03-04 01:00,0,0,0,4.866
2019-03-03 21:00,2019-03-04 02:00,0,0,0,4.480
2019-03-03 22:00,2019-03-04 03:00,0,0,0,4.231
2019-03-03 23:00,2019-03-04 04:00,0,0,0,4.077
2019-03-04 00:00,2019-03-04 05:00,0,0,0,3.755
2019-03-04 01:00,2019-03-04 06:00,0,0.002,0.005,3.353
2019-03-04 02:00,2019-03-04 07:00,0.154,0.119,0.061,5.946
2019-03-04 03:00,2019-03-04 08:00,0.392,0.355,0.086,9.640
2019-03-04 04:00,2019-03-04 09:00,0.583,0.584,0.096,12.143
2019-03-04 05:00,2019-03-04 10:00,0.691,0.725,0.109,13.689
2019-03-04 06:00,2019-03-04 11:00,0.740,0.789,0.120,14.809
2019-03-04 07:00,2019-03-04 12:00,0.733,0.775,0.129,15.568
2019-03-04 08:00,2019-03-04 13:00,0.663,0.664,0.140,15.901
2019-03-04 09:00,2019-03-04 14:00,0.511,0.442,0.158,15.757
2019-03-04 10:00,2019-03-04 15:00,0.279,0.162,0.161,14.991
2019-03-04 11:00,2019-03-04 16:00,0.092,0.028,0.092,13.645
2019-03-04 12:00,2019-03-04 17:00,0.002,0.002,0.015,11.316
2019-03-04 13:00,2019-03-04 18:00,0,0,0,9.565
2019-03-04 14:00,2019-03-04 19:00,0,0,0,8.641
2019-03-04 15:00,2019-03-04 20:00,0,0,0,7.887
2019-03-04 16:00,2019-03-04 21:00,0,0,0,7.430
2019-03-04 17:00,2019-03-04 22:00,0,0,0,7.035
2019-03-04 18:00,2019-03-04 23:00,0,0,0,6.809
2019-03-04 19:00,2019-03-05 00:00,0,0,0,6.613
2019-03-04 20:00,2019-03-05 01:00,0,0,0,6.378
2019-03-04 21:00,2019-03-05 02:00,0,0,0,6.144
2019-03-04 22:00,2019-03-05 03:00,0,0,0,5.730
2019-03-04 23:00,2019-03-05 04:00,0,0,0,5.227
2019-03-05 00:00,2019-03-05 05:00,0,0,0,4.918
2019-03-05 01:00,2019-03-05 06:00,0,0.001,0.005,4.844
2019-03-05 02:00,2019-03-05 07:00,0.106,0.061,0.070,6.853
2019-03-05 03:00,2019-03-05 08:00,0.322,0.245,0.116,8.958
2019-03-05 04:00,2019-03-05 09:00,0.539,0.497,0.123,10.710
2019-03-05 05:00,2019-03-05 10:00,0.620,0.578,0.151,11.981
2019-03-05 06:00,2019-03-05 11:00,0.637,0.573,0.182,12.911
2019-03-05 07:00,2019-03-05 12:00,0.606,0.511,0.204,13.478
2019-03-05 08:00,2019-03-05 13:00,0.549,0.435,0.207,13.729
2019-03-05 09:00,2019-03-05 14:00,0.438,0.308,0.196,13.690
2019-03-05 10:00,2019-03-05 15:00,0.303,0.186,0.161,13.461
2019-03-05 11:00,2019-03-05 16:00,0.153,0.081,0.104,12.825
2019-03-05 12:00,2019-03-05 17:00,0.020,0.014,0.027,10.451
2019-03-05 13:00,2019-03-05 18:00,0,0,0,9.314
2019-03-05 14:00,2019-03-05 19:00,0,0,0,9.203
2019-03-05 15:00,2019-03-05 20:00,0,0,0,8.823
2019-03-05 16:00,2019-03-05 21:00,0,0,0,7.885
2019-03-05 17:00,2019-03-05 22:00,0,0,0,6.670
2019-03-05 18:00,2019-03-05 23:00,0,0,0,5.599
2019-03-05 19:00,2019-03-06 00:00,0,0,0,5.048
2019-03-05 20:00,2019-03-06 01:00,0,0,0,4.910
2019-03-05 21:00,2019-03-06 02:00,0,0,0,5.111
2019-03-05 22:00,2019-03-06 03:00,0,0,0,5.356
2019-03-05 23:00,2019-03-06 04:00,0,0,0,5.518
2019-03-06 00:00,2019-03-06 05:00,0,0,0,5.758
2019-03-06 01:00,2019-03-06 06:00,0,0.001,0.005,5.800
2019-03-06 02:00,2019-03-06 07:00,0.082,0.039,0.068,7.604
2019-03-06 03:00,2019-03-06 08:00,0.289,0.205,0.122,10.532
2019-03-06 04:00,2019-03-06 09:00,0.529,0.496,0.117,12.752
2019-03-06 05:00,2019-03-06 10:00,0.701,0.750,0.103,14.599
2019-03-06 06:00,2019-03-06 11:00,0.772,0.862,0.102,15.776
2019-03-06 07:00,2019-03-06 12:00,0.779,0.875,0.104,16.511
2019-03-06 08:00,2019-03-06 13:00,0.731,0.804,0.104,16.829
2019-03-06 09:00,2019-03-06 14:00,0.623,0.650,0.102,16.807
2019-03-06 10:00,2019-03-06 15:00,0.452,0.430,0.099,16.443
2019-03-06 11:00,2019-03-06 16:00,0.222,0.174,0.087,15.498
2019-03-06 12:00,2019-03-06 17:00,0.026,0.020,0.028,12.653
2019-03-06 13:00,2019-03-06 18:00,0,0,0,11.430
2019-03-06 14:00,2019-03-06 19:00,0,0,0,10.669
2019-03-06 15:00,2019-03-06 20:00,0,0,0,9.320
2019-03-06 16:00,2019-03-06 21:00,0,0,0,8.371
2019-03-06 17:00,2019-03-06 22:00,0,0,0,7.850
2019-03-06 18:00,2019-03-06 23:00,0,0,0,7.487
2019-03-06 19:00,2019-03-07 00:00,0,0,0,7.298
2019-03-06 20:00,2019-03-07 01:00,0,0,0,7.179
2019-03-06 21:00,2019-03-07 02:00,0,0,0,6.734
2019-03-06 22:00,2019-03-07 03:00,0,0,0,5.745
2019-03-06 23:00,2019-03-07 04:00,0,0,0,5.111
2019-03-07 00:00,2019-03-07 05:00,0,0,0,4.729
2019-03-07 01:00,2019-03-07 06:00,0,0.002,0.007,4.529
2019-03-07 02:00,2019-03-07 07:00,0.133,0.089,0.069,6.921
2019-03-07 03:00,2019-03-07 08:00,0.362,0.307,0.101,10.390
2019-03-07 04:00,2019-03-07 09:00,0.557,0.541,0.108,12.652
2019-03-07 05:00,2019-03-07 10:00,0.687,0.718,0.112,14.184
2019-03-07 06:00,2019-03-07 11:00,0.764,0.839,0.110,15.374
2019-03-07 07:00,2019-03-07 12:00,0.768,0.846,0.113,16.202
2019-03-07 08:00,2019-03-07 13:00,0.714,0.764,0.118,16.643
2019-03-07 09:00,2019-03-07 14:00,0.523,0.465,0.152,16.489
2019-03-07 10:00,2019-03-07 15:00,0.330,0.231,0.152,16.107
2019-03-07 11:00,2019-03-07 16:00,0.139,0.066,0.105,15.266
2019-03-07 12:00,2019-03-07 17:00,0.014,0.008,0.026,13.127
2019-03-07 13:00,2019-03-07 18:00,0,0,0,11.936
2019-03-07 14:00,2019-03-07 19:00,0,0,0,10.891
2019-03-07 15:00,2019-03-07 20:00,0,0,0,9.930
2019-03-07 16:00,2019-03-07 21:00,0,0,0,9.465
2019-03-07 17:00,2019-03-07 22:00,0,0,0,8.865
2019-03-07 18:00,2019-03-07 23:00,0,0,0,8.393
2019-03-07 19:00,2019-03-08 00:00,0,0,0,7.935
2019-03-07 20:00,2019-03-08 01:00,0,0,0,7.544
2019-03-07 21:00,2019-03-08 02:00,0,0,0,7.293
2019-03-07 22:00,2019-03-08 03:00,0,0,0,7.087
2019-03-07 23:00,2019-03-08 04:00,0,0,0,6.838
2019-03-08 00:00,2019-03-08 05:00,0,0,0,6.561
2019-03-08 01:00,2019-03-08 06:00,0,0,0.005,6.284
2019-03-08 02:00,2019-03-08 07:00,0.085,0.036,0.074,7.962
2019-03-08 03:00,2019-03-08 08:00,0.339,0.263,0.120,10.679
2019-03-08 04:00,2019-03-08 09:00,0.531,0.486,0.130,12.773
2019-03-08 05:00,2019-03-08 10:00,0.640,0.619,0.146,14.253
2019-03-08 06:00,2019-03-08 11:00,0.661,0.624,0.174,15.269
2019-03-08 07:00,2019-03-08 12:00,0.637,0.572,0.196,15.920
2019-03-08 08:00,2019-03-08 13:00,0.548,0.436,0.214,16.168
2019-03-08 09:00,2019-03-08 14:00,0.410,0.262,0.214,16.069
2019-03-08 10:00,2019-03-08 15:00,0.256,0.121,0.177,15.652
2019-03-08 11:00,2019-03-08 16:00,0.117,0.040,0.107,14.823
2019-03-08 12:00,2019-03-08 17:00,0.012,0.005,0.026,12.592
2019-03-08 13:00,2019-03-08 18:00,0,0,0,10.530
2019-03-08 14:00,2019-03-08 19:00,0,0,0,9.764
2019-03-08 15:00,2019-03-08 20:00,0,0,0,9.069
2019-03-08 16:00,2019-03-08 21:00,0,0,0,8.396
2019-03-08 17:00,2019-03-08 22:00,0,0,0,7.946
2019-03-08 18:00,2019-03-08 23:00,0,0,0,7.535
2019-03-08 19:00,2019-03-09 00:00,0,0,0,7.068
2019-03-08 20:00,2019-03-09 01:00,0,0,0,6.624
2019-03-08 21:00,2019-03-09 02:00,0,0,0,6.155
2019-03-08 22:00,2019-03-09 03:00,0,0,0,5.643
2019-03-08 23:00,2019-03-09 04:00,0,0,0,4.859
2019-03-09 00:00,2019-03-09 05:00,0,0,0,4.395
2019-03-09 01:00,2019-03-09 06:00,0,0.002,0.009,4.472
2019-03-09 02:00,2019-03-09 07:00,0.112,0.057,0.080,6.634
2019-03-09 03:00,2019-03-09 08:00,0.259,0.144,0.148,8.623
2019-03-09 04:00,2019-03-09 09:00,0.358,0.199,0.204,10.115
2019-03-09 05:00,2019-03-09 10:00,0.469,0.299,0.235,11.345
2019-03-09 06:00,2019-03-09 11:00,0.575,0.440,0.232,12.502
2019-03-09 07:00,2019-03-09 12:00,0.646,0.565,0.205,13.635
2019-03-09 08:00,2019-03-09 13:00,0.596,0.504,0.201,14.297
2019-03-09 09:00,2019-03-09 14:00,0.465,0.337,0.202,14.494
2019-03-09 10:00,2019-03-09 15:00,0.307,0.178,0.175,14.325
2019-03-09 11:00,2019-03-09 16:00,0.146,0.063,0.114,13.678
2019-03-09 12:00,2019-03-09 17:00,0.018,0.007,0.031,11.415
2019-03-09 13:00,2019-03-09 18:00,0,0,0,9.491
2019-03-09 14:00,2019-03-09 19:00,0,0,0,8.966
2019-03-09 15:00,2019-03-09 20:00,0,0,0,8.331
2019-03-09 16:00,2019-03-09 21:00,0,0,0,7.635
2019-03-09 17:00,2019-03-09 22:00,0,0,0,7.166
2019-03-09 18:00,2019-03-09 23:00,0,0,0,6.863
2019-03-09 19:00,2019-03-10 00:00,0,0,0,6.465
2019-03-09 20:00,2019-03-10 01:00,0,0,0,6.058
2019-03-09 21:00,2019-03-10 02:00,0,0,0,5.759
2019-03-09 22:00,2019-03-10 03:00,0,0,0,5.307
2019-03-09 23:00,2019-03-10 04:00,0,0,0,4.703
2019-03-10 00:00,2019-03-10 05:00,0,0,0,4.291
2019-03-10 01:00,2019-03-10 06:00,0,0.004,0.010,4.133
2019-03-10 02:00,2019-03-10 07:00,0.173,0.134,0.065,6.760
2019-03-10 03:00,2019-03-10 08:00,0.412,0.380,0.084,9.714
2019-03-10 04:00,2019-03-10 09:00,0.599,0.609,0.092,11.932
2019-03-10 05:00,2019-03-10 10:00,0.715,0.766,0.101,13.583
2019-03-10 06:00,2019-03-10 11:00,0.765,0.836,0.111,14.761
2019-03-10 07:00,2019-03-10 12:00,0.777,0.860,0.110,15.529
2019-03-10 08:00,2019-03-10 13:00,0.739,0.809,0.106,15.913
2019-03-10 09:00,2019-03-10 14:00,0.628,0.651,0.105,15.991
2019-03-10 10:00,2019-03-10 15:00,0.460,0.434,0.102,15.733
2019-03-10 11:00,2019-03-10 16:00,0.237,0.187,0.090,14.941
2019-03-10 12:00,2019-03-10 17:00,0.036,0.023,0.036,12.386
2019-03-10 13:00,2019-03-10 18:00,0,0,0,10.823
2019-03-10 14:00,2019-03-10 19:00,0,0,0,10.031
2019-03-10 15:00,2019-03-10 20:00,0,0,0,8.832
2019-03-10 16:00,2019-03-10 21:00,0,0,0,8.030
2019-03-10 17:00,2019-03-10 22:00,0,0,0,7.645
2019-03-10 18:00,2019-03-10 23:00,0,0,0,7.202
2019-03-10 19:00,2019-03-11 00:00,0,0,0,6.600
2019-03-10 20:00,2019-03-11 01:00,0,0,0,5.981
2019-03-10 21:00,2019-03-11 02:00,0,0,0,5.421
2019-03-10 22:00,2019-03-11 03:00,0,0,0,4.821
2019-03-10 23:00,2019-03-11 04:00,0,0,0,4.335
2019-03-11 00:00,2019-03-11 05:00,0,0,0,4.173
2019-03-11 01:00,2019-03-11 06:00,0,0.003,0.010,4.362
2019-03-11 02:00,2019-03-11 07:00,0.150,0.102,0.074,7.303
2019-03-11 03:00,2019-03-11 08:00,0.379,0.327,0.101,10.892
2019-03-11 04:00,2019-03-11 09:00,0.574,0.568,0.105,13.462
2019-03-11 05:00,2019-03-11 10:00,0.702,0.748,0.109,15.399
2019-03-11 06:00,2019-03-11 11:00,0.766,0.850,0.111,16.848
2019-03-11 07:00,2019-03-11 12:00,0.765,0.849,0.116,17.847
2019-03-11 08:00,2019-03-11 13:00,0.711,0.767,0.120,18.413
2019-03-11 09:00,2019-03-11 14:00,0.583,0.575,0.129,18.493
2019-03-11 10:00,2019-03-11 15:00,0.400,0.337,0.132,18.088
2019-03-11 11:00,2019-03-11 16:00,0.193,0.124,0.107,17.137
2019-03-11 12:00,2019-03-11 17:00,0.026,0.012,0.035,13.983
2019-03-11 13:00,2019-03-11 18:00,0,0,0,11.491
2019-03-11 14:00,2019-03-11 19:00,0,0,0,10.409
2019-03-11 15:00,2019-03-11 20:00,0,0,0,9.662
2019-03-11 16:00,2019-03-11 21:00,0,0,0,9.211
2019-03-11 17:00,2019-03-11 22:00,0,0,0,8.845
2019-03-11 18:00,2019-03-11 23:00,0,0,0,8.268
2019-03-11 19:00,2019-03-12 00:00,0,0,0,7.557
2019-03-11 20:00,2019-03-12 01:00,0,0,0,7.077
2019-03-11 21:00,2019-03-12 02:00,0,0,0,6.864
2019-03-11 22:00,2019-03-12 03:00,0,0,0,6.638
2019-03-11 23:00,2019-03-12 04:00,0,0,0,6.670
2019-03-12 00:00,2019-03-12 05:00,0,0,0,6.856
2019-03-12 01:00,2019-03-12 06:00,0,0.002,0.011,7.014
2019-03-12 02:00,2019-03-12 07:00,0.113,0.054,0.086,9.121
2019-03-12 03:00,2019-03-12 08:00,0.314,0.217,0.140,11.963
2019-03-12 04:00,2019-03-12 09:00,0.504,0.430,0.156,13.854
2019-03-12 05:00,2019-03-12 10:00,0.626,0.581,0.168,15.232
2019-03-12 06:00,2019-03-12 11:00,0.643,0.576,0.201,16.012
2019-03-12 07:00,2019-03-12 12:00,0.598,0.480,0.235,16.189
2019-03-12 08:00,2019-03-12 13:00,0.489,0.313,0.259,15.863
2019-03-12 09:00,2019-03-12 14:00,0.345,0.154,0.245,15.378
2019-03-12 10:00,2019-03-12 15:00,0.185,0.045,0.174,14.790
2019-03-12 11:00,2019-03-12 16:00,0.072,0.011,0.088,13.889
2019-03-12 12:00,2019-03-12 17:00,0.006,0.002,0.022,11.948
2019-03-12 13:00,2019-03-12 18:00,0,0,0,10.701
2019-03-12 14:00,2019-03-12 19:00,0,0,0,10.132
2019-03-12 15:00,2019-03-12 20:00,0,0,0,9.886
2019-03-12 16:00,2019-03-12 21:00,0,0,0,9.707
2019-03-12 17:00,2019-03-12 22:00,0,0,0,9.414
2019-03-12 18:00,2019-03-12 23:00,0,0,0,8.739
2019-03-12 19:00,2019-03-13 00:00,0,0,0,8.011
2019-03-12 20:00,2019-03-13 01:00,0,0,0,7.475
2019-03-12 21:00,2019-03-13 02:00,0,0,0,7.206
2019-03-12 22:00,2019-03-13 03:00,0,0,0,7.014
2019-03-12 23:00,2019-03-13 04:00,0,0,0,6.867
2019-03-13 00:00,2019-03-13 05:00,0,0,0,6.786
2019-03-13 01:00,2019-03-13 06:00,0,0.003,0.012,6.864
2019-03-13 02:00,2019-03-13 07:00,0.151,0.101,0.079,9.474
2019-03-13 03:00,2019-03-13 08:00,0.371,0.315,0.108,12.766
2019-03-13 04:00,2019-03-13 09:00,0.553,0.533,0.119,15.234
2019-03-13 05:00,2019-03-13 10:00,0.654,0.660,0.136,16.924
2019-03-13 06:00,2019-03-13 11:00,0.695,0.708,0.152,18.038
2019-03-13 07:00,2019-03-13 12:00,0.693,0.701,0.161,18.741
2019-03-13 08:00,2019-03-13 13:00,0.636,0.614,0.166,19.095
2019-03-13 09:00,2019-03-13 14:00,0.522,0.459,0.167,19.154
2019-03-13 10:00,2019-03-13 15:00,0.367,0.277,0.154,18.916
2019-03-13 11:00,2019-03-13 16:00,0.170,0.090,0.116,18.126
2019-03-13 12:00,2019-03-13 17:00,0.027,0.011,0.038,15.707
2019-03-13 13:00,2019-03-13 18:00,0,0,0,14.270
2019-03-13 14:00,2019-03-13 19:00,0,0,0,13.455
2019-03-13 15:00,2019-03-13 20:00,0,0,0,12.341
2019-03-13 16:00,2019-03-13 21:00,0,0,0,11.527
2019-03-13 17:00,2019-03-13 22:00,0,0,0,11.143
2019-03-13 18:00,2019-03-13 23:00,0,0,0,10.853
2019-03-13 19:00,2019-03-14 00:00,0,0,0,10.549
2019-03-13 20:00,2019-03-14 01:00,0,0,0,10.096
2019-03-13 21:00,2019-03-14 02:00,0,0,0,9.914
2019-03-13 22:00,2019-03-14 03:00,0,0,0,9.725
2019-03-13 23:00,2019-03-14 04:00,0,0,0,9.239
2019-03-14 00:00,2019-03-14 05:00,0,0,0,8.712
2019-03-14 01:00,2019-03-14 06:00,0,0.003,0.012,8.465
2019-03-14 02:00,2019-03-14 07:00,0.136,0.082,0.083,11.213
2019-03-14 03:00,2019-03-14 08:00,0.368,0.312,0.111,14.403
2019-03-14 04:00,2019-03-14 09:00,0.543,0.521,0.123,16.592
2019-03-14 05:00,2019-03-14 10:00,0.641,0.643,0.140,18.100
2019-03-14 06:00,2019-03-14 11:00,0.694,0.715,0.151,19.186
2019-03-14 07:00,2019-03-14 12:00,0.695,0.713,0.157,19.923
2019-03-14 08:00,2019-03-14 13:00,0.661,0.670,0.151,20.355
2019-03-14 09:00,2019-03-14 14:00,0.542,0.502,0.154,20.444
2019-03-14 10:00,2019-03-14 15:00,0.399,0.333,0.139,20.320
2019-03-14 11:00,2019-03-14 16:00,0.203,0.132,0.112,19.597
2019-03-14 12:00,2019-03-14 17:00,0.035,0.016,0.042,16.802
2019-03-14 13:00,2019-03-14 18:00,0,0,0,14.984
2019-03-14 14:00,2019-03-14 19:00,0,0,0,14.107
2019-03-14 15:00,2019-03-14 20:00,0,0,0,13.254
2019-03-14 16:00,2019-03-14 21:00,0,0,0,12.529
2019-03-14 17:00,2019-03-14 22:00,0,0,0,11.817
2019-03-14 18:00,2019-03-14 23:00,0,0,0,11.076
2019-03-14 19:00,2019-03-15 00:00,0,0,0,10.347
2019-03-14 20:00,2019-03-15 01:00,0,0,0,9.669
2019-03-14 21:00,2019-03-15 02:00,0,0,0,9.176
2019-03-14 22:00,2019-03-15 03:00,0,0,0,8.845
2019-03-14 23:00,2019-03-15 04:00,0,0,0,8.638
2019-03-15 00:00,2019-03-15 05:00,0,0,0,8.527
2019-03-15 01:00,2019-03-15 06:00,0.002,0.004,0.014,8.707
2019-03-15 02:00,2019-03-15 07:00,0.155,0.106,0.079,11.512
2019-03-15 03:00,2019-03-15 08:00,0.376,0.328,0.104,14.738
2019-03-15 04:00,2019-03-15 09:00,0.555,0.547,0.113,16.908
2019-03-15 05:00,2019-03-15 10:00,0.679,0.722,0.118,18.471
2019-03-15 06:00,2019-03-15 11:00,0.736,0.807,0.123,19.575
2019-03-15 07:00,2019-03-15 12:00,0.752,0.839,0.121,20.360
2019-03-15 08:00,2019-03-15 13:00,0.712,0.782,0.118,20.732
2019-03-15 09:00,2019-03-15 14:00,0.598,0.612,0.121,20.741
2019-03-15 10:00,2019-03-15 15:00,0.443,0.413,0.115,20.542
2019-03-15 11:00,2019-03-15 16:00,0.237,0.183,0.100,19.754
2019-03-15 12:00,2019-03-15 17:00,0.045,0.025,0.045,16.890
2019-03-15 13:00,2019-03-15 18:00,0,0,0,14.803
2019-03-15 14:00,2019-03-15 19:00,0,0,0,13.922
2019-03-15 15:00,2019-03-15 20:00,0,0,0,13.254
2019-03-15 16:00,2019-03-15 21:00,0,0,0,12.387
2019-03-15 17:00,2019-03-15 22:00,0,0,0,11.515
2019-03-15 18:00,2019-03-15 23:00,0,0,0,10.690
2019-03-15 19:00,2019-03-16 00:00,0,0,0,10.112
2019-03-15 20:00,2019-03-16 01:00,0,0,0,9.854
2019-03-15 21:00,2019-03-16 02:00,0,0,0,9.750
2019-03-15 22:00,2019-03-16 03:00,0,0,0,9.595
2019-03-15 23:00,2019-03-16 04:00,0,0,0,9.260
2019-03-16 00:00,2019-03-16 05:00,0,0,0,8.983
2019-03-16 01:00,2019-03-16 06:00,0.003,0.004,0.015,9.303
2019-03-16 02:00,2019-03-16 07:00,0.139,0.083,0.086,12.334
2019-03-16 03:00,2019-03-16 08:00,0.357,0.299,0.116,16.179
2019-03-16 04:00,2019-03-16 09:00,0.557,0.556,0.115,19.008
2019-03-16 05:00,2019-03-16 10:00,0.691,0.761,0.111,21.359
2019-03-16 06:00,2019-03-16 11:00,0.768,0.896,0.106,23.087
2019-03-16 07:00,2019-03-16 12:00,0.776,0.916,0.106,24.278
2019-03-16 08:00,2019-03-16 13:00,0.718,0.820,0.113,24.916
2019-03-16 09:00,2019-03-16 14:00,0.558,0.551,0.144,24.951
2019-03-16 10:00,2019-03-16 15:00,0.330,0.230,0.169,24.423
2019-03-16 11:00,2019-03-16 16:00,0.135,0.053,0.119,22.897
2019-03-16 12:00,2019-03-16 17:00,0.024,0.007,0.039,20.526
2019-03-16 13:00,2019-03-16 18:00,0,0,0,19.290
2019-03-16 14:00,2019-03-16 19:00,0,0,0,18.589
2019-03-16 15:00,2019-03-16 20:00,0,0,0,18.005
2019-03-16 16:00,2019-03-16 21:00,0,0,0,17.087
2019-03-16 17:00,2019-03-16 22:00,0,0,0,15.572
2019-03-16 18:00,2019-03-16 23:00,0,0,0,14.241
2019-03-16 19:00,2019-03-17 00:00,0,0,0,13.392
2019-03-16 20:00,2019-03-17 01:00,0,0,0,12.917
2019-03-16 21:00,2019-03-17 02:00,0,0,0,12.884
2019-03-16 22:00,2019-03-17 03:00,0,0,0,13.001
2019-03-16 23:00,2019-03-17 04:00,0,0,0,12.394
2019-03-17 00:00,2019-03-17 05:00,0,0,0,11.627
2019-03-17 01:00,2019-03-17 06:00,0.001,0.001,0.015,11.916
2019-03-17 02:00,2019-03-17 07:00,0.060,0.010,0.076,13.901
2019-03-17 03:00,2019-03-17 08:00,0.138,0.024,0.147,16.483
2019-03-17 04:00,2019-03-17 09:00,0.246,0.063,0.228,18.526
2019-03-17 05:00,2019-03-17 10:00,0.340,0.118,0.285,20.299
2019-03-17 06:00,2019-03-17 11:00,0.413,0.178,0.317,22.075
2019-03-17 07:00,2019-03-17 12:00,0.398,0.156,0.323,22.957
2019-03-17 08:00,2019-03-17 13:00,0.288,0.066,0.279,22.661
2019-03-17 09:00,2019-03-17 14:00,0.191,0.027,0.207,21.989
2019-03-17 10:00,2019-03-17 15:00,0.142,0.020,0.159,21.431
2019-03-17 11:00,2019-03-17 16:00,0.112,0.024,0.122,20.712
2019-03-17 12:00,2019-03-17 17:00,0.033,0.009,0.048,17.962
2019-03-17 13:00,2019-03-17 18:00,0,0,0,15.572
2019-03-17 14:00,2019-03-17 19:00,0,0,0,14.812
2019-03-17 15:00,2019-03-17 20:00,0,0,0,14.020
2019-03-17 16:00,2019-03-17 21:00,0,0,0,12.828
2019-03-17 17:00,2019-03-17 22:00,0,0,0,12.027
2019-03-17 18:00,2019-03-17 23:00,0,0,0,11.672
2019-03-17 19:00,2019-03-18 00:00,0,0,0,11.589
2019-03-17 20:00,2019-03-18 01:00,0,0,0,11.493
2019-03-17 21:00,2019-03-18 02:00,0,0,0,11.297
2019-03-17 22:00,2019-03-18 03:00,0,0,0,11.123
2019-03-17 23:00,2019-03-18 04:00,0,0,0,10.977
2019-03-18 00:00,2019-03-18 05:00,0,0,0,10.879
2019-03-18 01:00,2019-03-18 06:00,0.007,0.007,0.018,11.243
2019-03-18 02:00,2019-03-18 07:00,0.185,0.144,0.075,14.620
2019-03-18 03:00,2019-03-18 08:00,0.407,0.386,0.091,18.225
2019-03-18 04:00,2019-03-18 09:00,0.580,0.612,0.099,21.150
2019-03-18 05:00,2019-03-18 10:00,0.695,0.787,0.104,23.540
2019-03-18 06:00,2019-03-18 11:00,0.758,0.894,0.105,25.176
2019-03-18 07:00,2019-03-18 12:00,0.764,0.910,0.106,26.277
2019-03-18 08:00,2019-03-18 13:00,0.721,0.844,0.105,26.880
2019-03-18 09:00,2019-03-18 14:00,0.620,0.689,0.105,26.963
2019-03-18 10:00,2019-03-18 15:00,0.454,0.449,0.111,26.554
2019-03-18 11:00,2019-03-18 16:00,0.177,0.098,0.123,24.966
2019-03-18 12:00,2019-03-18 17:00,0.014,0.003,0.032,21.389
2019-03-18 13:00,2019-03-18 18:00,0,0,0,19.541
2019-03-18 14:00,2019-03-18 19:00,0,0,0,18.252
2019-03-18 15:00,2019-03-18 20:00,0,0,0,17.582
2019-03-18 16:00,2019-03-18 21:00,0,0,0,17.431
2019-03-18 17:00,2019-03-18 22:00,0,0,0,17.011
2019-03-18 18:00,2019-03-18 23:00,0,0,0,16.501
2019-03-18 19:00,2019-03-19 00:00,0,0,0,15.282
2019-03-18 20:00,2019-03-19 01:00,0,0,0,14.469
2019-03-18 21:00,2019-03-19 02:00,0,0,0,14.040
2019-03-18 22:00,2019-03-19 03:00,0,0,0,13.536
2019-03-18 23:00,2019-03-19 04:00,0,0,0,13.271
2019-03-19 00:00,2019-03-19 05:00,0,0,0,12.886
2019-03-19 01:00,2019-03-19 06:00,0,0,0.008,12.905
2019-03-19 02:00,2019-03-19 07:00,0.023,0.001,0.043,13.520
2019-03-19 03:00,2019-03-19 08:00,0.065,0.004,0.088,14.439
2019-03-19 04:00,2019-03-19 09:00,0.140,0.012,0.161,15.547
2019-03-19 05:00,2019-03-19 10:00,0.273,0.051,0.268,17.082
2019-03-19 06:00,2019-03-19 11:00,0.427,0.170,0.333,18.878
2019-03-19 07:00,2019-03-19 12:00,0.485,0.245,0.335,20.139
2019-03-19 08:00,2019-03-19 13:00,0.370,0.119,0.319,20.220
2019-03-19 09:00,2019-03-19 14:00,0.188,0.021,0.206,19.391
2019-03-19 10:00,2019-03-19 15:00,0.087,0.005,0.112,18.541
2019-03-19 11:00,2019-03-19 16:00,0.047,0.003,0.070,17.668
2019-03-19 12:00,2019-03-19 17:00,0.005,0.001,0.022,16.066
2019-03-19 13:00,2019-03-19 18:00,0,0,0,14.758
2019-03-19 14:00,2019-03-19 19:00,0,0,0,14.062
2019-03-19 15:00,2019-03-19 20:00,0,0,0,13.247
2019-03-19 16:00,2019-03-19 21:00,0,0,0,12.796
2019-03-19 17:00,2019-03-19 22:00,0,0,0,12.314
2019-03-19 18:00,2019-03-19 23:00,0,0,0,11.903
2019-03-19 19:00,2019-03-20 00:00,0,0,0,11.505
2019-03-19 20:00,2019-03-20 01:00,0,0,0,11.118
2019-03-19 21:00,2019-03-20 02:00,0,0,0,10.926
2019-03-19 22:00,2019-03-20 03:00,0,0,0,10.736
2019-03-19 23:00,2019-03-20 04:00,0,0,0,10.557
2019-03-20 00:00,2019-03-20 05:00,0,0,0,10.353
2019-03-20 01:00,2019-03-20 06:00,0,0,0.008,10.268
2019-03-20 02:00,2019-03-20 07:00,0.038,0.003,0.058,11.065
2019-03-20 03:00,2019-03-20 08:00,0.155,0.023,0.163,12.222
2019-03-20 04:00,2019-03-20 09:00,0.227,0.037,0.227,13.170
2019-03-20 05:00,2019-03-20 10:00,0.238,0.029,0.246,13.523
2019-03-20 06:00,2019-03-20 11:00,0.185,0.013,0.205,13.251
2019-03-20 07:00,2019-03-20 12:00,0.168,0.010,0.191,12.959
2019-03-20 08:00,2019-03-20 13:00,0.134,0.006,0.157,12.646
2019-03-20 09:00,2019-03-20 14:00,0.131,0.007,0.153,12.585
2019-03-20 10:00,2019-03-20 15:00,0.111,0.007,0.132,12.581
2019-03-20 11:00,2019-03-20 16:00,0.063,0.004,0.084,12.390
2019-03-20 12:00,2019-03-20 17:00,0.012,0.001,0.030,11.791
2019-03-20 13:00,2019-03-20 18:00,0,0,0,10.604
2019-03-20 14:00,2019-03-20 19:00,0,0,0,10.129
2019-03-20 15:00,2019-03-20 20:00,0,0,0,9.885
2019-03-20 16:00,2019-03-20 21:00,0,0,0,9.715
2019-03-20 17:00,2019-03-20 22:00,0,0,0,9.426
2019-03-20 18:00,2019-03-20 23:00,0,0,0,9.149
2019-03-20 19:00,2019-03-21 00:00,0,0,0,8.991
2019-03-20 20:00,2019-03-21 01:00,0,0,0,8.793
2019-03-20 21:00,2019-03-21 02:00,0,0,0,8.694
2019-03-20 22:00,2019-03-21 03:00,0,0,0,8.611
2019-03-20 23:00,2019-03-21 04:00,0,0,0,8.537
2019-03-21 00:00,2019-03-21 05:00,0,0,0,8.421
2019-03-21 01:00,2019-03-21 06:00,0,0.001,0.015,8.552
2019-03-21 02:00,2019-03-21 07:00,0.083,0.018,0.091,10.113
2019-03-21 03:00,2019-03-21 08:00,0.227,0.083,0.178,11.637
2019-03-21 04:00,2019-03-21 09:00,0.363,0.175,0.239,12.932
2019-03-21 05:00,2019-03-21 10:00,0.415,0.196,0.282,13.910
2019-03-21 06:00,2019-03-21 11:00,0.476,0.249,0.304,14.707
2019-03-21 07:00,2019-03-21 12:00,0.530,0.326,0.296,15.430
2019-03-21 08:00,2019-03-21 13:00,0.506,0.313,0.281,15.870
2019-03-21 09:00,2019-03-21 14:00,0.387,0.187,0.262,16.073
2019-03-21 10:00,2019-03-21 15:00,0.250,0.085,0.207,16.073
2019-03-21 11:00,2019-03-21 16:00,0.136,0.035,0.133,15.791
2019-03-21 12:00,2019-03-21 17:00,0.028,0.005,0.045,14.282
2019-03-21 13:00,2019-03-21 18:00,0,0,0.001,12.859
2019-03-21 14:00,2019-03-21 19:00,0,0,0,12.807
2019-03-21 15:00,2019-03-21 20:00,0,0,0,12.714
2019-03-21 16:00,2019-03-21 21:00,0,0,0,12.246
2019-03-21 17:00,2019-03-21 22:00,0,0,0,11.438
2019-03-21 18:00,2019-03-21 23:00,0,0,0,10.522
2019-03-21 19:00,2019-03-22 00:00,0,0,0,9.573
2019-03-21 20:00,2019-03-22 01:00,0,0,0,8.781
2019-03-21 21:00,2019-03-22 02:00,0,0,0,8.455
2019-03-21 22:00,2019-03-22 03:00,0,0,0,8.378
2019-03-21 23:00,2019-03-22 04:00,0,0,0,8.321
2019-03-22 00:00,2019-03-22 05:00,0,0,0,8.263
2019-03-22 01:00,2019-03-22 06:00,0.010,0.005,0.023,8.720
2019-03-22 02:00,2019-03-22 07:00,0.162,0.098,0.094,12.011
2019-03-22 03:00,2019-03-22 08:00,0.389,0.335,0.114,15.165
2019-03-22 04:00,2019-03-22 09:00,0.579,0.580,0.116,17.592
2019-03-22 05:00,2019-03-22 10:00,0.698,0.751,0.121,19.150
2019-03-22 06:00,2019-03-22 11:00,0.745,0.817,0.132,20.250
2019-03-22 07:00,2019-03-22 12:00,0.743,0.808,0.141,20.957
2019-03-22 08:00,2019-03-22 13:00,0.670,0.681,0.158,21.219
2019-03-22 09:00,2019-03-22 14:00,0.514,0.432,0.189,21.182
2019-03-22 10:00,2019-03-22 15:00,0.299,0.161,0.194,20.821
2019-03-22 11:00,2019-03-22 16:00,0.134,0.040,0.128,19.979
2019-03-22 12:00,2019-03-22 17:00,0.021,0.004,0.039,17.476
2019-03-22 13:00,2019-03-22 18:00,0,0,0.001,15.365
2019-03-22 14:00,2019-03-22 19:00,0,0,0,14.466
2019-03-22 15:00,2019-03-22 20:00,0,0,0,13.717
2019-03-22 16:00,2019-03-22 21:00,0,0,0,13.070
2019-03-22 17:00,2019-03-22 22:00,0,0,0,12.685
2019-03-22 18:00,2019-03-22 23:00,0,0,0,12.604
2019-03-22 19:00,2019-03-23 00:00,0,0,0,11.897
2019-03-22 20:00,2019-03-23 01:00,0,0,0,11.288
2019-03-22 21:00,2019-03-23 02:00,0,0,0,10.797
2019-03-22 22:00,2019-03-23 03:00,0,0,0,10.772
2019-03-22 23:00,2019-03-23 04:00,0,0,0,10.830
2019-03-23 00:00,2019-03-23 05:00,0,0,0,10.952
2019-03-23 01:00,2019-03-23 06:00,0,0,0.010,11.001
2019-03-23 02:00,2019-03-23 07:00,0.036,0.003,0.056,11.938
2019-03-23 03:00,2019-03-23 08:00,0.103,0.009,0.123,13.832
2019-03-23 04:00,2019-03-23 09:00,0.170,0.017,0.187,15.035
2019-03-23 05:00,2019-03-23 10:00,0.146,0.010,0.169,15.103
2019-03-23 06:00,2019-03-23 11:00,0.205,0.018,0.223,14.529
2019-03-23 07:00,2019-03-23 12:00,0.288,0.050,0.283,15.213
2019-03-23 08:00,2019-03-23 13:00,0.571,0.401,0.283,17.396
2019-03-23 09:00,2019-03-23 14:00,0.525,0.402,0.226,18.610
2019-03-23 10:00,2019-03-23 15:00,0.367,0.221,0.210,18.605
2019-03-23 11:00,2019-03-23 16:00,0.132,0.028,0.137,17.015
2019-03-23 12:00,2019-03-23 17:00,0.009,0.001,0.026,13.529
2019-03-23 13:00,2019-03-23 18:00,0,0,0,10.928
2019-03-23 14:00,2019-03-23 19:00,0,0,0,10.372
2019-03-23 15:00,2019-03-23 20:00,0,0,0,10.052
2019-03-23 16:00,2019-03-23 21:00,0,0,0,9.453
2019-03-23 17:00,2019-03-23 22:00,0,0,0,8.551
2019-03-23 18:00,2019-03-23 23:00,0,0,0,7.739
2019-03-23 19:00,2019-03-24 00:00,0,0,0,7.216
2019-03-23 20:00,2019-03-24 01:00,0,0,0,6.778
2019-03-23 21:00,2019-03-24 02:00,0,0,0,6.608
2019-03-23 22:00,2019-03-24 03:00,0,0,0,6.489
2019-03-23 23:00,2019-03-24 04:00,0,0,0,6.395
2019-03-24 00:00,2019-03-24 05:00,0,0,0,6.214
2019-03-24 01:00,2019-03-24 06:00,0.017,0.011,0.025,6.583
2019-03-24 02:00,2019-03-24 07:00,0.205,0.159,0.078,10.120
2019-03-24 03:00,2019-03-24 08:00,0.430,0.402,0.091,13.131
2019-03-24 04:00,2019-03-24 09:00,0.607,0.628,0.097,15.454
2019-03-24 05:00,2019-03-24 10:00,0.724,0.794,0.104,16.932
2019-03-24 06:00,2019-03-24 11:00,0.775,0.868,0.113,17.950
2019-03-24 07:00,2019-03-24 12:00,0.752,0.818,0.131,18.572
2019-03-24 08:00,2019-03-24 13:00,0.685,0.708,0.141,18.861
2019-03-24 09:00,2019-03-24 14:00,0.610,0.617,0.127,19.045
2019-03-24 10:00,2019-03-24 15:00,0.479,0.460,0.111,19.022
2019-03-24 11:00,2019-03-24 16:00,0.265,0.207,0.105,18.435
2019-03-24 12:00,2019-03-24 17:00,0.061,0.028,0.059,16.243
2019-03-24 13:00,2019-03-24 18:00,0,0,0.002,13.403
2019-03-24 14:00,2019-03-24 19:00,0,0,0,12.484
2019-03-24 15:00,2019-03-24 20:00,0,0,0,11.676
2019-03-24 16:00,2019-03-24 21:00,0,0,0,11.158
2019-03-24 17:00,2019-03-24 22:00,0,0,0,10.727
2019-03-24 18:00,2019-03-24 23:00,0,0,0,9.892
2019-03-24 19:00,2019-03-25 00:00,0,0,0,8.806
2019-03-24 20:00,2019-03-25 01:00,0,0,0,8.088
2019-03-24 21:00,2019-03-25 02:00,0,0,0,7.716
2019-03-24 22:00,2019-03-25 03:00,0,0,0,7.520
2019-03-24 23:00,2019-03-25 04:00,0,0,0,7.346
2019-03-25 00:00,2019-03-25 05:00,0,0,0,7.202
2019-03-25 01:00,2019-03-25 06:00,0.019,0.013,0.026,7.875
2019-03-25 02:00,2019-03-25 07:00,0.192,0.141,0.083,11.928
2019-03-25 03:00,2019-03-25 08:00,0.394,0.350,0.106,15.312
2019-03-25 04:00,2019-03-25 09:00,0.573,0.579,0.110,18.065
2019-03-25 05:00,2019-03-25 10:00,0.700,0.767,0.110,19.845
2019-03-25 06:00,2019-03-25 11:00,0.767,0.880,0.109,21.157
2019-03-25 07:00,2019-03-25 12:00,0.780,0.907,0.108,22.067
2019-03-25 08:00,2019-03-25 13:00,0.743,0.856,0.104,22.605
2019-03-25 09:00,2019-03-25 14:00,0.638,0.696,0.105,22.774
2019-03-25 10:00,2019-03-25 15:00,0.484,0.487,0.101,22.656
2019-03-25 11:00,2019-03-25 16:00,0.285,0.249,0.093,22.004
2019-03-25 12:00,2019-03-25 17:00,0.079,0.049,0.060,19.080
2019-03-25 13:00,2019-03-25 18:00,0,0,0.003,16.510
2019-03-25 14:00,2019-03-25 19:00,0,0,0,15.673
2019-03-25 15:00,2019-03-25 20:00,0,0,0,14.494
2019-03-25 16:00,2019-03-25 21:00,0,0,0,13.655
2019-03-25 17:00,2019-03-25 22:00,0,0,0,13.065
2019-03-25 18:00,2019-03-25 23:00,0,0,0,12.729
2019-03-25 19:00,2019-03-26 00:00,0,0,0,12.591
2019-03-25 20:00,2019-03-26 01:00,0,0,0,12.429
2019-03-25 21:00,2019-03-26 02:00,0,0,0,12.158
2019-03-25 22:00,2019-03-26 03:00,0,0,0,11.743
2019-03-25 23:00,2019-03-26 04:00,0,0,0,11.083
2019-03-26 00:00,2019-03-26 05:00,0,0,0,10.859
2019-03-26 01:00,2019-03-26 06:00,0.018,0.009,0.029,11.501
2019-03-26 02:00,2019-03-26 07:00,0.177,0.117,0.095,15.269
2019-03-26 03:00,2019-03-26 08:00,0.405,0.371,0.107,19.110
2019-03-26 04:00,2019-03-26 09:00,0.576,0.598,0.112,22.266
2019-03-26 05:00,2019-03-26 10:00,0.680,0.750,0.121,24.569
2019-03-26 06:00,2019-03-26 11:00,0.724,0.815,0.133,26.041
2019-03-26 07:00,2019-03-26 12:00,0.717,0.798,0.144,26.986
2019-03-26 08:00,2019-03-26 13:00,0.637,0.652,0.169,27.440
2019-03-26 09:00,2019-03-26 14:00,0.467,0.369,0.210,27.223
2019-03-26 10:00,2019-03-26 15:00,0.269,0.132,0.197,26.518
2019-03-26 11:00,2019-03-26 16:00,0.210,0.120,0.140,25.915
2019-03-26 12:00,2019-03-26 17:00,0.032,0.007,0.050,22.807
2019-03-26 13:00,2019-03-26 18:00,0,0,0.003,19.981
2019-03-26 14:00,2019-03-26 19:00,0,0,0,18.754
2019-03-26 15:00,2019-03-26 20:00,0,0,0,18.056
2019-03-26 16:00,2019-03-26 21:00,0,0,0,17.910
2019-03-26 17:00,2019-03-26 22:00,0,0,0,17.286
2019-03-26 18:00,2019-03-26 23:00,0,0,0,16.971
2019-03-26 19:00,2019-03-27 00:00,0,0,0,16.780
2019-03-26 20:00,2019-03-27 01:00,0,0,0,16.598
2019-03-26 21:00,2019-03-27 02:00,0,0,0,16.396
2019-03-26 22:00,2019-03-27 03:00,0,0,0,16.320
2019-03-26 23:00,2019-03-27 04:00,0,0,0,16.283
2019-03-27 00:00,2019-03-27 05:00,0,0,0,15.851
2019-03-27 01:00,2019-03-27 06:00,0.005,0.001,0.022,15.649
2019-03-27 02:00,2019-03-27 07:00,0.065,0.007,0.085,16.830
2019-03-27 03:00,2019-03-27 08:00,0.107,0.010,0.128,17.349
2019-03-27 04:00,2019-03-27 09:00,0.215,0.036,0.221,18.847
2019-03-27 05:00,2019-03-27 10:00,0.406,0.168,0.316,21.050
2019-03-27 06:00,2019-03-27 11:00,0.383,0.129,0.330,22.122
2019-03-27 07:00,2019-03-27 12:00,0.376,0.113,0.338,22.841
2019-03-27 08:00,2019-03-27 13:00,0.259,0.044,0.269,23.006
2019-03-27 09:00,2019-03-27 14:00,0.285,0.071,0.273,23.665
2019-03-27 10:00,2019-03-27 15:00,0.250,0.076,0.227,24.059
2019-03-27 11:00,2019-03-27 16:00,0.145,0.034,0.150,23.717
2019-03-27 12:00,2019-03-27 17:00,0.024,0.002,0.044,21.780
2019-03-27 13:00,2019-03-27 18:00,0,0,0.001,19.616
2019-03-27 14:00,2019-03-27 19:00,0,0,0,18.447
2019-03-27 15:00,2019-03-27 20:00,0,0,0,17.677
2019-03-27 16:00,2019-03-27 21:00,0,0,0,17.031
2019-03-27 17:00,2019-03-27 22:00,0,0,0,16.435
2019-03-27 18:00,2019-03-27 23:00,0,0,0,15.708
2019-03-27 19:00,2019-03-28 00:00,0,0,0,15.326
2019-03-27 20:00,2019-03-28 01:00,0,0,0,15.532
2019-03-27 21:00,2019-03-28 02:00,0,0,0,15.505
2019-03-27 22:00,2019-03-28 03:00,0,0,0,14.895
2019-03-27 23:00,2019-03-28 04:00,0,0,0,14.171
2019-03-28 00:00,2019-03-28 05:00,0,0,0,13.713
2019-03-28 01:00,2019-03-28 06:00,0,0,0.008,13.676
2019-03-28 02:00,2019-03-28 07:00,0.023,0.001,0.043,14.596
2019-03-28 03:00,2019-03-28 08:00,0.078,0.006,0.100,15.842
2019-03-28 04:00,2019-03-28 09:00,0.190,0.027,0.200,17.503
2019-03-28 05:00,2019-03-28 10:00,0.311,0.084,0.284,19.885
2019-03-28 06:00,2019-03-28 11:00,0.428,0.195,0.317,21.632
2019-03-28 07:00,2019-03-28 12:00,0.612,0.508,0.255,23.082
2019-03-28 08:00,2019-03-28 13:00,0.640,0.608,0.200,23.922
2019-03-28 09:00,2019-03-28 14:00,0.558,0.511,0.182,24.143
2019-03-28 10:00,2019-03-28 15:00,0.435,0.371,0.158,23.984
2019-03-28 11:00,2019-03-28 16:00,0.262,0.187,0.129,23.292
2019-03-28 12:00,2019-03-28 17:00,0.079,0.037,0.073,21.207
2019-03-28 13:00,2019-03-28 18:00,0,0,0.005,18.349
2019-03-28 14:00,2019-03-28 19:00,0,0,0,17.440
2019-03-28 15:00,2019-03-28 20:00,0,0,0,16.692
2019-03-28 16:00,2019-03-28 21:00,0,0,0,16.168
2019-03-28 17:00,2019-03-28 22:00,0,0,0,15.400
2019-03-28 18:00,2019-03-28 23:00,0,0,0,14.417
2019-03-28 19:00,2019-03-29 00:00,0,0,0,13.616
2019-03-28 20:00,2019-03-29 01:00,0,0,0,12.956
2019-03-28 21:00,2019-03-29 02:00,0,0,0,12.494
2019-03-28 22:00,2019-03-29 03:00,0,0,0,12.066
2019-03-28 23:00,2019-03-29 04:00,0,0,0,11.824
2019-03-29 00:00,2019-03-29 05:00,0,0,0,11.713
2019-03-29 01:00,2019-03-29 06:00,0.025,0.012,0.034,12.498
2019-03-29 02:00,2019-03-29 07:00,0.203,0.147,0.093,16.306
2019-03-29 03:00,2019-03-29 08:00,0.397,0.350,0.119,19.531
2019-03-29 04:00,2019-03-29 09:00,0.543,0.526,0.139,22.453
2019-03-29 05:00,2019-03-29 10:00,0.639,0.649,0.159,24.257
2019-03-29 06:00,2019-03-29 11:00,0.641,0.618,0.198,25.302
2019-03-29 07:00,2019-03-29 12:00,0.630,0.588,0.215,25.921
2019-03-29 08:00,2019-03-29 13:00,0.590,0.534,0.213,26.150
2019-03-29 09:00,2019-03-29 14:00,0.501,0.411,0.210,26.004
2019-03-29 10:00,2019-03-29 15:00,0.274,0.119,0.214,25.129
2019-03-29 11:00,2019-03-29 16:00,0.084,0.011,0.104,23.270
2019-03-29 12:00,2019-03-29 17:00,0.019,0.002,0.039,20.774
2019-03-29 13:00,2019-03-29 18:00,0,0,0.003,17.987
2019-03-29 14:00,2019-03-29 19:00,0,0,0,15.487
2019-03-29 15:00,2019-03-29 20:00,0,0,0,13.969
2019-03-29 16:00,2019-03-29 21:00,0,0,0,12.852
2019-03-29 17:00,2019-03-29 22:00,0,0,0,11.623
2019-03-29 18:00,2019-03-29 23:00,0,0,0,10.727
2019-03-29 19:00,2019-03-30 00:00,0,0,0,10.180
2019-03-29 20:00,2019-03-30 01:00,0,0,0,9.672
2019-03-29 21:00,2019-03-30 02:00,0,0,0,9.220
2019-03-29 22:00,2019-03-30 03:00,0,0,0,9.117
2019-03-29 23:00,2019-03-30 04:00,0,0,0,9.195
2019-03-30 00:00,2019-03-30 05:00,0,0,0,8.945
2019-03-30 01:00,2019-03-30 06:00,0.013,0.002,0.029,9.193
2019-03-30 02:00,2019-03-30 07:00,0.149,0.055,0.123,11.170
2019-03-30 03:00,2019-03-30 08:00,0.285,0.134,0.193,13.081
2019-03-30 04:00,2019-03-30 09:00,0.376,0.177,0.255,14.591
2019-03-30 05:00,2019-03-30 10:00,0.391,0.149,0.304,15.654
2019-03-30 06:00,2019-03-30 11:00,0.384,0.120,0.326,16.332
2019-03-30 07:00,2019-03-30 12:00,0.360,0.095,0.324,16.751
2019-03-30 08:00,2019-03-30 13:00,0.322,0.074,0.301,16.936
2019-03-30 09:00,2019-03-30 14:00,0.265,0.053,0.257,16.997
2019-03-30 10:00,2019-03-30 15:00,0.201,0.037,0.202,16.926
2019-03-30 11:00,2019-03-30 16:00,0.126,0.022,0.136,16.523
2019-03-30 12:00,2019-03-30 17:00,0.047,0.008,0.064,15.291
2019-03-30 13:00,2019-03-30 18:00,0,0,0.005,12.735
2019-03-30 14:00,2019-03-30 19:00,0,0,0,11.811
2019-03-30 15:00,2019-03-30 20:00,0,0,0,11.506
2019-03-30 16:00,2019-03-30 21:00,0,0,0,11.060
2019-03-30 17:00,2019-03-30 22:00,0,0,0,10.322
2019-03-30 18:00,2019-03-30 23:00,0,0,0,9.635
2019-03-30 19:00,2019-03-31 00:00,0,0,0,9.117
2019-03-30 20:00,2019-03-31 01:00,0,0,0,8.632
2019-03-30 21:00,2019-03-31 02:00,0,0,0,8.216
2019-03-30 22:00,2019-03-31 03:00,0,0,0,7.919
2019-03-30 23:00,2019-03-31 04:00,0,0,0,7.849
2019-03-31 00:00,2019-03-31 05:00,0,0,0,8.075
2019-03-31 01:00,2019-03-31 06:00,0.017,0.003,0.034,9.137
2019-03-31 02:00,2019-03-31 07:00,0.124,0.037,0.116,12.203
2019-03-31 03:00,2019-03-31 08:00,0.319,0.192,0.177,15.069
2019-03-31 04:00,2019-03-31 09:00,0.512,0.425,0.183,17.744
2019-03-31 05:00,2019-03-31 10:00,0.587,0.499,0.215,19.455
2019-03-31 06:00,2019-03-31 11:00,0.583,0.448,0.265,20.537
2019-03-31 07:00,2019-03-31 12:00,0.497,0.285,0.314,21.015
2019-03-31 08:00,2019-03-31 13:00,0.378,0.140,0.309,21.029
2019-03-31 09:00,2019-03-31 14:00,0.312,0.099,0.271,21.032
2019-03-31 10:00,2019-03-31 15:00,0.254,0.085,0.219,20.992
2019-03-31 11:00,2019-03-31 16:00,0.196,0.082,0.156,20.706
2019-03-31 12:00,2019-03-31 17:00,0.078,0.028,0.078,18.823
2019-03-31 13:00,2019-03-31 18:00,0,0,0.006,16.116
2019-03-31 14:00,2019-03-31 19:00,0,0,0,15.253
2019-03-31 15:00,2019-03-31 20:00,0,0,0,13.954
2019-03-31 16:00,2019-03-31 21:00,0,0,0,13.129
2019-03-31 17:00,2019-03-31 22:00,0,0,0,13.046
2019-03-31 18:00,2019-03-31 23:00,0,0,0,12.899
2019-03-31 19:00,2019-04-01 00:00,0,0,0,12.364
2019-03-31 20:00,2019-04-01 01:00,0,0,0,11.454
2019-03-31 21:00,2019-04-01 02:00,0,0,0,11.013
2019-03-31 22:00,2019-04-01 03:00,0,0,0,11.220
2019-03-31 23:00,2019-04-01 04:00,0,0,0,10.964
2019-04-01 00:00,2019-04-01 05:00,0,0,0,10.509
2019-04-01 01:00,2019-04-01 06:00,0.026,0.009,0.039,11.218
2019-04-01 02:00,2019-04-01 07:00,0.189,0.122,0.102,14.317
2019-04-01 03:00,2019-04-01 08:00,0.384,0.320,0.127,16.954
2019-04-01 04:00,2019-04-01 09:00,0.564,0.552,0.129,19.003
2019-04-01 05:00,2019-04-01 10:00,0.687,0.730,0.130,20.387
2019-04-01 06:00,2019-04-01 11:00,0.731,0.792,0.141,21.416
2019-04-01 07:00,2019-04-01 12:00,0.737,0.802,0.145,22.182
2019-04-01 08:00,2019-04-01 13:00,0.689,0.725,0.149,22.440
2019-04-01 09:00,2019-04-01 14:00,0.569,0.540,0.160,22.069
2019-04-01 10:00,2019-04-01 15:00,0.444,0.389,0.143,21.465
2019-04-01 11:00,2019-04-01 16:00,0.264,0.192,0.122,20.324
2019-04-01 12:00,2019-04-01 17:00,0.093,0.051,0.073,18.552
2019-04-01 13:00,2019-04-01 18:00,0,0,0.007,15.167
2019-04-01 14:00,2019-04-01 19:00,0,0,0,13.342
2019-04-01 15:00,2019-04-01 20:00,0,0,0,12.476
2019-04-01 16:00,2019-04-01 21:00,0,0,0,11.948
2019-04-01 17:00,2019-04-01 22:00,0,0,0,11.608
2019-04-01 18:00,2019-04-01 23:00,0,0,0,11.147
2019-04-01 19:00,2019-04-02 00:00,0,0,0,10.727
2019-04-01 20:00,2019-04-02 01:00,0,0,0,10.332
2019-04-01 21:00,2019-04-02 02:00,0,0,0,9.823
2019-04-01 22:00,2019-04-02 03:00,0,0,0,9.085
2019-04-01 23:00,2019-04-02 04:00,0,0,0,8.564
2019-04-02 00:00,2019-04-02 05:00,0,0,0,8.214
2019-04-02 01:00,2019-04-02 06:00,0.040,0.025,0.037,9.404
2019-04-02 02:00,2019-04-02 07:00,0.257,0.236,0.061,14.192
2019-04-02 03:00,2019-04-02 08:00,0.477,0.492,0.070,17.434
2019-04-02 04:00,2019-04-02 09:00,0.644,0.718,0.078,20.018
2019-04-02 05:00,2019-04-02 10:00,0.753,0.888,0.084,22.269
2019-04-02 06:00,2019-04-02 11:00,0.801,0.972,0.090,23.963
2019-04-02 07:00,2019-04-02 12:00,0.803,0.981,0.093,25.198
2019-04-02 08:00,2019-04-02 13:00,0.762,0.921,0.091,26.041
2019-04-02 09:00,2019-04-02 14:00,0.682,0.802,0.083,26.371
2019-04-02 10:00,2019-04-02 15:00,0.530,0.578,0.082,26.057
2019-04-02 11:00,2019-04-02 16:00,0.286,0.244,0.103,24.998
2019-04-02 12:00,2019-04-02 17:00,0.071,0.028,0.072,21.931
2019-04-02 13:00,2019-04-02 18:00,0,0,0.007,18.543
2019-04-02 14:00,2019-04-02 19:00,0,0,0,18.092
2019-04-02 15:00,2019-04-02 20:00,0,0,0,17.775
2019-04-02 16:00,2019-04-02 21:00,0,0,0,16.890
2019-04-02 17:00,2019-04-02 22:00,0,0,0,16.024
2019-04-02 18:00,2019-04-02 23:00,0,0,0,15.380
2019-04-02 19:00,2019-04-03 00:00,0,0,0,15.237
2019-04-02 20:00,2019-04-03 01:00,0,0,0,15.322
2019-04-02 21:00,2019-04-03 02:00,0,0,0,15.065
2019-04-02 22:00,2019-04-03 03:00,0,0,0,14.428
2019-04-02 23:00,2019-04-03 04:00,0,0,0,13.851
2019-04-03 00:00,2019-04-03 05:00,0,0,0,13.631
2019-04-03 01:00,2019-04-03 06:00,0.019,0.003,0.037,14.602
2019-04-03 02:00,2019-04-03 07:00,0.143,0.050,0.127,17.627
2019-04-03 03:00,2019-04-03 08:00,0.345,0.237,0.172,20.576
2019-04-03 04:00,2019-04-03 09:00,0.541,0.500,0.166,23.167
2019-04-03 05:00,2019-04-03 10:00,0.628,0.607,0.189,25.069
2019-04-03 06:00,2019-04-03 11:00,0.598,0.494,0.263,26.166
2019-04-03 07:00,2019-04-03 12:00,0.429,0.189,0.337,26.376
2019-04-03 08:00,2019-04-03 13:00,0.300,0.067,0.299,26.141
2019-04-03 09:00,2019-04-03 14:00,0.184,0.021,0.209,25.421
2019-04-03 10:00,2019-04-03 15:00,0.122,0.011,0.148,24.114
2019-04-03 11:00,2019-04-03 16:00,0.103,0.013,0.124,22.892
2019-04-03 12:00,2019-04-03 17:00,0.055,0.009,0.074,21.922
2019-04-03 13:00,2019-04-03 18:00,0,0,0.006,19.753
2019-04-03 14:00,2019-04-03 19:00,0,0,0,18.857
2019-04-03 15:00,2019-04-03 20:00,0,0,0,17.621
2019-04-03 16:00,2019-04-03 21:00,0,0,0,16.717
2019-04-03 17:00,2019-04-03 22:00,0,0,0,16.365
2019-04-03 18:00,2019-04-03 23:00,0,0,0,16.287
2019-04-03 19:00,2019-04-04 00:00,0,0,0,15.717
2019-04-03 20:00,2019-04-04 01:00,0,0,0,15.195
2019-04-03 21:00,2019-04-04 02:00,0,0,0,14.674
2019-04-03 22:00,2019-04-04 03:00,0,0,0,14.450
2019-04-03 23:00,2019-04-04 04:00,0,0,0,14.330
2019-04-04 00:00,2019-04-04 05:00,0,0,0,14.044
2019-04-04 01:00,2019-04-04 06:00,0.033,0.010,0.046,15.135
2019-04-04 02:00,2019-04-04 07:00,0.198,0.130,0.108,18.465
2019-04-04 03:00,2019-04-04 08:00,0.376,0.306,0.141,20.982
2019-04-04 04:00,2019-04-04 09:00,0.478,0.393,0.185,22.672
2019-04-04 05:00,2019-04-04 10:00,0.608,0.576,0.186,24.168
2019-04-04 06:00,2019-04-04 11:00,0.663,0.659,0.192,25.370
2019-04-04 07:00,2019-04-04 12:00,0.658,0.642,0.204,26.066
2019-04-04 08:00,2019-04-04 13:00,0.594,0.531,0.220,26.190
2019-04-04 09:00,2019-04-04 14:00,0.459,0.327,0.238,25.919
2019-04-04 10:00,2019-04-04 15:00,0.323,0.179,0.213,25.657
2019-04-04 11:00,2019-04-04 16:00,0.197,0.086,0.158,25.161
2019-04-04 12:00,2019-04-04 17:00,0.062,0.015,0.077,23.576
2019-04-04 13:00,2019-04-04 18:00,0,0,0.007,21.431
2019-04-04 14:00,2019-04-04 19:00,0,0,0,20.409
2019-04-04 15:00,2019-04-04 20:00,0,0,0,19.484
2019-04-04 16:00,2019-04-04 21:00,0,0,0,18.996
2019-04-04 17:00,2019-04-04 22:00,0,0,0,18.583
2019-04-04 18:00,2019-04-04 23:00,0,0,0,18.224
2019-04-04 19:00,2019-04-05 00:00,0,0,0,17.258
2019-04-04 20:00,2019-04-05 01:00,0,0,0,16.321
2019-04-04 21:00,2019-04-05 02:00,0,0,0,16.341
2019-04-04 22:00,2019-04-05 03:00,0,0,0,16.644
2019-04-04 23:00,2019-04-05 04:00,0,0,0,16.205
2019-04-05 00:00,2019-04-05 05:00,0,0,0,15.764
2019-04-05 01:00,2019-04-05 06:00,0,0,0.013,15.686
2019-04-05 02:00,2019-04-05 07:00,0.021,0.001,0.041,15.802
2019-04-05 03:00,2019-04-05 08:00,0.069,0.003,0.093,15.970
2019-04-05 04:00,2019-04-05 09:00,0.185,0.019,0.203,17.656
2019-04-05 05:00,2019-04-05 10:00,0.464,0.216,0.341,21.074
2019-04-05 06:00,2019-04-05 11:00,0.379,0.109,0.345,22.466
2019-04-05 07:00,2019-04-05 12:00,0.373,0.098,0.351,23.149
2019-04-05 08:00,2019-04-05 13:00,0.362,0.097,0.339,23.763
2019-04-05 09:00,2019-04-05 14:00,0.288,0.060,0.287,23.788
2019-04-05 10:00,2019-04-05 15:00,0.177,0.022,0.198,23.033
2019-04-05 11:00,2019-04-05 16:00,0.096,0.008,0.120,21.612
2019-04-05 12:00,2019-04-05 17:00,0.028,0.002,0.050,19.834
2019-04-05 13:00,2019-04-05 18:00,0,0,0.006,17.876
2019-04-05 14:00,2019-04-05 19:00,0,0,0,16.736
2019-04-05 15:00,2019-04-05 20:00,0,0,0,15.991
2019-04-05 16:00,2019-04-05 21:00,0,0,0,15.292
2019-04-05 17:00,2019-04-05 22:00,0,0,0,14.808
2019-04-05 18:00,2019-04-05 23:00,0,0,0,14.322
2019-04-05 19:00,2019-04-06 00:00,0,0,0,13.845
2019-04-05 20:00,2019-04-06 01:00,0,0,0,13.378
2019-04-05 21:00,2019-04-06 02:00,0,0,0,12.899
2019-04-05 22:00,2019-04-06 03:00,0,0,0,12.536
2019-04-05 23:00,2019-04-06 04:00,0,0,0,11.970
2019-04-06 00:00,2019-04-06 05:00,0,0,0,11.274
2019-04-06 01:00,2019-04-06 06:00,0.039,0.016,0.047,12.227
2019-04-06 02:00,2019-04-06 07:00,0.223,0.172,0.089,14.672
2019-04-06 03:00,2019-04-06 08:00,0.448,0.433,0.092,17.219
2019-04-06 04:00,2019-04-06 09:00,0.612,0.648,0.100,19.487
2019-04-06 05:00,2019-04-06 10:00,0.714,0.796,0.110,21.137
2019-04-06 06:00,2019-04-06 11:00,0.761,0.867,0.118,22.224
2019-04-06 07:00,2019-04-06 12:00,0.773,0.891,0.118,22.926
2019-04-06 08:00,2019-04-06 13:00,0.733,0.829,0.118,23.265
2019-04-06 09:00,2019-04-06 14:00,0.621,0.654,0.124,23.277
2019-04-06 10:00,2019-04-06 15:00,0.477,0.458,0.121,22.983
2019-04-06 11:00,2019-04-06 16:00,0.294,0.243,0.108,22.145
2019-04-06 12:00,2019-04-06 17:00,0.107,0.064,0.075,20.379
2019-04-06 13:00,2019-04-06 18:00,0,0,0.012,16.974
2019-04-06 14:00,2019-04-06 19:00,0,0,0,15.151
2019-04-06 15:00,2019-04-06 20:00,0,0,0,14.271
2019-04-06 16:00,2019-04-06 21:00,0,0,0,13.417
2019-04-06 17:00,2019-04-06 22:00,0,0,0,13.002
2019-04-06 18:00,2019-04-06 23:00,0,0,0,12.583
2019-04-06 19:00,2019-04-07 00:00,0,0,0,11.989
2019-04-06 20:00,2019-04-07 01:00,0,0,0,11.437
2019-04-06 21:00,2019-04-07 02:00,0,0,0,10.928
2019-04-06 22:00,2019-04-07 03:00,0,0,0,10.558
2019-04-06 23:00,2019-04-07 04:00,0,0,0,10.355
2019-04-07 00:00,2019-04-07 05:00,0,0,0.001,10.208
2019-04-07 01:00,2019-04-07 06:00,0.042,0.019,0.047,11.686
2019-04-07 02:00,2019-04-07 07:00,0.237,0.198,0.079,15.556
2019-04-07 03:00,2019-04-07 08:00,0.455,0.455,0.084,18.733
2019-04-07 04:00,2019-04-07 09:00,0.622,0.681,0.089,21.051
2019-04-07 05:00,2019-04-07 10:00,0.732,0.848,0.094,22.739
2019-04-07 06:00,2019-04-07 11:00,0.788,0.946,0.097,24.210
2019-04-07 07:00,2019-04-07 12:00,0.798,0.970,0.097,25.318
2019-04-07 08:00,2019-04-07 13:00,0.757,0.909,0.095,26.019
2019-04-07 09:00,2019-04-07 14:00,0.671,0.778,0.089,26.363
2019-04-07 10:00,2019-04-07 15:00,0.527,0.574,0.084,26.278
2019-04-07 11:00,2019-04-07 16:00,0.332,0.324,0.080,25.607
2019-04-07 12:00,2019-04-07 17:00,0.113,0.077,0.071,23.470
2019-04-07 13:00,2019-04-07 18:00,0,0,0.012,20.710
2019-04-07 14:00,2019-04-07 19:00,0,0,0,19.909
2019-04-07 15:00,2019-04-07 20:00,0,0,0,18.749
2019-04-07 16:00,2019-04-07 21:00,0,0,0,17.746
2019-04-07 17:00,2019-04-07 22:00,0,0,0,17.375
2019-04-07 18:00,2019-04-07 23:00,0,0,0,17.085
2019-04-07 19:00,2019-04-08 00:00,0,0,0,17.253
2019-04-07 20:00,2019-04-08 01:00,0,0,0,17.361
2019-04-07 21:00,2019-04-08 02:00,0,0,0,17.306
2019-04-07 22:00,2019-04-08 03:00,0,0,0,17.090
2019-04-07 23:00,2019-04-08 04:00,0,0,0,16.593
2019-04-08 00:00,2019-04-08 05:00,0,0,0.001,15.897
2019-04-08 01:00,2019-04-08 06:00,0.030,0.005,0.048,16.156
2019-04-08 02:00,2019-04-08 07:00,0.164,0.073,0.128,19.004
2019-04-08 03:00,2019-04-08 08:00,0.307,0.182,0.183,21.467
2019-04-08 04:00,2019-04-08 09:00,0.417,0.276,0.227,23.428
2019-04-08 05:00,2019-04-08 10:00,0.508,0.375,0.251,24.687
2019-04-08 06:00,2019-04-08 11:00,0.608,0.538,0.233,25.708
2019-04-08 07:00,2019-04-08 12:00,0.663,0.654,0.202,26.381
2019-04-08 08:00,2019-04-08 13:00,0.632,0.615,0.194,26.569
2019-04-08 09:00,2019-04-08 14:00,0.532,0.471,0.193,26.441
2019-04-08 10:00,2019-04-08 15:00,0.429,0.363,0.163,26.273
2019-04-08 11:00,2019-04-08 16:00,0.281,0.214,0.128,25.702
2019-04-08 12:00,2019-04-08 17:00,0.106,0.056,0.085,24.006
2019-04-08 13:00,2019-04-08 18:00,0,0,0.014,20.094
2019-04-08 14:00,2019-04-08 19:00,0,0,0,18.396
2019-04-08 15:00,2019-04-08 20:00,0,0,0,17.294
2019-04-08 16:00,2019-04-08 21:00,0,0,0,17.126
2019-04-08 17:00,2019-04-08 22:00,0,0,0,17.117
2019-04-08 18:00,2019-04-08 23:00,0,0,0,16.858
2019-04-08 19:00,2019-04-09 00:00,0,0,0,16.488
2019-04-08 20:00,2019-04-09 01:00,0,0,0,16.297
2019-04-08 21:00,2019-04-09 02:00,0,0,0,16.248
2019-04-08 22:00,2019-04-09 03:00,0,0,0,16.041
2019-04-08 23:00,2019-04-09 04:00,0,0,0,15.774
2019-04-09 00:00,2019-04-09 05:00,0,0,0,15.385
2019-04-09 01:00,2019-04-09 06:00,0.003,0,0.020,15.367
2019-04-09 02:00,2019-04-09 07:00,0.113,0.019,0.126,17.881
2019-04-09 03:00,2019-04-09 08:00,0.339,0.185,0.218,21.110
2019-04-09 04:00,2019-04-09 09:00,0.161,0.017,0.184,22.159
2019-04-09 05:00,2019-04-09 10:00,0.332,0.088,0.313,23.897
2019-04-09 06:00,2019-04-09 11:00,0.600,0.454,0.308,26.845
2019-04-09 07:00,2019-04-09 12:00,0.398,0.135,0.355,27.742
2019-04-09 08:00,2019-04-09 13:00,0.241,0.036,0.262,27.553
2019-04-09 09:00,2019-04-09 14:00,0.448,0.257,0.302,28.781
2019-04-09 10:00,2019-04-09 15:00,0.304,0.119,0.255,28.165
2019-04-09 11:00,2019-04-09 16:00,0.085,0.007,0.111,25.218
2019-04-09 12:00,2019-04-09 17:00,0.012,0.001,0.032,21.453
2019-04-09 13:00,2019-04-09 18:00,0,0,0.004,19.057
2019-04-09 14:00,2019-04-09 19:00,0,0,0,17.847
2019-04-09 15:00,2019-04-09 20:00,0,0,0,17.120
2019-04-09 16:00,2019-04-09 21:00,0,0,0,16.609
2019-04-09 17:00,2019-04-09 22:00,0,0,0,16.363
2019-04-09 18:00,2019-04-09 23:00,0,0,0,16.038
2019-04-09 19:00,2019-04-10 00:00,0,0,0,15.571
2019-04-09 20:00,2019-04-10 01:00,0,0,0,15.130
2019-04-09 21:00,2019-04-10 02:00,0,0,0,14.778
2019-04-09 22:00,2019-04-10 03:00,0,0,0,14.585
2019-04-09 23:00,2019-04-10 04:00,0,0,0,14.539
2019-04-10 00:00,2019-04-10 05:00,0,0,0,14.527
2019-04-10 01:00,2019-04-10 06:00,0.011,0.001,0.030,15.035
2019-04-10 02:00,2019-04-10 07:00,0.078,0.009,0.098,16.594
2019-04-10 03:00,2019-04-10 08:00,0.178,0.034,0.182,18.278
2019-04-10 04:00,2019-04-10 09:00,0.303,0.099,0.259,19.973
2019-04-10 05:00,2019-04-10 10:00,0.469,0.279,0.287,21.897
2019-04-10 06:00,2019-04-10 11:00,0.637,0.574,0.229,23.612
2019-04-10 07:00,2019-04-10 12:00,0.730,0.786,0.166,24.968
2019-04-10 08:00,2019-04-10 13:00,0.718,0.796,0.142,25.697
2019-04-10 09:00,2019-04-10 14:00,0.631,0.670,0.135,25.922
2019-04-10 10:00,2019-04-10 15:00,0.488,0.470,0.132,25.678
2019-04-10 11:00,2019-04-10 16:00,0.294,0.228,0.128,24.800
2019-04-10 12:00,2019-04-10 17:00,0.103,0.044,0.093,23.044
2019-04-10 13:00,2019-04-10 18:00,0,0,0.013,19.683
2019-04-10 14:00,2019-04-10 19:00,0,0,0,18.412
2019-04-10 15:00,2019-04-10 20:00,0,0,0,17.704
2019-04-10 16:00,2019-04-10 21:00,0,0,0,16.755
2019-04-10 17:00,2019-04-10 22:00,0,0,0,16.095
2019-04-10 18:00,2019-04-10 23:00,0,0,0,15.470
2019-04-10 19:00,2019-04-11 00:00,0,0,0,15.036
2019-04-10 20:00,2019-04-11 01:00,0,0,0,15.070
2019-04-10 21:00,2019-04-11 02:00,0,0,0,15.195
2019-04-10 22:00,2019-04-11 03:00,0,0,0,15.470
2019-04-10 23:00,2019-04-11 04:00,0,0,0,15.244
2019-04-11 00:00,2019-04-11 05:00,0,0,0.001,14.508
2019-04-11 01:00,2019-04-11 06:00,0.014,0.001,0.033,14.951
2019-04-11 02:00,2019-04-11 07:00,0.111,0.015,0.127,16.482
2019-04-11 03:00,2019-04-11 08:00,0.227,0.050,0.219,17.809
2019-04-11 04:00,2019-04-11 09:00,0.215,0.026,0.230,18.167
2019-04-11 05:00,2019-04-11 10:00,0.171,0.011,0.196,17.778
2019-04-11 06:00,2019-04-11 11:00,0.194,0.013,0.219,17.729
2019-04-11 07:00,2019-04-11 12:00,0.242,0.022,0.264,18.134
2019-04-11 08:00,2019-04-11 13:00,0.297,0.045,0.304,18.791
2019-04-11 09:00,2019-04-11 14:00,0.305,0.064,0.296,19.493
2019-04-11 10:00,2019-04-11 15:00,0.254,0.056,0.246,20.022
2019-04-11 11:00,2019-04-11 16:00,0.158,0.027,0.169,20.001
2019-04-11 12:00,2019-04-11 17:00,0.052,0.004,0.074,18.913
2019-04-11 13:00,2019-04-11 18:00,0,0,0.010,16.822
2019-04-11 14:00,2019-04-11 19:00,0,0,0,15.702
2019-04-11 15:00,2019-04-11 20:00,0,0,0,15.015
2019-04-11 16:00,2019-04-11 21:00,0,0,0,14.378
2019-04-11 17:00,2019-04-11 22:00,0,0,0,13.800
2019-04-11 18:00,2019-04-11 23:00,0,0,0,13.210
2019-04-11 19:00,2019-04-12 00:00,0,0,0,12.571
2019-04-11 20:00,2019-04-12 01:00,0,0,0,12.233
2019-04-11 21:00,2019-04-12 02:00,0,0,0,12.069
2019-04-11 22:00,2019-04-12 03:00,0,0,0,11.884
2019-04-11 23:00,2019-04-12 04:00,0,0,0,11.699
2019-04-12 00:00,2019-04-12 05:00,0,0,0.002,11.568
2019-04-12 01:00,2019-04-12 06:00,0.053,0.026,0.052,13.273
2019-04-12 02:00,2019-04-12 07:00,0.248,0.211,0.079,16.591
2019-04-12 03:00,2019-04-12 08:00,0.453,0.450,0.087,19.233
2019-04-12 04:00,2019-04-12 09:00,0.616,0.670,0.093,21.641
2019-04-12 05:00,2019-04-12 10:00,0.720,0.829,0.100,23.548
2019-04-12 06:00,2019-04-12 11:00,0.775,0.922,0.103,24.783
2019-04-12 07:00,2019-04-12 12:00,0.783,0.939,0.104,25.672
2019-04-12 08:00,2019-04-12 13:00,0.744,0.881,0.102,26.211
2019-04-12 09:00,2019-04-12 14:00,0.656,0.748,0.098,26.466
2019-04-12 10:00,2019-04-12 15:00,0.516,0.550,0.092,26.418
2019-04-12 11:00,2019-04-12 16:00,0.331,0.319,0.084,25.887
2019-04-12 12:00,2019-04-12 17:00,0.128,0.096,0.069,24.298
2019-04-12 13:00,2019-04-12 18:00,0.001,0,0.017,20.247
2019-04-12 14:00,2019-04-12 19:00,0,0,0,18.064
2019-04-12 15:00,2019-04-12 20:00,0,0,0,16.669
2019-04-12 16:00,2019-04-12 21:00,0,0,0,15.738
2019-04-12 17:00,2019-04-12 22:00,0,0,0,14.855
2019-04-12 18:00,2019-04-12 23:00,0,0,0,14.346
2019-04-12 19:00,2019-04-13 00:00,0,0,0,14.284
2019-04-12 20:00,2019-04-13 01:00,0,0,0,13.131
2019-04-12 21:00,2019-04-13 02:00,0,0,0,12.271
2019-04-12 22:00,2019-04-13 03:00,0,0,0,12.120
2019-04-12 23:00,2019-04-13 04:00,0,0,0,12.276
2019-04-13 00:00,2019-04-13 05:00,0,0,0.003,12.289
2019-04-13 01:00,2019-04-13 06:00,0.058,0.026,0.058,13.838
2019-04-13 02:00,2019-04-13 07:00,0.251,0.205,0.091,17.999
2019-04-13 03:00,2019-04-13 08:00,0.451,0.437,0.103,20.837
2019-04-13 04:00,2019-04-13 09:00,0.612,0.653,0.110,23.104
2019-04-13 05:00,2019-04-13 10:00,0.716,0.810,0.119,24.830
2019-04-13 06:00,2019-04-13 11:00,0.744,0.841,0.141,26.091
2019-04-13 07:00,2019-04-13 12:00,0.692,0.716,0.187,26.882
2019-04-13 08:00,2019-04-13 13:00,0.545,0.420,0.265,27.077
2019-04-13 09:00,2019-04-13 14:00,0.359,0.151,0.287,26.779
2019-04-13 10:00,2019-04-13 15:00,0.186,0.032,0.200,25.945
2019-04-13 11:00,2019-04-13 16:00,0.087,0.008,0.112,24.419
2019-04-13 12:00,2019-04-13 17:00,0.026,0.002,0.048,22.166
2019-04-13 13:00,2019-04-13 18:00,0,0,0.008,20.264
2019-04-13 14:00,2019-04-13 19:00,0,0,0,19.210
2019-04-13 15:00,2019-04-13 20:00,0,0,0,18.491
2019-04-13 16:00,2019-04-13 21:00,0,0,0,17.704
2019-04-13 17:00,2019-04-13 22:00,0,0,0,16.814
2019-04-13 18:00,2019-04-13 23:00,0,0,0,16.426
2019-04-13 19:00,2019-04-14 00:00,0,0,0,16.257
2019-04-13 20:00,2019-04-14 01:00,0,0,0,15.916
2019-04-13 21:00,2019-04-14 02:00,0,0,0,15.695
2019-04-13 22:00,2019-04-14 03:00,0,0,0,15.422
2019-04-13 23:00,2019-04-14 04:00,0,0,0,14.911
2019-04-14 00:00,2019-04-14 05:00,0,0,0.003,14.438
2019-04-14 01:00,2019-04-14 06:00,0.050,0.018,0.058,15.873
2019-04-14 02:00,2019-04-14 07:00,0.236,0.192,0.089,19.553
2019-04-14 03:00,2019-04-14 08:00,0.450,0.452,0.089,22.152
2019-04-14 04:00,2019-04-14 09:00,0.607,0.668,0.095,24.411
2019-04-14 05:00,2019-04-14 10:00,0.713,0.833,0.100,26.078
2019-04-14 06:00,2019-04-14 11:00,0.767,0.925,0.104,27.281
2019-04-14 07:00,2019-04-14 12:00,0.774,0.941,0.105,28.139
2019-04-14 08:00,2019-04-14 13:00,0.734,0.879,0.104,28.654
2019-04-14 09:00,2019-04-14 14:00,0.643,0.736,0.102,28.841
2019-04-14 10:00,2019-04-14 15:00,0.505,0.539,0.097,28.721
2019-04-14 11:00,2019-04-14 16:00,0.325,0.311,0.089,28.157
2019-04-14 12:00,2019-04-14 17:00,0.128,0.096,0.072,26.835
2019-04-14 13:00,2019-04-14 18:00,0.003,0,0.020,23.845
2019-04-14 14:00,2019-04-14 19:00,0,0,0,22.481
2019-04-14 15:00,2019-04-14 20:00,0,0,0,21.609
2019-04-14 16:00,2019-04-14 21:00,0,0,0,20.564
2019-04-14 17:00,2019-04-14 22:00,0,0,0,19.274
2019-04-14 18:00,2019-04-14 23:00,0,0,0,18.493
2019-04-14 19:00,2019-04-15 00:00,0,0,0,17.794
2019-04-14 20:00,2019-04-15 01:00,0,0,0,16.969
2019-04-14 21:00,2019-04-15 02:00,0,0,0,16.560
2019-04-14 22:00,2019-04-15 03:00,0,0,0,16.364
2019-04-14 23:00,2019-04-15 04:00,0,0,0,16.133
2019-04-15 00:00,2019-04-15 05:00,0,0,0.004,15.996
2019-04-15 01:00,2019-04-15 06:00,0.062,0.028,0.061,18.248
2019-04-15 02:00,2019-04-15 07:00,0.236,0.182,0.103,22.558
2019-04-15 03:00,2019-04-15 08:00,0.423,0.396,0.121,25.887
2019-04-15 04:00,2019-04-15 09:00,0.567,0.588,0.134,28.364
2019-04-15 05:00,2019-04-15 10:00,0.667,0.736,0.144,29.983
2019-04-15 06:00,2019-04-15 11:00,0.686,0.740,0.176,30.922
2019-04-15 07:00,2019-04-15 12:00,0.623,0.574,0.244,31.283
2019-04-15 08:00,2019-04-15 13:00,0.377,0.149,0.320,30.424
2019-04-15 09:00,2019-04-15 14:00,0.276,0.068,0.275,29.507
2019-04-15 10:00,2019-04-15 15:00,0.219,0.047,0.227,28.784
2019-04-15 11:00,2019-04-15 16:00,0.086,0.008,0.112,26.919
2019-04-15 12:00,2019-04-15 17:00,0.027,0.002,0.050,24.649
2019-04-15 13:00,2019-04-15 18:00,0,0,0.011,22.741
2019-04-15 14:00,2019-04-15 19:00,0,0,0,21.224
2019-04-15 15:00,2019-04-15 20:00,0,0,0,20.079
2019-04-15 16:00,2019-04-15 21:00,0,0,0,19.010
2019-04-15 17:00,2019-04-15 22:00,0,0,0,18.134
2019-04-15 18:00,2019-04-15 23:00,0,0,0,17.289
2019-04-15 19:00,2019-04-16 00:00,0,0,0,16.557
2019-04-15 20:00,2019-04-16 01:00,0,0,0,16.144
2019-04-15 21:00,2019-04-16 02:00,0,0,0,16.023
2019-04-15 22:00,2019-04-16 03:00,0,0,0,15.874
2019-04-15 23:00,2019-04-16 04:00,0,0,0,15.585
2019-04-16 00:00,2019-04-16 05:00,0,0,0.003,15.490
2019-04-16 01:00,2019-04-16 06:00,0.016,0.001,0.036,16.018
2019-04-16 02:00,2019-04-16 07:00,0.057,0.003,0.080,16.488
2019-04-16 03:00,2019-04-16 08:00,0.150,0.012,0.172,17.360
2019-04-16 04:00,2019-04-16 09:00,0.218,0.022,0.238,18.383
2019-04-16 05:00,2019-04-16 10:00,0.197,0.014,0.223,18.585
2019-04-16 06:00,2019-04-16 11:00,0.245,0.021,0.270,18.897
2019-04-16 07:00,2019-04-16 12:00,0.294,0.033,0.314,19.488
2019-04-16 08:00,2019-04-16 13:00,0.249,0.022,0.273,19.430
2019-04-16 09:00,2019-04-16 14:00,0.162,0.009,0.190,18.607
2019-04-16 10:00,2019-04-16 15:00,0.119,0.006,0.145,17.909
2019-04-16 11:00,2019-04-16 16:00,0.068,0.003,0.093,17.125
2019-04-16 12:00,2019-04-16 17:00,0.024,0.001,0.046,16.188
2019-04-16 13:00,2019-04-16 18:00,0,0,0.009,15.018
2019-04-16 14:00,2019-04-16 19:00,0,0,0,14.096
2019-04-16 15:00,2019-04-16 20:00,0,0,0,13.666
2019-04-16 16:00,2019-04-16 21:00,0,0,0,13.334
2019-04-16 17:00,2019-04-16 22:00,0,0,0,13.117
2019-04-16 18:00,2019-04-16 23:00,0,0,0,13.012
2019-04-16 19:00,2019-04-17 00:00,0,0,0,12.848
2019-04-16 20:00,2019-04-17 01:00,0,0,0,12.390
2019-04-16 21:00,2019-04-17 02:00,0,0,0,12.072
2019-04-16 22:00,2019-04-17 03:00,0,0,0,11.868
2019-04-16 23:00,2019-04-17 04:00,0,0,0,11.795
2019-04-17 00:00,2019-04-17 05:00,0,0,0.002,11.653
2019-04-17 01:00,2019-04-17 06:00,0.025,0.002,0.045,12.306
2019-04-17 02:00,2019-04-17 07:00,0.163,0.049,0.146,14.143
2019-04-17 03:00,2019-04-17 08:00,0.333,0.184,0.203,16.530
2019-04-17 04:00,2019-04-17 09:00,0.421,0.240,0.257,18.548
2019-04-17 05:00,2019-04-17 10:00,0.453,0.228,0.312,19.831
2019-04-17 06:00,2019-04-17 11:00,0.401,0.138,0.338,20.395
2019-04-17 07:00,2019-04-17 12:00,0.405,0.141,0.341,20.867
2019-04-17 08:00,2019-04-17 13:00,0.515,0.317,0.308,21.932
2019-04-17 09:00,2019-04-17 14:00,0.523,0.401,0.237,22.661
2019-04-17 10:00,2019-04-17 15:00,0.414,0.298,0.201,22.796
2019-04-17 11:00,2019-04-17 16:00,0.277,0.174,0.158,22.499
2019-04-17 12:00,2019-04-17 17:00,0.117,0.048,0.104,21.435
2019-04-17 13:00,2019-04-17 18:00,0.006,0,0.024,18.081
2019-04-17 14:00,2019-04-17 19:00,0,0,0,15.979
2019-04-17 15:00,2019-04-17 20:00,0,0,0,14.986
2019-04-17 16:00,2019-04-17 21:00,0,0,0,14.254
2019-04-17 17:00,2019-04-17 22:00,0,0,0,13.760
2019-04-17 18:00,2019-04-17 23:00,0,0,0,13.421
2019-04-17 19:00,2019-04-18 00:00,0,0,0,13.040
2019-04-17 20:00,2019-04-18 01:00,0,0,0,12.517
2019-04-17 21:00,2019-04-18 02:00,0,0,0,12.279
2019-04-17 22:00,2019-04-18 03:00,0,0,0,12.459
2019-04-17 23:00,2019-04-18 04:00,0,0,0,12.611
2019-04-18 00:00,2019-04-18 05:00,0,0,0.005,12.614
2019-04-18 01:00,2019-04-18 06:00,0.054,0.016,0.064,14.579
2019-04-18 02:00,2019-04-18 07:00,0.207,0.130,0.116,17.871
2019-04-18 03:00,2019-04-18 08:00,0.423,0.391,0.113,20.694
2019-04-18 04:00,2019-04-18 09:00,0.600,0.642,0.105,23.234
2019-04-18 05:00,2019-04-18 10:00,0.708,0.811,0.107,25.155
2019-04-18 06:00,2019-04-18 11:00,0.765,0.910,0.109,26.523
2019-04-18 07:00,2019-04-18 12:00,0.769,0.922,0.111,27.494
2019-04-18 08:00,2019-04-18 13:00,0.723,0.848,0.112,28.066
2019-04-18 09:00,2019-04-18 14:00,0.646,0.736,0.104,28.328
2019-04-18 10:00,2019-04-18 15:00,0.509,0.541,0.099,28.215
2019-04-18 11:00,2019-04-18 16:00,0.330,0.314,0.091,27.640
2019-04-18 12:00,2019-04-18 17:00,0.133,0.096,0.077,26.262
2019-04-18 13:00,2019-04-18 18:00,0.006,0,0.024,22.965
2019-04-18 14:00,2019-04-18 19:00,0,0,0,20.465
2019-04-18 15:00,2019-04-18 20:00,0,0,0,19.400
2019-04-18 16:00,2019-04-18 21:00,0,0,0,18.889
2019-04-18 17:00,2019-04-18 22:00,0,0,0,18.312
2019-04-18 18:00,2019-04-18 23:00,0,0,0,17.836
2019-04-18 19:00,2019-04-19 00:00,0,0,0,17.605
2019-04-18 20:00,2019-04-19 01:00,0,0,0,16.957
2019-04-18 21:00,2019-04-19 02:00,0,0,0,16.083
2019-04-18 22:00,2019-04-19 03:00,0,0,0,15.681
2019-04-18 23:00,2019-04-19 04:00,0,0,0,15.883
2019-04-19 00:00,2019-04-19 05:00,0,0,0.006,16.109
2019-04-19 01:00,2019-04-19 06:00,0.065,0.017,0.076,18.368
2019-04-19 02:00,2019-04-19 07:00,0.136,0.029,0.143,20.535
2019-04-19 03:00,2019-04-19 08:00,0.170,0.026,0.184,21.595
2019-04-19 04:00,2019-04-19 09:00,0.326,0.109,0.282,23.474
2019-04-19 05:00,2019-04-19 10:00,0.484,0.272,0.327,25.900
2019-04-19 06:00,2019-04-19 11:00,0.246,0.033,0.268,25.424
2019-04-19 07:00,2019-04-19 12:00,0.199,0.017,0.228,24.240
2019-04-19 08:00,2019-04-19 13:00,0.296,0.056,0.301,23.979
2019-04-19 09:00,2019-04-19 14:00,0.488,0.326,0.275,25.315
2019-04-19 10:00,2019-04-19 15:00,0.440,0.345,0.195,26.082
2019-04-19 11:00,2019-04-19 16:00,0.254,0.134,0.176,25.677
2019-04-19 12:00,2019-04-19 17:00,0.097,0.023,0.109,24.413
2019-04-19 13:00,2019-04-19 18:00,0.004,0,0.022,21.711
2019-04-19 14:00,2019-04-19 19:00,0,0,0,20.115
2019-04-19 15:00,2019-04-19 20:00,0,0,0,19.337
2019-04-19 16:00,2019-04-19 21:00,0,0,0,18.467
2019-04-19 17:00,2019-04-19 22:00,0,0,0,17.546
2019-04-19 18:00,2019-04-19 23:00,0,0,0,16.578
2019-04-19 19:00,2019-04-20 00:00,0,0,0,15.938
2019-04-19 20:00,2019-04-20 01:00,0,0,0,15.335
2019-04-19 21:00,2019-04-20 02:00,0,0,0,15.320
2019-04-19 22:00,2019-04-20 03:00,0,0,0,14.889
2019-04-19 23:00,2019-04-20 04:00,0,0,0,14.239
2019-04-20 00:00,2019-04-20 05:00,0,0,0.006,13.570
2019-04-20 01:00,2019-04-20 06:00,0.058,0.012,0.072,15.627
2019-04-20 02:00,2019-04-20 07:00,0.190,0.086,0.142,17.878
2019-04-20 03:00,2019-04-20 08:00,0.375,0.271,0.174,20.233
2019-04-20 04:00,2019-04-20 09:00,0.485,0.376,0.210,22.188
2019-04-20 05:00,2019-04-20 10:00,0.574,0.484,0.229,23.689
2019-04-20 06:00,2019-04-20 11:00,0.677,0.669,0.201,25.100
2019-04-20 07:00,2019-04-20 12:00,0.692,0.700,0.198,26.109
2019-04-20 08:00,2019-04-20 13:00,0.590,0.506,0.241,26.411
2019-04-20 09:00,2019-04-20 14:00,0.487,0.353,0.250,26.409
2019-04-20 10:00,2019-04-20 15:00,0.339,0.171,0.242,26.009
2019-04-20 11:00,2019-04-20 16:00,0.154,0.029,0.166,24.972
2019-04-20 12:00,2019-04-20 17:00,0.040,0.003,0.063,23.443
2019-04-20 13:00,2019-04-20 18:00,0,0,0.012,21.412
2019-04-20 14:00,2019-04-20 19:00,0,0,0,20.115
2019-04-20 15:00,2019-04-20 20:00,0,0,0,19.385
2019-04-20 16:00,2019-04-20 21:00,0,0,0,18.603
2019-04-20 17:00,2019-04-20 22:00,0,0,0,18.176
2019-04-20 18:00,2019-04-20 23:00,0,0,0,17.950
2019-04-20 19:00,2019-04-21 00:00,0,0,0,17.415
2019-04-20 20:00,2019-04-21 01:00,0,0,0,16.723
2019-04-20 21:00,2019-04-21 02:00,0,0,0,16.040
2019-04-20 22:00,2019-04-21 03:00,0,0,0,15.264
2019-04-20 23:00,2019-04-21 04:00,0,0,0,14.516
2019-04-21 00:00,2019-04-21 05:00,0,0,0.007,14.220
2019-04-21 01:00,2019-04-21 06:00,0.070,0.021,0.077,17.006
2019-04-21 02:00,2019-04-21 07:00,0.208,0.103,0.148,20.446
2019-04-21 03:00,2019-04-21 08:00,0.282,0.115,0.223,22.739
2019-04-21 04:00,2019-04-21 09:00,0.333,0.119,0.282,23.611
2019-04-21 05:00,2019-04-21 10:00,0.439,0.210,0.325,24.804
2019-04-21 06:00,2019-04-21 11:00,0.509,0.301,0.331,26.122
2019-04-21 07:00,2019-04-21 12:00,0.612,0.504,0.280,27.709
2019-04-21 08:00,2019-04-21 13:00,0.585,0.482,0.267,28.522
2019-04-21 09:00,2019-04-21 14:00,0.429,0.220,0.309,27.369
2019-04-21 10:00,2019-04-21 15:00,0.118,0.008,0.144,21.019
2019-04-21 11:00,2019-04-21 16:00,0.043,0.002,0.067,17.100
2019-04-21 12:00,2019-04-21 17:00,0.020,0.001,0.040,15.931
2019-04-21 13:00,2019-04-21 18:00,0,0,0.012,15.065
2019-04-21 14:00,2019-04-21 19:00,0,0,0,14.451
2019-04-21 15:00,2019-04-21 20:00,0,0,0,14.205
2019-04-21 16:00,2019-04-21 21:00,0,0,0,13.992
2019-04-21 17:00,2019-04-21 22:00,0,0,0,13.740
2019-04-21 18:00,2019-04-21 23:00,0,0,0,13.311
2019-04-21 19:00,2019-04-22 00:00,0,0,0,12.898
2019-04-21 20:00,2019-04-22 01:00,0,0,0,12.675
2019-04-21 21:00,2019-04-22 02:00,0,0,0,12.529
2019-04-21 22:00,2019-04-22 03:00,0,0,0,12.165
2019-04-21 23:00,2019-04-22 04:00,0,0,0,11.924
2019-04-22 00:00,2019-04-22 05:00,0,0,0.005,11.701
2019-04-22 01:00,2019-04-22 06:00,0.049,0.007,0.067,12.541
2019-04-22 02:00,2019-04-22 07:00,0.174,0.061,0.146,14.076
2019-04-22 03:00,2019-04-22 08:00,0.336,0.197,0.192,15.919
2019-04-22 04:00,2019-04-22 09:00,0.531,0.454,0.178,17.914
2019-04-22 05:00,2019-04-22 10:00,0.701,0.739,0.141,19.975
2019-04-22 06:00,2019-04-22 11:00,0.751,0.824,0.143,21.695
2019-04-22 07:00,2019-04-22 12:00,0.754,0.834,0.145,23.036
2019-04-22 08:00,2019-04-22 13:00,0.713,0.776,0.144,23.926
2019-04-22 09:00,2019-04-22 14:00,0.624,0.644,0.143,24.459
2019-04-22 10:00,2019-04-22 15:00,0.449,0.383,0.164,24.439
2019-04-22 11:00,2019-04-22 16:00,0.281,0.183,0.156,23.946
2019-04-22 12:00,2019-04-22 17:00,0.081,0.014,0.098,22.398
2019-04-22 13:00,2019-04-22 18:00,0,0,0.014,19.661
2019-04-22 14:00,2019-04-22 19:00,0,0,0,17.620
2019-04-22 15:00,2019-04-22 20:00,0,0,0,16.165
2019-04-22 16:00,2019-04-22 21:00,0,0,0,15.680
2019-04-22 17:00,2019-04-22 22:00,0,0,0,15.105
2019-04-22 18:00,2019-04-22 23:00,0,0,0,14.365
2019-04-22 19:00,2019-04-23 00:00,0,0,0,13.792
2019-04-22 20:00,2019-04-23 01:00,0,0,0,13.334
2019-04-22 21:00,2019-04-23 02:00,0,0,0,13.200
2019-04-22 22:00,2019-04-23 03:00,0,0,0,13.078
2019-04-22 23:00,2019-04-23 04:00,0,0,0,12.764
2019-04-23 00:00,2019-04-23 05:00,0,0,0.008,12.824
2019-04-23 01:00,2019-04-23 06:00,0.054,0.007,0.072,14.951
2019-04-23 02:00,2019-04-23 07:00,0.132,0.023,0.141,17.323
2019-04-23 03:00,2019-04-23 08:00,0.212,0.044,0.210,19.607
2019-04-23 04:00,2019-04-23 09:00,0.284,0.069,0.269,21.627
2019-04-23 05:00,2019-04-23 10:00,0.396,0.150,0.327,23.459
2019-04-23 06:00,2019-04-23 11:00,0.496,0.272,0.339,25.093
2019-04-23 07:00,2019-04-23 12:00,0.538,0.358,0.314,26.288
2019-04-23 08:00,2019-04-23 13:00,0.667,0.672,0.198,27.801
2019-04-23 09:00,2019-04-23 14:00,0.573,0.539,0.192,28.263
2019-04-23 10:00,2019-04-23 15:00,0.407,0.293,0.209,27.893
2019-04-23 11:00,2019-04-23 16:00,0.241,0.112,0.185,26.927
2019-04-23 12:00,2019-04-23 17:00,0.095,0.019,0.110,25.174
2019-04-23 13:00,2019-04-23 18:00,0.009,0,0.028,21.935
2019-04-23 14:00,2019-04-23 19:00,0,0,0,20.036
2019-04-23 15:00,2019-04-23 20:00,0,0,0,19.415
2019-04-23 16:00,2019-04-23 21:00,0,0,0,18.487
2019-04-23 17:00,2019-04-23 22:00,0,0,0,17.091
2019-04-23 18:00,2019-04-23 23:00,0,0,0,16.683
2019-04-23 19:00,2019-04-24 00:00,0,0,0,16.533
2019-04-23 20:00,2019-04-24 01:00,0,0,0,16.230
2019-04-23 21:00,2019-04-24 02:00,0,0,0,15.773
2019-04-23 22:00,2019-04-24 03:00,0,0,0,15.676
2019-04-23 23:00,2019-04-24 04:00,0,0,0,15.747
2019-04-24 00:00,2019-04-24 05:00,0,0,0.005,15.795
2019-04-24 01:00,2019-04-24 06:00,0.018,0.001,0.039,16.841
2019-04-24 02:00,2019-04-24 07:00,0.075,0.005,0.098,18.370
2019-04-24 03:00,2019-04-24 08:00,0.203,0.033,0.212,19.560
2019-04-24 04:00,2019-04-24 09:00,0.172,0.017,0.192,18.828
2019-04-24 05:00,2019-04-24 10:00,0.467,0.234,0.325,20.823
2019-04-24 06:00,2019-04-24 11:00,0.732,0.757,0.189,23.305
2019-04-24 07:00,2019-04-24 12:00,0.730,0.760,0.186,23.820
2019-04-24 08:00,2019-04-24 13:00,0.673,0.650,0.205,23.433
2019-04-24 09:00,2019-04-24 14:00,0.522,0.393,0.245,22.628
2019-04-24 10:00,2019-04-24 15:00,0.416,0.275,0.224,21.882
2019-04-24 11:00,2019-04-24 16:00,0.237,0.089,0.194,20.325
2019-04-24 12:00,2019-04-24 17:00,0.077,0.008,0.097,17.877
2019-04-24 13:00,2019-04-24 18:00,0.006,0,0.023,15.368
2019-04-24 14:00,2019-04-24 19:00,0,0,0,13.484
2019-04-24 15:00,2019-04-24 20:00,0,0,0,12.439
2019-04-24 16:00,2019-04-24 21:00,0,0,0,11.536
2019-04-24 17:00,2019-04-24 22:00,0,0,0,10.686
2019-04-24 18:00,2019-04-24 23:00,0,0,0,10.055
2019-04-24 19:00,2019-04-25 00:00,0,0,0,9.623
2019-04-24 20:00,2019-04-25 01:00,0,0,0,9.222
2019-04-24 21:00,2019-04-25 02:00,0,0,0,8.997
2019-04-24 22:00,2019-04-25 03:00,0,0,0,9.043
2019-04-24 23:00,2019-04-25 04:00,0,0,0,9.082
2019-04-25 00:00,2019-04-25 05:00,0,0,0.006,9.088
2019-04-25 01:00,2019-04-25 06:00,0.042,0.002,0.063,10.432
2019-04-25 02:00,2019-04-25 07:00,0.135,0.017,0.148,11.875
2019-04-25 03:00,2019-04-25 08:00,0.234,0.042,0.229,13.651
2019-04-25 04:00,2019-04-25 09:00,0.328,0.077,0.301,14.978
2019-04-25 05:00,2019-04-25 10:00,0.373,0.087,0.345,15.656
2019-04-25 06:00,2019-04-25 11:00,0.356,0.063,0.349,15.895
2019-04-25 07:00,2019-04-25 12:00,0.322,0.044,0.329,15.843
2019-04-25 08:00,2019-04-25 13:00,0.290,0.034,0.303,15.682
2019-04-25 09:00,2019-04-25 14:00,0.227,0.020,0.246,15.266
2019-04-25 10:00,2019-04-25 15:00,0.156,0.010,0.178,14.699
2019-04-25 11:00,2019-04-25 16:00,0.093,0.004,0.116,14.007
2019-04-25 12:00,2019-04-25 17:00,0.035,0.001,0.057,13.063
2019-04-25 13:00,2019-04-25 18:00,0,0,0.012,11.629
2019-04-25 14:00,2019-04-25 19:00,0,0,0,10.563
2019-04-25 15:00,2019-04-25 20:00,0,0,0,10.024
2019-04-25 16:00,2019-04-25 21:00,0,0,0,9.608
2019-04-25 17:00,2019-04-25 22:00,0,0,0,9.202
2019-04-25 18:00,2019-04-25 23:00,0,0,0,8.854
2019-04-25 19:00,2019-04-26 00:00,0,0,0,8.440
2019-04-25 20:00,2019-04-26 01:00,0,0,0,8.048
2019-04-25 21:00,2019-04-26 02:00,0,0,0,7.716
2019-04-25 22:00,2019-04-26 03:00,0,0,0,7.604
2019-04-25 23:00,2019-04-26 04:00,0,0,0,7.638
2019-04-26 00:00,2019-04-26 05:00,0,0,0.009,7.847
2019-04-26 01:00,2019-04-26 06:00,0.068,0.015,0.079,10.082
2019-04-26 02:00,2019-04-26 07:00,0.237,0.145,0.129,12.562
2019-04-26 03:00,2019-04-26 08:00,0.427,0.351,0.142,14.785
2019-04-26 04:00,2019-04-26 09:00,0.562,0.504,0.165,16.411
2019-04-26 05:00,2019-04-26 10:00,0.626,0.558,0.202,17.453
2019-04-26 06:00,2019-04-26 11:00,0.647,0.559,0.233,18.208
2019-04-26 07:00,2019-04-26 12:00,0.655,0.571,0.235,18.800
2019-04-26 08:00,2019-04-26 13:00,0.655,0.601,0.208,19.235
2019-04-26 09:00,2019-04-26 14:00,0.560,0.470,0.206,19.351
2019-04-26 10:00,2019-04-26 15:00,0.432,0.316,0.195,19.148
2019-04-26 11:00,2019-04-26 16:00,0.271,0.149,0.170,18.434
2019-04-26 12:00,2019-04-26 17:00,0.115,0.032,0.114,17.211
2019-04-26 13:00,2019-04-26 18:00,0.013,0,0.033,15.154
2019-04-26 14:00,2019-04-26 19:00,0,0,0,12.908
2019-04-26 15:00,2019-04-26 20:00,0,0,0,11.540
2019-04-26 16:00,2019-04-26 21:00,0,0,0,10.456
2019-04-26 17:00,2019-04-26 22:00,0,0,0,9.674
2019-04-26 18:00,2019-04-26 23:00,0,0,0,8.974
2019-04-26 19:00,2019-04-27 00:00,0,0,0,8.502
2019-04-26 20:00,2019-04-27 01:00,0,0,0,8.034
2019-04-26 21:00,2019-04-27 02:00,0,0,0,7.734
2019-04-26 22:00,2019-04-27 03:00,0,0,0,7.557
2019-04-26 23:00,2019-04-27 04:00,0,0,0,7.509
2019-04-27 00:00,2019-04-27 05:00,0,0,0.011,7.635
2019-04-27 01:00,2019-04-27 06:00,0.082,0.035,0.073,10.038
2019-04-27 02:00,2019-04-27 07:00,0.266,0.204,0.101,13.138
2019-04-27 03:00,2019-04-27 08:00,0.469,0.441,0.106,15.892
2019-04-27 04:00,2019-04-27 09:00,0.622,0.640,0.115,17.831
2019-04-27 05:00,2019-04-27 10:00,0.727,0.793,0.122,19.238
2019-04-27 06:00,2019-04-27 11:00,0.760,0.829,0.141,20.228
2019-04-27 07:00,2019-04-27 12:00,0.723,0.743,0.174,20.778
2019-04-27 08:00,2019-04-27 13:00,0.647,0.603,0.201,21.023
2019-04-27 09:00,2019-04-27 14:00,0.553,0.466,0.207,21.062
2019-04-27 10:00,2019-04-27 15:00,0.393,0.252,0.216,20.774
2019-04-27 11:00,2019-04-27 16:00,0.227,0.087,0.185,20.140
2019-04-27 12:00,2019-04-27 17:00,0.090,0.014,0.106,18.939
2019-04-27 13:00,2019-04-27 18:00,0.008,0,0.026,16.443
2019-04-27 14:00,2019-04-27 19:00,0,0,0,14.630
2019-04-27 15:00,2019-04-27 20:00,0,0,0,13.822
2019-04-27 16:00,2019-04-27 21:00,0,0,0,13.028
2019-04-27 17:00,2019-04-27 22:00,0,0,0,12.313
2019-04-27 18:00,2019-04-27 23:00,0,0,0,11.690
2019-04-27 19:00,2019-04-28 00:00,0,0,0,11.055
2019-04-27 20:00,2019-04-28 01:00,0,0,0,10.531
2019-04-27 21:00,2019-04-28 02:00,0,0,0,10.139
2019-04-27 22:00,2019-04-28 03:00,0,0,0,10.086
2019-04-27 23:00,2019-04-28 04:00,0,0,0,9.906
2019-04-28 00:00,2019-04-28 05:00,0,0,0.012,9.466
2019-04-28 01:00,2019-04-28 06:00,0.082,0.038,0.070,11.591
2019-04-28 02:00,2019-04-28 07:00,0.274,0.230,0.088,14.747
2019-04-28 03:00,2019-04-28 08:00,0.471,0.459,0.096,17.583
2019-04-28 04:00,2019-04-28 09:00,0.626,0.664,0.103,19.507
2019-04-28 05:00,2019-04-28 10:00,0.719,0.797,0.116,20.909
2019-04-28 06:00,2019-04-28 11:00,0.741,0.813,0.139,21.936
2019-04-28 07:00,2019-04-28 12:00,0.735,0.796,0.150,22.690
2019-04-28 08:00,2019-04-28 13:00,0.691,0.730,0.152,23.194
2019-04-28 09:00,2019-04-28 14:00,0.603,0.602,0.150,23.370
2019-04-28 10:00,2019-04-28 15:00,0.476,0.438,0.141,23.278
2019-04-28 11:00,2019-04-28 16:00,0.309,0.241,0.129,22.786
2019-04-28 12:00,2019-04-28 17:00,0.135,0.068,0.103,21.740
2019-04-28 13:00,2019-04-28 18:00,0.017,0,0.039,19.015
2019-04-28 14:00,2019-04-28 19:00,0,0,0,17.698
2019-04-28 15:00,2019-04-28 20:00,0,0,0,17.171
2019-04-28 16:00,2019-04-28 21:00,0,0,0,16.091
2019-04-28 17:00,2019-04-28 22:00,0,0,0,15.289
2019-04-28 18:00,2019-04-28 23:00,0,0,0,14.583
2019-04-28 19:00,2019-04-29 00:00,0,0,0,13.466
2019-04-28 20:00,2019-04-29 01:00,0,0,0,12.231
2019-04-28 21:00,2019-04-29 02:00,0,0,0,11.552
2019-04-28 22:00,2019-04-29 03:00,0,0,0,11.101
2019-04-28 23:00,2019-04-29 04:00,0,0,0,10.846
2019-04-29 00:00,2019-04-29 05:00,0,0,0.013,11.131
2019-04-29 01:00,2019-04-29 06:00,0.061,0.007,0.079,13.763
2019-04-29 02:00,2019-04-29 07:00,0.148,0.029,0.152,16.549
2019-04-29 03:00,2019-04-29 08:00,0.269,0.088,0.229,18.859
2019-04-29 04:00,2019-04-29 09:00,0.441,0.273,0.257,21.536
2019-04-29 05:00,2019-04-29 10:00,0.670,0.681,0.173,24.102
2019-04-29 06:00,2019-04-29 11:00,0.764,0.871,0.141,25.723
2019-04-29 07:00,2019-04-29 12:00,0.761,0.865,0.149,26.607
2019-04-29 08:00,2019-04-29 13:00,0.675,0.686,0.190,26.859
2019-04-29 09:00,2019-04-29 14:00,0.460,0.282,0.286,26.413
2019-04-29 10:00,2019-04-29 15:00,0.239,0.051,0.242,25.503
2019-04-29 11:00,2019-04-29 16:00,0.123,0.012,0.147,24.217
2019-04-29 12:00,2019-04-29 17:00,0.056,0.003,0.081,22.366
2019-04-29 13:00,2019-04-29 18:00,0.001,0,0.018,20.194
2019-04-29 14:00,2019-04-29 19:00,0,0,0,18.371
2019-04-29 15:00,2019-04-29 20:00,0,0,0,17.228
2019-04-29 16:00,2019-04-29 21:00,0,0,0,16.289
2019-04-29 17:00,2019-04-29 22:00,0,0,0,15.481
2019-04-29 18:00,2019-04-29 23:00,0,0,0,14.781
2019-04-29 19:00,2019-04-30 00:00,0,0,0,14.045
2019-04-29 20:00,2019-04-30 01:00,0,0,0,13.420
2019-04-29 21:00,2019-04-30 02:00,0,0,0,13.054
2019-04-29 22:00,2019-04-30 03:00,0,0,0,12.565
2019-04-29 23:00,2019-04-30 04:00,0,0,0,12.071
2019-04-30 00:00,2019-04-30 05:00,0,0,0.004,11.798
2019-04-30 01:00,2019-04-30 06:00,0.017,0,0.036,12.082
2019-04-30 02:00,2019-04-30 07:00,0.063,0.003,0.086,12.719
2019-04-30 03:00,2019-04-30 08:00,0.121,0.007,0.144,13.627
2019-04-30 04:00,2019-04-30 09:00,0.187,0.015,0.208,14.948
2019-04-30 05:00,2019-04-30 10:00,0.264,0.030,0.278,16.520
2019-04-30 06:00,2019-04-30 11:00,0.333,0.055,0.334,17.986
2019-04-30 07:00,2019-04-30 12:00,0.374,0.082,0.359,19.102
2019-04-30 08:00,2019-04-30 13:00,0.417,0.133,0.361,19.991
2019-04-30 09:00,2019-04-30 14:00,0.441,0.207,0.320,20.736
2019-04-30 10:00,2019-04-30 15:00,0.404,0.235,0.247,21.154
2019-04-30 11:00,2019-04-30 16:00,0.309,0.194,0.174,21.057
2019-04-30 12:00,2019-04-30 17:00,0.146,0.059,0.123,20.095
2019-04-30 13:00,2019-04-30 18:00,0.024,0,0.046,17.157
2019-04-30 14:00,2019-04-30 19:00,0,0,0,14.411
2019-04-30 15:00,2019-04-30 20:00,0,0,0,13.508
2019-04-30 16:00,2019-04-30 21:00,0,0,0,12.830
2019-04-30 17:00,2019-04-30 22:00,0,0,0,11.991
2019-04-30 18:00,2019-04-30 23:00,0,0,0,11.320
2019-04-30 19:00,2019-05-01 00:00,0,0,0,10.862
2019-04-30 20:00,2019-05-01 01:00,0,0,0,10.706
2019-04-30 21:00,2019-05-01 02:00,0,0,0,10.302
2019-04-30 22:00,2019-05-01 03:00,0,0,0,9.844
2019-04-30 23:00,2019-05-01 04:00,0,0,0,9.617
2019-05-01 00:00,2019-05-01 05:00,0,0,0.014,9.817
2019-05-01 01:00,2019-05-01 06:00,0.084,0.031,0.080,12.615
2019-05-01 02:00,2019-05-01 07:00,0.248,0.171,0.119,15.847
2019-05-01 03:00,2019-05-01 08:00,0.431,0.380,0.128,18.514
2019-05-01 04:00,2019-05-01 09:00,0.613,0.641,0.115,20.887
2019-05-01 05:00,2019-05-01 10:00,0.708,0.780,0.124,22.592
2019-05-01 06:00,2019-05-01 11:00,0.755,0.853,0.132,23.730
2019-05-01 07:00,2019-05-01 12:00,0.759,0.861,0.135,24.508
2019-05-01 08:00,2019-05-01 13:00,0.717,0.796,0.136,24.955
2019-05-01 09:00,2019-05-01 14:00,0.616,0.632,0.146,25.055
2019-05-01 10:00,2019-05-01 15:00,0.446,0.372,0.173,24.769
2019-05-01 11:00,2019-05-01 16:00,0.240,0.109,0.183,23.941
2019-05-01 12:00,2019-05-01 17:00,0.091,0.015,0.109,22.558
2019-05-01 13:00,2019-05-01 18:00,0.011,0,0.030,19.868
2019-05-01 14:00,2019-05-01 19:00,0,0,0,17.898
2019-05-01 15:00,2019-05-01 20:00,0,0,0,16.833
2019-05-01 16:00,2019-05-01 21:00,0,0,0,15.691
2019-05-01 17:00,2019-05-01 22:00,0,0,0,14.679
2019-05-01 18:00,2019-05-01 23:00,0,0,0,14.141
2019-05-01 19:00,2019-05-02 00:00,0,0,0,13.851
2019-05-01 20:00,2019-05-02 01:00,0,0,0,13.385
2019-05-01 21:00,2019-05-02 02:00,0,0,0,13.001
2019-05-01 22:00,2019-05-02 03:00,0,0,0,12.530
2019-05-01 23:00,2019-05-02 04:00,0,0,0,12.146
2019-05-02 00:00,2019-05-02 05:00,0,0,0.014,12.265
2019-05-02 01:00,2019-05-02 06:00,0.080,0.024,0.083,14.530
2019-05-02 02:00,2019-05-02 07:00,0.238,0.155,0.125,16.951
2019-05-02 03:00,2019-05-02 08:00,0.444,0.408,0.118,19.425
2019-05-02 04:00,2019-05-02 09:00,0.609,0.638,0.115,21.366
2019-05-02 05:00,2019-05-02 10:00,0.704,0.777,0.124,22.952
2019-05-02 06:00,2019-05-02 11:00,0.742,0.830,0.137,24.147
2019-05-02 07:00,2019-05-02 12:00,0.734,0.811,0.149,25.012
2019-05-02 08:00,2019-05-02 13:00,0.683,0.725,0.157,25.524
2019-05-02 09:00,2019-05-02 14:00,0.579,0.558,0.169,25.648
2019-05-02 10:00,2019-05-02 15:00,0.444,0.374,0.169,25.428
2019-05-02 11:00,2019-05-02 16:00,0.286,0.192,0.155,24.733
2019-05-02 12:00,2019-05-02 17:00,0.129,0.051,0.115,23.432
2019-05-02 13:00,2019-05-02 18:00,0.021,0,0.043,21.044
2019-05-02 14:00,2019-05-02 19:00,0,0,0,18.272
2019-05-02 15:00,2019-05-02 20:00,0,0,0,16.673
2019-05-02 16:00,2019-05-02 21:00,0,0,0,15.557
2019-05-02 17:00,2019-05-02 22:00,0,0,0,14.578
2019-05-02 18:00,2019-05-02 23:00,0,0,0,13.424
2019-05-02 19:00,2019-05-03 00:00,0,0,0,12.527
2019-05-02 20:00,2019-05-03 01:00,0,0,0,11.823
2019-05-02 21:00,2019-05-03 02:00,0,0,0,11.311
2019-05-02 22:00,2019-05-03 03:00,0,0,0,10.847
2019-05-02 23:00,2019-05-03 04:00,0,0,0,10.526
2019-05-03 00:00,2019-05-03 05:00,0,0,0.015,10.423
2019-05-03 01:00,2019-05-03 06:00,0.089,0.065,0.051,13.211
2019-05-03 02:00,2019-05-03 07:00,0.299,0.286,0.062,16.399
2019-05-03 03:00,2019-05-03 08:00,0.497,0.525,0.070,19.401
2019-05-03 04:00,2019-05-03 09:00,0.651,0.738,0.077,21.572
2019-05-03 05:00,2019-05-03 10:00,0.755,0.900,0.082,23.206
2019-05-03 06:00,2019-05-03 11:00,0.804,0.985,0.086,24.429
2019-05-03 07:00,2019-05-03 12:00,0.813,1.007,0.086,25.286
2019-05-03 08:00,2019-05-03 13:00,0.778,0.953,0.083,25.817
2019-05-03 09:00,2019-05-03 14:00,0.690,0.816,0.079,26.000
2019-05-03 10:00,2019-05-03 15:00,0.557,0.624,0.073,25.834
2019-05-03 11:00,2019-05-03 16:00,0.375,0.390,0.066,25.122
2019-05-03 12:00,2019-05-03 17:00,0.163,0.146,0.058,23.698
2019-05-03 13:00,2019-05-03 18:00,0.018,0,0.040,20.176
2019-05-03 14:00,2019-05-03 19:00,0,0,0.001,16.367
2019-05-03 15:00,2019-05-03 20:00,0,0,0,14.968
2019-05-03 16:00,2019-05-03 21:00,0,0,0,13.639
2019-05-03 17:00,2019-05-03 22:00,0,0,0,12.569
2019-05-03 18:00,2019-05-03 23:00,0,0,0,11.949
2019-05-03 19:00,2019-05-04 00:00,0,0,0,11.146
2019-05-03 20:00,2019-05-04 01:00,0,0,0,10.496
2019-05-03 21:00,2019-05-04 02:00,0,0,0,10.282
2019-05-03 22:00,2019-05-04 03:00,0,0,0,10.523
2019-05-03 23:00,2019-05-04 04:00,0,0,0,10.449
2019-05-04 00:00,2019-05-04 05:00,0,0,0.015,10.609
2019-05-04 01:00,2019-05-04 06:00,0.090,0.070,0.048,13.871
2019-05-04 02:00,2019-05-04 07:00,0.304,0.298,0.057,17.641
2019-05-04 03:00,2019-05-04 08:00,0.504,0.540,0.065,20.215
2019-05-04 04:00,2019-05-04 09:00,0.656,0.753,0.073,22.505
2019-05-04 05:00,2019-05-04 10:00,0.757,0.914,0.078,24.334
2019-05-04 06:00,2019-05-04 11:00,0.804,0.996,0.083,25.655
2019-05-04 07:00,2019-05-04 12:00,0.811,1.016,0.084,26.685
2019-05-04 08:00,2019-05-04 13:00,0.774,0.959,0.081,27.427
2019-05-04 09:00,2019-05-04 14:00,0.685,0.819,0.078,27.839
2019-05-04 10:00,2019-05-04 15:00,0.552,0.626,0.072,27.853
2019-05-04 11:00,2019-05-04 16:00,0.371,0.390,0.065,27.329
2019-05-04 12:00,2019-05-04 17:00,0.161,0.146,0.058,25.895
2019-05-04 13:00,2019-05-04 18:00,0.018,0,0.040,21.502
2019-05-04 14:00,2019-05-04 19:00,0,0,0.001,17.802
2019-05-04 15:00,2019-05-04 20:00,0,0,0,17.154
2019-05-04 16:00,2019-05-04 21:00,0,0,0,15.830
2019-05-04 17:00,2019-05-04 22:00,0,0,0,14.753
2019-05-04 18:00,2019-05-04 23:00,0,0,0,13.900
2019-05-04 19:00,2019-05-05 00:00,0,0,0,12.772
2019-05-04 20:00,2019-05-05 01:00,0,0,0,11.619
2019-05-04 21:00,2019-05-05 02:00,0,0,0,10.714
2019-05-04 22:00,2019-05-05 03:00,0,0,0,10.188
2019-05-04 23:00,2019-05-05 04:00,0,0,0,9.988
2019-05-05 00:00,2019-05-05 05:00,0,0,0.016,10.392
2019-05-05 01:00,2019-05-05 06:00,0.091,0.071,0.048,14.088
2019-05-05 02:00,2019-05-05 07:00,0.304,0.299,0.057,18.277
2019-05-05 03:00,2019-05-05 08:00,0.501,0.542,0.065,21.651
2019-05-05 04:00,2019-05-05 09:00,0.651,0.755,0.072,24.358
2019-05-05 05:00,2019-05-05 10:00,0.750,0.916,0.078,26.358
2019-05-05 06:00,2019-05-05 11:00,0.795,0.997,0.083,27.773
2019-05-05 07:00,2019-05-05 12:00,0.802,1.016,0.083,28.784
2019-05-05 08:00,2019-05-05 13:00,0.765,0.958,0.081,29.407
2019-05-05 09:00,2019-05-05 14:00,0.677,0.815,0.079,29.509
2019-05-05 10:00,2019-05-05 15:00,0.545,0.621,0.073,29.248
2019-05-05 11:00,2019-05-05 16:00,0.367,0.387,0.066,28.545
2019-05-05 12:00,2019-05-05 17:00,0.160,0.145,0.059,27.142
2019-05-05 13:00,2019-05-05 18:00,0.018,0,0.040,23.215
2019-05-05 14:00,2019-05-05 19:00,0,0,0.001,20.580
2019-05-05 15:00,2019-05-05 20:00,0,0,0,19.754
2019-05-05 16:00,2019-05-05 21:00,0,0,0,17.674
2019-05-05 17:00,2019-05-05 22:00,0,0,0,15.604
2019-05-05 18:00,2019-05-05 23:00,0,0,0,14.567
2019-05-05 19:00,2019-05-06 00:00,0,0,0,13.911
2019-05-05 20:00,2019-05-06 01:00,0,0,0,13.180
2019-05-05 21:00,2019-05-06 02:00,0,0,0,12.451
2019-05-05 22:00,2019-05-06 03:00,0,0,0,11.917
2019-05-05 23:00,2019-05-06 04:00,0,0,0,11.455
2019-05-06 00:00,2019-05-06 05:00,0.001,0,0.017,11.564
2019-05-06 01:00,2019-05-06 06:00,0.091,0.065,0.054,15.061
2019-05-06 02:00,2019-05-06 07:00,0.299,0.293,0.061,19.503
2019-05-06 03:00,2019-05-06 08:00,0.495,0.535,0.067,23.122
2019-05-06 04:00,2019-05-06 09:00,0.644,0.747,0.074,25.488
2019-05-06 05:00,2019-05-06 10:00,0.741,0.906,0.080,27.469
2019-05-06 06:00,2019-05-06 11:00,0.785,0.989,0.085,29.395
2019-05-06 07:00,2019-05-06 12:00,0.790,1.005,0.086,30.567
2019-05-06 08:00,2019-05-06 13:00,0.752,0.945,0.084,31.206
2019-05-06 09:00,2019-05-06 14:00,0.666,0.805,0.082,31.433
2019-05-06 10:00,2019-05-06 15:00,0.535,0.610,0.077,31.342
2019-05-06 11:00,2019-05-06 16:00,0.358,0.376,0.071,30.832
2019-05-06 12:00,2019-05-06 17:00,0.156,0.137,0.064,29.590
2019-05-06 13:00,2019-05-06 18:00,0.020,0,0.043,26.097
2019-05-06 14:00,2019-05-06 19:00,0,0,0.001,23.200
2019-05-06 15:00,2019-05-06 20:00,0,0,0,21.473
2019-05-06 16:00,2019-05-06 21:00,0,0,0,19.562
2019-05-06 17:00,2019-05-06 22:00,0,0,0,17.511
2019-05-06 18:00,2019-05-06 23:00,0,0,0,16.745
2019-05-06 19:00,2019-05-07 00:00,0,0,0,16.484
2019-05-06 20:00,2019-05-07 01:00,0,0,0,15.657
2019-05-06 21:00,2019-05-07 02:00,0,0,0,15.150
2019-05-06 22:00,2019-05-07 03:00,0,0,0,14.690
2019-05-06 23:00,2019-05-07 04:00,0,0,0,14.334
2019-05-07 00:00,2019-05-07 05:00,0.002,0,0.018,14.562
2019-05-07 01:00,2019-05-07 06:00,0.091,0.062,0.058,17.630
2019-05-07 02:00,2019-05-07 07:00,0.288,0.275,0.069,21.590
2019-05-07 03:00,2019-05-07 08:00,0.479,0.509,0.076,24.247
2019-05-07 04:00,2019-05-07 09:00,0.626,0.715,0.084,26.205
2019-05-07 05:00,2019-05-07 10:00,0.723,0.869,0.090,27.880
2019-05-07 06:00,2019-05-07 11:00,0.770,0.951,0.095,29.202
2019-05-07 07:00,2019-05-07 12:00,0.776,0.967,0.096,30.169
2019-05-07 08:00,2019-05-07 13:00,0.737,0.906,0.095,30.767
2019-05-07 09:00,2019-05-07 14:00,0.650,0.767,0.093,31.001
2019-05-07 10:00,2019-05-07 15:00,0.520,0.577,0.088,30.898
2019-05-07 11:00,2019-05-07 16:00,0.347,0.351,0.082,30.387
2019-05-07 12:00,2019-05-07 17:00,0.153,0.124,0.074,29.277
2019-05-07 13:00,2019-05-07 18:00,0.023,0,0.047,26.020
2019-05-07 14:00,2019-05-07 19:00,0,0,0.001,22.628
2019-05-07 15:00,2019-05-07 20:00,0,0,0,21.059
2019-05-07 16:00,2019-05-07 21:00,0,0,0,19.990
2019-05-07 17:00,2019-05-07 22:00,0,0,0,19.131
2019-05-07 18:00,2019-05-07 23:00,0,0,0,18.238
2019-05-07 19:00,2019-05-08 00:00,0,0,0,17.743
2019-05-07 20:00,2019-05-08 01:00,0,0,0,17.630
2019-05-07 21:00,2019-05-08 02:00,0,0,0,17.452
2019-05-07 22:00,2019-05-08 03:00,0,0,0,16.664
2019-05-07 23:00,2019-05-08 04:00,0,0,0,15.907
2019-05-08 00:00,2019-05-08 05:00,0.003,0,0.019,15.904
2019-05-08 01:00,2019-05-08 06:00,0.091,0.059,0.062,19.107
2019-05-08 02:00,2019-05-08 07:00,0.282,0.266,0.074,23.204
2019-05-08 03:00,2019-05-08 08:00,0.467,0.495,0.081,26.077
2019-05-08 04:00,2019-05-08 09:00,0.612,0.700,0.088,28.317
2019-05-08 05:00,2019-05-08 10:00,0.708,0.856,0.093,30.258
2019-05-08 06:00,2019-05-08 11:00,0.757,0.944,0.097,31.871
2019-05-08 07:00,2019-05-08 12:00,0.762,0.962,0.097,33.138
2019-05-08 08:00,2019-05-08 13:00,0.724,0.903,0.096,33.980
2019-05-08 09:00,2019-05-08 14:00,0.633,0.752,0.097,34.272
2019-05-08 10:00,2019-05-08 15:00,0.504,0.559,0.094,34.102
2019-05-08 11:00,2019-05-08 16:00,0.335,0.334,0.089,33.369
2019-05-08 12:00,2019-05-08 17:00,0.149,0.115,0.080,31.893
2019-05-08 13:00,2019-05-08 18:00,0.025,0,0.049,27.816
2019-05-08 14:00,2019-05-08 19:00,0,0,0.001,23.737
2019-05-08 15:00,2019-05-08 20:00,0,0,0,22.227
2019-05-08 16:00,2019-05-08 21:00,0,0,0,21.551
2019-05-08 17:00,2019-05-08 22:00,0,0,0,20.416
2019-05-08 18:00,2019-05-08 23:00,0,0,0,19.172
2019-05-08 19:00,2019-05-09 00:00,0,0,0,19.055
2019-05-08 20:00,2019-05-09 01:00,0,0,0,19.091
2019-05-08 21:00,2019-05-09 02:00,0,0,0,18.526
2019-05-08 22:00,2019-05-09 03:00,0,0,0,17.669
2019-05-08 23:00,2019-05-09 04:00,0,0,0,17.022
2019-05-09 00:00,2019-05-09 05:00,0.003,0,0.020,16.974
2019-05-09 01:00,2019-05-09 06:00,0.091,0.058,0.064,19.947
2019-05-09 02:00,2019-05-09 07:00,0.280,0.262,0.076,23.624
2019-05-09 03:00,2019-05-09 08:00,0.465,0.490,0.083,26.275
2019-05-09 04:00,2019-05-09 09:00,0.610,0.695,0.090,28.355
2019-05-09 05:00,2019-05-09 10:00,0.706,0.850,0.095,30.228
2019-05-09 06:00,2019-05-09 11:00,0.752,0.935,0.099,31.848
2019-05-09 07:00,2019-05-09 12:00,0.756,0.949,0.100,33.105
2019-05-09 08:00,2019-05-09 13:00,0.716,0.886,0.100,33.971
2019-05-09 09:00,2019-05-09 14:00,0.631,0.749,0.098,34.473
2019-05-09 10:00,2019-05-09 15:00,0.503,0.560,0.094,34.579
2019-05-09 11:00,2019-05-09 16:00,0.336,0.338,0.088,34.163
2019-05-09 12:00,2019-05-09 17:00,0.150,0.119,0.079,33.043
2019-05-09 13:00,2019-05-09 18:00,0.025,0,0.049,28.958
2019-05-09 14:00,2019-05-09 19:00,0,0,0.002,24.956
2019-05-09 15:00,2019-05-09 20:00,0,0,0,23.549
2019-05-09 16:00,2019-05-09 21:00,0,0,0,22.547
2019-05-09 17:00,2019-05-09 22:00,0,0,0,21.529
2019-05-09 18:00,2019-05-09 23:00,0,0,0,20.455
2019-05-09 19:00,2019-05-10 00:00,0,0,0,19.617
2019-05-09 20:00,2019-05-10 01:00,0,0,0,19.428
2019-05-09 21:00,2019-05-10 02:00,0,0,0,19.596
2019-05-09 22:00,2019-05-10 03:00,0,0,0,19.391
2019-05-09 23:00,2019-05-10 04:00,0,0,0,18.723
2019-05-10 00:00,2019-05-10 05:00,0.004,0,0.021,18.707
2019-05-10 01:00,2019-05-10 06:00,0.091,0.058,0.065,21.887
2019-05-10 02:00,2019-05-10 07:00,0.277,0.259,0.078,25.360
2019-05-10 03:00,2019-05-10 08:00,0.458,0.484,0.086,27.888
2019-05-10 04:00,2019-05-10 09:00,0.601,0.686,0.093,29.945
2019-05-10 05:00,2019-05-10 10:00,0.696,0.840,0.098,31.697
2019-05-10 06:00,2019-05-10 11:00,0.745,0.927,0.101,33.124
2019-05-10 07:00,2019-05-10 12:00,0.750,0.944,0.102,34.194
2019-05-10 08:00,2019-05-10 13:00,0.713,0.885,0.101,34.882
2019-05-10 09:00,2019-05-10 14:00,0.625,0.739,0.101,35.081
2019-05-10 10:00,2019-05-10 15:00,0.496,0.546,0.099,34.756
2019-05-10 11:00,2019-05-10 16:00,0.330,0.324,0.094,33.910
2019-05-10 12:00,2019-05-10 17:00,0.149,0.111,0.085,32.404
2019-05-10 13:00,2019-05-10 18:00,0.027,0,0.052,29.074
2019-05-10 14:00,2019-05-10 19:00,0,0,0.002,25.186
2019-05-10 15:00,2019-05-10 20:00,0,0,0,23.325
2019-05-10 16:00,2019-05-10 21:00,0,0,0,22.194
2019-05-10 17:00,2019-05-10 22:00,0,0,0,21.751
2019-05-10 18:00,2019-05-10 23:00,0,0,0,20.942
2019-05-10 19:00,2019-05-11 00:00,0,0,0,20.010
2019-05-10 20:00,2019-05-11 01:00,0,0,0,19.490
2019-05-10 21:00,2019-05-11 02:00,0,0,0,19.115
2019-05-10 22:00,2019-05-11 03:00,0,0,0,18.861
2019-05-10 23:00,2019-05-11 04:00,0,0,0,18.698
2019-05-11 00:00,2019-05-11 05:00,0.005,0,0.023,19.139
2019-05-11 01:00,2019-05-11 06:00,0.094,0.052,0.075,22.630
2019-05-11 02:00,2019-05-11 07:00,0.273,0.244,0.090,26.372
2019-05-11 03:00,2019-05-11 08:00,0.452,0.465,0.099,28.960
2019-05-11 04:00,2019-05-11 09:00,0.591,0.663,0.106,31.144
2019-05-11 05:00,2019-05-11 10:00,0.684,0.813,0.113,32.949
2019-05-11 06:00,2019-05-11 11:00,0.723,0.875,0.123,34.273
2019-05-11 07:00,2019-05-11 12:00,0.714,0.854,0.135,35.085
2019-05-11 08:00,2019-05-11 13:00,0.660,0.749,0.150,35.309
2019-05-11 09:00,2019-05-11 14:00,0.546,0.539,0.179,34.859
2019-05-11 10:00,2019-05-11 15:00,0.382,0.271,0.215,33.768
2019-05-11 11:00,2019-05-11 16:00,0.208,0.071,0.194,32.323
2019-05-11 12:00,2019-05-11 17:00,0.093,0.014,0.117,31.040
2019-05-11 13:00,2019-05-11 18:00,0.019,0,0.042,29.114
2019-05-11 14:00,2019-05-11 19:00,0,0,0.001,26.577
2019-05-11 15:00,2019-05-11 20:00,0,0,0,25.193
2019-05-11 16:00,2019-05-11 21:00,0,0,0,23.995
2019-05-11 17:00,2019-05-11 22:00,0,0,0,22.591
2019-05-11 18:00,2019-05-11 23:00,0,0,0,21.474
2019-05-11 19:00,2019-05-12 00:00,0,0,0,20.669
2019-05-11 20:00,2019-05-12 01:00,0,0,0,20.137
2019-05-11 21:00,2019-05-12 02:00,0,0,0,19.425
2019-05-11 22:00,2019-05-12 03:00,0,0,0,18.686
2019-05-11 23:00,2019-05-12 04:00,0,0,0,18.335
2019-05-12 00:00,2019-05-12 05:00,0.007,0,0.025,18.446
2019-05-12 01:00,2019-05-12 06:00,0.102,0.034,0.101,21.612
2019-05-12 02:00,2019-05-12 07:00,0.278,0.203,0.134,24.787
2019-05-12 03:00,2019-05-12 08:00,0.454,0.408,0.154,27.330
2019-05-12 04:00,2019-05-12 09:00,0.593,0.593,0.170,29.203
2019-05-12 05:00,2019-05-12 10:00,0.687,0.734,0.183,30.801
2019-05-12 06:00,2019-05-12 11:00,0.733,0.808,0.192,32.015
2019-05-12 07:00,2019-05-12 12:00,0.740,0.826,0.193,32.839
2019-05-12 08:00,2019-05-12 13:00,0.707,0.777,0.187,33.239
2019-05-12 09:00,2019-05-12 14:00,0.626,0.651,0.181,33.213
2019-05-12 10:00,2019-05-12 15:00,0.504,0.482,0.167,32.784
2019-05-12 11:00,2019-05-12 16:00,0.344,0.284,0.148,31.891
2019-05-12 12:00,2019-05-12 17:00,0.166,0.095,0.119,30.494
2019-05-12 13:00,2019-05-12 18:00,0.036,0,0.063,27.996
2019-05-12 14:00,2019-05-12 19:00,0,0,0.003,24.883
2019-05-12 15:00,2019-05-12 20:00,0,0,0,23.266
2019-05-12 16:00,2019-05-12 21:00,0,0,0,22.052
2019-05-12 17:00,2019-05-12 22:00,0,0,0,20.854
2019-05-12 18:00,2019-05-12 23:00,0,0,0,19.888
2019-05-12 19:00,2019-05-13 00:00,0,0,0,19.249
2019-05-12 20:00,2019-05-13 01:00,0,0,0,19.102
2019-05-12 21:00,2019-05-13 02:00,0,0,0,18.752
2019-05-12 22:00,2019-05-13 03:00,0,0,0,18.400
2019-05-12 23:00,2019-05-13 04:00,0,0,0,17.908
2019-05-13 00:00,2019-05-13 05:00,0.007,0,0.025,18.159
2019-05-13 01:00,2019-05-13 06:00,0.098,0.022,0.109,20.907
2019-05-13 02:00,2019-05-13 07:00,0.253,0.138,0.169,23.875
2019-05-13 03:00,2019-05-13 08:00,0.421,0.320,0.196,26.491
2019-05-13 04:00,2019-05-13 09:00,0.571,0.526,0.203,28.507
2019-05-13 05:00,2019-05-13 10:00,0.683,0.708,0.199,30.028
2019-05-13 06:00,2019-05-13 11:00,0.721,0.756,0.218,31.054
2019-05-13 07:00,2019-05-13 12:00,0.723,0.760,0.224,31.781
2019-05-13 08:00,2019-05-13 13:00,0.680,0.685,0.228,32.170
2019-05-13 09:00,2019-05-13 14:00,0.597,0.560,0.223,32.049
2019-05-13 10:00,2019-05-13 15:00,0.471,0.386,0.212,31.424
2019-05-13 11:00,2019-05-13 16:00,0.306,0.184,0.197,30.383
2019-05-13 12:00,2019-05-13 17:00,0.148,0.047,0.146,28.970
2019-05-13 13:00,2019-05-13 18:00,0.035,0,0.061,26.833
2019-05-13 14:00,2019-05-13 19:00,0,0,0.002,23.698
2019-05-13 15:00,2019-05-13 20:00,0,0,0,22.251
2019-05-13 16:00,2019-05-13 21:00,0,0,0,21.120
2019-05-13 17:00,2019-05-13 22:00,0,0,0,20.007
2019-05-13 18:00,2019-05-13 23:00,0,0,0,19.236
2019-05-13 19:00,2019-05-14 00:00,0,0,0,18.843
2019-05-13 20:00,2019-05-14 01:00,0,0,0,18.552
2019-05-13 21:00,2019-05-14 02:00,0,0,0,17.979
2019-05-13 22:00,2019-05-14 03:00,0,0,0,17.580
2019-05-13 23:00,2019-05-14 04:00,0,0,0,17.318
2019-05-14 00:00,2019-05-14 05:00,0.010,0,0.029,17.648
2019-05-14 01:00,2019-05-14 06:00,0.106,0.041,0.098,20.528
2019-05-14 02:00,2019-05-14 07:00,0.279,0.200,0.136,23.517
2019-05-14 03:00,2019-05-14 08:00,0.451,0.396,0.159,26.034
2019-05-14 04:00,2019-05-14 09:00,0.591,0.579,0.175,27.812
2019-05-14 05:00,2019-05-14 10:00,0.686,0.721,0.186,29.229
2019-05-14 06:00,2019-05-14 11:00,0.743,0.822,0.187,30.360
2019-05-14 07:00,2019-05-14 12:00,0.751,0.838,0.188,31.170
2019-05-14 08:00,2019-05-14 13:00,0.716,0.786,0.183,31.620
2019-05-14 09:00,2019-05-14 14:00,0.633,0.659,0.178,31.803
2019-05-14 10:00,2019-05-14 15:00,0.510,0.490,0.164,31.725
2019-05-14 11:00,2019-05-14 16:00,0.349,0.291,0.144,31.237
2019-05-14 12:00,2019-05-14 17:00,0.169,0.100,0.117,30.297
2019-05-14 13:00,2019-05-14 18:00,0.038,0,0.065,27.921
2019-05-14 14:00,2019-05-14 19:00,0,0,0.003,24.553
2019-05-14 15:00,2019-05-14 20:00,0,0,0,23.468
2019-05-14 16:00,2019-05-14 21:00,0,0,0,22.191
2019-05-14 17:00,2019-05-14 22:00,0,0,0,21.153
2019-05-14 18:00,2019-05-14 23:00,0,0,0,20.422
2019-05-14 19:00,2019-05-15 00:00,0,0,0,19.643
2019-05-14 20:00,2019-05-15 01:00,0,0,0,18.971
2019-05-14 21:00,2019-05-15 02:00,0,0,0,18.565
2019-05-14 22:00,2019-05-15 03:00,0,0,0,18.363
2019-05-14 23:00,2019-05-15 04:00,0,0,0,18.124
2019-05-15 00:00,2019-05-15 05:00,0.011,0,0.031,18.336
2019-05-15 01:00,2019-05-15 06:00,0.108,0.039,0.102,21.605
2019-05-15 02:00,2019-05-15 07:00,0.266,0.168,0.154,24.606
2019-05-15 03:00,2019-05-15 08:00,0.422,0.331,0.189,27.174
2019-05-15 04:00,2019-05-15 09:00,0.561,0.513,0.204,29.290
2019-05-15 05:00,2019-05-15 10:00,0.665,0.677,0.206,30.960
2019-05-15 06:00,2019-05-15 11:00,0.728,0.795,0.199,32.297
2019-05-15 07:00,2019-05-15 12:00,0.739,0.823,0.196,33.227
2019-05-15 08:00,2019-05-15 13:00,0.699,0.757,0.197,33.713
2019-05-15 09:00,2019-05-15 14:00,0.612,0.618,0.196,33.748
2019-05-15 10:00,2019-05-15 15:00,0.485,0.435,0.189,33.393
2019-05-15 11:00,2019-05-15 16:00,0.324,0.233,0.174,32.515
2019-05-15 12:00,2019-05-15 17:00,0.158,0.067,0.138,31.149
2019-05-15 13:00,2019-05-15 18:00,0.038,0,0.066,29.026
2019-05-15 14:00,2019-05-15 19:00,0,0,0.003,25.963
2019-05-15 15:00,2019-05-15 20:00,0,0,0,24.251
2019-05-15 16:00,2019-05-15 21:00,0,0,0,23.261
2019-05-15 17:00,2019-05-15 22:00,0,0,0,22.366
2019-05-15 18:00,2019-05-15 23:00,0,0,0,21.095
2019-05-15 19:00,2019-05-16 00:00,0,0,0,20.001
2019-05-15 20:00,2019-05-16 01:00,0,0,0,19.041
2019-05-15 21:00,2019-05-16 02:00,0,0,0,18.380
2019-05-15 22:00,2019-05-16 03:00,0,0,0,18.217
2019-05-15 23:00,2019-05-16 04:00,0,0,0,18.282
2019-05-16 00:00,2019-05-16 05:00,0.009,0,0.028,18.967
2019-05-16 01:00,2019-05-16 06:00,0.096,0.015,0.114,21.816
2019-05-16 02:00,2019-05-16 07:00,0.255,0.130,0.180,24.557
2019-05-16 03:00,2019-05-16 08:00,0.422,0.310,0.210,26.908
2019-05-16 04:00,2019-05-16 09:00,0.556,0.479,0.230,29.022
2019-05-16 05:00,2019-05-16 10:00,0.639,0.586,0.254,30.825
2019-05-16 06:00,2019-05-16 11:00,0.675,0.632,0.274,32.262
2019-05-16 07:00,2019-05-16 12:00,0.653,0.572,0.304,33.189
2019-05-16 08:00,2019-05-16 13:00,0.587,0.447,0.327,33.609
2019-05-16 09:00,2019-05-16 14:00,0.497,0.319,0.323,33.610
2019-05-16 10:00,2019-05-16 15:00,0.387,0.201,0.289,33.221
2019-05-16 11:00,2019-05-16 16:00,0.265,0.102,0.231,32.409
2019-05-16 12:00,2019-05-16 17:00,0.120,0.017,0.144,31.111
2019-05-16 13:00,2019-05-16 18:00,0.025,0,0.049,28.930
2019-05-16 14:00,2019-05-16 19:00,0,0,0.002,26.244
2019-05-16 15:00,2019-05-16 20:00,0,0,0,24.909
2019-05-16 16:00,2019-05-16 21:00,0,0,0,23.752
2019-05-16 17:00,2019-05-16 22:00,0,0,0,22.398
2019-05-16 18:00,2019-05-16 23:00,0,0,0,21.056
2019-05-16 19:00,2019-05-17 00:00,0,0,0,20.515
2019-05-16 20:00,2019-05-17 01:00,0,0,0,20.291
2019-05-16 21:00,2019-05-17 02:00,0,0,0,19.909
2019-05-16 22:00,2019-05-17 03:00,0,0,0,19.348
2019-05-16 23:00,2019-05-17 04:00,0,0,0,18.896
2019-05-17 00:00,2019-05-17 05:00,0.008,0,0.027,19.413
2019-05-17 01:00,2019-05-17 06:00,0.093,0.009,0.116,21.061
2019-05-17 02:00,2019-05-17 07:00,0.206,0.042,0.209,22.935
2019-05-17 03:00,2019-05-17 08:00,0.307,0.081,0.291,24.937
2019-05-17 04:00,2019-05-17 09:00,0.372,0.099,0.355,26.363
2019-05-17 05:00,2019-05-17 10:00,0.405,0.100,0.398,27.436
2019-05-17 06:00,2019-05-17 11:00,0.495,0.183,0.439,28.655
2019-05-17 07:00,2019-05-17 12:00,0.534,0.239,0.441,29.604
2019-05-17 08:00,2019-05-17 13:00,0.428,0.115,0.419,29.613
2019-05-17 09:00,2019-05-17 14:00,0.256,0.025,0.293,28.878
2019-05-17 10:00,2019-05-17 15:00,0.164,0.010,0.199,28.147
2019-05-17 11:00,2019-05-17 16:00,0.107,0.005,0.139,27.153
2019-05-17 12:00,2019-05-17 17:00,0.053,0.002,0.080,25.505
2019-05-17 13:00,2019-05-17 18:00,0.008,0,0.028,23.577
2019-05-17 14:00,2019-05-17 19:00,0,0,0.001,22.021
2019-05-17 15:00,2019-05-17 20:00,0,0,0,21.221
2019-05-17 16:00,2019-05-17 21:00,0,0,0,20.366
2019-05-17 17:00,2019-05-17 22:00,0,0,0,19.502
2019-05-17 18:00,2019-05-17 23:00,0,0,0,18.931
2019-05-17 19:00,2019-05-18 00:00,0,0,0,18.375
2019-05-17 20:00,2019-05-18 01:00,0,0,0,17.747
2019-05-17 21:00,2019-05-18 02:00,0,0,0,17.180
2019-05-17 22:00,2019-05-18 03:00,0,0,0,16.905
2019-05-17 23:00,2019-05-18 04:00,0,0,0,16.411
2019-05-18 00:00,2019-05-18 05:00,0.013,0,0.033,16.698
2019-05-18 01:00,2019-05-18 06:00,0.107,0.016,0.124,18.694
2019-05-18 02:00,2019-05-18 07:00,0.237,0.074,0.210,21.126
2019-05-18 03:00,2019-05-18 08:00,0.366,0.159,0.281,23.772
2019-05-18 04:00,2019-05-18 09:00,0.456,0.216,0.344,25.775
2019-05-18 05:00,2019-05-18 10:00,0.496,0.220,0.398,27.157
2019-05-18 06:00,2019-05-18 11:00,0.483,0.173,0.430,27.980
2019-05-18 07:00,2019-05-18 12:00,0.474,0.158,0.435,28.501
2019-05-18 08:00,2019-05-18 13:00,0.408,0.100,0.405,28.486
2019-05-18 09:00,2019-05-18 14:00,0.324,0.055,0.343,28.197
2019-05-18 10:00,2019-05-18 15:00,0.246,0.032,0.273,27.860
2019-05-18 11:00,2019-05-18 16:00,0.174,0.018,0.202,27.469
2019-05-18 12:00,2019-05-18 17:00,0.093,0.006,0.122,26.829
2019-05-18 13:00,2019-05-18 18:00,0.025,0,0.048,25.490
2019-05-18 14:00,2019-05-18 19:00,0,0,0.003,23.428
2019-05-18 15:00,2019-05-18 20:00,0,0,0,21.694
2019-05-18 16:00,2019-05-18 21:00,0,0,0,20.611
2019-05-18 17:00,2019-05-18 22:00,0,0,0,19.918
2019-05-18 18:00,2019-05-18 23:00,0,0,0,19.125
2019-05-18 19:00,2019-05-19 00:00,0,0,0,18.485
2019-05-18 20:00,2019-05-19 01:00,0,0,0,18.071
2019-05-18 21:00,2019-05-19 02:00,0,0,0,17.803
2019-05-18 22:00,2019-05-19 03:00,0,0,0,17.464
2019-05-18 23:00,2019-05-19 04:00,0,0,0,17.013
2019-05-19 00:00,2019-05-19 05:00,0.015,0,0.035,17.503
2019-05-19 01:00,2019-05-19 06:00,0.116,0.030,0.119,19.938
2019-05-19 02:00,2019-05-19 07:00,0.277,0.158,0.174,22.480
2019-05-19 03:00,2019-05-19 08:00,0.418,0.277,0.231,24.508
2019-05-19 04:00,2019-05-19 09:00,0.491,0.299,0.307,25.649
2019-05-19 05:00,2019-05-19 10:00,0.515,0.268,0.373,26.382
2019-05-19 06:00,2019-05-19 11:00,0.475,0.173,0.414,26.606
2019-05-19 07:00,2019-05-19 12:00,0.444,0.132,0.415,26.642
2019-05-19 08:00,2019-05-19 13:00,0.445,0.147,0.402,26.763
2019-05-19 09:00,2019-05-19 14:00,0.421,0.151,0.367,26.910
2019-05-19 10:00,2019-05-19 15:00,0.375,0.150,0.309,26.982
2019-05-19 11:00,2019-05-19 16:00,0.278,0.100,0.240,26.634
2019-05-19 12:00,2019-05-19 17:00,0.154,0.036,0.161,25.834
2019-05-19 13:00,2019-05-19 18:00,0.046,0,0.073,24.182
2019-05-19 14:00,2019-05-19 19:00,0,0,0.005,21.146
2019-05-19 15:00,2019-05-19 20:00,0,0,0,19.967
2019-05-19 16:00,2019-05-19 21:00,0,0,0,19.061
2019-05-19 17:00,2019-05-19 22:00,0,0,0,18.300
2019-05-19 18:00,2019-05-19 23:00,0,0,0,17.795
2019-05-19 19:00,2019-05-20 00:00,0,0,0,17.681
2019-05-19 20:00,2019-05-20 01:00,0,0,0,17.328
2019-05-19 21:00,2019-05-20 02:00,0,0,0,16.559
2019-05-19 22:00,2019-05-20 03:00,0,0,0,15.964
2019-05-19 23:00,2019-05-20 04:00,0,0,0,15.681
2019-05-20 00:00,2019-05-20 05:00,0.016,0,0.036,16.500
2019-05-20 01:00,2019-05-20 06:00,0.114,0.049,0.099,20.180
2019-05-20 02:00,2019-05-20 07:00,0.290,0.216,0.133,23.572
2019-05-20 03:00,2019-05-20 08:00,0.461,0.411,0.156,26.110
2019-05-20 04:00,2019-05-20 09:00,0.598,0.590,0.174,27.762
2019-05-20 05:00,2019-05-20 10:00,0.691,0.729,0.185,29.160
2019-05-20 06:00,2019-05-20 11:00,0.741,0.813,0.191,30.336
2019-05-20 07:00,2019-05-20 12:00,0.748,0.828,0.192,31.190
2019-05-20 08:00,2019-05-20 13:00,0.713,0.777,0.188,31.693
2019-05-20 09:00,2019-05-20 14:00,0.633,0.658,0.180,32.023
2019-05-20 10:00,2019-05-20 15:00,0.512,0.492,0.166,32.090
2019-05-20 11:00,2019-05-20 16:00,0.353,0.296,0.146,31.727
2019-05-20 12:00,2019-05-20 17:00,0.175,0.106,0.119,30.907
2019-05-20 13:00,2019-05-20 18:00,0.042,0,0.071,28.591
2019-05-20 14:00,2019-05-20 19:00,0,0,0.005,25.980
2019-05-20 15:00,2019-05-20 20:00,0,0,0,25.022
2019-05-20 16:00,2019-05-20 21:00,0,0,0,24.003
2019-05-20 17:00,2019-05-20 22:00,0,0,0,22.921
2019-05-20 18:00,2019-05-20 23:00,0,0,0,21.822
2019-05-20 19:00,2019-05-21 00:00,0,0,0,20.952
2019-05-20 20:00,2019-05-21 01:00,0,0,0,20.424
2019-05-20 21:00,2019-05-21 02:00,0,0,0,19.839
2019-05-20 22:00,2019-05-21 03:00,0,0,0,19.491
2019-05-20 23:00,2019-05-21 04:00,0,0,0,19.222
2019-05-21 00:00,2019-05-21 05:00,0.017,0,0.038,19.595
2019-05-21 01:00,2019-05-21 06:00,0.115,0.049,0.101,23.120
2019-05-21 02:00,2019-05-21 07:00,0.289,0.218,0.135,26.393
2019-05-21 03:00,2019-05-21 08:00,0.457,0.413,0.159,29.079
2019-05-21 04:00,2019-05-21 09:00,0.590,0.592,0.177,31.320
2019-05-21 05:00,2019-05-21 10:00,0.679,0.728,0.189,33.024
2019-05-21 06:00,2019-05-21 11:00,0.727,0.810,0.196,34.281
2019-05-21 07:00,2019-05-21 12:00,0.729,0.815,0.201,35.138
2019-05-21 08:00,2019-05-21 13:00,0.692,0.754,0.200,35.575
2019-05-21 09:00,2019-05-21 14:00,0.616,0.638,0.191,35.590
2019-05-21 10:00,2019-05-21 15:00,0.491,0.455,0.185,35.131
2019-05-21 11:00,2019-05-21 16:00,0.330,0.244,0.174,34.042
2019-05-21 12:00,2019-05-21 17:00,0.159,0.059,0.148,32.052
2019-05-21 13:00,2019-05-21 18:00,0.037,0,0.064,29.375
2019-05-21 14:00,2019-05-21 19:00,0,0,0.004,26.433
2019-05-21 15:00,2019-05-21 20:00,0,0,0,24.902
2019-05-21 16:00,2019-05-21 21:00,0,0,0,24.012
2019-05-21 17:00,2019-05-21 22:00,0,0,0,23.302
2019-05-21 18:00,2019-05-21 23:00,0,0,0,22.702
2019-05-21 19:00,2019-05-22 00:00,0,0,0,22.265
2019-05-21 20:00,2019-05-22 01:00,0,0,0,21.747
2019-05-21 21:00,2019-05-22 02:00,0,0,0,21.092
2019-05-21 22:00,2019-05-22 03:00,0,0,0,20.628
2019-05-21 23:00,2019-05-22 04:00,0,0,0,20.168
2019-05-22 00:00,2019-05-22 05:00,0.015,0,0.035,20.708
2019-05-22 01:00,2019-05-22 06:00,0.110,0.019,0.126,23.262
2019-05-22 02:00,2019-05-22 07:00,0.232,0.077,0.208,25.647
2019-05-22 03:00,2019-05-22 08:00,0.285,0.070,0.279,27.243
2019-05-22 04:00,2019-05-22 09:00,0.413,0.166,0.347,28.763
2019-05-22 05:00,2019-05-22 10:00,0.614,0.499,0.303,30.479
2019-05-22 06:00,2019-05-22 11:00,0.662,0.566,0.314,31.327
2019-05-22 07:00,2019-05-22 12:00,0.636,0.488,0.351,31.494
2019-05-22 08:00,2019-05-22 13:00,0.561,0.349,0.378,31.350
2019-05-22 09:00,2019-05-22 14:00,0.443,0.187,0.372,30.909
2019-05-22 10:00,2019-05-22 15:00,0.335,0.100,0.317,30.184
2019-05-22 11:00,2019-05-22 16:00,0.205,0.032,0.226,28.990
2019-05-22 12:00,2019-05-22 17:00,0.096,0.006,0.125,27.478
2019-05-22 13:00,2019-05-22 18:00,0.023,0,0.047,25.725
2019-05-22 14:00,2019-05-22 19:00,0,0,0.003,23.707
2019-05-22 15:00,2019-05-22 20:00,0,0,0,22.145
2019-05-22 16:00,2019-05-22 21:00,0,0,0,21.108
2019-05-22 17:00,2019-05-22 22:00,0,0,0,20.379
2019-05-22 18:00,2019-05-22 23:00,0,0,0,19.881
2019-05-22 19:00,2019-05-23 00:00,0,0,0,19.078
2019-05-22 20:00,2019-05-23 01:00,0,0,0,17.807
2019-05-22 21:00,2019-05-23 02:00,0,0,0,16.797
2019-05-22 22:00,2019-05-23 03:00,0,0,0,15.630
2019-05-22 23:00,2019-05-23 04:00,0,0,0,15.259
2019-05-23 00:00,2019-05-23 05:00,0.006,0,0.024,15.728
2019-05-23 01:00,2019-05-23 06:00,0.096,0.011,0.116,17.571
2019-05-23 02:00,2019-05-23 07:00,0.281,0.163,0.170,20.356
2019-05-23 03:00,2019-05-23 08:00,0.456,0.362,0.190,23.035
2019-05-23 04:00,2019-05-23 09:00,0.586,0.522,0.215,25.189
2019-05-23 05:00,2019-05-23 10:00,0.653,0.590,0.253,26.885
2019-05-23 06:00,2019-05-23 11:00,0.673,0.590,0.290,28.187
2019-05-23 07:00,2019-05-23 12:00,0.720,0.713,0.251,29.567
2019-05-23 08:00,2019-05-23 13:00,0.681,0.657,0.248,30.503
2019-05-23 09:00,2019-05-23 14:00,0.544,0.401,0.296,30.505
2019-05-23 10:00,2019-05-23 15:00,0.416,0.237,0.283,30.212
2019-05-23 11:00,2019-05-23 16:00,0.277,0.109,0.236,29.714
2019-05-23 12:00,2019-05-23 17:00,0.139,0.025,0.157,28.787
2019-05-23 13:00,2019-05-23 18:00,0.039,0,0.066,26.600
2019-05-23 14:00,2019-05-23 19:00,0,0,0.005,23.581
2019-05-23 15:00,2019-05-23 20:00,0,0,0,22.744
2019-05-23 16:00,2019-05-23 21:00,0,0,0,21.980
2019-05-23 17:00,2019-05-23 22:00,0,0,0,21.144
2019-05-23 18:00,2019-05-23 23:00,0,0,0,20.074
2019-05-23 19:00,2019-05-24 00:00,0,0,0,19.554
2019-05-23 20:00,2019-05-24 01:00,0,0,0,19.308
2019-05-23 21:00,2019-05-24 02:00,0,0,0,19.029
2019-05-23 22:00,2019-05-24 03:00,0,0,0,18.511
2019-05-23 23:00,2019-05-24 04:00,0,0,0,18.303
2019-05-24 00:00,2019-05-24 05:00,0.003,0,0.021,18.394
2019-05-24 01:00,2019-05-24 06:00,0.047,0.001,0.071,19.391
2019-05-24 02:00,2019-05-24 07:00,0.138,0.011,0.164,20.697
2019-05-24 03:00,2019-05-24 08:00,0.272,0.049,0.278,22.748
2019-05-24 04:00,2019-05-24 09:00,0.441,0.179,0.359,25.080
2019-05-24 05:00,2019-05-24 10:00,0.600,0.416,0.348,27.055
2019-05-24 06:00,2019-05-24 11:00,0.648,0.480,0.362,28.331
2019-05-24 07:00,2019-05-24 12:00,0.619,0.406,0.396,28.941
2019-05-24 08:00,2019-05-24 13:00,0.498,0.199,0.427,28.748
2019-05-24 09:00,2019-05-24 14:00,0.347,0.065,0.361,27.815
2019-05-24 10:00,2019-05-24 15:00,0.232,0.024,0.262,26.676
2019-05-24 11:00,2019-05-24 16:00,0.147,0.010,0.178,25.427
2019-05-24 12:00,2019-05-24 17:00,0.074,0.003,0.102,23.614
2019-05-24 13:00,2019-05-24 18:00,0.018,0,0.040,21.112
2019-05-24 14:00,2019-05-24 19:00,0,0,0.003,18.651
2019-05-24 15:00,2019-05-24 20:00,0,0,0,17.020
2019-05-24 16:00,2019-05-24 21:00,0,0,0,16.149
2019-05-24 17:00,2019-05-24 22:00,0,0,0,15.575
2019-05-24 18:00,2019-05-24 23:00,0,0,0,14.887
2019-05-24 19:00,2019-05-25 00:00,0,0,0,14.208
2019-05-24 20:00,2019-05-25 01:00,0,0,0,13.545
2019-05-24 21:00,2019-05-25 02:00,0,0,0,13.041
2019-05-24 22:00,2019-05-25 03:00,0,0,0,12.963
2019-05-24 23:00,2019-05-25 04:00,0,0,0,12.780
2019-05-25 00:00,2019-05-25 05:00,0.020,0,0.041,13.672
2019-05-25 01:00,2019-05-25 06:00,0.122,0.036,0.118,16.722
2019-05-25 02:00,2019-05-25 07:00,0.285,0.170,0.167,20.061
2019-05-25 03:00,2019-05-25 08:00,0.441,0.327,0.205,22.563
2019-05-25 04:00,2019-05-25 09:00,0.563,0.463,0.238,24.334
2019-05-25 05:00,2019-05-25 10:00,0.630,0.523,0.278,25.591
2019-05-25 06:00,2019-05-25 11:00,0.604,0.413,0.354,26.250
2019-05-25 07:00,2019-05-25 12:00,0.577,0.347,0.382,26.690
2019-05-25 08:00,2019-05-25 13:00,0.546,0.314,0.372,26.971
2019-05-25 09:00,2019-05-25 14:00,0.509,0.306,0.329,27.149
2019-05-25 10:00,2019-05-25 15:00,0.431,0.255,0.276,27.020
2019-05-25 11:00,2019-05-25 16:00,0.311,0.159,0.221,26.428
2019-05-25 12:00,2019-05-25 17:00,0.170,0.055,0.158,25.432
2019-05-25 13:00,2019-05-25 18:00,0.051,0,0.079,23.630
2019-05-25 14:00,2019-05-25 19:00,0,0,0.007,20.726
2019-05-25 15:00,2019-05-25 20:00,0,0,0,19.135
2019-05-25 16:00,2019-05-25 21:00,0,0,0,18.112
2019-05-25 17:00,2019-05-25 22:00,0,0,0,17.392
2019-05-25 18:00,2019-05-25 23:00,0,0,0,16.726
2019-05-25 19:00,2019-05-26 00:00,0,0,0,16.242
2019-05-25 20:00,2019-05-26 01:00,0,0,0,15.865
2019-05-25 21:00,2019-05-26 02:00,0,0,0,15.527
2019-05-25 22:00,2019-05-26 03:00,0,0,0,15.182
2019-05-25 23:00,2019-05-26 04:00,0,0,0,14.844
2019-05-26 00:00,2019-05-26 05:00,0.012,0,0.031,15.021
2019-05-26 01:00,2019-05-26 06:00,0.115,0.026,0.120,16.688
2019-05-26 02:00,2019-05-26 07:00,0.291,0.191,0.152,19.049
2019-05-26 03:00,2019-05-26 08:00,0.453,0.358,0.185,21.070
2019-05-26 04:00,2019-05-26 09:00,0.574,0.489,0.219,22.583
2019-05-26 05:00,2019-05-26 10:00,0.666,0.614,0.234,23.937
2019-05-26 06:00,2019-05-26 11:00,0.726,0.714,0.232,25.154
2019-05-26 07:00,2019-05-26 12:00,0.738,0.744,0.228,26.110
2019-05-26 08:00,2019-05-26 13:00,0.709,0.711,0.217,26.783
2019-05-26 09:00,2019-05-26 14:00,0.619,0.575,0.218,27.100
2019-05-26 10:00,2019-05-26 15:00,0.500,0.423,0.201,27.135
2019-05-26 11:00,2019-05-26 16:00,0.344,0.241,0.179,26.777
2019-05-26 12:00,2019-05-26 17:00,0.177,0.080,0.143,26.036
2019-05-26 13:00,2019-05-26 18:00,0.051,0,0.079,24.582
2019-05-26 14:00,2019-05-26 19:00,0,0,0.007,22.053
2019-05-26 15:00,2019-05-26 20:00,0,0,0,20.972
2019-05-26 16:00,2019-05-26 21:00,0,0,0,20.258
2019-05-26 17:00,2019-05-26 22:00,0,0,0,19.755
2019-05-26 18:00,2019-05-26 23:00,0,0,0,18.646
2019-05-26 19:00,2019-05-27 00:00,0,0,0,17.730
2019-05-26 20:00,2019-05-27 01:00,0,0,0,17.247
2019-05-26 21:00,2019-05-27 02:00,0,0,0,16.754
2019-05-26 22:00,2019-05-27 03:00,0,0,0,16.296
2019-05-26 23:00,2019-05-27 04:00,0,0,0,15.845
2019-05-27 00:00,2019-05-27 05:00,0.021,0,0.042,16.585
2019-05-27 01:00,2019-05-27 06:00,0.118,0.049,0.102,20.470
2019-05-27 02:00,2019-05-27 07:00,0.292,0.218,0.134,23.817
2019-05-27 03:00,2019-05-27 08:00,0.461,0.415,0.154,26.652
2019-05-27 04:00,2019-05-27 09:00,0.597,0.597,0.169,28.444
2019-05-27 05:00,2019-05-27 10:00,0.691,0.738,0.180,29.759
2019-05-27 06:00,2019-05-27 11:00,0.740,0.818,0.187,30.823
2019-05-27 07:00,2019-05-27 12:00,0.748,0.837,0.187,31.598
2019-05-27 08:00,2019-05-27 13:00,0.714,0.788,0.182,32.062
2019-05-27 09:00,2019-05-27 14:00,0.639,0.679,0.171,32.328
2019-05-27 10:00,2019-05-27 15:00,0.517,0.507,0.159,32.286
2019-05-27 11:00,2019-05-27 16:00,0.357,0.305,0.143,31.836
2019-05-27 12:00,2019-05-27 17:00,0.179,0.109,0.120,30.923
2019-05-27 13:00,2019-05-27 18:00,0.046,0,0.075,28.468
2019-05-27 14:00,2019-05-27 19:00,0,0,0.008,24.313
2019-05-27 15:00,2019-05-27 20:00,0,0,0,22.386
2019-05-27 16:00,2019-05-27 21:00,0,0,0,21.186
2019-05-27 17:00,2019-05-27 22:00,0,0,0,20.515
2019-05-27 18:00,2019-05-27 23:00,0,0,0,19.946
2019-05-27 19:00,2019-05-28 00:00,0,0,0,19.367
2019-05-27 20:00,2019-05-28 01:00,0,0,0,19.044
2019-05-27 21:00,2019-05-28 02:00,0,0,0,18.937
2019-05-27 22:00,2019-05-28 03:00,0,0,0,18.868
2019-05-27 23:00,2019-05-28 04:00,0,0,0,18.590
2019-05-28 00:00,2019-05-28 05:00,0.021,0,0.043,19.205
2019-05-28 01:00,2019-05-28 06:00,0.117,0.058,0.094,22.571
2019-05-28 02:00,2019-05-28 07:00,0.296,0.239,0.121,26.045
2019-05-28 03:00,2019-05-28 08:00,0.466,0.442,0.141,28.731
2019-05-28 04:00,2019-05-28 09:00,0.601,0.626,0.156,30.662
2019-05-28 05:00,2019-05-28 10:00,0.692,0.767,0.167,32.132
2019-05-28 06:00,2019-05-28 11:00,0.742,0.853,0.172,33.280
2019-05-28 07:00,2019-05-28 12:00,0.749,0.871,0.172,34.101
2019-05-28 08:00,2019-05-28 13:00,0.715,0.820,0.168,34.580
2019-05-28 09:00,2019-05-28 14:00,0.636,0.695,0.162,34.828
2019-05-28 10:00,2019-05-28 15:00,0.518,0.529,0.148,34.817
2019-05-28 11:00,2019-05-28 16:00,0.361,0.330,0.130,34.394
2019-05-28 12:00,2019-05-28 17:00,0.181,0.128,0.107,33.493
2019-05-28 13:00,2019-05-28 18:00,0.042,0,0.071,30.748
2019-05-28 14:00,2019-05-28 19:00,0,0,0.008,26.744
2019-05-28 15:00,2019-05-28 20:00,0,0,0,24.517
2019-05-28 16:00,2019-05-28 21:00,0,0,0,23.118
2019-05-28 17:00,2019-05-28 22:00,0,0,0,22.349
2019-05-28 18:00,2019-05-28 23:00,0,0,0,21.849
2019-05-28 19:00,2019-05-29 00:00,0,0,0,21.662
2019-05-28 20:00,2019-05-29 01:00,0,0,0,21.418
2019-05-28 21:00,2019-05-29 02:00,0,0,0,20.676
2019-05-28 22:00,2019-05-29 03:00,0,0,0,20.042
2019-05-28 23:00,2019-05-29 04:00,0,0,0,19.697
2019-05-29 00:00,2019-05-29 05:00,0.021,0,0.043,20.380
2019-05-29 01:00,2019-05-29 06:00,0.116,0.064,0.088,24.165
2019-05-29 02:00,2019-05-29 07:00,0.299,0.256,0.112,28.067
2019-05-29 03:00,2019-05-29 08:00,0.471,0.465,0.131,30.921
2019-05-29 04:00,2019-05-29 09:00,0.604,0.652,0.145,32.911
2019-05-29 05:00,2019-05-29 10:00,0.694,0.795,0.156,34.405
2019-05-29 06:00,2019-05-29 11:00,0.740,0.873,0.164,35.518
2019-05-29 07:00,2019-05-29 12:00,0.746,0.889,0.165,36.303
2019-05-29 08:00,2019-05-29 13:00,0.713,0.837,0.161,36.678
2019-05-29 09:00,2019-05-29 14:00,0.637,0.717,0.153,36.749
2019-05-29 10:00,2019-05-29 15:00,0.520,0.545,0.141,36.486
2019-05-29 11:00,2019-05-29 16:00,0.362,0.339,0.125,35.779
2019-05-29 12:00,2019-05-29 17:00,0.180,0.131,0.104,34.633
2019-05-29 13:00,2019-05-29 18:00,0.042,0,0.070,31.414
2019-05-29 14:00,2019-05-29 19:00,0,0,0.009,27.550
2019-05-29 15:00,2019-05-29 20:00,0,0,0,25.834
2019-05-29 16:00,2019-05-29 21:00,0,0,0,24.525
2019-05-29 17:00,2019-05-29 22:00,0,0,0,23.540
2019-05-29 18:00,2019-05-29 23:00,0,0,0,22.523
2019-05-29 19:00,2019-05-30 00:00,0,0,0,21.706
2019-05-29 20:00,2019-05-30 01:00,0,0,0,21.051
2019-05-29 21:00,2019-05-30 02:00,0,0,0,20.515
2019-05-29 22:00,2019-05-30 03:00,0,0,0,20.258
2019-05-29 23:00,2019-05-30 04:00,0,0,0,20.517
2019-05-30 00:00,2019-05-30 05:00,0.024,0,0.047,21.798
2019-05-30 01:00,2019-05-30 06:00,0.117,0.030,0.123,25.057
2019-05-30 02:00,2019-05-30 07:00,0.244,0.107,0.195,28.501
2019-05-30 03:00,2019-05-30 08:00,0.354,0.180,0.262,30.745
2019-05-30 04:00,2019-05-30 09:00,0.460,0.281,0.305,32.450
2019-05-30 05:00,2019-05-30 10:00,0.615,0.562,0.260,34.558
2019-05-30 06:00,2019-05-30 11:00,0.704,0.759,0.221,36.545
2019-05-30 07:00,2019-05-30 12:00,0.703,0.757,0.229,37.586
2019-05-30 08:00,2019-05-30 13:00,0.651,0.653,0.246,37.990
2019-05-30 09:00,2019-05-30 14:00,0.535,0.435,0.280,37.907
2019-05-30 10:00,2019-05-30 15:00,0.403,0.243,0.280,37.450
2019-05-30 11:00,2019-05-30 16:00,0.271,0.113,0.236,36.678
2019-05-30 12:00,2019-05-30 17:00,0.157,0.046,0.163,35.771
2019-05-30 13:00,2019-05-30 18:00,0.051,0,0.082,33.258
2019-05-30 14:00,2019-05-30 19:00,0,0,0.009,29.512
2019-05-30 15:00,2019-05-30 20:00,0,0,0,28.188
2019-05-30 16:00,2019-05-30 21:00,0,0,0,27.057
2019-05-30 17:00,2019-05-30 22:00,0,0,0,26.158
2019-05-30 18:00,2019-05-30 23:00,0,0,0,25.630
2019-05-30 19:00,2019-05-31 00:00,0,0,0,24.995
2019-05-30 20:00,2019-05-31 01:00,0,0,0,24.335
2019-05-30 21:00,2019-05-31 02:00,0,0,0,24.118
2019-05-30 22:00,2019-05-31 03:00,0,0,0,23.728
2019-05-30 23:00,2019-05-31 04:00,0,0,0,23.684
2019-05-31 00:00,2019-05-31 05:00,0.001,0,0.017,24.183
2019-05-31 01:00,2019-05-31 06:00,0.035,0.001,0.060,25.290
2019-05-31 02:00,2019-05-31 07:00,0.098,0.004,0.129,26.793
2019-05-31 03:00,2019-05-31 08:00,0.179,0.013,0.213,28.082
2019-05-31 04:00,2019-05-31 09:00,0.267,0.031,0.300,29.149
2019-05-31 05:00,2019-05-31 10:00,0.369,0.071,0.389,30.263
2019-05-31 06:00,2019-05-31 11:00,0.533,0.249,0.440,32.167
2019-05-31 07:00,2019-05-31 12:00,0.628,0.455,0.385,33.997
2019-05-31 08:00,2019-05-31 13:00,0.561,0.337,0.403,34.794
2019-05-31 09:00,2019-05-31 14:00,0.423,0.146,0.397,34.785
2019-05-31 10:00,2019-05-31 15:00,0.297,0.058,0.320,34.429
2019-05-31 11:00,2019-05-31 16:00,0.157,0.012,0.195,33.543
2019-05-31 12:00,2019-05-31 17:00,0.072,0.003,0.104,32.368
2019-05-31 13:00,2019-05-31 18:00,0.020,0,0.044,30.910
2019-05-31 14:00,2019-05-31 19:00,0,0,0.006,28.667
2019-05-31 15:00,2019-05-31 20:00,0,0,0,27.103
2019-05-31 16:00,2019-05-31 21:00,0,0,0,26.355
2019-05-31 17:00,2019-05-31 22:00,0,0,0,25.739
2019-05-31 18:00,2019-05-31 23:00,0,0,0,25.141
2019-05-31 19:00,2019-06-01 00:00,0,0,0,24.520
2019-05-31 20:00,2019-06-01 01:00,0,0,0,23.805
2019-05-31 21:00,2019-06-01 02:00,0,0,0,22.838
2019-05-31 22:00,2019-06-01 03:00,0,0,0,21.787
2019-05-31 23:00,2019-06-01 04:00,0,0,0,21.082
2019-06-01 00:00,2019-06-01 05:00,0.021,0,0.044,21.376
2019-06-01 01:00,2019-06-01 06:00,0.120,0.020,0.136,23.723
2019-06-01 02:00,2019-06-01 07:00,0.264,0.117,0.207,27.099
2019-06-01 03:00,2019-06-01 08:00,0.399,0.235,0.263,29.958
2019-06-01 04:00,2019-06-01 09:00,0.511,0.351,0.304,31.819
2019-06-01 05:00,2019-06-01 10:00,0.580,0.417,0.343,32.836
2019-06-01 06:00,2019-06-01 11:00,0.440,0.126,0.428,31.303
2019-06-01 07:00,2019-06-01 12:00,0.225,0.015,0.265,27.958
2019-06-01 08:00,2019-06-01 13:00,0.211,0.013,0.249,26.567
2019-06-01 09:00,2019-06-01 14:00,0.211,0.015,0.248,27.148
2019-06-01 10:00,2019-06-01 15:00,0.216,0.020,0.250,28.102
2019-06-01 11:00,2019-06-01 16:00,0.236,0.045,0.248,28.885
2019-06-01 12:00,2019-06-01 17:00,0.158,0.028,0.175,28.560
2019-06-01 13:00,2019-06-01 18:00,0.051,0,0.080,27.185
2019-06-01 14:00,2019-06-01 19:00,0,0,0.008,24.929
2019-06-01 15:00,2019-06-01 20:00,0,0,0,23.509
2019-06-01 16:00,2019-06-01 21:00,0,0,0,22.797
2019-06-01 17:00,2019-06-01 22:00,0,0,0,22.290
2019-06-01 18:00,2019-06-01 23:00,0,0,0,21.689
2019-06-01 19:00,2019-06-02 00:00,0,0,0,21.155
2019-06-01 20:00,2019-06-02 01:00,0,0,0,20.759
2019-06-01 21:00,2019-06-02 02:00,0,0,0,20.528
2019-06-01 22:00,2019-06-02 03:00,0,0,0,20.394
2019-06-01 23:00,2019-06-02 04:00,0,0,0,20.157
2019-06-02 00:00,2019-06-02 05:00,0.002,0,0.018,19.786
2019-06-02 01:00,2019-06-02 06:00,0.054,0.001,0.079,19.958
2019-06-02 02:00,2019-06-02 07:00,0.135,0.009,0.161,20.844
2019-06-02 03:00,2019-06-02 08:00,0.230,0.026,0.253,22.447
2019-06-02 04:00,2019-06-02 09:00,0.370,0.087,0.360,24.391
2019-06-02 05:00,2019-06-02 10:00,0.510,0.223,0.411,26.511
2019-06-02 06:00,2019-06-02 11:00,0.485,0.160,0.445,27.808
2019-06-02 07:00,2019-06-02 12:00,0.445,0.114,0.440,28.504
2019-06-02 08:00,2019-06-02 13:00,0.419,0.100,0.420,28.958
2019-06-02 09:00,2019-06-02 14:00,0.361,0.073,0.374,29.137
2019-06-02 10:00,2019-06-02 15:00,0.296,0.052,0.314,29.011
2019-06-02 11:00,2019-06-02 16:00,0.206,0.026,0.233,28.520
2019-06-02 12:00,2019-06-02 17:00,0.121,0.009,0.151,27.679
2019-06-02 13:00,2019-06-02 18:00,0.038,0,0.065,26.249
2019-06-02 14:00,2019-06-02 19:00,0,0,0.008,24.049
2019-06-02 15:00,2019-06-02 20:00,0,0,0,22.789
2019-06-02 16:00,2019-06-02 21:00,0,0,0,21.787
2019-06-02 17:00,2019-06-02 22:00,0,0,0,21.082
2019-06-02 18:00,2019-06-02 23:00,0,0,0,20.640
2019-06-02 19:00,2019-06-03 00:00,0,0,0,20.222
2019-06-02 20:00,2019-06-03 01:00,0,0,0,19.821
2019-06-02 21:00,2019-06-03 02:00,0,0,0,19.367
2019-06-02 22:00,2019-06-03 03:00,0,0,0,18.978
2019-06-02 23:00,2019-06-03 04:00,0,0,0,18.714
2019-06-03 00:00,2019-06-03 05:00,0.011,0,0.030,19.319
2019-06-03 01:00,2019-06-03 06:00,0.074,0.003,0.101,20.914
2019-06-03 02:00,2019-06-03 07:00,0.157,0.012,0.184,22.242
2019-06-03 03:00,2019-06-03 08:00,0.229,0.023,0.256,23.382
2019-06-03 04:00,2019-06-03 09:00,0.265,0.025,0.296,24.217
2019-06-03 05:00,2019-06-03 10:00,0.272,0.022,0.308,24.903
2019-06-03 06:00,2019-06-03 11:00,0.282,0.022,0.321,25.510
2019-06-03 07:00,2019-06-03 12:00,0.314,0.029,0.354,26.238
2019-06-03 08:00,2019-06-03 13:00,0.336,0.040,0.371,26.892
2019-06-03 09:00,2019-06-03 14:00,0.316,0.040,0.348,27.292
2019-06-03 10:00,2019-06-03 15:00,0.255,0.027,0.287,27.328
2019-06-03 11:00,2019-06-03 16:00,0.173,0.013,0.206,26.994
2019-06-03 12:00,2019-06-03 17:00,0.088,0.003,0.119,26.290
2019-06-03 13:00,2019-06-03 18:00,0.024,0,0.048,24.732
2019-06-03 14:00,2019-06-03 19:00,0,0,0.005,22.795
2019-06-03 15:00,2019-06-03 20:00,0,0,0,21.765
2019-06-03 16:00,2019-06-03 21:00,0,0,0,20.949
2019-06-03 17:00,2019-06-03 22:00,0,0,0,20.337
2019-06-03 18:00,2019-06-03 23:00,0,0,0,20.231
2019-06-03 19:00,2019-06-04 00:00,0,0,0,19.890
2019-06-03 20:00,2019-06-04 01:00,0,0,0,19.398
2019-06-03 21:00,2019-06-04 02:00,0,0,0,19.162
2019-06-03 22:00,2019-06-04 03:00,0,0,0,19.075
2019-06-03 23:00,2019-06-04 04:00,0,0,0,19.057
2019-06-04 00:00,2019-06-04 05:00,0.003,0,0.020,19.317
2019-06-04 01:00,2019-06-04 06:00,0.039,0.001,0.064,20.089
2019-06-04 02:00,2019-06-04 07:00,0.102,0.004,0.130,21.138
2019-06-04 03:00,2019-06-04 08:00,0.194,0.014,0.223,22.292
2019-06-04 04:00,2019-06-04 09:00,0.276,0.028,0.304,23.276
2019-06-04 05:00,2019-06-04 10:00,0.333,0.040,0.361,24.076
2019-06-04 06:00,2019-06-04 11:00,0.368,0.050,0.396,24.795
2019-06-04 07:00,2019-06-04 12:00,0.385,0.057,0.411,25.409
2019-06-04 08:00,2019-06-04 13:00,0.359,0.049,0.388,25.839
2019-06-04 09:00,2019-06-04 14:00,0.302,0.033,0.334,26.134
2019-06-04 10:00,2019-06-04 15:00,0.249,0.025,0.281,26.407
2019-06-04 11:00,2019-06-04 16:00,0.177,0.014,0.209,26.455
2019-06-04 12:00,2019-06-04 17:00,0.104,0.005,0.135,26.153
2019-06-04 13:00,2019-06-04 18:00,0.034,0,0.060,25.067
2019-06-04 14:00,2019-06-04 19:00,0,0,0.007,23.384
2019-06-04 15:00,2019-06-04 20:00,0,0,0,22.039
2019-06-04 16:00,2019-06-04 21:00,0,0,0,21.073
2019-06-04 17:00,2019-06-04 22:00,0,0,0,20.430
2019-06-04 18:00,2019-06-04 23:00,0,0,0,19.826
2019-06-04 19:00,2019-06-05 00:00,0,0,0,19.316
2019-06-04 20:00,2019-06-05 01:00,0,0,0,19.279
2019-06-04 21:00,2019-06-05 02:00,0,0,0,19.371
2019-06-04 22:00,2019-06-05 03:00,0,0,0,19.323
2019-06-04 23:00,2019-06-05 04:00,0,0,0,19.109
2019-06-05 00:00,2019-06-05 05:00,0.008,0,0.027,19.447
2019-06-05 01:00,2019-06-05 06:00,0.067,0.003,0.094,20.590
2019-06-05 02:00,2019-06-05 07:00,0.155,0.015,0.178,21.877
2019-06-05 03:00,2019-06-05 08:00,0.285,0.061,0.283,23.573
2019-06-05 04:00,2019-06-05 09:00,0.407,0.141,0.355,25.382
2019-06-05 05:00,2019-06-05 10:00,0.526,0.274,0.384,27.049
2019-06-05 06:00,2019-06-05 11:00,0.574,0.330,0.401,28.234
2019-06-05 07:00,2019-06-05 12:00,0.580,0.338,0.406,29.057
2019-06-05 08:00,2019-06-05 13:00,0.557,0.324,0.389,29.755
2019-06-05 09:00,2019-06-05 14:00,0.492,0.261,0.362,30.259
2019-06-05 10:00,2019-06-05 15:00,0.395,0.176,0.319,30.481
2019-06-05 11:00,2019-06-05 16:00,0.274,0.086,0.256,30.352
2019-06-05 12:00,2019-06-05 17:00,0.155,0.028,0.174,29.898
2019-06-05 13:00,2019-06-05 18:00,0.048,0,0.077,28.473
2019-06-05 14:00,2019-06-05 19:00,0,0,0.009,25.518
2019-06-05 15:00,2019-06-05 20:00,0,0,0,24.083
2019-06-05 16:00,2019-06-05 21:00,0,0,0,23.164
2019-06-05 17:00,2019-06-05 22:00,0,0,0,22.413
2019-06-05 18:00,2019-06-05 23:00,0,0,0,21.707
2019-06-05 19:00,2019-06-06 00:00,0,0,0,20.975
2019-06-05 20:00,2019-06-06 01:00,0,0,0,20.545
2019-06-05 21:00,2019-06-06 02:00,0,0,0,20.416
2019-06-05 22:00,2019-06-06 03:00,0,0,0,20.261
2019-06-05 23:00,2019-06-06 04:00,0,0,0.001,19.841
2019-06-06 00:00,2019-06-06 05:00,0.026,0,0.050,20.593
2019-06-06 01:00,2019-06-06 06:00,0.122,0.016,0.143,23.429
2019-06-06 02:00,2019-06-06 07:00,0.235,0.058,0.230,25.895
2019-06-06 03:00,2019-06-06 08:00,0.292,0.060,0.298,27.032
2019-06-06 04:00,2019-06-06 09:00,0.252,0.024,0.286,26.844
2019-06-06 05:00,2019-06-06 10:00,0.249,0.018,0.287,26.687
2019-06-06 06:00,2019-06-06 11:00,0.280,0.023,0.320,26.938
2019-06-06 07:00,2019-06-06 12:00,0.267,0.020,0.308,26.917
2019-06-06 08:00,2019-06-06 13:00,0.220,0.012,0.260,26.496
2019-06-06 09:00,2019-06-06 14:00,0.165,0.007,0.201,25.539
2019-06-06 10:00,2019-06-06 15:00,0.149,0.007,0.183,24.674
2019-06-06 11:00,2019-06-06 16:00,0.157,0.010,0.189,25.182
2019-06-06 12:00,2019-06-06 17:00,0.140,0.013,0.167,26.086
2019-06-06 13:00,2019-06-06 18:00,0.056,0,0.085,25.497
2019-06-06 14:00,2019-06-06 19:00,0,0,0.011,23.064
2019-06-06 15:00,2019-06-06 20:00,0,0,0,21.991
2019-06-06 16:00,2019-06-06 21:00,0,0,0,21.648
2019-06-06 17:00,2019-06-06 22:00,0,0,0,21.596
2019-06-06 18:00,2019-06-06 23:00,0,0,0,21.129
2019-06-06 19:00,2019-06-07 00:00,0,0,0,20.457
2019-06-06 20:00,2019-06-07 01:00,0,0,0,19.891
2019-06-06 21:00,2019-06-07 02:00,0,0,0,19.501
2019-06-06 22:00,2019-06-07 03:00,0,0,0,19.465
2019-06-06 23:00,2019-06-07 04:00,0,0,0.001,19.262
2019-06-07 00:00,2019-06-07 05:00,0.023,0,0.046,20.145
2019-06-07 01:00,2019-06-07 06:00,0.109,0.016,0.128,22.904
2019-06-07 02:00,2019-06-07 07:00,0.240,0.091,0.203,25.478
2019-06-07 03:00,2019-06-07 08:00,0.367,0.193,0.259,27.814
2019-06-07 04:00,2019-06-07 09:00,0.490,0.329,0.289,29.639
2019-06-07 05:00,2019-06-07 10:00,0.610,0.524,0.274,31.318
2019-06-07 06:00,2019-06-07 11:00,0.678,0.654,0.260,32.694
2019-06-07 07:00,2019-06-07 12:00,0.690,0.684,0.255,33.661
2019-06-07 08:00,2019-06-07 13:00,0.657,0.637,0.250,34.204
2019-06-07 09:00,2019-06-07 14:00,0.582,0.528,0.242,34.366
2019-06-07 10:00,2019-06-07 15:00,0.461,0.358,0.235,34.083
2019-06-07 11:00,2019-06-07 16:00,0.319,0.195,0.209,33.387
2019-06-07 12:00,2019-06-07 17:00,0.173,0.062,0.161,32.287
2019-06-07 13:00,2019-06-07 18:00,0.056,0,0.087,30.464
2019-06-07 14:00,2019-06-07 19:00,0,0,0.011,26.446
2019-06-07 15:00,2019-06-07 20:00,0,0,0,24.393
2019-06-07 16:00,2019-06-07 21:00,0,0,0,23.166
2019-06-07 17:00,2019-06-07 22:00,0,0,0,22.458
2019-06-07 18:00,2019-06-07 23:00,0,0,0,21.986
2019-06-07 19:00,2019-06-08 00:00,0,0,0,21.655
2019-06-07 20:00,2019-06-08 01:00,0,0,0,21.306
2019-06-07 21:00,2019-06-08 02:00,0,0,0,20.578
2019-06-07 22:00,2019-06-08 03:00,0,0,0,19.835
2019-06-07 23:00,2019-06-08 04:00,0,0,0.001,18.847
2019-06-08 00:00,2019-06-08 05:00,0.027,0,0.050,19.497
2019-06-08 01:00,2019-06-08 06:00,0.124,0.029,0.130,22.083
2019-06-08 02:00,2019-06-08 07:00,0.262,0.122,0.197,24.912
2019-06-08 03:00,2019-06-08 08:00,0.313,0.100,0.283,26.584
2019-06-08 04:00,2019-06-08 09:00,0.429,0.194,0.337,28.075
2019-06-08 05:00,2019-06-08 10:00,0.392,0.105,0.379,28.547
2019-06-08 06:00,2019-06-08 11:00,0.332,0.053,0.357,28.320
2019-06-08 07:00,2019-06-08 12:00,0.420,0.113,0.409,28.790
2019-06-08 08:00,2019-06-08 13:00,0.580,0.396,0.352,30.093
2019-06-08 09:00,2019-06-08 14:00,0.587,0.503,0.259,30.961
2019-06-08 10:00,2019-06-08 15:00,0.491,0.402,0.222,31.012
2019-06-08 11:00,2019-06-08 16:00,0.353,0.254,0.186,30.343
2019-06-08 12:00,2019-06-08 17:00,0.189,0.089,0.150,29.117
2019-06-08 13:00,2019-06-08 18:00,0.059,0,0.090,27.421
2019-06-08 14:00,2019-06-08 19:00,0,0,0.012,24.122
2019-06-08 15:00,2019-06-08 20:00,0,0,0,21.444
2019-06-08 16:00,2019-06-08 21:00,0,0,0,20.382
2019-06-08 17:00,2019-06-08 22:00,0,0,0,20.145
2019-06-08 18:00,2019-06-08 23:00,0,0,0,19.782
2019-06-08 19:00,2019-06-09 00:00,0,0,0,19.141
2019-06-08 20:00,2019-06-09 01:00,0,0,0,18.437
2019-06-08 21:00,2019-06-09 02:00,0,0,0,18.007
2019-06-08 22:00,2019-06-09 03:00,0,0,0,17.786
2019-06-08 23:00,2019-06-09 04:00,0,0,0.001,17.425
2019-06-09 00:00,2019-06-09 05:00,0.029,0,0.052,18.369
2019-06-09 01:00,2019-06-09 06:00,0.127,0.038,0.125,22.184
2019-06-09 02:00,2019-06-09 07:00,0.288,0.183,0.167,25.288
2019-06-09 03:00,2019-06-09 08:00,0.447,0.362,0.193,28.064
2019-06-09 04:00,2019-06-09 09:00,0.576,0.529,0.213,30.081
2019-06-09 05:00,2019-06-09 10:00,0.662,0.652,0.230,31.592
2019-06-09 06:00,2019-06-09 11:00,0.707,0.723,0.239,32.757
2019-06-09 07:00,2019-06-09 12:00,0.705,0.710,0.252,33.393
2019-06-09 08:00,2019-06-09 13:00,0.639,0.571,0.284,33.285
2019-06-09 09:00,2019-06-09 14:00,0.508,0.325,0.329,32.554
2019-06-09 10:00,2019-06-09 15:00,0.365,0.145,0.313,31.609
2019-06-09 11:00,2019-06-09 16:00,0.211,0.036,0.230,30.302
2019-06-09 12:00,2019-06-09 17:00,0.078,0.004,0.108,28.567
2019-06-09 13:00,2019-06-09 18:00,0.016,0,0.037,26.731
2019-06-09 14:00,2019-06-09 19:00,0,0,0.004,24.937
2019-06-09 15:00,2019-06-09 20:00,0,0,0,23.651
2019-06-09 16:00,2019-06-09 21:00,0,0,0,22.646
2019-06-09 17:00,2019-06-09 22:00,0,0,0,21.629
2019-06-09 18:00,2019-06-09 23:00,0,0,0,20.573
2019-06-09 19:00,2019-06-10 00:00,0,0,0,19.397
2019-06-09 20:00,2019-06-10 01:00,0,0,0,18.013
2019-06-09 21:00,2019-06-10 02:00,0,0,0,16.974
2019-06-09 22:00,2019-06-10 03:00,0,0,0,16.464
2019-06-09 23:00,2019-06-10 04:00,0,0,0.001,16.193
2019-06-10 00:00,2019-06-10 05:00,0.018,0,0.039,16.596
2019-06-10 01:00,2019-06-10 06:00,0.098,0.006,0.122,17.821
2019-06-10 02:00,2019-06-10 07:00,0.214,0.039,0.218,19.475
2019-06-10 03:00,2019-06-10 08:00,0.358,0.128,0.298,21.358
2019-06-10 04:00,2019-06-10 09:00,0.492,0.258,0.341,23.066
2019-06-10 05:00,2019-06-10 10:00,0.550,0.293,0.388,24.134
2019-06-10 06:00,2019-06-10 11:00,0.569,0.289,0.422,24.914
2019-06-10 07:00,2019-06-10 12:00,0.561,0.269,0.433,25.456
2019-06-10 08:00,2019-06-10 13:00,0.489,0.174,0.428,25.420
2019-06-10 09:00,2019-06-10 14:00,0.368,0.074,0.370,24.465
2019-06-10 10:00,2019-06-10 15:00,0.256,0.030,0.279,23.108
2019-06-10 11:00,2019-06-10 16:00,0.171,0.013,0.198,21.819
2019-06-10 12:00,2019-06-10 17:00,0.090,0.004,0.118,20.709
2019-06-10 13:00,2019-06-10 18:00,0.023,0,0.045,19.501
2019-06-10 14:00,2019-06-10 19:00,0,0,0.005,18.176
2019-06-10 15:00,2019-06-10 20:00,0,0,0,17.177
2019-06-10 16:00,2019-06-10 21:00,0,0,0,16.400
2019-06-10 17:00,2019-06-10 22:00,0,0,0,15.776
2019-06-10 18:00,2019-06-10 23:00,0,0,0,15.221
2019-06-10 19:00,2019-06-11 00:00,0,0,0,14.739
2019-06-10 20:00,2019-06-11 01:00,0,0,0,14.331
2019-06-10 21:00,2019-06-11 02:00,0,0,0,13.951
2019-06-10 22:00,2019-06-11 03:00,0,0,0,13.674
2019-06-10 23:00,2019-06-11 04:00,0,0,0.001,13.290
2019-06-11 00:00,2019-06-11 05:00,0.027,0,0.049,13.854
2019-06-11 01:00,2019-06-11 06:00,0.126,0.025,0.132,15.774
2019-06-11 02:00,2019-06-11 07:00,0.273,0.129,0.192,18.353
2019-06-11 03:00,2019-06-11 08:00,0.429,0.283,0.227,20.257
2019-06-11 04:00,2019-06-11 09:00,0.565,0.448,0.244,21.817
2019-06-11 05:00,2019-06-11 10:00,0.652,0.559,0.264,23.112
2019-06-11 06:00,2019-06-11 11:00,0.688,0.594,0.287,24.079
2019-06-11 07:00,2019-06-11 12:00,0.672,0.549,0.312,24.701
2019-06-11 08:00,2019-06-11 13:00,0.615,0.448,0.329,24.986
2019-06-11 09:00,2019-06-11 14:00,0.510,0.293,0.336,24.959
2019-06-11 10:00,2019-06-11 15:00,0.401,0.183,0.303,24.754
2019-06-11 11:00,2019-06-11 16:00,0.282,0.096,0.245,24.332
2019-06-11 12:00,2019-06-11 17:00,0.162,0.033,0.170,23.657
2019-06-11 13:00,2019-06-11 18:00,0.056,0,0.084,22.293
2019-06-11 14:00,2019-06-11 19:00,0,0,0.011,19.729
2019-06-11 15:00,2019-06-11 20:00,0,0,0,18.483
2019-06-11 16:00,2019-06-11 21:00,0,0,0,17.639
2019-06-11 17:00,2019-06-11 22:00,0,0,0,17.010
2019-06-11 18:00,2019-06-11 23:00,0,0,0,16.701
2019-06-11 19:00,2019-06-12 00:00,0,0,0,15.807
2019-06-11 20:00,2019-06-12 01:00,0,0,0,14.910
2019-06-11 21:00,2019-06-12 02:00,0,0,0,14.429
2019-06-11 22:00,2019-06-12 03:00,0,0,0,14.187
2019-06-11 23:00,2019-06-12 04:00,0,0,0.001,13.999
2019-06-12 00:00,2019-06-12 05:00,0.029,0,0.051,14.957
2019-06-12 01:00,2019-06-12 06:00,0.124,0.044,0.113,17.859
2019-06-12 02:00,2019-06-12 07:00,0.293,0.202,0.145,20.578
2019-06-12 03:00,2019-06-12 08:00,0.461,0.391,0.167,22.898
2019-06-12 04:00,2019-06-12 09:00,0.597,0.567,0.182,24.500
2019-06-12 05:00,2019-06-12 10:00,0.689,0.700,0.193,25.795
2019-06-12 06:00,2019-06-12 11:00,0.732,0.760,0.207,26.831
2019-06-12 07:00,2019-06-12 12:00,0.741,0.781,0.206,27.602
2019-06-12 08:00,2019-06-12 13:00,0.709,0.738,0.200,28.111
2019-06-12 09:00,2019-06-12 14:00,0.633,0.629,0.190,28.319
2019-06-12 10:00,2019-06-12 15:00,0.514,0.468,0.178,28.203
2019-06-12 11:00,2019-06-12 16:00,0.359,0.280,0.161,27.716
2019-06-12 12:00,2019-06-12 17:00,0.188,0.101,0.135,26.806
2019-06-12 13:00,2019-06-12 18:00,0.056,0,0.085,25.256
2019-06-12 14:00,2019-06-12 19:00,0,0,0.012,22.154
2019-06-12 15:00,2019-06-12 20:00,0,0,0,20.408
2019-06-12 16:00,2019-06-12 21:00,0,0,0,19.469
2019-06-12 17:00,2019-06-12 22:00,0,0,0,18.885
2019-06-12 18:00,2019-06-12 23:00,0,0,0,17.878
2019-06-12 19:00,2019-06-13 00:00,0,0,0,17.069
2019-06-12 20:00,2019-06-13 01:00,0,0,0,16.533
2019-06-12 21:00,2019-06-13 02:00,0,0,0,16.173
2019-06-12 22:00,2019-06-13 03:00,0,0,0,16.013
2019-06-12 23:00,2019-06-13 04:00,0,0,0.001,15.746
2019-06-13 00:00,2019-06-13 05:00,0.029,0,0.052,16.994
2019-06-13 01:00,2019-06-13 06:00,0.121,0.050,0.106,20.578
2019-06-13 02:00,2019-06-13 07:00,0.294,0.219,0.135,23.682
2019-06-13 03:00,2019-06-13 08:00,0.461,0.413,0.155,26.378
2019-06-13 04:00,2019-06-13 09:00,0.594,0.591,0.170,28.387
2019-06-13 05:00,2019-06-13 10:00,0.684,0.728,0.181,30.003
2019-06-13 06:00,2019-06-13 11:00,0.734,0.814,0.185,31.283
2019-06-13 07:00,2019-06-13 12:00,0.741,0.830,0.186,32.212
2019-06-13 08:00,2019-06-13 13:00,0.707,0.780,0.182,32.782
2019-06-13 09:00,2019-06-13 14:00,0.628,0.659,0.176,33.026
2019-06-13 10:00,2019-06-13 15:00,0.512,0.498,0.163,32.910
2019-06-13 11:00,2019-06-13 16:00,0.359,0.306,0.146,32.354
2019-06-13 12:00,2019-06-13 17:00,0.187,0.117,0.123,31.355
2019-06-13 13:00,2019-06-13 18:00,0.052,0,0.082,29.095
2019-06-13 14:00,2019-06-13 19:00,0,0,0.013,25.826
2019-06-13 15:00,2019-06-13 20:00,0,0,0,25.023
2019-06-13 16:00,2019-06-13 21:00,0,0,0,23.959
2019-06-13 17:00,2019-06-13 22:00,0,0,0,22.775
2019-06-13 18:00,2019-06-13 23:00,0,0,0,21.165
2019-06-13 19:00,2019-06-14 00:00,0,0,0,19.952
2019-06-13 20:00,2019-06-14 01:00,0,0,0,19.324
2019-06-13 21:00,2019-06-14 02:00,0,0,0,19.380
2019-06-13 22:00,2019-06-14 03:00,0,0,0,19.947
2019-06-13 23:00,2019-06-14 04:00,0,0,0.001,20.332
2019-06-14 00:00,2019-06-14 05:00,0.025,0,0.048,20.955
2019-06-14 01:00,2019-06-14 06:00,0.117,0.026,0.127,23.714
2019-06-14 02:00,2019-06-14 07:00,0.269,0.162,0.169,26.854
2019-06-14 03:00,2019-06-14 08:00,0.439,0.372,0.177,29.591
2019-06-14 04:00,2019-06-14 09:00,0.578,0.570,0.183,31.755
2019-06-14 05:00,2019-06-14 10:00,0.669,0.713,0.191,33.453
2019-06-14 06:00,2019-06-14 11:00,0.714,0.787,0.199,34.696
2019-06-14 07:00,2019-06-14 12:00,0.719,0.797,0.202,35.574
2019-06-14 08:00,2019-06-14 13:00,0.684,0.743,0.200,36.093
2019-06-14 09:00,2019-06-14 14:00,0.610,0.630,0.192,36.282
2019-06-14 10:00,2019-06-14 15:00,0.483,0.438,0.193,36.067
2019-06-14 11:00,2019-06-14 16:00,0.333,0.246,0.179,35.348
2019-06-14 12:00,2019-06-14 17:00,0.178,0.086,0.146,34.065
2019-06-14 13:00,2019-06-14 18:00,0.056,0,0.087,31.988
2019-06-14 14:00,2019-06-14 19:00,0,0,0.013,28.261
2019-06-14 15:00,2019-06-14 20:00,0,0,0,25.817
2019-06-14 16:00,2019-06-14 21:00,0,0,0,24.568
2019-06-14 17:00,2019-06-14 22:00,0,0,0,23.705
2019-06-14 18:00,2019-06-14 23:00,0,0,0,22.715
2019-06-14 19:00,2019-06-15 00:00,0,0,0,21.718
2019-06-14 20:00,2019-06-15 01:00,0,0,0,20.779
2019-06-14 21:00,2019-06-15 02:00,0,0,0,20.136
2019-06-14 22:00,2019-06-15 03:00,0,0,0,20.031
2019-06-14 23:00,2019-06-15 04:00,0,0,0.001,20.042
2019-06-15 00:00,2019-06-15 05:00,0.021,0,0.044,21.330
2019-06-15 01:00,2019-06-15 06:00,0.104,0.008,0.130,23.918
2019-06-15 02:00,2019-06-15 07:00,0.227,0.057,0.224,26.720
2019-06-15 03:00,2019-06-15 08:00,0.365,0.162,0.290,29.298
2019-06-15 04:00,2019-06-15 09:00,0.473,0.262,0.338,31.024
2019-06-15 05:00,2019-06-15 10:00,0.526,0.290,0.387,31.670
2019-06-15 06:00,2019-06-15 11:00,0.437,0.120,0.428,30.308
2019-06-15 07:00,2019-06-15 12:00,0.327,0.042,0.362,28.662
2019-06-15 08:00,2019-06-15 13:00,0.251,0.020,0.291,28.184
2019-06-15 09:00,2019-06-15 14:00,0.262,0.027,0.298,29.009
2019-06-15 10:00,2019-06-15 15:00,0.238,0.027,0.270,29.519
2019-06-15 11:00,2019-06-15 16:00,0.209,0.029,0.234,29.679
2019-06-15 12:00,2019-06-15 17:00,0.158,0.026,0.178,29.575
2019-06-15 13:00,2019-06-15 18:00,0.062,0,0.093,28.390
2019-06-15 14:00,2019-06-15 19:00,0,0,0.013,24.993
2019-06-15 15:00,2019-06-15 20:00,0,0,0,23.359
2019-06-15 16:00,2019-06-15 21:00,0,0,0,22.375
2019-06-15 17:00,2019-06-15 22:00,0,0,0,21.855
2019-06-15 18:00,2019-06-15 23:00,0,0,0,21.319
2019-06-15 19:00,2019-06-16 00:00,0,0,0,21.068
2019-06-15 20:00,2019-06-16 01:00,0,0,0,20.582
2019-06-15 21:00,2019-06-16 02:00,0,0,0,19.877
2019-06-15 22:00,2019-06-16 03:00,0,0,0,19.703
2019-06-15 23:00,2019-06-16 04:00,0,0,0.001,19.526
2019-06-16 00:00,2019-06-16 05:00,0.029,0,0.052,20.781
2019-06-16 01:00,2019-06-16 06:00,0.119,0.048,0.108,24.810
2019-06-16 02:00,2019-06-16 07:00,0.285,0.213,0.138,28.329
2019-06-16 03:00,2019-06-16 08:00,0.446,0.405,0.158,31.033
2019-06-16 04:00,2019-06-16 09:00,0.577,0.582,0.173,32.666
2019-06-16 05:00,2019-06-16 10:00,0.668,0.721,0.183,33.821
2019-06-16 06:00,2019-06-16 11:00,0.719,0.809,0.186,34.664
2019-06-16 07:00,2019-06-16 12:00,0.728,0.829,0.186,35.194
2019-06-16 08:00,2019-06-16 13:00,0.698,0.782,0.181,35.405
2019-06-16 09:00,2019-06-16 14:00,0.620,0.656,0.178,35.196
2019-06-16 10:00,2019-06-16 15:00,0.506,0.494,0.165,34.618
2019-06-16 11:00,2019-06-16 16:00,0.358,0.308,0.146,33.678
2019-06-16 12:00,2019-06-16 17:00,0.188,0.121,0.121,32.353
2019-06-16 13:00,2019-06-16 18:00,0.052,0,0.082,30.396
2019-06-16 14:00,2019-06-16 19:00,0,0,0.013,26.393
2019-06-16 15:00,2019-06-16 20:00,0,0,0,23.965
2019-06-16 16:00,2019-06-16 21:00,0,0,0,23.001
2019-06-16 17:00,2019-06-16 22:00,0,0,0,22.012
2019-06-16 18:00,2019-06-16 23:00,0,0,0,21.095
2019-06-16 19:00,2019-06-17 00:00,0,0,0,20.245
2019-06-16 20:00,2019-06-17 01:00,0,0,0,19.737
2019-06-16 21:00,2019-06-17 02:00,0,0,0,19.274
2019-06-16 22:00,2019-06-17 03:00,0,0,0,18.406
2019-06-16 23:00,2019-06-17 04:00,0,0,0.001,17.929
2019-06-17 00:00,2019-06-17 05:00,0.029,0,0.053,19.181
2019-06-17 01:00,2019-06-17 06:00,0.120,0.046,0.110,23.057
2019-06-17 02:00,2019-06-17 07:00,0.287,0.210,0.140,25.870
2019-06-17 03:00,2019-06-17 08:00,0.451,0.402,0.160,28.407
2019-06-17 04:00,2019-06-17 09:00,0.583,0.582,0.173,30.705
2019-06-17 05:00,2019-06-17 10:00,0.673,0.721,0.183,32.431
2019-06-17 06:00,2019-06-17 11:00,0.720,0.801,0.189,33.726
2019-06-17 07:00,2019-06-17 12:00,0.726,0.815,0.191,34.688
2019-06-17 08:00,2019-06-17 13:00,0.692,0.763,0.188,35.259
2019-06-17 09:00,2019-06-17 14:00,0.619,0.656,0.178,35.479
2019-06-17 10:00,2019-06-17 15:00,0.505,0.494,0.166,35.362
2019-06-17 11:00,2019-06-17 16:00,0.355,0.305,0.148,34.813
2019-06-17 12:00,2019-06-17 17:00,0.186,0.117,0.124,33.768
2019-06-17 13:00,2019-06-17 18:00,0.052,0,0.083,31.686
2019-06-17 14:00,2019-06-17 19:00,0,0,0.013,27.163
2019-06-17 15:00,2019-06-17 20:00,0,0,0,24.919
2019-06-17 16:00,2019-06-17 21:00,0,0,0,23.728
2019-06-17 17:00,2019-06-17 22:00,0,0,0,22.724
2019-06-17 18:00,2019-06-17 23:00,0,0,0,22.042
2019-06-17 19:00,2019-06-18 00:00,0,0,0,21.441
2019-06-17 20:00,2019-06-18 01:00,0,0,0,20.996
2019-06-17 21:00,2019-06-18 02:00,0,0,0,20.609
2019-06-17 22:00,2019-06-18 03:00,0,0,0,20.081
2019-06-17 23:00,2019-06-18 04:00,0,0,0.001,19.642
2019-06-18 00:00,2019-06-18 05:00,0.030,0,0.054,20.659
2019-06-18 01:00,2019-06-18 06:00,0.122,0.040,0.119,23.890
2019-06-18 02:00,2019-06-18 07:00,0.285,0.196,0.153,26.656
2019-06-18 03:00,2019-06-18 08:00,0.454,0.401,0.167,29.187
2019-06-18 04:00,2019-06-18 09:00,0.584,0.577,0.183,31.282
2019-06-18 05:00,2019-06-18 10:00,0.671,0.707,0.197,32.951
2019-06-18 06:00,2019-06-18 11:00,0.710,0.765,0.211,34.218
2019-06-18 07:00,2019-06-18 12:00,0.713,0.772,0.216,35.100
2019-06-18 08:00,2019-06-18 13:00,0.683,0.730,0.209,35.583
2019-06-18 09:00,2019-06-18 14:00,0.599,0.589,0.213,35.622
2019-06-18 10:00,2019-06-18 15:00,0.450,0.342,0.239,35.121
2019-06-18 11:00,2019-06-18 16:00,0.271,0.105,0.239,34.028
2019-06-18 12:00,2019-06-18 17:00,0.131,0.019,0.157,32.647
2019-06-18 13:00,2019-06-18 18:00,0.042,0,0.071,30.792
2019-06-18 14:00,2019-06-18 19:00,0,0,0.011,28.064
2019-06-18 15:00,2019-06-18 20:00,0,0,0,26.156
2019-06-18 16:00,2019-06-18 21:00,0,0,0,24.826
2019-06-18 17:00,2019-06-18 22:00,0,0,0,23.303
2019-06-18 18:00,2019-06-18 23:00,0,0,0,22.174
2019-06-18 19:00,2019-06-19 00:00,0,0,0,21.120
2019-06-18 20:00,2019-06-19 01:00,0,0,0,20.270
2019-06-18 21:00,2019-06-19 02:00,0,0,0,19.717
2019-06-18 22:00,2019-06-19 03:00,0,0,0,19.466
2019-06-18 23:00,2019-06-19 04:00,0,0,0.001,19.522
2019-06-19 00:00,2019-06-19 05:00,0.032,0,0.056,20.909
2019-06-19 01:00,2019-06-19 06:00,0.124,0.041,0.121,24.701
2019-06-19 02:00,2019-06-19 07:00,0.285,0.190,0.160,27.559
2019-06-19 03:00,2019-06-19 08:00,0.448,0.381,0.181,29.915
2019-06-19 04:00,2019-06-19 09:00,0.576,0.550,0.200,31.875
2019-06-19 05:00,2019-06-19 10:00,0.659,0.669,0.218,33.447
2019-06-19 06:00,2019-06-19 11:00,0.700,0.731,0.231,34.600
2019-06-19 07:00,2019-06-19 12:00,0.694,0.709,0.247,35.316
2019-06-19 08:00,2019-06-19 13:00,0.623,0.554,0.286,35.453
2019-06-19 09:00,2019-06-19 14:00,0.433,0.196,0.360,34.713
2019-06-19 10:00,2019-06-19 15:00,0.261,0.047,0.284,33.695
2019-06-19 11:00,2019-06-19 16:00,0.178,0.022,0.208,32.856
2019-06-19 12:00,2019-06-19 17:00,0.123,0.014,0.152,32.037
2019-06-19 13:00,2019-06-19 18:00,0.051,0,0.081,30.783
2019-06-19 14:00,2019-06-19 19:00,0,0,0.012,28.060
2019-06-19 15:00,2019-06-19 20:00,0,0,0,26.421
2019-06-19 16:00,2019-06-19 21:00,0,0,0,25.364
2019-06-19 17:00,2019-06-19 22:00,0,0,0,24.414
2019-06-19 18:00,2019-06-19 23:00,0,0,0,22.620
2019-06-19 19:00,2019-06-20 00:00,0,0,0,21.330
2019-06-19 20:00,2019-06-20 01:00,0,0,0,20.560
2019-06-19 21:00,2019-06-20 02:00,0,0,0,20.367
2019-06-19 22:00,2019-06-20 03:00,0,0,0,20.003
2019-06-19 23:00,2019-06-20 04:00,0,0,0.001,19.555
2019-06-20 00:00,2019-06-20 05:00,0.030,0,0.054,20.773
2019-06-20 01:00,2019-06-20 06:00,0.120,0.048,0.109,24.021
2019-06-20 02:00,2019-06-20 07:00,0.288,0.212,0.140,26.939
2019-06-20 03:00,2019-06-20 08:00,0.450,0.400,0.163,29.257
2019-06-20 04:00,2019-06-20 09:00,0.575,0.561,0.184,31.163
2019-06-20 05:00,2019-06-20 10:00,0.649,0.657,0.210,32.703
2019-06-20 06:00,2019-06-20 11:00,0.695,0.731,0.218,33.954
2019-06-20 07:00,2019-06-20 12:00,0.701,0.746,0.219,34.864
2019-06-20 08:00,2019-06-20 13:00,0.671,0.705,0.213,35.454
2019-06-20 09:00,2019-06-20 14:00,0.588,0.572,0.214,35.641
2019-06-20 10:00,2019-06-20 15:00,0.476,0.417,0.201,35.549
2019-06-20 11:00,2019-06-20 16:00,0.336,0.251,0.177,35.135
2019-06-20 12:00,2019-06-20 17:00,0.181,0.094,0.142,34.352
2019-06-20 13:00,2019-06-20 18:00,0.056,0,0.088,32.919
2019-06-20 14:00,2019-06-20 19:00,0,0,0.013,29.657
2019-06-20 15:00,2019-06-20 20:00,0,0,0,27.790
2019-06-20 16:00,2019-06-20 21:00,0,0,0,26.618
2019-06-20 17:00,2019-06-20 22:00,0,0,0,25.313
2019-06-20 18:00,2019-06-20 23:00,0,0,0,24.250
2019-06-20 19:00,2019-06-21 00:00,0,0,0,23.417
2019-06-20 20:00,2019-06-21 01:00,0,0,0,22.670
2019-06-20 21:00,2019-06-21 02:00,0,0,0,22.444
2019-06-20 22:00,2019-06-21 03:00,0,0,0,22.356
2019-06-20 23:00,2019-06-21 04:00,0,0,0.001,22.176
2019-06-21 00:00,2019-06-21 05:00,0.029,0,0.053,23.162
2019-06-21 01:00,2019-06-21 06:00,0.118,0.045,0.111,26.641
2019-06-21 02:00,2019-06-21 07:00,0.282,0.208,0.142,29.522
2019-06-21 03:00,2019-06-21 08:00,0.442,0.396,0.164,31.882
2019-06-21 04:00,2019-06-21 09:00,0.570,0.569,0.180,33.940
2019-06-21 05:00,2019-06-21 10:00,0.656,0.701,0.193,35.627
2019-06-21 06:00,2019-06-21 11:00,0.697,0.766,0.204,36.781
2019-06-21 07:00,2019-06-21 12:00,0.701,0.774,0.208,37.573
2019-06-21 08:00,2019-06-21 13:00,0.666,0.718,0.207,38.027
2019-06-21 09:00,2019-06-21 14:00,0.590,0.599,0.203,38.184
2019-06-21 10:00,2019-06-21 15:00,0.477,0.438,0.192,37.982
2019-06-21 11:00,2019-06-21 16:00,0.334,0.257,0.173,37.343
2019-06-21 12:00,2019-06-21 17:00,0.179,0.093,0.142,36.276
2019-06-21 13:00,2019-06-21 18:00,0.055,0,0.088,34.603
2019-06-21 14:00,2019-06-21 19:00,0,0,0.013,31.193
2019-06-21 15:00,2019-06-21 20:00,0,0,0,28.974
2019-06-21 16:00,2019-06-21 21:00,0,0,0,27.536
2019-06-21 17:00,2019-06-21 22:00,0,0,0,26.500
2019-06-21 18:00,2019-06-21 23:00,0,0,0,25.607
2019-06-21 19:00,2019-06-22 00:00,0,0,0,24.640
2019-06-21 20:00,2019-06-22 01:00,0,0,0,24.178
2019-06-21 21:00,2019-06-22 02:00,0,0,0,24.181
2019-06-21 22:00,2019-06-22 03:00,0,0,0,24.161
2019-06-21 23:00,2019-06-22 04:00,0,0,0.001,23.536
2019-06-22 00:00,2019-06-22 05:00,0.029,0,0.053,24.289
2019-06-22 01:00,2019-06-22 06:00,0.118,0.033,0.123,27.198
2019-06-22 02:00,2019-06-22 07:00,0.264,0.157,0.172,29.874
2019-06-22 03:00,2019-06-22 08:00,0.416,0.329,0.197,32.239
2019-06-22 04:00,2019-06-22 09:00,0.557,0.534,0.198,34.211
2019-06-22 05:00,2019-06-22 10:00,0.646,0.668,0.209,35.599
2019-06-22 06:00,2019-06-22 11:00,0.672,0.689,0.238,36.449
2019-06-22 07:00,2019-06-22 12:00,0.675,0.688,0.245,37.007
2019-06-22 08:00,2019-06-22 13:00,0.652,0.666,0.231,37.298
2019-06-22 09:00,2019-06-22 14:00,0.580,0.556,0.224,37.272
2019-06-22 10:00,2019-06-22 15:00,0.477,0.425,0.201,37.120
2019-06-22 11:00,2019-06-22 16:00,0.339,0.260,0.175,36.555
2019-06-22 12:00,2019-06-22 17:00,0.181,0.090,0.146,35.448
2019-06-22 13:00,2019-06-22 18:00,0.057,0,0.089,33.695
2019-06-22 14:00,2019-06-22 19:00,0,0,0.012,30.815
2019-06-22 15:00,2019-06-22 20:00,0,0,0,28.945
2019-06-22 16:00,2019-06-22 21:00,0,0,0,27.949
2019-06-22 17:00,2019-06-22 22:00,0,0,0,27.068
2019-06-22 18:00,2019-06-22 23:00,0,0,0,26.207
2019-06-22 19:00,2019-06-23 00:00,0,0,0,25.249
2019-06-22 20:00,2019-06-23 01:00,0,0,0,24.557
2019-06-22 21:00,2019-06-23 02:00,0,0,0,24.065
2019-06-22 22:00,2019-06-23 03:00,0,0,0,23.794
2019-06-22 23:00,2019-06-23 04:00,0,0,0.001,23.622
2019-06-23 00:00,2019-06-23 05:00,0.027,0,0.051,23.922
2019-06-23 01:00,2019-06-23 06:00,0.119,0.029,0.128,26.051
2019-06-23 02:00,2019-06-23 07:00,0.279,0.186,0.158,28.547
2019-06-23 03:00,2019-06-23 08:00,0.448,0.393,0.170,30.605
2019-06-23 04:00,2019-06-23 09:00,0.574,0.556,0.192,32.118
2019-06-23 05:00,2019-06-23 10:00,0.655,0.667,0.212,33.327
2019-06-23 06:00,2019-06-23 11:00,0.680,0.681,0.243,34.177
2019-06-23 07:00,2019-06-23 12:00,0.681,0.679,0.252,34.831
2019-06-23 08:00,2019-06-23 13:00,0.639,0.605,0.258,35.154
2019-06-23 09:00,2019-06-23 14:00,0.569,0.508,0.246,35.181
2019-06-23 10:00,2019-06-23 15:00,0.453,0.347,0.237,34.903
2019-06-23 11:00,2019-06-23 16:00,0.297,0.151,0.226,34.163
2019-06-23 12:00,2019-06-23 17:00,0.158,0.040,0.168,33.149
2019-06-23 13:00,2019-06-23 18:00,0.054,0,0.085,31.713
2019-06-23 14:00,2019-06-23 19:00,0,0,0.012,28.700
2019-06-23 15:00,2019-06-23 20:00,0,0,0,26.958
2019-06-23 16:00,2019-06-23 21:00,0,0,0,26.266
2019-06-23 17:00,2019-06-23 22:00,0,0,0,25.304
2019-06-23 18:00,2019-06-23 23:00,0,0,0,24.379
2019-06-23 19:00,2019-06-24 00:00,0,0,0,23.994
2019-06-23 20:00,2019-06-24 01:00,0,0,0,23.947
2019-06-23 21:00,2019-06-24 02:00,0,0,0,23.623
2019-06-23 22:00,2019-06-24 03:00,0,0,0,23.136
2019-06-23 23:00,2019-06-24 04:00,0,0,0.001,22.742
2019-06-24 00:00,2019-06-24 05:00,0.026,0,0.050,23.653
2019-06-24 01:00,2019-06-24 06:00,0.115,0.021,0.132,26.420
2019-06-24 02:00,2019-06-24 07:00,0.257,0.131,0.188,29.364
2019-06-24 03:00,2019-06-24 08:00,0.411,0.305,0.213,31.772
2019-06-24 04:00,2019-06-24 09:00,0.546,0.492,0.221,33.520
2019-06-24 05:00,2019-06-24 10:00,0.640,0.638,0.227,34.900
2019-06-24 06:00,2019-06-24 11:00,0.675,0.678,0.248,35.835
2019-06-24 07:00,2019-06-24 12:00,0.667,0.650,0.266,36.377
2019-06-24 08:00,2019-06-24 13:00,0.624,0.575,0.274,36.635
2019-06-24 09:00,2019-06-24 14:00,0.547,0.456,0.271,36.567
2019-06-24 10:00,2019-06-24 15:00,0.429,0.292,0.263,36.146
2019-06-24 11:00,2019-06-24 16:00,0.291,0.139,0.233,35.357
2019-06-24 12:00,2019-06-24 17:00,0.161,0.043,0.169,34.310
2019-06-24 13:00,2019-06-24 18:00,0.055,0,0.087,32.745
2019-06-24 14:00,2019-06-24 19:00,0,0,0.013,29.356
2019-06-24 15:00,2019-06-24 20:00,0,0,0,27.576
2019-06-24 16:00,2019-06-24 21:00,0,0,0,26.825
2019-06-24 17:00,2019-06-24 22:00,0,0,0,26.146
2019-06-24 18:00,2019-06-24 23:00,0,0,0,25.429
2019-06-24 19:00,2019-06-25 00:00,0,0,0,24.577
2019-06-24 20:00,2019-06-25 01:00,0,0,0,23.744
2019-06-24 21:00,2019-06-25 02:00,0,0,0,23.278
2019-06-24 22:00,2019-06-25 03:00,0,0,0,23.191
2019-06-24 23:00,2019-06-25 04:00,0,0,0.001,23.037
2019-06-25 00:00,2019-06-25 05:00,0.026,0,0.050,24.059
2019-06-25 01:00,2019-06-25 06:00,0.115,0.022,0.131,27.302
2019-06-25 02:00,2019-06-25 07:00,0.259,0.141,0.182,30.083
2019-06-25 03:00,2019-06-25 08:00,0.408,0.303,0.212,32.241
2019-06-25 04:00,2019-06-25 09:00,0.536,0.472,0.228,33.895
2019-06-25 05:00,2019-06-25 10:00,0.621,0.593,0.242,35.311
2019-06-25 06:00,2019-06-25 11:00,0.659,0.644,0.259,36.303
2019-06-25 07:00,2019-06-25 12:00,0.656,0.630,0.272,36.871
2019-06-25 08:00,2019-06-25 13:00,0.616,0.561,0.277,37.099
2019-06-25 09:00,2019-06-25 14:00,0.545,0.460,0.267,37.082
2019-06-25 10:00,2019-06-25 15:00,0.442,0.330,0.245,36.780
2019-06-25 11:00,2019-06-25 16:00,0.314,0.192,0.210,36.193
2019-06-25 12:00,2019-06-25 17:00,0.174,0.069,0.160,35.299
2019-06-25 13:00,2019-06-25 18:00,0.057,0,0.090,33.837
2019-06-25 14:00,2019-06-25 19:00,0,0,0.013,30.726
2019-06-25 15:00,2019-06-25 20:00,0,0,0,28.966
2019-06-25 16:00,2019-06-25 21:00,0,0,0,27.590
2019-06-25 17:00,2019-06-25 22:00,0,0,0,26.559
2019-06-25 18:00,2019-06-25 23:00,0,0,0,25.615
2019-06-25 19:00,2019-06-26 00:00,0,0,0,24.989
2019-06-25 20:00,2019-06-26 01:00,0,0,0,24.482
2019-06-25 21:00,2019-06-26 02:00,0,0,0,23.953
2019-06-25 22:00,2019-06-26 03:00,0,0,0,23.416
2019-06-25 23:00,2019-06-26 04:00,0,0,0.001,23.039
2019-06-26 00:00,2019-06-26 05:00,0.028,0,0.052,24.330
2019-06-26 01:00,2019-06-26 06:00,0.117,0.028,0.127,27.500
2019-06-26 02:00,2019-06-26 07:00,0.262,0.150,0.177,30.371
2019-06-26 03:00,2019-06-26 08:00,0.421,0.338,0.195,32.633
2019-06-26 04:00,2019-06-26 09:00,0.555,0.525,0.204,34.389
2019-06-26 05:00,2019-06-26 10:00,0.641,0.652,0.218,35.822
2019-06-26 06:00,2019-06-26 11:00,0.683,0.718,0.229,36.889
2019-06-26 07:00,2019-06-26 12:00,0.687,0.724,0.234,37.584
2019-06-26 08:00,2019-06-26 13:00,0.648,0.656,0.238,37.917
2019-06-26 09:00,2019-06-26 14:00,0.569,0.529,0.238,37.990
2019-06-26 10:00,2019-06-26 15:00,0.447,0.350,0.236,37.761
2019-06-26 11:00,2019-06-26 16:00,0.302,0.171,0.218,37.150
2019-06-26 12:00,2019-06-26 17:00,0.160,0.045,0.167,36.203
2019-06-26 13:00,2019-06-26 18:00,0.053,0,0.085,34.498
2019-06-26 14:00,2019-06-26 19:00,0,0,0.012,31.319
2019-06-26 15:00,2019-06-26 20:00,0,0,0,29.922
2019-06-26 16:00,2019-06-26 21:00,0,0,0,29.000
2019-06-26 17:00,2019-06-26 22:00,0,0,0,27.963
2019-06-26 18:00,2019-06-26 23:00,0,0,0,26.946
2019-06-26 19:00,2019-06-27 00:00,0,0,0,25.968
2019-06-26 20:00,2019-06-27 01:00,0,0,0,25.415
2019-06-26 21:00,2019-06-27 02:00,0,0,0,25.009
2019-06-26 22:00,2019-06-27 03:00,0,0,0,24.573
2019-06-26 23:00,2019-06-27 04:00,0,0,0.001,24.195
2019-06-27 00:00,2019-06-27 05:00,0.028,0,0.053,25.146
2019-06-27 01:00,2019-06-27 06:00,0.118,0.018,0.139,28.328
2019-06-27 02:00,2019-06-27 07:00,0.248,0.101,0.210,31.108
2019-06-27 03:00,2019-06-27 08:00,0.375,0.208,0.267,33.123
2019-06-27 04:00,2019-06-27 09:00,0.475,0.300,0.314,34.531
2019-06-27 05:00,2019-06-27 10:00,0.545,0.371,0.349,35.602
2019-06-27 06:00,2019-06-27 11:00,0.585,0.417,0.367,36.368
2019-06-27 07:00,2019-06-27 12:00,0.591,0.423,0.372,36.821
2019-06-27 08:00,2019-06-27 13:00,0.520,0.293,0.394,36.744
2019-06-27 09:00,2019-06-27 14:00,0.411,0.153,0.378,36.150
2019-06-27 10:00,2019-06-27 15:00,0.309,0.078,0.316,35.352
2019-06-27 11:00,2019-06-27 16:00,0.203,0.031,0.231,34.164
2019-06-27 12:00,2019-06-27 17:00,0.102,0.007,0.134,32.509
2019-06-27 13:00,2019-06-27 18:00,0.030,0,0.056,30.214
2019-06-27 14:00,2019-06-27 19:00,0,0,0.007,27.501
2019-06-27 15:00,2019-06-27 20:00,0,0,0,25.951
2019-06-27 16:00,2019-06-27 21:00,0,0,0,25.086
2019-06-27 17:00,2019-06-27 22:00,0,0,0,24.531
2019-06-27 18:00,2019-06-27 23:00,0,0,0,23.945
2019-06-27 19:00,2019-06-28 00:00,0,0,0,23.368
2019-06-27 20:00,2019-06-28 01:00,0,0,0,22.827
2019-06-27 21:00,2019-06-28 02:00,0,0,0,22.192
2019-06-27 22:00,2019-06-28 03:00,0,0,0,21.792
2019-06-27 23:00,2019-06-28 04:00,0,0,0.001,21.458
2019-06-28 00:00,2019-06-28 05:00,0.029,0,0.053,22.544
2019-06-28 01:00,2019-06-28 06:00,0.120,0.031,0.127,25.207
2019-06-28 02:00,2019-06-28 07:00,0.273,0.167,0.171,28.440
2019-06-28 03:00,2019-06-28 08:00,0.409,0.293,0.219,30.593
2019-06-28 04:00,2019-06-28 09:00,0.506,0.378,0.270,31.757
2019-06-28 05:00,2019-06-28 10:00,0.564,0.421,0.314,32.455
2019-06-28 06:00,2019-06-28 11:00,0.589,0.429,0.346,32.912
2019-06-28 07:00,2019-06-28 12:00,0.602,0.453,0.344,33.358
2019-06-28 08:00,2019-06-28 13:00,0.592,0.465,0.318,33.860
2019-06-28 09:00,2019-06-28 14:00,0.540,0.420,0.287,34.226
2019-06-28 10:00,2019-06-28 15:00,0.446,0.319,0.254,34.240
2019-06-28 11:00,2019-06-28 16:00,0.317,0.187,0.215,33.776
2019-06-28 12:00,2019-06-28 17:00,0.173,0.058,0.166,32.830
2019-06-28 13:00,2019-06-28 18:00,0.056,0,0.088,31.200
2019-06-28 14:00,2019-06-28 19:00,0,0,0.012,28.941
2019-06-28 15:00,2019-06-28 20:00,0,0,0,28.077
2019-06-28 16:00,2019-06-28 21:00,0,0,0,27.350
2019-06-28 17:00,2019-06-28 22:00,0,0,0,26.427
2019-06-28 18:00,2019-06-28 23:00,0,0,0,25.304
2019-06-28 19:00,2019-06-29 00:00,0,0,0,24.279
2019-06-28 20:00,2019-06-29 01:00,0,0,0,23.361
2019-06-28 21:00,2019-06-29 02:00,0,0,0,22.945
2019-06-28 22:00,2019-06-29 03:00,0,0,0,22.692
2019-06-28 23:00,2019-06-29 04:00,0,0,0.001,22.569
2019-06-29 00:00,2019-06-29 05:00,0.020,0,0.043,23.494
2019-06-29 01:00,2019-06-29 06:00,0.093,0.006,0.121,25.659
2019-06-29 02:00,2019-06-29 07:00,0.213,0.049,0.217,28.374
2019-06-29 03:00,2019-06-29 08:00,0.361,0.169,0.281,30.932
2019-06-29 04:00,2019-06-29 09:00,0.508,0.366,0.291,33.304
2019-06-29 05:00,2019-06-29 10:00,0.599,0.498,0.302,35.155
2019-06-29 06:00,2019-06-29 11:00,0.628,0.522,0.330,36.294
2019-06-29 07:00,2019-06-29 12:00,0.589,0.415,0.378,36.784
2019-06-29 08:00,2019-06-29 13:00,0.499,0.249,0.407,36.725
2019-06-29 09:00,2019-06-29 14:00,0.373,0.105,0.374,36.169
2019-06-29 10:00,2019-06-29 15:00,0.288,0.060,0.308,35.450
2019-06-29 11:00,2019-06-29 16:00,0.201,0.029,0.230,34.211
2019-06-29 12:00,2019-06-29 17:00,0.111,0.009,0.143,32.616
2019-06-29 13:00,2019-06-29 18:00,0.033,0,0.059,31.042
2019-06-29 14:00,2019-06-29 19:00,0,0,0.008,29.054
2019-06-29 15:00,2019-06-29 20:00,0,0,0,27.844
2019-06-29 16:00,2019-06-29 21:00,0,0,0,27.039
2019-06-29 17:00,2019-06-29 22:00,0,0,0,26.277
2019-06-29 18:00,2019-06-29 23:00,0,0,0,25.646
2019-06-29 19:00,2019-06-30 00:00,0,0,0,25.132
2019-06-29 20:00,2019-06-30 01:00,0,0,0,24.301
2019-06-29 21:00,2019-06-30 02:00,0,0,0,23.712
2019-06-29 22:00,2019-06-30 03:00,0,0,0,23.440
2019-06-29 23:00,2019-06-30 04:00,0,0,0.001,23.272
2019-06-30 00:00,2019-06-30 05:00,0.029,0,0.053,24.514
2019-06-30 01:00,2019-06-30 06:00,0.119,0.031,0.126,27.813
2019-06-30 02:00,2019-06-30 07:00,0.268,0.161,0.174,30.750
2019-06-30 03:00,2019-06-30 08:00,0.413,0.314,0.210,33.118
2019-06-30 04:00,2019-06-30 09:00,0.521,0.434,0.247,34.656
2019-06-30 05:00,2019-06-30 10:00,0.557,0.424,0.314,35.528
2019-06-30 06:00,2019-06-30 11:00,0.584,0.439,0.343,36.247
2019-06-30 07:00,2019-06-30 12:00,0.592,0.453,0.345,36.838
2019-06-30 08:00,2019-06-30 13:00,0.568,0.428,0.333,37.251
2019-06-30 09:00,2019-06-30 14:00,0.513,0.374,0.305,37.438
2019-06-30 10:00,2019-06-30 15:00,0.413,0.258,0.278,37.254
2019-06-30 11:00,2019-06-30 16:00,0.289,0.136,0.235,36.727
2019-06-30 12:00,2019-06-30 17:00,0.156,0.038,0.170,35.814
2019-06-30 13:00,2019-06-30 18:00,0.051,0,0.083,34.039
2019-06-30 14:00,2019-06-30 19:00,0,0,0.011,31.008
2019-06-30 15:00,2019-06-30 20:00,0,0,0,29.654
2019-06-30 16:00,2019-06-30 21:00,0,0,0,28.905
2019-06-30 17:00,2019-06-30 22:00,0,0,0,27.881
2019-06-30 18:00,2019-06-30 23:00,0,0,0,26.710
2019-06-30 19:00,2019-07-01 00:00,0,0,0,25.614
2019-06-30 20:00,2019-07-01 01:00,0,0,0,25.110
2019-06-30 21:00,2019-07-01 02:00,0,0,0,24.708
2019-06-30 22:00,2019-07-01 03:00,0,0,0,24.320
2019-06-30 23:00,2019-07-01 04:00,0,0,0.001,24.033
2019-07-01 00:00,2019-07-01 05:00,0.027,0,0.052,25.490
2019-07-01 01:00,2019-07-01 06:00,0.111,0.047,0.103,29.341
2019-07-01 02:00,2019-07-01 07:00,0.279,0.217,0.134,32.279
2019-07-01 03:00,2019-07-01 08:00,0.438,0.405,0.157,34.508
2019-07-01 04:00,2019-07-01 09:00,0.563,0.574,0.176,36.203
2019-07-01 05:00,2019-07-01 10:00,0.648,0.702,0.190,37.540
2019-07-01 06:00,2019-07-01 11:00,0.686,0.758,0.204,38.501
2019-07-01 07:00,2019-07-01 12:00,0.693,0.773,0.206,39.194
2019-07-01 08:00,2019-07-01 13:00,0.663,0.728,0.201,39.611
2019-07-01 09:00,2019-07-01 14:00,0.593,0.622,0.192,39.757
2019-07-01 10:00,2019-07-01 15:00,0.485,0.470,0.176,39.569
2019-07-01 11:00,2019-07-01 16:00,0.343,0.292,0.155,39.012
2019-07-01 12:00,2019-07-01 17:00,0.183,0.117,0.126,38.072
2019-07-01 13:00,2019-07-01 18:00,0.050,0,0.082,36.412
2019-07-01 14:00,2019-07-01 19:00,0,0,0.013,32.699
2019-07-01 15:00,2019-07-01 20:00,0,0,0,30.703
2019-07-01 16:00,2019-07-01 21:00,0,0,0,29.626
2019-07-01 17:00,2019-07-01 22:00,0,0,0,28.969
2019-07-01 18:00,2019-07-01 23:00,0,0,0,28.556
2019-07-01 19:00,2019-07-02 00:00,0,0,0,27.929
2019-07-01 20:00,2019-07-02 01:00,0,0,0,27.158
2019-07-01 21:00,2019-07-02 02:00,0,0,0,26.367
2019-07-01 22:00,2019-07-02 03:00,0,0,0,25.854
2019-07-01 23:00,2019-07-02 04:00,0,0,0.001,25.459
2019-07-02 00:00,2019-07-02 05:00,0.027,0,0.052,26.832
2019-07-02 01:00,2019-07-02 06:00,0.111,0.043,0.109,30.906
2019-07-02 02:00,2019-07-02 07:00,0.273,0.206,0.141,33.942
2019-07-02 03:00,2019-07-02 08:00,0.430,0.393,0.164,36.234
2019-07-02 04:00,2019-07-02 09:00,0.556,0.566,0.181,37.967
2019-07-02 05:00,2019-07-02 10:00,0.642,0.700,0.192,39.343
2019-07-02 06:00,2019-07-02 11:00,0.690,0.785,0.197,40.472
2019-07-02 07:00,2019-07-02 12:00,0.697,0.801,0.198,41.299
2019-07-02 08:00,2019-07-02 13:00,0.666,0.753,0.194,41.735
2019-07-02 09:00,2019-07-02 14:00,0.590,0.629,0.191,41.879
2019-07-02 10:00,2019-07-02 15:00,0.480,0.469,0.178,41.722
2019-07-02 11:00,2019-07-02 16:00,0.337,0.283,0.161,41.060
2019-07-02 12:00,2019-07-02 17:00,0.179,0.105,0.135,39.872
2019-07-02 13:00,2019-07-02 18:00,0.053,0,0.086,37.907
2019-07-02 14:00,2019-07-02 19:00,0,0,0.012,34.707
2019-07-02 15:00,2019-07-02 20:00,0,0,0,32.506
2019-07-02 16:00,2019-07-02 21:00,0,0,0,31.122
2019-07-02 17:00,2019-07-02 22:00,0,0,0,30.055
2019-07-02 18:00,2019-07-02 23:00,0,0,0,29.001
2019-07-02 19:00,2019-07-03 00:00,0,0,0,27.935
2019-07-02 20:00,2019-07-03 01:00,0,0,0,27.204
2019-07-02 21:00,2019-07-03 02:00,0,0,0,26.722
2019-07-02 22:00,2019-07-03 03:00,0,0,0,26.244
2019-07-02 23:00,2019-07-03 04:00,0,0,0.001,25.877
2019-07-03 00:00,2019-07-03 05:00,0.012,0,0.033,25.822
2019-07-03 01:00,2019-07-03 06:00,0.081,0.004,0.110,26.327
2019-07-03 02:00,2019-07-03 07:00,0.177,0.024,0.200,27.272
2019-07-03 03:00,2019-07-03 08:00,0.274,0.056,0.282,28.230
2019-07-03 04:00,2019-07-03 09:00,0.330,0.068,0.339,28.620
2019-07-03 05:00,2019-07-03 10:00,0.392,0.095,0.391,29.006
2019-07-03 06:00,2019-07-03 11:00,0.409,0.096,0.413,29.433
2019-07-03 07:00,2019-07-03 12:00,0.438,0.121,0.428,29.899
2019-07-03 08:00,2019-07-03 13:00,0.428,0.122,0.414,30.510
2019-07-03 09:00,2019-07-03 14:00,0.470,0.225,0.373,31.773
2019-07-03 10:00,2019-07-03 15:00,0.408,0.202,0.314,32.470
2019-07-03 11:00,2019-07-03 16:00,0.303,0.132,0.250,32.491
2019-07-03 12:00,2019-07-03 17:00,0.180,0.056,0.176,31.976
2019-07-03 13:00,2019-07-03 18:00,0.061,0,0.093,30.606
2019-07-03 14:00,2019-07-03 19:00,0,0,0.012,28.156
2019-07-03 15:00,2019-07-03 20:00,0,0,0,26.299
2019-07-03 16:00,2019-07-03 21:00,0,0,0,25.004
2019-07-03 17:00,2019-07-03 22:00,0,0,0,23.692
2019-07-03 18:00,2019-07-03 23:00,0,0,0,22.329
2019-07-03 19:00,2019-07-04 00:00,0,0,0,21.368
2019-07-03 20:00,2019-07-04 01:00,0,0,0,20.663
2019-07-03 21:00,2019-07-04 02:00,0,0,0,20.187
2019-07-03 22:00,2019-07-04 03:00,0,0,0,20.086
2019-07-03 23:00,2019-07-04 04:00,0,0,0.001,20.127
2019-07-04 00:00,2019-07-04 05:00,0.027,0,0.051,21.195
2019-07-04 01:00,2019-07-04 06:00,0.114,0.038,0.112,24.324
2019-07-04 02:00,2019-07-04 07:00,0.278,0.196,0.146,27.105
2019-07-04 03:00,2019-07-04 08:00,0.441,0.383,0.168,29.417
2019-07-04 04:00,2019-07-04 09:00,0.572,0.558,0.184,31.176
2019-07-04 05:00,2019-07-04 10:00,0.663,0.693,0.195,32.653
2019-07-04 06:00,2019-07-04 11:00,0.713,0.781,0.198,33.901
2019-07-04 07:00,2019-07-04 12:00,0.720,0.799,0.199,34.812
2019-07-04 08:00,2019-07-04 13:00,0.688,0.751,0.195,35.392
2019-07-04 09:00,2019-07-04 14:00,0.605,0.617,0.195,35.588
2019-07-04 10:00,2019-07-04 15:00,0.493,0.462,0.181,35.513
2019-07-04 11:00,2019-07-04 16:00,0.346,0.280,0.162,35.067
2019-07-04 12:00,2019-07-04 17:00,0.184,0.105,0.134,34.176
2019-07-04 13:00,2019-07-04 18:00,0.053,0,0.085,32.403
2019-07-04 14:00,2019-07-04 19:00,0,0,0.012,29.351
2019-07-04 15:00,2019-07-04 20:00,0,0,0,27.949
2019-07-04 16:00,2019-07-04 21:00,0,0,0,27.368
2019-07-04 17:00,2019-07-04 22:00,0,0,0,25.796
2019-07-04 18:00,2019-07-04 23:00,0,0,0,24.502
2019-07-04 19:00,2019-07-05 00:00,0,0,0,23.651
2019-07-04 20:00,2019-07-05 01:00,0,0,0,22.987
2019-07-04 21:00,2019-07-05 02:00,0,0,0,22.899
2019-07-04 22:00,2019-07-05 03:00,0,0,0,22.379
2019-07-04 23:00,2019-07-05 04:00,0,0,0.001,21.711
2019-07-05 00:00,2019-07-05 05:00,0.027,0,0.051,22.830
2019-07-05 01:00,2019-07-05 06:00,0.113,0.040,0.111,26.425
2019-07-05 02:00,2019-07-05 07:00,0.277,0.202,0.143,29.898
2019-07-05 03:00,2019-07-05 08:00,0.438,0.391,0.165,32.480
2019-07-05 04:00,2019-07-05 09:00,0.566,0.563,0.183,34.282
2019-07-05 05:00,2019-07-05 10:00,0.654,0.695,0.196,35.669
2019-07-05 06:00,2019-07-05 11:00,0.694,0.755,0.210,36.664
2019-07-05 07:00,2019-07-05 12:00,0.700,0.766,0.213,37.330
2019-07-05 08:00,2019-07-05 13:00,0.665,0.710,0.212,37.671
2019-07-05 09:00,2019-07-05 14:00,0.592,0.597,0.205,37.745
2019-07-05 10:00,2019-07-05 15:00,0.477,0.433,0.195,37.630
2019-07-05 11:00,2019-07-05 16:00,0.333,0.254,0.175,37.189
2019-07-05 12:00,2019-07-05 17:00,0.179,0.093,0.142,36.350
2019-07-05 13:00,2019-07-05 18:00,0.053,0,0.085,34.533
2019-07-05 14:00,2019-07-05 19:00,0,0,0.011,30.772
2019-07-05 15:00,2019-07-05 20:00,0,0,0,29.462
2019-07-05 16:00,2019-07-05 21:00,0,0,0,28.916
2019-07-05 17:00,2019-07-05 22:00,0,0,0,28.451
2019-07-05 18:00,2019-07-05 23:00,0,0,0,27.763
2019-07-05 19:00,2019-07-06 00:00,0,0,0,27.001
2019-07-05 20:00,2019-07-06 01:00,0,0,0,26.596
2019-07-05 21:00,2019-07-06 02:00,0,0,0,26.333
2019-07-05 22:00,2019-07-06 03:00,0,0,0,26.000
2019-07-05 23:00,2019-07-06 04:00,0,0,0.001,25.470
2019-07-06 00:00,2019-07-06 05:00,0.024,0,0.048,26.239
2019-07-06 01:00,2019-07-06 06:00,0.111,0.021,0.128,28.937
2019-07-06 02:00,2019-07-06 07:00,0.243,0.111,0.194,30.339
2019-07-06 03:00,2019-07-06 08:00,0.384,0.247,0.235,31.562
2019-07-06 04:00,2019-07-06 09:00,0.507,0.394,0.260,32.826
2019-07-06 05:00,2019-07-06 10:00,0.606,0.543,0.263,34.085
2019-07-06 06:00,2019-07-06 11:00,0.664,0.646,0.259,35.177
2019-07-06 07:00,2019-07-06 12:00,0.655,0.616,0.279,35.874
2019-07-06 08:00,2019-07-06 13:00,0.637,0.607,0.260,36.426
2019-07-06 09:00,2019-07-06 14:00,0.554,0.476,0.261,36.543
2019-07-06 10:00,2019-07-06 15:00,0.454,0.355,0.235,36.463
2019-07-06 11:00,2019-07-06 16:00,0.324,0.217,0.199,36.055
2019-07-06 12:00,2019-07-06 17:00,0.176,0.074,0.156,35.257
2019-07-06 13:00,2019-07-06 18:00,0.055,0,0.087,33.908
2019-07-06 14:00,2019-07-06 19:00,0,0,0.011,31.250
2019-07-06 15:00,2019-07-06 20:00,0,0,0,29.871
2019-07-06 16:00,2019-07-06 21:00,0,0,0,28.884
2019-07-06 17:00,2019-07-06 22:00,0,0,0,27.938
2019-07-06 18:00,2019-07-06 23:00,0,0,0,26.865
2019-07-06 19:00,2019-07-07 00:00,0,0,0,26.277
2019-07-06 20:00,2019-07-07 01:00,0,0,0,25.681
2019-07-06 21:00,2019-07-07 02:00,0,0,0,25.086
2019-07-06 22:00,2019-07-07 03:00,0,0,0,24.610
2019-07-06 23:00,2019-07-07 04:00,0,0,0.001,24.280
2019-07-07 00:00,2019-07-07 05:00,0.025,0,0.049,25.180
2019-07-07 01:00,2019-07-07 06:00,0.111,0.031,0.118,28.532
2019-07-07 02:00,2019-07-07 07:00,0.260,0.163,0.164,31.523
2019-07-07 03:00,2019-07-07 08:00,0.412,0.335,0.191,33.897
2019-07-07 04:00,2019-07-07 09:00,0.545,0.520,0.201,35.749
2019-07-07 05:00,2019-07-07 10:00,0.635,0.659,0.210,37.200
2019-07-07 06:00,2019-07-07 11:00,0.681,0.736,0.217,38.306
2019-07-07 07:00,2019-07-07 12:00,0.689,0.754,0.218,39.096
2019-07-07 08:00,2019-07-07 13:00,0.659,0.709,0.213,39.560
2019-07-07 09:00,2019-07-07 14:00,0.588,0.601,0.204,39.734
2019-07-07 10:00,2019-07-07 15:00,0.481,0.454,0.187,39.538
2019-07-07 11:00,2019-07-07 16:00,0.340,0.278,0.164,38.959
2019-07-07 12:00,2019-07-07 17:00,0.182,0.106,0.134,37.969
2019-07-07 13:00,2019-07-07 18:00,0.052,0,0.084,35.856
2019-07-07 14:00,2019-07-07 19:00,0,0,0.011,32.097
2019-07-07 15:00,2019-07-07 20:00,0,0,0,30.454
2019-07-07 16:00,2019-07-07 21:00,0,0,0,29.244
2019-07-07 17:00,2019-07-07 22:00,0,0,0,28.322
2019-07-07 18:00,2019-07-07 23:00,0,0,0,27.543
2019-07-07 19:00,2019-07-08 00:00,0,0,0,26.779
2019-07-07 20:00,2019-07-08 01:00,0,0,0,26.163
2019-07-07 21:00,2019-07-08 02:00,0,0,0,25.574
2019-07-07 22:00,2019-07-08 03:00,0,0,0,25.306
2019-07-07 23:00,2019-07-08 04:00,0,0,0.001,25.167
2019-07-08 00:00,2019-07-08 05:00,0.025,0,0.049,26.033
2019-07-08 01:00,2019-07-08 06:00,0.111,0.029,0.120,29.809
2019-07-08 02:00,2019-07-08 07:00,0.261,0.167,0.164,33.148
2019-07-08 03:00,2019-07-08 08:00,0.413,0.341,0.190,35.643
2019-07-08 04:00,2019-07-08 09:00,0.535,0.500,0.212,37.355
2019-07-08 05:00,2019-07-08 10:00,0.621,0.631,0.224,38.751
2019-07-08 06:00,2019-07-08 11:00,0.671,0.716,0.228,39.813
2019-07-08 07:00,2019-07-08 12:00,0.676,0.724,0.232,40.486
2019-07-08 08:00,2019-07-08 13:00,0.639,0.661,0.234,40.804
2019-07-08 09:00,2019-07-08 14:00,0.559,0.530,0.235,40.802
2019-07-08 10:00,2019-07-08 15:00,0.455,0.389,0.217,40.605
2019-07-08 11:00,2019-07-08 16:00,0.325,0.240,0.184,40.065
2019-07-08 12:00,2019-07-08 17:00,0.173,0.082,0.150,39.103
2019-07-08 13:00,2019-07-08 18:00,0.052,0,0.085,36.991
2019-07-08 14:00,2019-07-08 19:00,0,0,0.010,33.349
2019-07-08 15:00,2019-07-08 20:00,0,0,0,31.661
2019-07-08 16:00,2019-07-08 21:00,0,0,0,30.904
2019-07-08 17:00,2019-07-08 22:00,0,0,0,29.960
2019-07-08 18:00,2019-07-08 23:00,0,0,0,28.859
2019-07-08 19:00,2019-07-09 00:00,0,0,0,28.101
2019-07-08 20:00,2019-07-09 01:00,0,0,0,27.392
2019-07-08 21:00,2019-07-09 02:00,0,0,0,26.927
2019-07-08 22:00,2019-07-09 03:00,0,0,0,26.603
2019-07-08 23:00,2019-07-09 04:00,0,0,0.001,26.203
2019-07-09 00:00,2019-07-09 05:00,0.021,0,0.044,27.033
2019-07-09 01:00,2019-07-09 06:00,0.106,0.016,0.129,29.502
2019-07-09 02:00,2019-07-09 07:00,0.245,0.118,0.192,32.282
2019-07-09 03:00,2019-07-09 08:00,0.391,0.272,0.227,34.295
2019-07-09 04:00,2019-07-09 09:00,0.507,0.405,0.258,35.414
2019-07-09 05:00,2019-07-09 10:00,0.589,0.512,0.279,36.276
2019-07-09 06:00,2019-07-09 11:00,0.635,0.576,0.290,36.926
2019-07-09 07:00,2019-07-09 12:00,0.624,0.540,0.312,37.340
2019-07-09 08:00,2019-07-09 13:00,0.599,0.512,0.301,37.692
2019-07-09 09:00,2019-07-09 14:00,0.525,0.407,0.292,37.765
2019-07-09 10:00,2019-07-09 15:00,0.439,0.321,0.252,37.636
2019-07-09 11:00,2019-07-09 16:00,0.315,0.195,0.210,37.085
2019-07-09 12:00,2019-07-09 17:00,0.172,0.066,0.161,36.087
2019-07-09 13:00,2019-07-09 18:00,0.049,0,0.080,34.561
2019-07-09 14:00,2019-07-09 19:00,0,0,0.008,32.039
2019-07-09 15:00,2019-07-09 20:00,0,0,0,31.018
2019-07-09 16:00,2019-07-09 21:00,0,0,0,30.202
2019-07-09 17:00,2019-07-09 22:00,0,0,0,29.219
2019-07-09 18:00,2019-07-09 23:00,0,0,0,27.968
2019-07-09 19:00,2019-07-10 00:00,0,0,0,26.868
2019-07-09 20:00,2019-07-10 01:00,0,0,0,26.226
2019-07-09 21:00,2019-07-10 02:00,0,0,0,25.552
2019-07-09 22:00,2019-07-10 03:00,0,0,0,24.870
2019-07-09 23:00,2019-07-10 04:00,0,0,0.001,24.243
2019-07-10 00:00,2019-07-10 05:00,0.023,0,0.047,25.267
2019-07-10 01:00,2019-07-10 06:00,0.109,0.030,0.116,28.234
2019-07-10 02:00,2019-07-10 07:00,0.263,0.175,0.155,31.385
2019-07-10 03:00,2019-07-10 08:00,0.420,0.357,0.178,33.627
2019-07-10 04:00,2019-07-10 09:00,0.549,0.532,0.193,35.278
2019-07-10 05:00,2019-07-10 10:00,0.640,0.669,0.203,36.632
2019-07-10 06:00,2019-07-10 11:00,0.696,0.773,0.201,37.727
2019-07-10 07:00,2019-07-10 12:00,0.705,0.795,0.201,38.469
2019-07-10 08:00,2019-07-10 13:00,0.675,0.752,0.194,38.878
2019-07-10 09:00,2019-07-10 14:00,0.605,0.643,0.185,38.973
2019-07-10 10:00,2019-07-10 15:00,0.496,0.491,0.169,38.805
2019-07-10 11:00,2019-07-10 16:00,0.351,0.308,0.147,38.248
2019-07-10 12:00,2019-07-10 17:00,0.186,0.125,0.120,37.299
2019-07-10 13:00,2019-07-10 18:00,0.047,0,0.078,35.660
2019-07-10 14:00,2019-07-10 19:00,0,0,0.011,32.616
2019-07-10 15:00,2019-07-10 20:00,0,0,0,31.510
2019-07-10 16:00,2019-07-10 21:00,0,0,0,30.685
2019-07-10 17:00,2019-07-10 22:00,0,0,0,29.554
2019-07-10 18:00,2019-07-10 23:00,0,0,0,27.931
2019-07-10 19:00,2019-07-11 00:00,0,0,0,26.552
2019-07-10 20:00,2019-07-11 01:00,0,0,0,25.751
2019-07-10 21:00,2019-07-11 02:00,0,0,0,25.127
2019-07-10 22:00,2019-07-11 03:00,0,0,0,24.764
2019-07-10 23:00,2019-07-11 04:00,0,0,0.001,24.502
2019-07-11 00:00,2019-07-11 05:00,0.023,0,0.047,25.677
2019-07-11 01:00,2019-07-11 06:00,0.104,0.047,0.095,29.847
2019-07-11 02:00,2019-07-11 07:00,0.277,0.229,0.122,33.409
2019-07-11 03:00,2019-07-11 08:00,0.440,0.427,0.144,36.118
2019-07-11 04:00,2019-07-11 09:00,0.568,0.606,0.160,38.020
2019-07-11 05:00,2019-07-11 10:00,0.655,0.742,0.172,39.421
2019-07-11 06:00,2019-07-11 11:00,0.702,0.826,0.178,40.460
2019-07-11 07:00,2019-07-11 12:00,0.709,0.842,0.179,41.145
2019-07-11 08:00,2019-07-11 13:00,0.679,0.793,0.175,41.454
2019-07-11 09:00,2019-07-11 14:00,0.607,0.679,0.168,41.524
2019-07-11 10:00,2019-07-11 15:00,0.498,0.520,0.153,41.318
2019-07-11 11:00,2019-07-11 16:00,0.353,0.331,0.134,40.669
2019-07-11 12:00,2019-07-11 17:00,0.185,0.138,0.109,39.576
2019-07-11 13:00,2019-07-11 18:00,0.042,0,0.072,37.520
2019-07-11 14:00,2019-07-11 19:00,0,0,0.010,33.655
2019-07-11 15:00,2019-07-11 20:00,0,0,0,31.852
2019-07-11 16:00,2019-07-11 21:00,0,0,0,30.793
2019-07-11 17:00,2019-07-11 22:00,0,0,0,30.078
2019-07-11 18:00,2019-07-11 23:00,0,0,0,28.971
2019-07-11 19:00,2019-07-12 00:00,0,0,0,27.787
2019-07-11 20:00,2019-07-12 01:00,0,0,0,26.972
2019-07-11 21:00,2019-07-12 02:00,0,0,0,26.669
2019-07-11 22:00,2019-07-12 03:00,0,0,0,26.569
2019-07-11 23:00,2019-07-12 04:00,0,0,0.001,26.624
2019-07-12 00:00,2019-07-12 05:00,0.023,0,0.047,27.518
2019-07-12 01:00,2019-07-12 06:00,0.105,0.042,0.102,31.114
2019-07-12 02:00,2019-07-12 07:00,0.272,0.212,0.134,34.349
2019-07-12 03:00,2019-07-12 08:00,0.431,0.402,0.158,36.933
2019-07-12 04:00,2019-07-12 09:00,0.555,0.573,0.177,38.877
2019-07-12 05:00,2019-07-12 10:00,0.639,0.703,0.191,40.405
2019-07-12 06:00,2019-07-12 11:00,0.681,0.772,0.201,41.512
2019-07-12 07:00,2019-07-12 12:00,0.687,0.784,0.204,42.280
2019-07-12 08:00,2019-07-12 13:00,0.655,0.732,0.201,42.703
2019-07-12 09:00,2019-07-12 14:00,0.585,0.623,0.192,42.790
2019-07-12 10:00,2019-07-12 15:00,0.476,0.466,0.179,42.576
2019-07-12 11:00,2019-07-12 16:00,0.334,0.283,0.159,41.979
2019-07-12 12:00,2019-07-12 17:00,0.177,0.108,0.130,40.971
2019-07-12 13:00,2019-07-12 18:00,0.048,0,0.080,38.897
2019-07-12 14:00,2019-07-12 19:00,0,0,0.010,34.674
2019-07-12 15:00,2019-07-12 20:00,0,0,0,33.126
2019-07-12 16:00,2019-07-12 21:00,0,0,0,32.433
2019-07-12 17:00,2019-07-12 22:00,0,0,0,32.080
2019-07-12 18:00,2019-07-12 23:00,0,0,0,31.496
2019-07-12 19:00,2019-07-13 00:00,0,0,0,30.742
2019-07-12 20:00,2019-07-13 01:00,0,0,0,29.805
2019-07-12 21:00,2019-07-13 02:00,0,0,0,29.114
2019-07-12 22:00,2019-07-13 03:00,0,0,0,28.643
2019-07-12 23:00,2019-07-13 04:00,0,0,0,28.016
2019-07-13 00:00,2019-07-13 05:00,0.022,0,0.045,28.763
2019-07-13 01:00,2019-07-13 06:00,0.106,0.027,0.119,32.483
2019-07-13 02:00,2019-07-13 07:00,0.250,0.152,0.169,35.443
2019-07-13 03:00,2019-07-13 08:00,0.387,0.291,0.211,37.742
2019-07-13 04:00,2019-07-13 09:00,0.504,0.439,0.236,39.547
2019-07-13 05:00,2019-07-13 10:00,0.592,0.573,0.246,41.043
2019-07-13 06:00,2019-07-13 11:00,0.654,0.693,0.236,42.279
2019-07-13 07:00,2019-07-13 12:00,0.672,0.742,0.225,43.165
2019-07-13 08:00,2019-07-13 13:00,0.651,0.721,0.211,43.660
2019-07-13 09:00,2019-07-13 14:00,0.577,0.600,0.207,43.663
2019-07-13 10:00,2019-07-13 15:00,0.466,0.436,0.196,43.218
2019-07-13 11:00,2019-07-13 16:00,0.327,0.259,0.174,42.345
2019-07-13 12:00,2019-07-13 17:00,0.171,0.085,0.146,40.954
2019-07-13 13:00,2019-07-13 18:00,0.049,0,0.082,38.849
2019-07-13 14:00,2019-07-13 19:00,0,0,0.009,35.347
2019-07-13 15:00,2019-07-13 20:00,0,0,0,33.785
2019-07-13 16:00,2019-07-13 21:00,0,0,0,32.644
2019-07-13 17:00,2019-07-13 22:00,0,0,0,31.098
2019-07-13 18:00,2019-07-13 23:00,0,0,0,29.715
2019-07-13 19:00,2019-07-14 00:00,0,0,0,28.731
2019-07-13 20:00,2019-07-14 01:00,0,0,0,28.122
2019-07-13 21:00,2019-07-14 02:00,0,0,0,27.863
2019-07-13 22:00,2019-07-14 03:00,0,0,0,27.585
2019-07-13 23:00,2019-07-14 04:00,0,0,0,27.125
2019-07-14 00:00,2019-07-14 05:00,0.022,0,0.046,27.957
2019-07-14 01:00,2019-07-14 06:00,0.104,0.036,0.108,31.783
2019-07-14 02:00,2019-07-14 07:00,0.265,0.196,0.142,35.029
2019-07-14 03:00,2019-07-14 08:00,0.422,0.386,0.165,37.720
2019-07-14 04:00,2019-07-14 09:00,0.549,0.562,0.181,39.708
2019-07-14 05:00,2019-07-14 10:00,0.636,0.699,0.192,41.092
2019-07-14 06:00,2019-07-14 11:00,0.680,0.772,0.202,42.083
2019-07-14 07:00,2019-07-14 12:00,0.689,0.793,0.202,42.776
2019-07-14 08:00,2019-07-14 13:00,0.660,0.749,0.196,43.130
2019-07-14 09:00,2019-07-14 14:00,0.589,0.637,0.188,43.074
2019-07-14 10:00,2019-07-14 15:00,0.484,0.484,0.171,42.546
2019-07-14 11:00,2019-07-14 16:00,0.342,0.301,0.150,41.638
2019-07-14 12:00,2019-07-14 17:00,0.180,0.118,0.123,40.317
2019-07-14 13:00,2019-07-14 18:00,0.047,0,0.079,38.316
2019-07-14 14:00,2019-07-14 19:00,0,0,0.009,34.592
2019-07-14 15:00,2019-07-14 20:00,0,0,0,32.970
2019-07-14 16:00,2019-07-14 21:00,0,0,0,32.141
2019-07-14 17:00,2019-07-14 22:00,0,0,0,31.016
2019-07-14 18:00,2019-07-14 23:00,0,0,0,29.992
2019-07-14 19:00,2019-07-15 00:00,0,0,0,29.235
2019-07-14 20:00,2019-07-15 01:00,0,0,0,28.901
2019-07-14 21:00,2019-07-15 02:00,0,0,0,28.311
2019-07-14 22:00,2019-07-15 03:00,0,0,0,27.453
2019-07-14 23:00,2019-07-15 04:00,0,0,0,26.845
2019-07-15 00:00,2019-07-15 05:00,0.021,0,0.045,27.890
2019-07-15 01:00,2019-07-15 06:00,0.103,0.039,0.103,31.610
2019-07-15 02:00,2019-07-15 07:00,0.267,0.204,0.136,34.639
2019-07-15 03:00,2019-07-15 08:00,0.426,0.396,0.158,37.166
2019-07-15 04:00,2019-07-15 09:00,0.554,0.574,0.175,39.065
2019-07-15 05:00,2019-07-15 10:00,0.641,0.712,0.186,40.579
2019-07-15 06:00,2019-07-15 11:00,0.690,0.801,0.189,41.745
2019-07-15 07:00,2019-07-15 12:00,0.699,0.821,0.190,42.533
2019-07-15 08:00,2019-07-15 13:00,0.669,0.776,0.184,42.902
2019-07-15 09:00,2019-07-15 14:00,0.597,0.659,0.178,42.827
2019-07-15 10:00,2019-07-15 15:00,0.490,0.502,0.163,42.340
2019-07-15 11:00,2019-07-15 16:00,0.346,0.314,0.143,41.468
2019-07-15 12:00,2019-07-15 17:00,0.181,0.126,0.117,40.151
2019-07-15 13:00,2019-07-15 18:00,0.044,0,0.075,38.103
2019-07-15 14:00,2019-07-15 19:00,0,0,0.009,34.311
2019-07-15 15:00,2019-07-15 20:00,0,0,0,31.766
2019-07-15 16:00,2019-07-15 21:00,0,0,0,30.136
2019-07-15 17:00,2019-07-15 22:00,0,0,0,28.984
2019-07-15 18:00,2019-07-15 23:00,0,0,0,28.166
2019-07-15 19:00,2019-07-16 00:00,0,0,0,27.358
2019-07-15 20:00,2019-07-16 01:00,0,0,0,26.737
2019-07-15 21:00,2019-07-16 02:00,0,0,0,26.187
2019-07-15 22:00,2019-07-16 03:00,0,0,0,25.756
2019-07-15 23:00,2019-07-16 04:00,0,0,0,25.494
2019-07-16 00:00,2019-07-16 05:00,0.021,0,0.044,26.524
2019-07-16 01:00,2019-07-16 06:00,0.102,0.043,0.097,30.588
2019-07-16 02:00,2019-07-16 07:00,0.273,0.220,0.127,33.931
2019-07-16 03:00,2019-07-16 08:00,0.437,0.419,0.148,36.343
2019-07-16 04:00,2019-07-16 09:00,0.566,0.599,0.164,38.358
2019-07-16 05:00,2019-07-16 10:00,0.653,0.738,0.175,39.916
2019-07-16 06:00,2019-07-16 11:00,0.697,0.814,0.184,41.074
2019-07-16 07:00,2019-07-16 12:00,0.704,0.831,0.185,41.896
2019-07-16 08:00,2019-07-16 13:00,0.673,0.783,0.181,42.372
2019-07-16 09:00,2019-07-16 14:00,0.601,0.668,0.173,42.522
2019-07-16 10:00,2019-07-16 15:00,0.492,0.508,0.159,42.314
2019-07-16 11:00,2019-07-16 16:00,0.347,0.318,0.140,41.708
2019-07-16 12:00,2019-07-16 17:00,0.181,0.128,0.114,40.665
2019-07-16 13:00,2019-07-16 18:00,0.042,0,0.073,38.103
2019-07-16 14:00,2019-07-16 19:00,0,0,0.009,33.634
2019-07-16 15:00,2019-07-16 20:00,0,0,0,31.798
2019-07-16 16:00,2019-07-16 21:00,0,0,0,30.632
2019-07-16 17:00,2019-07-16 22:00,0,0,0,29.769
2019-07-16 18:00,2019-07-16 23:00,0,0,0,29.179
2019-07-16 19:00,2019-07-17 00:00,0,0,0,28.784
2019-07-16 20:00,2019-07-17 01:00,0,0,0,28.214
2019-07-16 21:00,2019-07-17 02:00,0,0,0,27.531
2019-07-16 22:00,2019-07-17 03:00,0,0,0,27.036
2019-07-16 23:00,2019-07-17 04:00,0,0,0,26.546
2019-07-17 00:00,2019-07-17 05:00,0.020,0,0.043,27.251
2019-07-17 01:00,2019-07-17 06:00,0.100,0.043,0.096,31.617
2019-07-17 02:00,2019-07-17 07:00,0.271,0.220,0.126,35.061
2019-07-17 03:00,2019-07-17 08:00,0.434,0.418,0.148,37.508
2019-07-17 04:00,2019-07-17 09:00,0.561,0.596,0.165,39.594
2019-07-17 05:00,2019-07-17 10:00,0.646,0.733,0.178,41.349
2019-07-17 06:00,2019-07-17 11:00,0.691,0.811,0.186,42.577
2019-07-17 07:00,2019-07-17 12:00,0.697,0.827,0.187,43.307
2019-07-17 08:00,2019-07-17 13:00,0.667,0.778,0.183,43.632
2019-07-17 09:00,2019-07-17 14:00,0.598,0.668,0.174,43.554
2019-07-17 10:00,2019-07-17 15:00,0.490,0.508,0.159,43.119
2019-07-17 11:00,2019-07-17 16:00,0.345,0.317,0.140,42.317
2019-07-17 12:00,2019-07-17 17:00,0.180,0.127,0.115,41.107
2019-07-17 13:00,2019-07-17 18:00,0.042,0,0.074,38.590
2019-07-17 14:00,2019-07-17 19:00,0,0,0.008,33.671
2019-07-17 15:00,2019-07-17 20:00,0,0,0,32.088
2019-07-17 16:00,2019-07-17 21:00,0,0,0,31.454
2019-07-17 17:00,2019-07-17 22:00,0,0,0,30.730
2019-07-17 18:00,2019-07-17 23:00,0,0,0,30.244
2019-07-17 19:00,2019-07-18 00:00,0,0,0,29.603
2019-07-17 20:00,2019-07-18 01:00,0,0,0,28.799
2019-07-17 21:00,2019-07-18 02:00,0,0,0,28.024
2019-07-17 22:00,2019-07-18 03:00,0,0,0,27.198
2019-07-17 23:00,2019-07-18 04:00,0,0,0,26.725
2019-07-18 00:00,2019-07-18 05:00,0.020,0,0.043,27.450
2019-07-18 01:00,2019-07-18 06:00,0.102,0.036,0.104,31.059
2019-07-18 02:00,2019-07-18 07:00,0.266,0.200,0.138,34.123
2019-07-18 03:00,2019-07-18 08:00,0.427,0.392,0.161,36.248
2019-07-18 04:00,2019-07-18 09:00,0.556,0.569,0.178,38.013
2019-07-18 05:00,2019-07-18 10:00,0.644,0.706,0.189,39.520
2019-07-18 06:00,2019-07-18 11:00,0.692,0.793,0.194,40.695
2019-07-18 07:00,2019-07-18 12:00,0.699,0.810,0.195,41.523
2019-07-18 08:00,2019-07-18 13:00,0.669,0.763,0.191,42.016
2019-07-18 09:00,2019-07-18 14:00,0.598,0.653,0.181,42.178
2019-07-18 10:00,2019-07-18 15:00,0.488,0.493,0.167,41.991
2019-07-18 11:00,2019-07-18 16:00,0.341,0.301,0.149,41.424
2019-07-18 12:00,2019-07-18 17:00,0.178,0.117,0.122,40.427
2019-07-18 13:00,2019-07-18 18:00,0.044,0,0.075,37.970
2019-07-18 14:00,2019-07-18 19:00,0,0,0.008,34.338
2019-07-18 15:00,2019-07-18 20:00,0,0,0,32.717
2019-07-18 16:00,2019-07-18 21:00,0,0,0,31.317
2019-07-18 17:00,2019-07-18 22:00,0,0,0,30.209
2019-07-18 18:00,2019-07-18 23:00,0,0,0,29.319
2019-07-18 19:00,2019-07-19 00:00,0,0,0,28.540
2019-07-18 20:00,2019-07-19 01:00,0,0,0,27.808
2019-07-18 21:00,2019-07-19 02:00,0,0,0,27.692
2019-07-18 22:00,2019-07-19 03:00,0,0,0,27.608
2019-07-18 23:00,2019-07-19 04:00,0,0,0,27.267
2019-07-19 00:00,2019-07-19 05:00,0.019,0,0.042,27.692
2019-07-19 01:00,2019-07-19 06:00,0.102,0.034,0.106,30.872
2019-07-19 02:00,2019-07-19 07:00,0.264,0.195,0.142,34.343
2019-07-19 03:00,2019-07-19 08:00,0.423,0.385,0.165,37.129
2019-07-19 04:00,2019-07-19 09:00,0.550,0.560,0.183,39.188
2019-07-19 05:00,2019-07-19 10:00,0.637,0.696,0.195,40.772
2019-07-19 06:00,2019-07-19 11:00,0.681,0.772,0.204,41.953
2019-07-19 07:00,2019-07-19 12:00,0.688,0.789,0.205,42.771
2019-07-19 08:00,2019-07-19 13:00,0.656,0.738,0.202,43.250
2019-07-19 09:00,2019-07-19 14:00,0.583,0.620,0.195,43.372
2019-07-19 10:00,2019-07-19 15:00,0.474,0.463,0.181,43.127
2019-07-19 11:00,2019-07-19 16:00,0.331,0.278,0.161,42.510
2019-07-19 12:00,2019-07-19 17:00,0.172,0.102,0.131,41.474
2019-07-19 13:00,2019-07-19 18:00,0.045,0,0.077,39.170
2019-07-19 14:00,2019-07-19 19:00,0,0,0.007,35.109
2019-07-19 15:00,2019-07-19 20:00,0,0,0,33.670
2019-07-19 16:00,2019-07-19 21:00,0,0,0,32.854
2019-07-19 17:00,2019-07-19 22:00,0,0,0,31.912
2019-07-19 18:00,2019-07-19 23:00,0,0,0,30.990
2019-07-19 19:00,2019-07-20 00:00,0,0,0,30.186
2019-07-19 20:00,2019-07-20 01:00,0,0,0,29.320
2019-07-19 21:00,2019-07-20 02:00,0,0,0,28.506
2019-07-19 22:00,2019-07-20 03:00,0,0,0,27.667
2019-07-19 23:00,2019-07-20 04:00,0,0,0,26.931
2019-07-20 00:00,2019-07-20 05:00,0.018,0,0.041,27.637
2019-07-20 01:00,2019-07-20 06:00,0.100,0.037,0.102,31.994
2019-07-20 02:00,2019-07-20 07:00,0.266,0.203,0.136,34.811
2019-07-20 03:00,2019-07-20 08:00,0.428,0.397,0.159,36.836
2019-07-20 04:00,2019-07-20 09:00,0.556,0.572,0.177,38.597
2019-07-20 05:00,2019-07-20 10:00,0.642,0.706,0.191,40.148
2019-07-20 06:00,2019-07-20 11:00,0.682,0.771,0.203,41.498
2019-07-20 07:00,2019-07-20 12:00,0.688,0.789,0.204,42.625
2019-07-20 08:00,2019-07-20 13:00,0.657,0.742,0.199,43.406
2019-07-20 09:00,2019-07-20 14:00,0.582,0.621,0.194,43.649
2019-07-20 10:00,2019-07-20 15:00,0.474,0.466,0.178,43.325
2019-07-20 11:00,2019-07-20 16:00,0.333,0.284,0.157,42.500
2019-07-20 12:00,2019-07-20 17:00,0.174,0.108,0.127,41.264
2019-07-20 13:00,2019-07-20 18:00,0.043,0,0.075,39.073
2019-07-20 14:00,2019-07-20 19:00,0,0,0.007,34.824
2019-07-20 15:00,2019-07-20 20:00,0,0,0,33.311
2019-07-20 16:00,2019-07-20 21:00,0,0,0,32.539
2019-07-20 17:00,2019-07-20 22:00,0,0,0,31.989
2019-07-20 18:00,2019-07-20 23:00,0,0,0,30.523
2019-07-20 19:00,2019-07-21 00:00,0,0,0,29.367
2019-07-20 20:00,2019-07-21 01:00,0,0,0,28.454
2019-07-20 21:00,2019-07-21 02:00,0,0,0,27.703
2019-07-20 22:00,2019-07-21 03:00,0,0,0,27.093
2019-07-20 23:00,2019-07-21 04:00,0,0,0,26.557
2019-07-21 00:00,2019-07-21 05:00,0.018,0,0.040,27.323
2019-07-21 01:00,2019-07-21 06:00,0.101,0.032,0.108,31.158
2019-07-21 02:00,2019-07-21 07:00,0.262,0.188,0.145,34.442
2019-07-21 03:00,2019-07-21 08:00,0.421,0.377,0.170,37.033
2019-07-21 04:00,2019-07-21 09:00,0.548,0.551,0.188,38.986
2019-07-21 05:00,2019-07-21 10:00,0.635,0.687,0.201,40.556
2019-07-21 06:00,2019-07-21 11:00,0.679,0.759,0.211,41.774
2019-07-21 07:00,2019-07-21 12:00,0.684,0.772,0.214,42.606
2019-07-21 08:00,2019-07-21 13:00,0.651,0.719,0.211,43.111
2019-07-21 09:00,2019-07-21 14:00,0.575,0.595,0.207,43.180
2019-07-21 10:00,2019-07-21 15:00,0.462,0.428,0.197,42.857
2019-07-21 11:00,2019-07-21 16:00,0.320,0.247,0.176,42.223
2019-07-21 12:00,2019-07-21 17:00,0.167,0.086,0.140,41.206
2019-07-21 13:00,2019-07-21 18:00,0.043,0,0.075,39.021
2019-07-21 14:00,2019-07-21 19:00,0,0,0.006,35.732
2019-07-21 15:00,2019-07-21 20:00,0,0,0,34.189
2019-07-21 16:00,2019-07-21 21:00,0,0,0,33.224
2019-07-21 17:00,2019-07-21 22:00,0,0,0,32.588
2019-07-21 18:00,2019-07-21 23:00,0,0,0,31.699
2019-07-21 19:00,2019-07-22 00:00,0,0,0,30.779
2019-07-21 20:00,2019-07-22 01:00,0,0,0,30.057
2019-07-21 21:00,2019-07-22 02:00,0,0,0,29.320
2019-07-21 22:00,2019-07-22 03:00,0,0,0,28.551
2019-07-21 23:00,2019-07-22 04:00,0,0,0,27.899
2019-07-22 00:00,2019-07-22 05:00,0.012,0,0.033,28.667
2019-07-22 01:00,2019-07-22 06:00,0.085,0.031,0.091,31.883
2019-07-22 02:00,2019-07-22 07:00,0.234,0.184,0.117,34.789
2019-07-22 03:00,2019-07-22 08:00,0.389,0.375,0.128,37.088
2019-07-22 04:00,2019-07-22 09:00,0.528,0.582,0.127,38.922
2019-07-22 05:00,2019-07-22 10:00,0.627,0.748,0.125,40.361
2019-07-22 06:00,2019-07-22 11:00,0.675,0.835,0.126,41.361
2019-07-22 07:00,2019-07-22 12:00,0.686,0.861,0.125,42.030
2019-07-22 08:00,2019-07-22 13:00,0.660,0.821,0.120,42.396
2019-07-22 09:00,2019-07-22 14:00,0.585,0.697,0.117,42.366
2019-07-22 10:00,2019-07-22 15:00,0.475,0.530,0.110,41.969
2019-07-22 11:00,2019-07-22 16:00,0.328,0.331,0.101,41.218
2019-07-22 12:00,2019-07-22 17:00,0.163,0.130,0.090,40.113
2019-07-22 13:00,2019-07-22 18:00,0.033,0,0.062,38.146
2019-07-22 14:00,2019-07-22 19:00,0,0,0.006,34.218
2019-07-22 15:00,2019-07-22 20:00,0,0,0,32.697
2019-07-22 16:00,2019-07-22 21:00,0,0,0,31.711
2019-07-22 17:00,2019-07-22 22:00,0,0,0,30.931
2019-07-22 18:00,2019-07-22 23:00,0,0,0,30.258
2019-07-22 19:00,2019-07-23 00:00,0,0,0,29.739
2019-07-22 20:00,2019-07-23 01:00,0,0,0,29.278
2019-07-22 21:00,2019-07-23 02:00,0,0,0,28.663
2019-07-22 22:00,2019-07-23 03:00,0,0,0,27.894
2019-07-22 23:00,2019-07-23 04:00,0,0,0,27.094
2019-07-23 00:00,2019-07-23 05:00,0.011,0,0.032,27.276
2019-07-23 01:00,2019-07-23 06:00,0.083,0.041,0.077,31.084
2019-07-23 02:00,2019-07-23 07:00,0.252,0.230,0.091,34.079
2019-07-23 03:00,2019-07-23 08:00,0.420,0.445,0.099,36.575
2019-07-23 04:00,2019-07-23 09:00,0.552,0.638,0.106,38.582
2019-07-23 05:00,2019-07-23 10:00,0.642,0.785,0.111,40.122
2019-07-23 06:00,2019-07-23 11:00,0.690,0.872,0.115,41.265
2019-07-23 07:00,2019-07-23 12:00,0.696,0.889,0.115,42.042
2019-07-23 08:00,2019-07-23 13:00,0.664,0.835,0.114,42.459
2019-07-23 09:00,2019-07-23 14:00,0.589,0.709,0.112,42.523
2019-07-23 10:00,2019-07-23 15:00,0.476,0.538,0.106,42.293
2019-07-23 11:00,2019-07-23 16:00,0.328,0.334,0.098,41.672
2019-07-23 12:00,2019-07-23 17:00,0.161,0.131,0.088,40.604
2019-07-23 13:00,2019-07-23 18:00,0.032,0,0.061,38.647
2019-07-23 14:00,2019-07-23 19:00,0,0,0.006,34.569
2019-07-23 15:00,2019-07-23 20:00,0,0,0,32.678
2019-07-23 16:00,2019-07-23 21:00,0,0,0,31.413
2019-07-23 17:00,2019-07-23 22:00,0,0,0,30.670
2019-07-23 18:00,2019-07-23 23:00,0,0,0,29.921
2019-07-23 19:00,2019-07-24 00:00,0,0,0,28.892
2019-07-23 20:00,2019-07-24 01:00,0,0,0,27.914
2019-07-23 21:00,2019-07-24 02:00,0,0,0,27.310
2019-07-23 22:00,2019-07-24 03:00,0,0,0,26.904
2019-07-23 23:00,2019-07-24 04:00,0,0,0,26.467
2019-07-24 00:00,2019-07-24 05:00,0.011,0,0.031,26.999
2019-07-24 01:00,2019-07-24 06:00,0.082,0.042,0.076,30.642
2019-07-24 02:00,2019-07-24 07:00,0.254,0.235,0.088,33.635
2019-07-24 03:00,2019-07-24 08:00,0.425,0.454,0.095,35.934
2019-07-24 04:00,2019-07-24 09:00,0.559,0.649,0.102,37.825
2019-07-24 05:00,2019-07-24 10:00,0.650,0.798,0.108,39.473
2019-07-24 06:00,2019-07-24 11:00,0.692,0.875,0.113,40.873
2019-07-24 07:00,2019-07-24 12:00,0.698,0.892,0.114,41.983
2019-07-24 08:00,2019-07-24 13:00,0.665,0.839,0.113,42.610
2019-07-24 09:00,2019-07-24 14:00,0.589,0.710,0.112,42.577
2019-07-24 10:00,2019-07-24 15:00,0.476,0.536,0.107,41.913
2019-07-24 11:00,2019-07-24 16:00,0.328,0.331,0.099,40.685
2019-07-24 12:00,2019-07-24 17:00,0.162,0.130,0.088,39.129
2019-07-24 13:00,2019-07-24 18:00,0.032,0,0.060,37.103
2019-07-24 14:00,2019-07-24 19:00,0,0,0.005,34.017
2019-07-24 15:00,2019-07-24 20:00,0,0,0,31.628
2019-07-24 16:00,2019-07-24 21:00,0,0,0,29.861
2019-07-24 17:00,2019-07-24 22:00,0,0,0,28.706
2019-07-24 18:00,2019-07-24 23:00,0,0,0,27.791
2019-07-24 19:00,2019-07-25 00:00,0,0,0,27.018
2019-07-24 20:00,2019-07-25 01:00,0,0,0,26.260
2019-07-24 21:00,2019-07-25 02:00,0,0,0,25.658
2019-07-24 22:00,2019-07-25 03:00,0,0,0,25.266
2019-07-24 23:00,2019-07-25 04:00,0,0,0,24.656
2019-07-25 00:00,2019-07-25 05:00,0.010,0,0.030,25.040
2019-07-25 01:00,2019-07-25 06:00,0.082,0.045,0.071,28.484
2019-07-25 02:00,2019-07-25 07:00,0.260,0.242,0.084,31.184
2019-07-25 03:00,2019-07-25 08:00,0.433,0.461,0.092,33.553
2019-07-25 04:00,2019-07-25 09:00,0.568,0.656,0.100,35.617
2019-07-25 05:00,2019-07-25 10:00,0.658,0.803,0.106,37.444
2019-07-25 06:00,2019-07-25 11:00,0.703,0.885,0.110,38.943
2019-07-25 07:00,2019-07-25 12:00,0.709,0.901,0.111,40.050
2019-07-25 08:00,2019-07-25 13:00,0.675,0.847,0.110,40.701
2019-07-25 09:00,2019-07-25 14:00,0.600,0.724,0.107,40.867
2019-07-25 10:00,2019-07-25 15:00,0.485,0.550,0.101,40.582
2019-07-25 11:00,2019-07-25 16:00,0.334,0.344,0.093,39.771
2019-07-25 12:00,2019-07-25 17:00,0.164,0.137,0.082,38.409
2019-07-25 13:00,2019-07-25 18:00,0.030,0,0.057,36.381
2019-07-25 14:00,2019-07-25 19:00,0,0,0.005,33.014
2019-07-25 15:00,2019-07-25 20:00,0,0,0,30.784
2019-07-25 16:00,2019-07-25 21:00,0,0,0,29.207
2019-07-25 17:00,2019-07-25 22:00,0,0,0,28.037
2019-07-25 18:00,2019-07-25 23:00,0,0,0,26.994
2019-07-25 19:00,2019-07-26 00:00,0,0,0,25.954
2019-07-25 20:00,2019-07-26 01:00,0,0,0,25.005
2019-07-25 21:00,2019-07-26 02:00,0,0,0,24.155
2019-07-25 22:00,2019-07-26 03:00,0,0,0,23.419
2019-07-25 23:00,2019-07-26 04:00,0,0,0,22.777
2019-07-26 00:00,2019-07-26 05:00,0.007,0,0.026,23.451
2019-07-26 01:00,2019-07-26 06:00,0.078,0.053,0.058,27.610
2019-07-26 02:00,2019-07-26 07:00,0.270,0.269,0.068,30.332
2019-07-26 03:00,2019-07-26 08:00,0.449,0.497,0.076,32.764
2019-07-26 04:00,2019-07-26 09:00,0.587,0.697,0.084,34.886
2019-07-26 05:00,2019-07-26 10:00,0.678,0.847,0.090,36.720
2019-07-26 06:00,2019-07-26 11:00,0.721,0.927,0.095,38.206
2019-07-26 07:00,2019-07-26 12:00,0.726,0.943,0.096,39.360
2019-07-26 08:00,2019-07-26 13:00,0.693,0.890,0.094,40.093
2019-07-26 09:00,2019-07-26 14:00,0.617,0.765,0.091,40.325
2019-07-26 10:00,2019-07-26 15:00,0.501,0.587,0.085,39.999
2019-07-26 11:00,2019-07-26 16:00,0.346,0.374,0.077,39.174
2019-07-26 12:00,2019-07-26 17:00,0.167,0.154,0.069,37.767
2019-07-26 13:00,2019-07-26 18:00,0.025,0,0.051,35.442
2019-07-26 14:00,2019-07-26 19:00,0,0,0.005,31.781
2019-07-26 15:00,2019-07-26 20:00,0,0,0,29.867
2019-07-26 16:00,2019-07-26 21:00,0,0,0,28.239
2019-07-26 17:00,2019-07-26 22:00,0,0,0,26.929
2019-07-26 18:00,2019-07-26 23:00,0,0,0,26.029
2019-07-26 19:00,2019-07-27 00:00,0,0,0,25.147
2019-07-26 20:00,2019-07-27 01:00,0,0,0,24.334
2019-07-26 21:00,2019-07-27 02:00,0,0,0,23.756
2019-07-26 22:00,2019-07-27 03:00,0,0,0,23.146
2019-07-26 23:00,2019-07-27 04:00,0,0,0,22.471
2019-07-27 00:00,2019-07-27 05:00,0.008,0,0.027,23.000
2019-07-27 01:00,2019-07-27 06:00,0.079,0.047,0.065,26.880
2019-07-27 02:00,2019-07-27 07:00,0.263,0.252,0.076,29.939
2019-07-27 03:00,2019-07-27 08:00,0.439,0.473,0.085,32.546
2019-07-27 04:00,2019-07-27 09:00,0.575,0.669,0.093,34.722
2019-07-27 05:00,2019-07-27 10:00,0.666,0.817,0.099,36.553
2019-07-27 06:00,2019-07-27 11:00,0.713,0.904,0.102,38.014
2019-07-27 07:00,2019-07-27 12:00,0.719,0.921,0.103,39.106
2019-07-27 08:00,2019-07-27 13:00,0.685,0.868,0.101,39.784
2019-07-27 09:00,2019-07-27 14:00,0.610,0.744,0.098,40.040
2019-07-27 10:00,2019-07-27 15:00,0.493,0.568,0.092,39.855
2019-07-27 11:00,2019-07-27 16:00,0.339,0.357,0.085,39.223
2019-07-27 12:00,2019-07-27 17:00,0.164,0.143,0.076,38.108
2019-07-27 13:00,2019-07-27 18:00,0.027,0,0.054,35.739
2019-07-27 14:00,2019-07-27 19:00,0,0,0.004,31.557
2019-07-27 15:00,2019-07-27 20:00,0,0,0,30.091
2019-07-27 16:00,2019-07-27 21:00,0,0,0,28.913
2019-07-27 17:00,2019-07-27 22:00,0,0,0,27.691
2019-07-27 18:00,2019-07-27 23:00,0,0,0,26.772
2019-07-27 19:00,2019-07-28 00:00,0,0,0,26.273
2019-07-27 20:00,2019-07-28 01:00,0,0,0,25.970
2019-07-27 21:00,2019-07-28 02:00,0,0,0,25.724
2019-07-27 22:00,2019-07-28 03:00,0,0,0,25.115
2019-07-27 23:00,2019-07-28 04:00,0,0,0,24.908
2019-07-28 00:00,2019-07-28 05:00,0.008,0,0.028,25.596
2019-07-28 01:00,2019-07-28 06:00,0.081,0.036,0.078,28.807
2019-07-28 02:00,2019-07-28 07:00,0.248,0.218,0.094,31.932
2019-07-28 03:00,2019-07-28 08:00,0.417,0.431,0.102,34.324
2019-07-28 04:00,2019-07-28 09:00,0.552,0.625,0.108,36.365
2019-07-28 05:00,2019-07-28 10:00,0.644,0.775,0.113,38.078
2019-07-28 06:00,2019-07-28 11:00,0.692,0.864,0.115,39.519
2019-07-28 07:00,2019-07-28 12:00,0.698,0.882,0.116,40.664
2019-07-28 08:00,2019-07-28 13:00,0.665,0.830,0.114,41.504
2019-07-28 09:00,2019-07-28 14:00,0.592,0.715,0.109,42.116
2019-07-28 10:00,2019-07-28 15:00,0.477,0.541,0.103,42.249
2019-07-28 11:00,2019-07-28 16:00,0.325,0.333,0.096,41.744
2019-07-28 12:00,2019-07-28 17:00,0.157,0.127,0.087,40.666
2019-07-28 13:00,2019-07-28 18:00,0.029,0,0.057,37.525
2019-07-28 14:00,2019-07-28 19:00,0,0,0.004,33.322
2019-07-28 15:00,2019-07-28 20:00,0,0,0,31.702
2019-07-28 16:00,2019-07-28 21:00,0,0,0,30.534
2019-07-28 17:00,2019-07-28 22:00,0,0,0,29.563
2019-07-28 18:00,2019-07-28 23:00,0,0,0,29.098
2019-07-28 19:00,2019-07-29 00:00,0,0,0,28.866
2019-07-28 20:00,2019-07-29 01:00,0,0,0,27.884
2019-07-28 21:00,2019-07-29 02:00,0,0,0,27.262
2019-07-28 22:00,2019-07-29 03:00,0,0,0,26.798
2019-07-28 23:00,2019-07-29 04:00,0,0,0,26.417
2019-07-29 00:00,2019-07-29 05:00,0.008,0,0.027,26.898
2019-07-29 01:00,2019-07-29 06:00,0.080,0.034,0.080,30.541
2019-07-29 02:00,2019-07-29 07:00,0.243,0.213,0.097,34.317
2019-07-29 03:00,2019-07-29 08:00,0.409,0.426,0.104,36.994
2019-07-29 04:00,2019-07-29 09:00,0.543,0.621,0.110,39.175
2019-07-29 05:00,2019-07-29 10:00,0.633,0.772,0.114,40.824
2019-07-29 06:00,2019-07-29 11:00,0.688,0.877,0.113,42.069
2019-07-29 07:00,2019-07-29 12:00,0.695,0.894,0.113,42.887
2019-07-29 08:00,2019-07-29 13:00,0.663,0.840,0.112,43.314
2019-07-29 09:00,2019-07-29 14:00,0.588,0.716,0.109,43.348
2019-07-29 10:00,2019-07-29 15:00,0.474,0.538,0.104,43.071
2019-07-29 11:00,2019-07-29 16:00,0.322,0.327,0.099,42.380
2019-07-29 12:00,2019-07-29 17:00,0.154,0.121,0.090,41.202
2019-07-29 13:00,2019-07-29 18:00,0.030,0,0.057,38.218
2019-07-29 14:00,2019-07-29 19:00,0,0,0.003,34.219
2019-07-29 15:00,2019-07-29 20:00,0,0,0,32.616
2019-07-29 16:00,2019-07-29 21:00,0,0,0,31.743
2019-07-29 17:00,2019-07-29 22:00,0,0,0,31.149
2019-07-29 18:00,2019-07-29 23:00,0,0,0,30.367
2019-07-29 19:00,2019-07-30 00:00,0,0,0,29.677
2019-07-29 20:00,2019-07-30 01:00,0,0,0,29.026
2019-07-29 21:00,2019-07-30 02:00,0,0,0,28.426
2019-07-29 22:00,2019-07-30 03:00,0,0,0,27.946
2019-07-29 23:00,2019-07-30 04:00,0,0,0,27.604
2019-07-30 00:00,2019-07-30 05:00,0.006,0,0.025,28.040
2019-07-30 01:00,2019-07-30 06:00,0.077,0.014,0.098,30.626
2019-07-30 02:00,2019-07-30 07:00,0.200,0.101,0.155,32.819
2019-07-30 03:00,2019-07-30 08:00,0.331,0.233,0.189,34.978
2019-07-30 04:00,2019-07-30 09:00,0.475,0.440,0.184,37.142
2019-07-30 05:00,2019-07-30 10:00,0.598,0.660,0.159,39.197
2019-07-30 06:00,2019-07-30 11:00,0.657,0.776,0.151,40.761
2019-07-30 07:00,2019-07-30 12:00,0.665,0.797,0.149,41.829
2019-07-30 08:00,2019-07-30 13:00,0.636,0.755,0.144,42.461
2019-07-30 09:00,2019-07-30 14:00,0.566,0.645,0.138,42.596
2019-07-30 10:00,2019-07-30 15:00,0.452,0.474,0.134,42.228
2019-07-30 11:00,2019-07-30 16:00,0.305,0.274,0.127,41.354
2019-07-30 12:00,2019-07-30 17:00,0.146,0.086,0.113,39.966
2019-07-30 13:00,2019-07-30 18:00,0.031,0,0.059,37.907
2019-07-30 14:00,2019-07-30 19:00,0,0,0.003,34.793
2019-07-30 15:00,2019-07-30 20:00,0,0,0,33.294
2019-07-30 16:00,2019-07-30 21:00,0,0,0,32.168
2019-07-30 17:00,2019-07-30 22:00,0,0,0,30.986
2019-07-30 18:00,2019-07-30 23:00,0,0,0,30.116
2019-07-30 19:00,2019-07-31 00:00,0,0,0,29.196
2019-07-30 20:00,2019-07-31 01:00,0,0,0,28.469
2019-07-30 21:00,2019-07-31 02:00,0,0,0,27.928
2019-07-30 22:00,2019-07-31 03:00,0,0,0,27.411
2019-07-30 23:00,2019-07-31 04:00,0,0,0,26.944
2019-07-31 00:00,2019-07-31 05:00,0.006,0,0.024,27.502
2019-07-31 01:00,2019-07-31 06:00,0.079,0.022,0.092,30.431
2019-07-31 02:00,2019-07-31 07:00,0.226,0.165,0.123,33.285
2019-07-31 03:00,2019-07-31 08:00,0.384,0.359,0.133,35.705
2019-07-31 04:00,2019-07-31 09:00,0.519,0.554,0.136,37.717
2019-07-31 05:00,2019-07-31 10:00,0.615,0.711,0.137,39.351
2019-07-31 06:00,2019-07-31 11:00,0.672,0.819,0.133,40.639
2019-07-31 07:00,2019-07-31 12:00,0.681,0.840,0.132,41.496
2019-07-31 08:00,2019-07-31 13:00,0.650,0.791,0.130,41.958
2019-07-31 09:00,2019-07-31 14:00,0.576,0.671,0.126,42.062
2019-07-31 10:00,2019-07-31 15:00,0.461,0.499,0.121,41.814
2019-07-31 11:00,2019-07-31 16:00,0.313,0.298,0.113,41.167
2019-07-31 12:00,2019-07-31 17:00,0.151,0.107,0.099,40.018
2019-07-31 13:00,2019-07-31 18:00,0.029,0,0.057,37.952
2019-07-31 14:00,2019-07-31 19:00,0,0,0.003,34.398
2019-07-31 15:00,2019-07-31 20:00,0,0,0,32.473
2019-07-31 16:00,2019-07-31 21:00,0,0,0,31.127
2019-07-31 17:00,2019-07-31 22:00,0,0,0,30.208
2019-07-31 18:00,2019-07-31 23:00,0,0,0,29.647
2019-07-31 19:00,2019-08-01 00:00,0,0,0,29.333
2019-07-31 20:00,2019-08-01 01:00,0,0,0,28.886
2019-07-31 21:00,2019-08-01 02:00,0,0,0,28.488
2019-07-31 22:00,2019-08-01 03:00,0,0,0,28.217
2019-07-31 23:00,2019-08-01 04:00,0,0,0,28.049
2019-08-01 00:00,2019-08-01 05:00,0.005,0,0.023,28.310
2019-08-01 01:00,2019-08-01 06:00,0.078,0.024,0.089,31.170
2019-08-01 02:00,2019-08-01 07:00,0.236,0.194,0.108,34.408
2019-08-01 03:00,2019-08-01 08:00,0.402,0.406,0.114,36.998
2019-08-01 04:00,2019-08-01 09:00,0.535,0.599,0.120,39.039
2019-08-01 05:00,2019-08-01 10:00,0.626,0.747,0.125,40.478
2019-08-01 06:00,2019-08-01 11:00,0.670,0.822,0.131,41.434
2019-08-01 07:00,2019-08-01 12:00,0.678,0.837,0.133,42.067
2019-08-01 08:00,2019-08-01 13:00,0.646,0.784,0.131,42.339
2019-08-01 09:00,2019-08-01 14:00,0.570,0.661,0.129,42.349
2019-08-01 10:00,2019-08-01 15:00,0.454,0.485,0.126,42.008
2019-08-01 11:00,2019-08-01 16:00,0.306,0.284,0.119,41.156
2019-08-01 12:00,2019-08-01 17:00,0.147,0.099,0.102,39.941
2019-08-01 13:00,2019-08-01 18:00,0.029,0,0.056,38.087
2019-08-01 14:00,2019-08-01 19:00,0,0,0.003,35.052
2019-08-01 15:00,2019-08-01 20:00,0,0,0,33.070
2019-08-01 16:00,2019-08-01 21:00,0,0,0,31.450
2019-08-01 17:00,2019-08-01 22:00,0,0,0,30.153
2019-08-01 18:00,2019-08-01 23:00,0,0,0,29.364
2019-08-01 19:00,2019-08-02 00:00,0,0,0,28.819
2019-08-01 20:00,2019-08-02 01:00,0,0,0,27.979
2019-08-01 21:00,2019-08-02 02:00,0,0,0,26.973
2019-08-01 22:00,2019-08-02 03:00,0,0,0,26.277
2019-08-01 23:00,2019-08-02 04:00,0,0,0,25.690
2019-08-02 00:00,2019-08-02 05:00,0.005,0,0.024,26.013
2019-08-02 01:00,2019-08-02 06:00,0.078,0.037,0.076,29.752
2019-08-02 02:00,2019-08-02 07:00,0.249,0.224,0.091,32.802
2019-08-02 03:00,2019-08-02 08:00,0.421,0.441,0.100,35.071
2019-08-02 04:00,2019-08-02 09:00,0.557,0.637,0.107,36.818
2019-08-02 05:00,2019-08-02 10:00,0.649,0.784,0.113,38.247
2019-08-02 06:00,2019-08-02 11:00,0.693,0.860,0.119,39.257
2019-08-02 07:00,2019-08-02 12:00,0.697,0.866,0.123,39.893
2019-08-02 08:00,2019-08-02 13:00,0.661,0.804,0.124,40.140
2019-08-02 09:00,2019-08-02 14:00,0.576,0.660,0.129,40.235
2019-08-02 10:00,2019-08-02 15:00,0.447,0.460,0.133,40.101
2019-08-02 11:00,2019-08-02 16:00,0.296,0.258,0.129,39.546
2019-08-02 12:00,2019-08-02 17:00,0.141,0.083,0.110,38.583
2019-08-02 13:00,2019-08-02 18:00,0.028,0,0.055,36.584
2019-08-02 14:00,2019-08-02 19:00,0,0,0.002,33.845
2019-08-02 15:00,2019-08-02 20:00,0,0,0,32.687
2019-08-02 16:00,2019-08-02 21:00,0,0,0,31.502
2019-08-02 17:00,2019-08-02 22:00,0,0,0,30.522
2019-08-02 18:00,2019-08-02 23:00,0,0,0,29.471
2019-08-02 19:00,2019-08-03 00:00,0,0,0,28.519
2019-08-02 20:00,2019-08-03 01:00,0,0,0,27.821
2019-08-02 21:00,2019-08-03 02:00,0,0,0,27.304
2019-08-02 22:00,2019-08-03 03:00,0,0,0,26.808
2019-08-02 23:00,2019-08-03 04:00,0,0,0,26.460
2019-08-03 00:00,2019-08-03 05:00,0.005,0,0.023,26.726
2019-08-03 01:00,2019-08-03 06:00,0.077,0.032,0.080,30.055
2019-08-03 02:00,2019-08-03 07:00,0.237,0.200,0.102,33.162
2019-08-03 03:00,2019-08-03 08:00,0.403,0.406,0.112,35.610
2019-08-03 04:00,2019-08-03 09:00,0.540,0.603,0.117,37.517
2019-08-03 05:00,2019-08-03 10:00,0.637,0.763,0.119,39.041
2019-08-03 06:00,2019-08-03 11:00,0.693,0.869,0.117,40.192
2019-08-03 07:00,2019-08-03 12:00,0.700,0.886,0.117,40.923
2019-08-03 08:00,2019-08-03 13:00,0.668,0.832,0.116,41.264
2019-08-03 09:00,2019-08-03 14:00,0.587,0.696,0.116,41.228
2019-08-03 10:00,2019-08-03 15:00,0.470,0.518,0.112,40.913
2019-08-03 11:00,2019-08-03 16:00,0.318,0.312,0.104,40.187
2019-08-03 12:00,2019-08-03 17:00,0.150,0.111,0.093,39.020
2019-08-03 13:00,2019-08-03 18:00,0.027,0,0.054,37.024
2019-08-03 14:00,2019-08-03 19:00,0,0,0.002,33.665
2019-08-03 15:00,2019-08-03 20:00,0,0,0,32.250
2019-08-03 16:00,2019-08-03 21:00,0,0,0,31.022
2019-08-03 17:00,2019-08-03 22:00,0,0,0,30.080
2019-08-03 18:00,2019-08-03 23:00,0,0,0,29.122
2019-08-03 19:00,2019-08-04 00:00,0,0,0,28.322
2019-08-03 20:00,2019-08-04 01:00,0,0,0,27.556
2019-08-03 21:00,2019-08-04 02:00,0,0,0,26.855
2019-08-03 22:00,2019-08-04 03:00,0,0,0,26.244
2019-08-03 23:00,2019-08-04 04:00,0,0,0,25.833
2019-08-04 00:00,2019-08-04 05:00,0.004,0,0.022,26.075
2019-08-04 01:00,2019-08-04 06:00,0.076,0.035,0.075,29.839
2019-08-04 02:00,2019-08-04 07:00,0.246,0.220,0.091,32.864
2019-08-04 03:00,2019-08-04 08:00,0.417,0.436,0.100,35.349
2019-08-04 04:00,2019-08-04 09:00,0.551,0.629,0.108,37.470
2019-08-04 05:00,2019-08-04 10:00,0.641,0.775,0.115,39.182
2019-08-04 06:00,2019-08-04 11:00,0.683,0.848,0.122,40.429
2019-08-04 07:00,2019-08-04 12:00,0.691,0.866,0.123,41.276
2019-08-04 08:00,2019-08-04 13:00,0.660,0.816,0.120,41.707
2019-08-04 09:00,2019-08-04 14:00,0.578,0.679,0.121,41.651
2019-08-04 10:00,2019-08-04 15:00,0.464,0.507,0.115,41.234
2019-08-04 11:00,2019-08-04 16:00,0.314,0.305,0.107,40.378
2019-08-04 12:00,2019-08-04 17:00,0.149,0.111,0.092,39.117
2019-08-04 13:00,2019-08-04 18:00,0.026,0,0.052,36.875
2019-08-04 14:00,2019-08-04 19:00,0,0,0.002,33.659
2019-08-04 15:00,2019-08-04 20:00,0,0,0,32.521
2019-08-04 16:00,2019-08-04 21:00,0,0,0,31.676
2019-08-04 17:00,2019-08-04 22:00,0,0,0,30.609
2019-08-04 18:00,2019-08-04 23:00,0,0,0,29.631
2019-08-04 19:00,2019-08-05 00:00,0,0,0,28.699
2019-08-04 20:00,2019-08-05 01:00,0,0,0,28.035
2019-08-04 21:00,2019-08-05 02:00,0,0,0,27.416
2019-08-04 22:00,2019-08-05 03:00,0,0,0,26.896
2019-08-04 23:00,2019-08-05 04:00,0,0,0,26.206
2019-08-05 00:00,2019-08-05 05:00,0.003,0,0.021,26.199
2019-08-05 01:00,2019-08-05 06:00,0.074,0.041,0.067,29.926
2019-08-05 02:00,2019-08-05 07:00,0.252,0.237,0.082,32.707
2019-08-05 03:00,2019-08-05 08:00,0.427,0.458,0.091,34.938
2019-08-05 04:00,2019-08-05 09:00,0.564,0.656,0.098,36.891
2019-08-05 05:00,2019-08-05 10:00,0.656,0.807,0.104,38.491
2019-08-05 06:00,2019-08-05 11:00,0.703,0.892,0.108,39.699
2019-08-05 07:00,2019-08-05 12:00,0.710,0.910,0.109,40.534
2019-08-05 08:00,2019-08-05 13:00,0.678,0.856,0.107,41.014
2019-08-05 09:00,2019-08-05 14:00,0.599,0.726,0.104,41.143
2019-08-05 10:00,2019-08-05 15:00,0.483,0.551,0.098,40.959
2019-08-05 11:00,2019-08-05 16:00,0.329,0.341,0.090,40.363
2019-08-05 12:00,2019-08-05 17:00,0.154,0.131,0.078,39.294
2019-08-05 13:00,2019-08-05 18:00,0.023,0,0.049,36.604
2019-08-05 14:00,2019-08-05 19:00,0,0,0.002,33.200
2019-08-05 15:00,2019-08-05 20:00,0,0,0,32.058
2019-08-05 16:00,2019-08-05 21:00,0,0,0,31.046
2019-08-05 17:00,2019-08-05 22:00,0,0,0,30.341
2019-08-05 18:00,2019-08-05 23:00,0,0,0,29.804
2019-08-05 19:00,2019-08-06 00:00,0,0,0,29.218
2019-08-05 20:00,2019-08-06 01:00,0,0,0,28.749
2019-08-05 21:00,2019-08-06 02:00,0,0,0,28.274
2019-08-05 22:00,2019-08-06 03:00,0,0,0,27.631
2019-08-05 23:00,2019-08-06 04:00,0,0,0,26.997
2019-08-06 00:00,2019-08-06 05:00,0.003,0,0.020,26.866
2019-08-06 01:00,2019-08-06 06:00,0.074,0.040,0.068,30.148
2019-08-06 02:00,2019-08-06 07:00,0.250,0.235,0.083,33.528
2019-08-06 03:00,2019-08-06 08:00,0.424,0.456,0.092,36.098
2019-08-06 04:00,2019-08-06 09:00,0.560,0.655,0.099,38.072
2019-08-06 05:00,2019-08-06 10:00,0.653,0.806,0.105,39.481
2019-08-06 06:00,2019-08-06 11:00,0.694,0.875,0.113,40.370
2019-08-06 07:00,2019-08-06 12:00,0.702,0.892,0.114,40.941
2019-08-06 08:00,2019-08-06 13:00,0.670,0.838,0.112,41.198
2019-08-06 09:00,2019-08-06 14:00,0.596,0.718,0.108,41.277
2019-08-06 10:00,2019-08-06 15:00,0.479,0.543,0.101,41.181
2019-08-06 11:00,2019-08-06 16:00,0.324,0.332,0.093,40.672
2019-08-06 12:00,2019-08-06 17:00,0.151,0.123,0.083,39.697
2019-08-06 13:00,2019-08-06 18:00,0.023,0,0.049,36.643
2019-08-06 14:00,2019-08-06 19:00,0,0,0.001,33.143
2019-08-06 15:00,2019-08-06 20:00,0,0,0,31.802
2019-08-06 16:00,2019-08-06 21:00,0,0,0,30.759
2019-08-06 17:00,2019-08-06 22:00,0,0,0,30.110
2019-08-06 18:00,2019-08-06 23:00,0,0,0,29.185
2019-08-06 19:00,2019-08-07 00:00,0,0,0,28.249
2019-08-06 20:00,2019-08-07 01:00,0,0,0,27.718
2019-08-06 21:00,2019-08-07 02:00,0,0,0,27.475
2019-08-06 22:00,2019-08-07 03:00,0,0,0,27.150
2019-08-06 23:00,2019-08-07 04:00,0,0,0,26.433
2019-08-07 00:00,2019-08-07 05:00,0.002,0,0.019,26.233
2019-08-07 01:00,2019-08-07 06:00,0.073,0.038,0.069,29.360
2019-08-07 02:00,2019-08-07 07:00,0.249,0.231,0.084,32.665
2019-08-07 03:00,2019-08-07 08:00,0.424,0.454,0.092,35.440
2019-08-07 04:00,2019-08-07 09:00,0.562,0.655,0.099,37.350
2019-08-07 05:00,2019-08-07 10:00,0.656,0.808,0.104,38.786
2019-08-07 06:00,2019-08-07 11:00,0.706,0.899,0.107,39.905
2019-08-07 07:00,2019-08-07 12:00,0.713,0.919,0.107,40.707
2019-08-07 08:00,2019-08-07 13:00,0.681,0.865,0.105,41.182
2019-08-07 09:00,2019-08-07 14:00,0.602,0.733,0.103,41.398
2019-08-07 10:00,2019-08-07 15:00,0.485,0.556,0.096,41.372
2019-08-07 11:00,2019-08-07 16:00,0.329,0.344,0.088,40.876
2019-08-07 12:00,2019-08-07 17:00,0.153,0.130,0.078,39.847
2019-08-07 13:00,2019-08-07 18:00,0.022,0,0.047,36.868
2019-08-07 14:00,2019-08-07 19:00,0,0,0.001,33.195
2019-08-07 15:00,2019-08-07 20:00,0,0,0,32.005
2019-08-07 16:00,2019-08-07 21:00,0,0,0,31.722
2019-08-07 17:00,2019-08-07 22:00,0,0,0,30.640
2019-08-07 18:00,2019-08-07 23:00,0,0,0,29.475
2019-08-07 19:00,2019-08-08 00:00,0,0,0,28.678
2019-08-07 20:00,2019-08-08 01:00,0,0,0,28.364
2019-08-07 21:00,2019-08-08 02:00,0,0,0,28.324
2019-08-07 22:00,2019-08-08 03:00,0,0,0,27.797
2019-08-07 23:00,2019-08-08 04:00,0,0,0,27.186
2019-08-08 00:00,2019-08-08 05:00,0.002,0,0.019,27.474
2019-08-08 01:00,2019-08-08 06:00,0.073,0.038,0.068,30.614
2019-08-08 02:00,2019-08-08 07:00,0.248,0.231,0.084,34.033
2019-08-08 03:00,2019-08-08 08:00,0.421,0.452,0.093,36.646
2019-08-08 04:00,2019-08-08 09:00,0.557,0.651,0.101,38.650
2019-08-08 05:00,2019-08-08 10:00,0.649,0.801,0.107,40.258
2019-08-08 06:00,2019-08-08 11:00,0.692,0.881,0.112,41.530
2019-08-08 07:00,2019-08-08 12:00,0.699,0.899,0.113,42.487
2019-08-08 08:00,2019-08-08 13:00,0.666,0.846,0.111,43.099
2019-08-08 09:00,2019-08-08 14:00,0.586,0.710,0.110,43.238
2019-08-08 10:00,2019-08-08 15:00,0.471,0.534,0.104,42.943
2019-08-08 11:00,2019-08-08 16:00,0.317,0.323,0.097,42.149
2019-08-08 12:00,2019-08-08 17:00,0.146,0.115,0.086,40.750
2019-08-08 13:00,2019-08-08 18:00,0.022,0,0.048,38.063
2019-08-08 14:00,2019-08-08 19:00,0,0,0.001,34.338
2019-08-08 15:00,2019-08-08 20:00,0,0,0,32.571
2019-08-08 16:00,2019-08-08 21:00,0,0,0,31.293
2019-08-08 17:00,2019-08-08 22:00,0,0,0,30.370
2019-08-08 18:00,2019-08-08 23:00,0,0,0,29.595
2019-08-08 19:00,2019-08-09 00:00,0,0,0,28.835
2019-08-08 20:00,2019-08-09 01:00,0,0,0,27.938
2019-08-08 21:00,2019-08-09 02:00,0,0,0,27.186
2019-08-08 22:00,2019-08-09 03:00,0,0,0,26.480
2019-08-08 23:00,2019-08-09 04:00,0,0,0,25.778
2019-08-09 00:00,2019-08-09 05:00,0.001,0,0.018,25.582
2019-08-09 01:00,2019-08-09 06:00,0.073,0.030,0.076,28.275
2019-08-09 02:00,2019-08-09 07:00,0.240,0.204,0.098,30.765
2019-08-09 03:00,2019-08-09 08:00,0.413,0.415,0.108,32.896
2019-08-09 04:00,2019-08-09 09:00,0.547,0.602,0.117,34.843
2019-08-09 05:00,2019-08-09 10:00,0.646,0.763,0.120,36.638
2019-08-09 06:00,2019-08-09 11:00,0.688,0.835,0.127,37.959
2019-08-09 07:00,2019-08-09 12:00,0.700,0.865,0.125,38.983
2019-08-09 08:00,2019-08-09 13:00,0.667,0.815,0.122,39.555
2019-08-09 09:00,2019-08-09 14:00,0.587,0.681,0.121,39.515
2019-08-09 10:00,2019-08-09 15:00,0.472,0.512,0.113,39.012
2019-08-09 11:00,2019-08-09 16:00,0.318,0.309,0.103,38.155
2019-08-09 12:00,2019-08-09 17:00,0.147,0.108,0.090,36.800
2019-08-09 13:00,2019-08-09 18:00,0.022,0,0.047,34.599
2019-08-09 14:00,2019-08-09 19:00,0,0,0.001,31.792
2019-08-09 15:00,2019-08-09 20:00,0,0,0,29.918
2019-08-09 16:00,2019-08-09 21:00,0,0,0,28.633
2019-08-09 17:00,2019-08-09 22:00,0,0,0,27.597
2019-08-09 18:00,2019-08-09 23:00,0,0,0,26.273
2019-08-09 19:00,2019-08-10 00:00,0,0,0,25.285
2019-08-09 20:00,2019-08-10 01:00,0,0,0,24.080
2019-08-09 21:00,2019-08-10 02:00,0,0,0,22.978
2019-08-09 22:00,2019-08-10 03:00,0,0,0,22.155
2019-08-09 23:00,2019-08-10 04:00,0,0,0,21.740
2019-08-10 00:00,2019-08-10 05:00,0.001,0,0.017,22.132
2019-08-10 01:00,2019-08-10 06:00,0.072,0.042,0.062,25.315
2019-08-10 02:00,2019-08-10 07:00,0.260,0.247,0.075,28.446
2019-08-10 03:00,2019-08-10 08:00,0.445,0.478,0.083,30.766
2019-08-10 04:00,2019-08-10 09:00,0.589,0.683,0.090,32.530
2019-08-10 05:00,2019-08-10 10:00,0.685,0.838,0.095,34.058
2019-08-10 06:00,2019-08-10 11:00,0.734,0.927,0.099,35.276
2019-08-10 07:00,2019-08-10 12:00,0.742,0.947,0.099,36.220
2019-08-10 08:00,2019-08-10 13:00,0.708,0.893,0.097,36.831
2019-08-10 09:00,2019-08-10 14:00,0.628,0.763,0.093,37.129
2019-08-10 10:00,2019-08-10 15:00,0.506,0.582,0.087,37.116
2019-08-10 11:00,2019-08-10 16:00,0.343,0.363,0.079,36.609
2019-08-10 12:00,2019-08-10 17:00,0.157,0.140,0.069,35.520
2019-08-10 13:00,2019-08-10 18:00,0.019,0,0.042,32.768
2019-08-10 14:00,2019-08-10 19:00,0,0,0.001,29.442
2019-08-10 15:00,2019-08-10 20:00,0,0,0,27.930
2019-08-10 16:00,2019-08-10 21:00,0,0,0,27.433
2019-08-10 17:00,2019-08-10 22:00,0,0,0,27.111
2019-08-10 18:00,2019-08-10 23:00,0,0,0,25.981
2019-08-10 19:00,2019-08-11 00:00,0,0,0,24.931
2019-08-10 20:00,2019-08-11 01:00,0,0,0,24.228
2019-08-10 21:00,2019-08-11 02:00,0,0,0,24.198
2019-08-10 22:00,2019-08-11 03:00,0,0,0,24.052
2019-08-10 23:00,2019-08-11 04:00,0,0,0,23.321
2019-08-11 00:00,2019-08-11 05:00,0,0,0.016,22.980
2019-08-11 01:00,2019-08-11 06:00,0.071,0.044,0.059,26.175
2019-08-11 02:00,2019-08-11 07:00,0.260,0.253,0.072,30.381
2019-08-11 03:00,2019-08-11 08:00,0.442,0.484,0.081,33.290
2019-08-11 04:00,2019-08-11 09:00,0.583,0.689,0.088,35.597
2019-08-11 05:00,2019-08-11 10:00,0.676,0.843,0.095,37.384
2019-08-11 06:00,2019-08-11 11:00,0.719,0.920,0.101,38.732
2019-08-11 07:00,2019-08-11 12:00,0.725,0.938,0.102,39.701
2019-08-11 08:00,2019-08-11 13:00,0.690,0.881,0.100,40.348
2019-08-11 09:00,2019-08-11 14:00,0.612,0.752,0.097,40.564
2019-08-11 10:00,2019-08-11 15:00,0.492,0.570,0.091,40.381
2019-08-11 11:00,2019-08-11 16:00,0.332,0.350,0.083,39.743
2019-08-11 12:00,2019-08-11 17:00,0.150,0.129,0.074,38.523
2019-08-11 13:00,2019-08-11 18:00,0.019,0,0.043,34.378
2019-08-11 14:00,2019-08-11 19:00,0,0,0,30.646
2019-08-11 15:00,2019-08-11 20:00,0,0,0,29.494
2019-08-11 16:00,2019-08-11 21:00,0,0,0,28.411
2019-08-11 17:00,2019-08-11 22:00,0,0,0,27.541
2019-08-11 18:00,2019-08-11 23:00,0,0,0,26.840
2019-08-11 19:00,2019-08-12 00:00,0,0,0,26.061
2019-08-11 20:00,2019-08-12 01:00,0,0,0,25.156
2019-08-11 21:00,2019-08-12 02:00,0,0,0,24.436
2019-08-11 22:00,2019-08-12 03:00,0,0,0,23.951
2019-08-11 23:00,2019-08-12 04:00,0,0,0,23.405
2019-08-12 00:00,2019-08-12 05:00,0,0,0.015,23.143
2019-08-12 01:00,2019-08-12 06:00,0.072,0.030,0.074,26.771
2019-08-12 02:00,2019-08-12 07:00,0.240,0.206,0.095,30.824
2019-08-12 03:00,2019-08-12 08:00,0.415,0.425,0.104,33.546
2019-08-12 04:00,2019-08-12 09:00,0.554,0.626,0.110,36.040
2019-08-12 05:00,2019-08-12 10:00,0.648,0.780,0.114,38.033
2019-08-12 06:00,2019-08-12 11:00,0.698,0.874,0.116,39.475
2019-08-12 07:00,2019-08-12 12:00,0.705,0.891,0.117,40.437
2019-08-12 08:00,2019-08-12 13:00,0.671,0.836,0.115,40.952
2019-08-12 09:00,2019-08-12 14:00,0.587,0.694,0.116,41.023
2019-08-12 10:00,2019-08-12 15:00,0.469,0.516,0.111,40.688
2019-08-12 11:00,2019-08-12 16:00,0.314,0.308,0.102,39.783
2019-08-12 12:00,2019-08-12 17:00,0.143,0.107,0.087,38.323
2019-08-12 13:00,2019-08-12 18:00,0.019,0,0.044,35.534
2019-08-12 14:00,2019-08-12 19:00,0,0,0,31.845
2019-08-12 15:00,2019-08-12 20:00,0,0,0,30.198
2019-08-12 16:00,2019-08-12 21:00,0,0,0,28.850
2019-08-12 17:00,2019-08-12 22:00,0,0,0,27.792
2019-08-12 18:00,2019-08-12 23:00,0,0,0,26.707
2019-08-12 19:00,2019-08-13 00:00,0,0,0,25.855
2019-08-12 20:00,2019-08-13 01:00,0,0,0,25.364
2019-08-12 21:00,2019-08-13 02:00,0,0,0,24.767
2019-08-12 22:00,2019-08-13 03:00,0,0,0,23.909
2019-08-12 23:00,2019-08-13 04:00,0,0,0,23.261
2019-08-13 00:00,2019-08-13 05:00,0,0,0.014,23.131
2019-08-13 01:00,2019-08-13 06:00,0.071,0.028,0.075,26.438
2019-08-13 02:00,2019-08-13 07:00,0.239,0.201,0.098,29.690
2019-08-13 03:00,2019-08-13 08:00,0.416,0.419,0.107,32.190
2019-08-13 04:00,2019-08-13 09:00,0.557,0.620,0.113,34.383
2019-08-13 05:00,2019-08-13 10:00,0.651,0.772,0.118,36.229
2019-08-13 06:00,2019-08-13 11:00,0.699,0.857,0.122,37.591
2019-08-13 07:00,2019-08-13 12:00,0.703,0.867,0.125,38.519
2019-08-13 08:00,2019-08-13 13:00,0.666,0.805,0.125,39.005
2019-08-13 09:00,2019-08-13 14:00,0.589,0.682,0.121,39.095
2019-08-13 10:00,2019-08-13 15:00,0.466,0.498,0.118,38.649
2019-08-13 11:00,2019-08-13 16:00,0.306,0.283,0.113,37.629
2019-08-13 12:00,2019-08-13 17:00,0.136,0.087,0.098,35.907
2019-08-13 13:00,2019-08-13 18:00,0.018,0,0.042,33.372
2019-08-13 14:00,2019-08-13 19:00,0,0,0,30.691
2019-08-13 15:00,2019-08-13 20:00,0,0,0,29.118
2019-08-13 16:00,2019-08-13 21:00,0,0,0,27.957
2019-08-13 17:00,2019-08-13 22:00,0,0,0,26.924
2019-08-13 18:00,2019-08-13 23:00,0,0,0,25.948
2019-08-13 19:00,2019-08-14 00:00,0,0,0,25.032
2019-08-13 20:00,2019-08-14 01:00,0,0,0,24.302
2019-08-13 21:00,2019-08-14 02:00,0,0,0,23.721
2019-08-13 22:00,2019-08-14 03:00,0,0,0,23.255
2019-08-13 23:00,2019-08-14 04:00,0,0,0,22.828
2019-08-14 00:00,2019-08-14 05:00,0,0,0.013,22.692
2019-08-14 01:00,2019-08-14 06:00,0.070,0.023,0.078,25.113
2019-08-14 02:00,2019-08-14 07:00,0.232,0.180,0.108,28.008
2019-08-14 03:00,2019-08-14 08:00,0.407,0.393,0.117,30.857
2019-08-14 04:00,2019-08-14 09:00,0.550,0.592,0.123,32.657
2019-08-14 05:00,2019-08-14 10:00,0.649,0.746,0.127,33.869
2019-08-14 06:00,2019-08-14 11:00,0.710,0.855,0.125,34.775
2019-08-14 07:00,2019-08-14 12:00,0.717,0.869,0.126,35.318
2019-08-14 08:00,2019-08-14 13:00,0.681,0.808,0.126,35.500
2019-08-14 09:00,2019-08-14 14:00,0.590,0.656,0.131,35.216
2019-08-14 10:00,2019-08-14 15:00,0.460,0.461,0.132,34.486
2019-08-14 11:00,2019-08-14 16:00,0.300,0.254,0.126,33.296
2019-08-14 12:00,2019-08-14 17:00,0.133,0.073,0.104,31.710
2019-08-14 13:00,2019-08-14 18:00,0.017,0,0.040,29.719
2019-08-14 14:00,2019-08-14 19:00,0,0,0,27.512
2019-08-14 15:00,2019-08-14 20:00,0,0,0,26.121
2019-08-14 16:00,2019-08-14 21:00,0,0,0,25.048
2019-08-14 17:00,2019-08-14 22:00,0,0,0,24.098
2019-08-14 18:00,2019-08-14 23:00,0,0,0,23.224
2019-08-14 19:00,2019-08-15 00:00,0,0,0,22.387
2019-08-14 20:00,2019-08-15 01:00,0,0,0,21.598
2019-08-14 21:00,2019-08-15 02:00,0,0,0,20.995
2019-08-14 22:00,2019-08-15 03:00,0,0,0,20.743
2019-08-14 23:00,2019-08-15 04:00,0,0,0,20.529
2019-08-15 00:00,2019-08-15 05:00,0,0,0.011,20.561
2019-08-15 01:00,2019-08-15 06:00,0.065,0.014,0.080,22.357
2019-08-15 02:00,2019-08-15 07:00,0.215,0.138,0.127,25.364
2019-08-15 03:00,2019-08-15 08:00,0.394,0.353,0.133,28.067
2019-08-15 04:00,2019-08-15 09:00,0.558,0.589,0.126,29.752
2019-08-15 05:00,2019-08-15 10:00,0.660,0.746,0.129,31.036
2019-08-15 06:00,2019-08-15 11:00,0.692,0.787,0.145,31.885
2019-08-15 07:00,2019-08-15 12:00,0.702,0.807,0.145,32.473
2019-08-15 08:00,2019-08-15 13:00,0.672,0.763,0.140,32.704
2019-08-15 09:00,2019-08-15 14:00,0.613,0.687,0.123,32.697
2019-08-15 10:00,2019-08-15 15:00,0.486,0.504,0.117,32.320
2019-08-15 11:00,2019-08-15 16:00,0.319,0.287,0.112,31.527
2019-08-15 12:00,2019-08-15 17:00,0.140,0.087,0.096,30.262
2019-08-15 13:00,2019-08-15 18:00,0.017,0,0.040,28.246
2019-08-15 14:00,2019-08-15 19:00,0,0,0,25.409
2019-08-15 15:00,2019-08-15 20:00,0,0,0,24.197
2019-08-15 16:00,2019-08-15 21:00,0,0,0,23.237
2019-08-15 17:00,2019-08-15 22:00,0,0,0,22.390
2019-08-15 18:00,2019-08-15 23:00,0,0,0,21.545
2019-08-15 19:00,2019-08-16 00:00,0,0,0,20.761
2019-08-15 20:00,2019-08-16 01:00,0,0,0,20.191
2019-08-15 21:00,2019-08-16 02:00,0,0,0,19.824
2019-08-15 22:00,2019-08-16 03:00,0,0,0,19.804
2019-08-15 23:00,2019-08-16 04:00,0,0,0,19.867
2019-08-16 00:00,2019-08-16 05:00,0,0,0.011,20.001
2019-08-16 01:00,2019-08-16 06:00,0.062,0.010,0.080,22.103
2019-08-16 02:00,2019-08-16 07:00,0.191,0.090,0.147,24.667
2019-08-16 03:00,2019-08-16 08:00,0.348,0.248,0.179,27.224
2019-08-16 04:00,2019-08-16 09:00,0.495,0.439,0.184,29.207
2019-08-16 05:00,2019-08-16 10:00,0.603,0.604,0.180,30.545
2019-08-16 06:00,2019-08-16 11:00,0.694,0.779,0.155,31.657
2019-08-16 07:00,2019-08-16 12:00,0.726,0.855,0.137,32.471
2019-08-16 08:00,2019-08-16 13:00,0.692,0.802,0.135,32.873
2019-08-16 09:00,2019-08-16 14:00,0.580,0.607,0.153,32.718
2019-08-16 10:00,2019-08-16 15:00,0.439,0.394,0.162,32.181
2019-08-16 11:00,2019-08-16 16:00,0.276,0.188,0.158,31.226
2019-08-16 12:00,2019-08-16 17:00,0.102,0.027,0.113,29.711
2019-08-16 13:00,2019-08-16 18:00,0.010,0,0.031,27.866
2019-08-16 14:00,2019-08-16 19:00,0,0,0,26.033
2019-08-16 15:00,2019-08-16 20:00,0,0,0,24.824
2019-08-16 16:00,2019-08-16 21:00,0,0,0,23.842
2019-08-16 17:00,2019-08-16 22:00,0,0,0,22.845
2019-08-16 18:00,2019-08-16 23:00,0,0,0,21.863
2019-08-16 19:00,2019-08-17 00:00,0,0,0,21.044
2019-08-16 20:00,2019-08-17 01:00,0,0,0,20.441
2019-08-16 21:00,2019-08-17 02:00,0,0,0,19.926
2019-08-16 22:00,2019-08-17 03:00,0,0,0,19.684
2019-08-16 23:00,2019-08-17 04:00,0,0,0,19.363
2019-08-17 00:00,2019-08-17 05:00,0,0,0.010,19.061
2019-08-17 01:00,2019-08-17 06:00,0.067,0.022,0.075,20.894
2019-08-17 02:00,2019-08-17 07:00,0.238,0.188,0.101,23.533
2019-08-17 03:00,2019-08-17 08:00,0.434,0.431,0.101,26.049
2019-08-17 04:00,2019-08-17 09:00,0.586,0.642,0.105,27.929
2019-08-17 05:00,2019-08-17 10:00,0.689,0.803,0.109,29.454
2019-08-17 06:00,2019-08-17 11:00,0.721,0.849,0.123,30.523
2019-08-17 07:00,2019-08-17 12:00,0.737,0.884,0.120,31.344
2019-08-17 08:00,2019-08-17 13:00,0.708,0.845,0.114,31.857
2019-08-17 09:00,2019-08-17 14:00,0.625,0.715,0.110,31.941
2019-08-17 10:00,2019-08-17 15:00,0.499,0.535,0.103,31.655
2019-08-17 11:00,2019-08-17 16:00,0.333,0.320,0.095,30.896
2019-08-17 12:00,2019-08-17 17:00,0.146,0.108,0.082,29.597
2019-08-17 13:00,2019-08-17 18:00,0.016,0,0.037,26.949
2019-08-17 14:00,2019-08-17 19:00,0,0,0,23.596
2019-08-17 15:00,2019-08-17 20:00,0,0,0,22.315
2019-08-17 16:00,2019-08-17 21:00,0,0,0,21.357
2019-08-17 17:00,2019-08-17 22:00,0,0,0,20.809
2019-08-17 18:00,2019-08-17 23:00,0,0,0,20.356
2019-08-17 19:00,2019-08-18 00:00,0,0,0,19.936
2019-08-17 20:00,2019-08-18 01:00,0,0,0,19.550
2019-08-17 21:00,2019-08-18 02:00,0,0,0,19.156
2019-08-17 22:00,2019-08-18 03:00,0,0,0,18.863
2019-08-17 23:00,2019-08-18 04:00,0,0,0,18.726
2019-08-18 00:00,2019-08-18 05:00,0,0,0.010,18.730
2019-08-18 01:00,2019-08-18 06:00,0.065,0.017,0.077,21.027
2019-08-18 02:00,2019-08-18 07:00,0.214,0.137,0.125,23.765
2019-08-18 03:00,2019-08-18 08:00,0.385,0.329,0.141,26.034
2019-08-18 04:00,2019-08-18 09:00,0.545,0.553,0.137,28.078
2019-08-18 05:00,2019-08-18 10:00,0.669,0.757,0.127,29.768
2019-08-18 06:00,2019-08-18 11:00,0.708,0.816,0.136,30.933
2019-08-18 07:00,2019-08-18 12:00,0.718,0.837,0.137,31.823
2019-08-18 08:00,2019-08-18 13:00,0.684,0.788,0.133,32.376
2019-08-18 09:00,2019-08-18 14:00,0.598,0.653,0.133,32.496
2019-08-18 10:00,2019-08-18 15:00,0.471,0.472,0.128,32.183
2019-08-18 11:00,2019-08-18 16:00,0.305,0.260,0.121,31.427
2019-08-18 12:00,2019-08-18 17:00,0.131,0.074,0.099,30.261
2019-08-18 13:00,2019-08-18 18:00,0.014,0,0.036,27.376
2019-08-18 14:00,2019-08-18 19:00,0,0,0,24.866
2019-08-18 15:00,2019-08-18 20:00,0,0,0,23.889
2019-08-18 16:00,2019-08-18 21:00,0,0,0,22.888
2019-08-18 17:00,2019-08-18 22:00,0,0,0,22.026
2019-08-18 18:00,2019-08-18 23:00,0,0,0,21.458
2019-08-18 19:00,2019-08-19 00:00,0,0,0,21.225
2019-08-18 20:00,2019-08-19 01:00,0,0,0,21.193
2019-08-18 21:00,2019-08-19 02:00,0,0,0,20.549
2019-08-18 22:00,2019-08-19 03:00,0,0,0,19.501
2019-08-18 23:00,2019-08-19 04:00,0,0,0,18.795
2019-08-19 00:00,2019-08-19 05:00,0,0,0.010,18.671
2019-08-19 01:00,2019-08-19 06:00,0.067,0.026,0.070,21.249
2019-08-19 02:00,2019-08-19 07:00,0.239,0.195,0.097,24.881
2019-08-19 03:00,2019-08-19 08:00,0.422,0.415,0.106,27.763
2019-08-19 04:00,2019-08-19 09:00,0.569,0.620,0.112,29.832
2019-08-19 05:00,2019-08-19 10:00,0.671,0.778,0.115,31.277
2019-08-19 06:00,2019-08-19 11:00,0.736,0.898,0.112,32.396
2019-08-19 07:00,2019-08-19 12:00,0.742,0.912,0.113,33.133
2019-08-19 08:00,2019-08-19 13:00,0.703,0.847,0.113,33.511
2019-08-19 09:00,2019-08-19 14:00,0.612,0.697,0.115,33.472
2019-08-19 10:00,2019-08-19 15:00,0.485,0.511,0.111,33.030
2019-08-19 11:00,2019-08-19 16:00,0.317,0.294,0.104,32.181
2019-08-19 12:00,2019-08-19 17:00,0.136,0.092,0.088,30.918
2019-08-19 13:00,2019-08-19 18:00,0.013,0,0.035,27.992
2019-08-19 14:00,2019-08-19 19:00,0,0,0,25.484
2019-08-19 15:00,2019-08-19 20:00,0,0,0,24.483
2019-08-19 16:00,2019-08-19 21:00,0,0,0,23.549
2019-08-19 17:00,2019-08-19 22:00,0,0,0,23.071
2019-08-19 18:00,2019-08-19 23:00,0,0,0,22.483
2019-08-19 19:00,2019-08-20 00:00,0,0,0,21.655
2019-08-19 20:00,2019-08-20 01:00,0,0,0,21.415
2019-08-19 21:00,2019-08-20 02:00,0,0,0,20.725
2019-08-19 22:00,2019-08-20 03:00,0,0,0,20.287
2019-08-19 23:00,2019-08-20 04:00,0,0,0,19.860
2019-08-20 00:00,2019-08-20 05:00,0,0,0.009,19.515
2019-08-20 01:00,2019-08-20 06:00,0.067,0.033,0.063,21.984
2019-08-20 02:00,2019-08-20 07:00,0.250,0.224,0.082,25.551
2019-08-20 03:00,2019-08-20 08:00,0.437,0.454,0.090,28.613
2019-08-20 04:00,2019-08-20 09:00,0.585,0.663,0.096,30.763
2019-08-20 05:00,2019-08-20 10:00,0.685,0.822,0.101,32.476
2019-08-20 06:00,2019-08-20 11:00,0.737,0.917,0.104,33.836
2019-08-20 07:00,2019-08-20 12:00,0.746,0.938,0.103,34.726
2019-08-20 08:00,2019-08-20 13:00,0.712,0.885,0.100,35.143
2019-08-20 09:00,2019-08-20 14:00,0.635,0.762,0.095,35.193
2019-08-20 10:00,2019-08-20 15:00,0.509,0.576,0.088,34.943
2019-08-20 11:00,2019-08-20 16:00,0.339,0.350,0.080,34.258
2019-08-20 12:00,2019-08-20 17:00,0.146,0.124,0.069,33.107
2019-08-20 13:00,2019-08-20 18:00,0.012,0,0.033,30.339
2019-08-20 14:00,2019-08-20 19:00,0,0,0,27.781
2019-08-20 15:00,2019-08-20 20:00,0,0,0,26.634
2019-08-20 16:00,2019-08-20 21:00,0,0,0,26.028
2019-08-20 17:00,2019-08-20 22:00,0,0,0,24.653
2019-08-20 18:00,2019-08-20 23:00,0,0,0,22.841
2019-08-20 19:00,2019-08-21 00:00,0,0,0,22.181
2019-08-20 20:00,2019-08-21 01:00,0,0,0,21.711
2019-08-20 21:00,2019-08-21 02:00,0,0,0,21.227
2019-08-20 22:00,2019-08-21 03:00,0,0,0,21.376
2019-08-20 23:00,2019-08-21 04:00,0,0,0,21.295
2019-08-21 00:00,2019-08-21 05:00,0,0,0.008,21.124
2019-08-21 01:00,2019-08-21 06:00,0.065,0.032,0.063,23.255
2019-08-21 02:00,2019-08-21 07:00,0.253,0.232,0.079,26.931
2019-08-21 03:00,2019-08-21 08:00,0.441,0.466,0.086,29.724
2019-08-21 04:00,2019-08-21 09:00,0.588,0.673,0.094,31.783
2019-08-21 05:00,2019-08-21 10:00,0.685,0.831,0.099,33.467
2019-08-21 06:00,2019-08-21 11:00,0.740,0.932,0.101,34.839
2019-08-21 07:00,2019-08-21 12:00,0.747,0.950,0.101,35.809
2019-08-21 08:00,2019-08-21 13:00,0.711,0.893,0.099,36.405
2019-08-21 09:00,2019-08-21 14:00,0.627,0.754,0.097,36.541
2019-08-21 10:00,2019-08-21 15:00,0.496,0.556,0.094,36.279
2019-08-21 11:00,2019-08-21 16:00,0.319,0.315,0.093,35.549
2019-08-21 12:00,2019-08-21 17:00,0.133,0.097,0.082,34.258
2019-08-21 13:00,2019-08-21 18:00,0.011,0,0.032,30.441
2019-08-21 14:00,2019-08-21 19:00,0,0,0,27.296
2019-08-21 15:00,2019-08-21 20:00,0,0,0,26.017
2019-08-21 16:00,2019-08-21 21:00,0,0,0,25.326
2019-08-21 17:00,2019-08-21 22:00,0,0,0,24.551
2019-08-21 18:00,2019-08-21 23:00,0,0,0,23.722
2019-08-21 19:00,2019-08-22 00:00,0,0,0,23.084
2019-08-21 20:00,2019-08-22 01:00,0,0,0,22.704
2019-08-21 21:00,2019-08-22 02:00,0,0,0,22.431
2019-08-21 22:00,2019-08-22 03:00,0,0,0,22.287
2019-08-21 23:00,2019-08-22 04:00,0,0,0,21.779
2019-08-22 00:00,2019-08-22 05:00,0,0,0.008,21.578
2019-08-22 01:00,2019-08-22 06:00,0.064,0.035,0.059,23.848
2019-08-22 02:00,2019-08-22 07:00,0.249,0.231,0.077,27.862
2019-08-22 03:00,2019-08-22 08:00,0.437,0.463,0.085,30.472
2019-08-22 04:00,2019-08-22 09:00,0.583,0.671,0.092,32.616
2019-08-22 05:00,2019-08-22 10:00,0.680,0.828,0.098,34.353
2019-08-22 06:00,2019-08-22 11:00,0.724,0.904,0.105,35.603
2019-08-22 07:00,2019-08-22 12:00,0.730,0.920,0.106,36.534
2019-08-22 08:00,2019-08-22 13:00,0.693,0.862,0.104,37.080
2019-08-22 09:00,2019-08-22 14:00,0.614,0.734,0.100,37.276
2019-08-22 10:00,2019-08-22 15:00,0.488,0.547,0.094,37.085
2019-08-22 11:00,2019-08-22 16:00,0.320,0.324,0.087,36.442
2019-08-22 12:00,2019-08-22 17:00,0.134,0.106,0.075,35.202
2019-08-22 13:00,2019-08-22 18:00,0.008,0,0.028,31.132
2019-08-22 14:00,2019-08-22 19:00,0,0,0,28.219
2019-08-22 15:00,2019-08-22 20:00,0,0,0,27.365
2019-08-22 16:00,2019-08-22 21:00,0,0,0,26.691
2019-08-22 17:00,2019-08-22 22:00,0,0,0,26.072
2019-08-22 18:00,2019-08-22 23:00,0,0,0,25.186
2019-08-22 19:00,2019-08-23 00:00,0,0,0,24.368
2019-08-22 20:00,2019-08-23 01:00,0,0,0,23.730
2019-08-22 21:00,2019-08-23 02:00,0,0,0,22.939
2019-08-22 22:00,2019-08-23 03:00,0,0,0,22.265
2019-08-22 23:00,2019-08-23 04:00,0,0,0,21.724
2019-08-23 00:00,2019-08-23 05:00,0,0,0.007,21.341
2019-08-23 01:00,2019-08-23 06:00,0.063,0.031,0.062,24.175
2019-08-23 02:00,2019-08-23 07:00,0.243,0.215,0.085,27.933
2019-08-23 03:00,2019-08-23 08:00,0.427,0.442,0.094,30.592
2019-08-23 04:00,2019-08-23 09:00,0.570,0.642,0.103,32.815
2019-08-23 05:00,2019-08-23 10:00,0.665,0.793,0.110,34.683
2019-08-23 06:00,2019-08-23 11:00,0.703,0.855,0.120,36.045
2019-08-23 07:00,2019-08-23 12:00,0.712,0.878,0.120,36.940
2019-08-23 08:00,2019-08-23 13:00,0.678,0.823,0.118,37.362
2019-08-23 09:00,2019-08-23 14:00,0.589,0.674,0.121,37.216
2019-08-23 10:00,2019-08-23 15:00,0.450,0.461,0.125,36.505
2019-08-23 11:00,2019-08-23 16:00,0.289,0.251,0.118,35.312
2019-08-23 12:00,2019-08-23 17:00,0.115,0.062,0.096,33.542
2019-08-23 13:00,2019-08-23 18:00,0.005,0,0.024,31.217
2019-08-23 14:00,2019-08-23 19:00,0,0,0,29.124
2019-08-23 15:00,2019-08-23 20:00,0,0,0,27.802
2019-08-23 16:00,2019-08-23 21:00,0,0,0,26.462
2019-08-23 17:00,2019-08-23 22:00,0,0,0,25.240
2019-08-23 18:00,2019-08-23 23:00,0,0,0,24.089
2019-08-23 19:00,2019-08-24 00:00,0,0,0,23.128
2019-08-23 20:00,2019-08-24 01:00,0,0,0,22.459
2019-08-23 21:00,2019-08-24 02:00,0,0,0,22.173
2019-08-23 22:00,2019-08-24 03:00,0,0,0,21.803
2019-08-23 23:00,2019-08-24 04:00,0,0,0,21.091
2019-08-24 00:00,2019-08-24 05:00,0,0,0.006,20.694
2019-08-24 01:00,2019-08-24 06:00,0.059,0.021,0.066,22.794
2019-08-24 02:00,2019-08-24 07:00,0.230,0.185,0.098,26.334
2019-08-24 03:00,2019-08-24 08:00,0.411,0.405,0.107,29.659
2019-08-24 04:00,2019-08-24 09:00,0.554,0.600,0.116,31.579
2019-08-24 05:00,2019-08-24 10:00,0.651,0.750,0.123,33.066
2019-08-24 06:00,2019-08-24 11:00,0.699,0.829,0.129,34.195
2019-08-24 07:00,2019-08-24 12:00,0.703,0.837,0.132,34.959
2019-08-24 08:00,2019-08-24 13:00,0.659,0.762,0.136,35.318
2019-08-24 09:00,2019-08-24 14:00,0.578,0.637,0.132,35.422
2019-08-24 10:00,2019-08-24 15:00,0.461,0.476,0.120,35.186
2019-08-24 11:00,2019-08-24 16:00,0.304,0.280,0.106,34.523
2019-08-24 12:00,2019-08-24 17:00,0.127,0.087,0.084,33.391
2019-08-24 13:00,2019-08-24 18:00,0.007,0,0.026,30.550
2019-08-24 14:00,2019-08-24 19:00,0,0,0,28.720
2019-08-24 15:00,2019-08-24 20:00,0,0,0,28.209
2019-08-24 16:00,2019-08-24 21:00,0,0,0,27.777
2019-08-24 17:00,2019-08-24 22:00,0,0,0,26.714
2019-08-24 18:00,2019-08-24 23:00,0,0,0,25.153
2019-08-24 19:00,2019-08-25 00:00,0,0,0,24.330
2019-08-24 20:00,2019-08-25 01:00,0,0,0,23.639
2019-08-24 21:00,2019-08-25 02:00,0,0,0,23.079
2019-08-24 22:00,2019-08-25 03:00,0,0,0,22.723
2019-08-24 23:00,2019-08-25 04:00,0,0,0,22.435
2019-08-25 00:00,2019-08-25 05:00,0,0,0.006,22.131
2019-08-25 01:00,2019-08-25 06:00,0.060,0.033,0.057,24.119
2019-08-25 02:00,2019-08-25 07:00,0.245,0.226,0.077,27.719
2019-08-25 03:00,2019-08-25 08:00,0.433,0.459,0.085,30.711
2019-08-25 04:00,2019-08-25 09:00,0.580,0.669,0.091,32.931
2019-08-25 05:00,2019-08-25 10:00,0.679,0.830,0.096,34.532
2019-08-25 06:00,2019-08-25 11:00,0.734,0.930,0.098,35.706
2019-08-25 07:00,2019-08-25 12:00,0.742,0.951,0.098,36.514
2019-08-25 08:00,2019-08-25 13:00,0.708,0.895,0.095,36.950
2019-08-25 09:00,2019-08-25 14:00,0.626,0.761,0.092,37.053
2019-08-25 10:00,2019-08-25 15:00,0.501,0.574,0.085,36.778
2019-08-25 11:00,2019-08-25 16:00,0.331,0.348,0.076,36.019
2019-08-25 12:00,2019-08-25 17:00,0.137,0.120,0.065,34.680
2019-08-25 13:00,2019-08-25 18:00,0.005,0,0.024,31.014
2019-08-25 14:00,2019-08-25 19:00,0,0,0,28.718
2019-08-25 15:00,2019-08-25 20:00,0,0,0,27.532
2019-08-25 16:00,2019-08-25 21:00,0,0,0,26.639
2019-08-25 17:00,2019-08-25 22:00,0,0,0,25.867
2019-08-25 18:00,2019-08-25 23:00,0,0,0,24.996
2019-08-25 19:00,2019-08-26 00:00,0,0,0,24.236
2019-08-25 20:00,2019-08-26 01:00,0,0,0,23.726
2019-08-25 21:00,2019-08-26 02:00,0,0,0,23.498
2019-08-25 22:00,2019-08-26 03:00,0,0,0,23.301
2019-08-25 23:00,2019-08-26 04:00,0,0,0,22.862
2019-08-26 00:00,2019-08-26 05:00,0,0,0.005,22.388
2019-08-26 01:00,2019-08-26 06:00,0.060,0.032,0.057,24.053
2019-08-26 02:00,2019-08-26 07:00,0.243,0.221,0.079,27.987
2019-08-26 03:00,2019-08-26 08:00,0.429,0.451,0.088,30.834
2019-08-26 04:00,2019-08-26 09:00,0.574,0.657,0.096,33.099
2019-08-26 05:00,2019-08-26 10:00,0.671,0.814,0.102,34.929
2019-08-26 06:00,2019-08-26 11:00,0.720,0.901,0.106,36.284
2019-08-26 07:00,2019-08-26 12:00,0.726,0.918,0.107,37.275
2019-08-26 08:00,2019-08-26 13:00,0.689,0.859,0.105,37.868
2019-08-26 09:00,2019-08-26 14:00,0.609,0.731,0.101,38.099
2019-08-26 10:00,2019-08-26 15:00,0.482,0.542,0.095,37.948
2019-08-26 11:00,2019-08-26 16:00,0.313,0.316,0.088,37.354
2019-08-26 12:00,2019-08-26 17:00,0.127,0.098,0.075,36.095
2019-08-26 13:00,2019-08-26 18:00,0.005,0,0.024,31.735
2019-08-26 14:00,2019-08-26 19:00,0,0,0,29.271
2019-08-26 15:00,2019-08-26 20:00,0,0,0,28.313
2019-08-26 16:00,2019-08-26 21:00,0,0,0,27.276
2019-08-26 17:00,2019-08-26 22:00,0,0,0,26.072
2019-08-26 18:00,2019-08-26 23:00,0,0,0,25.039
2019-08-26 19:00,2019-08-27 00:00,0,0,0,24.141
2019-08-26 20:00,2019-08-27 01:00,0,0,0,23.434
2019-08-26 21:00,2019-08-27 02:00,0,0,0,22.809
2019-08-26 22:00,2019-08-27 03:00,0,0,0,22.356
2019-08-26 23:00,2019-08-27 04:00,0,0,0,21.976
2019-08-27 00:00,2019-08-27 05:00,0,0,0.005,21.963
2019-08-27 01:00,2019-08-27 06:00,0.057,0.026,0.059,24.206
2019-08-27 02:00,2019-08-27 07:00,0.233,0.203,0.086,28.267
2019-08-27 03:00,2019-08-27 08:00,0.419,0.432,0.095,31.056
2019-08-27 04:00,2019-08-27 09:00,0.566,0.641,0.101,33.486
2019-08-27 05:00,2019-08-27 10:00,0.664,0.799,0.106,35.195
2019-08-27 06:00,2019-08-27 11:00,0.716,0.893,0.109,36.517
2019-08-27 07:00,2019-08-27 12:00,0.722,0.907,0.110,37.413
2019-08-27 08:00,2019-08-27 13:00,0.685,0.847,0.109,37.926
2019-08-27 09:00,2019-08-27 14:00,0.601,0.711,0.107,38.022
2019-08-27 10:00,2019-08-27 15:00,0.477,0.529,0.099,37.760
2019-08-27 11:00,2019-08-27 16:00,0.311,0.310,0.090,37.018
2019-08-27 12:00,2019-08-27 17:00,0.126,0.097,0.075,35.543
2019-08-27 13:00,2019-08-27 18:00,0.004,0,0.023,31.279
2019-08-27 14:00,2019-08-27 19:00,0,0,0,28.504
2019-08-27 15:00,2019-08-27 20:00,0,0,0,27.223
2019-08-27 16:00,2019-08-27 21:00,0,0,0,26.157
2019-08-27 17:00,2019-08-27 22:00,0,0,0,25.353
2019-08-27 18:00,2019-08-27 23:00,0,0,0,24.395
2019-08-27 19:00,2019-08-28 00:00,0,0,0,23.613
2019-08-27 20:00,2019-08-28 01:00,0,0,0,22.915
2019-08-27 21:00,2019-08-28 02:00,0,0,0,22.545
2019-08-27 22:00,2019-08-28 03:00,0,0,0,22.044
2019-08-27 23:00,2019-08-28 04:00,0,0,0,21.817
2019-08-28 00:00,2019-08-28 05:00,0,0,0.004,21.846
2019-08-28 01:00,2019-08-28 06:00,0.056,0.028,0.057,23.796
2019-08-28 02:00,2019-08-28 07:00,0.237,0.212,0.082,27.871
2019-08-28 03:00,2019-08-28 08:00,0.426,0.445,0.090,30.521
2019-08-28 04:00,2019-08-28 09:00,0.574,0.655,0.096,32.846
2019-08-28 05:00,2019-08-28 10:00,0.672,0.815,0.101,34.750
2019-08-28 06:00,2019-08-28 11:00,0.725,0.910,0.104,36.161
2019-08-28 07:00,2019-08-28 12:00,0.731,0.926,0.105,37.108
2019-08-28 08:00,2019-08-28 13:00,0.694,0.866,0.104,37.661
2019-08-28 09:00,2019-08-28 14:00,0.609,0.729,0.101,37.847
2019-08-28 10:00,2019-08-28 15:00,0.481,0.538,0.096,37.683
2019-08-28 11:00,2019-08-28 16:00,0.311,0.311,0.089,37.045
2019-08-28 12:00,2019-08-28 17:00,0.123,0.093,0.075,35.723
2019-08-28 13:00,2019-08-28 18:00,0.003,0,0.021,32.493
2019-08-28 14:00,2019-08-28 19:00,0,0,0,30.888
2019-08-28 15:00,2019-08-28 20:00,0,0,0,29.386
2019-08-28 16:00,2019-08-28 21:00,0,0,0,28.102
2019-08-28 17:00,2019-08-28 22:00,0,0,0,26.783
2019-08-28 18:00,2019-08-28 23:00,0,0,0,25.704
2019-08-28 19:00,2019-08-29 00:00,0,0,0,24.941
2019-08-28 20:00,2019-08-29 01:00,0,0,0,24.561
2019-08-28 21:00,2019-08-29 02:00,0,0,0,24.086
2019-08-28 22:00,2019-08-29 03:00,0,0,0,23.507
2019-08-28 23:00,2019-08-29 04:00,0,0,0,22.904
2019-08-29 00:00,2019-08-29 05:00,0,0,0.004,22.406
2019-08-29 01:00,2019-08-29 06:00,0.056,0.029,0.056,24.560
2019-08-29 02:00,2019-08-29 07:00,0.236,0.213,0.081,28.815
2019-08-29 03:00,2019-08-29 08:00,0.423,0.443,0.090,31.535
2019-08-29 04:00,2019-08-29 09:00,0.569,0.651,0.098,33.828
2019-08-29 05:00,2019-08-29 10:00,0.666,0.808,0.104,35.769
2019-08-29 06:00,2019-08-29 11:00,0.711,0.888,0.110,37.137
2019-08-29 07:00,2019-08-29 12:00,0.717,0.903,0.111,38.008
2019-08-29 08:00,2019-08-29 13:00,0.682,0.844,0.110,38.316
2019-08-29 09:00,2019-08-29 14:00,0.598,0.706,0.108,38.086
2019-08-29 10:00,2019-08-29 15:00,0.472,0.517,0.102,37.340
2019-08-29 11:00,2019-08-29 16:00,0.304,0.296,0.094,36.195
2019-08-29 12:00,2019-08-29 17:00,0.120,0.088,0.076,34.685
2019-08-29 13:00,2019-08-29 18:00,0.003,0,0.020,31.534
2019-08-29 14:00,2019-08-29 19:00,0,0,0,28.705
2019-08-29 15:00,2019-08-29 20:00,0,0,0,27.543
2019-08-29 16:00,2019-08-29 21:00,0,0,0,26.375
2019-08-29 17:00,2019-08-29 22:00,0,0,0,25.424
2019-08-29 18:00,2019-08-29 23:00,0,0,0,24.814
2019-08-29 19:00,2019-08-30 00:00,0,0,0,24.346
2019-08-29 20:00,2019-08-30 01:00,0,0,0,23.842
2019-08-29 21:00,2019-08-30 02:00,0,0,0,23.427
2019-08-29 22:00,2019-08-30 03:00,0,0,0,23.062
2019-08-29 23:00,2019-08-30 04:00,0,0,0,22.430
2019-08-30 00:00,2019-08-30 05:00,0,0,0.003,21.848
2019-08-30 01:00,2019-08-30 06:00,0.050,0.019,0.059,23.723
2019-08-30 02:00,2019-08-30 07:00,0.216,0.169,0.099,27.018
2019-08-30 03:00,2019-08-30 08:00,0.400,0.388,0.110,29.846
2019-08-30 04:00,2019-08-30 09:00,0.549,0.596,0.115,32.092
2019-08-30 05:00,2019-08-30 10:00,0.652,0.758,0.119,33.555
2019-08-30 06:00,2019-08-30 11:00,0.713,0.865,0.118,34.565
2019-08-30 07:00,2019-08-30 12:00,0.722,0.885,0.118,35.213
2019-08-30 08:00,2019-08-30 13:00,0.686,0.827,0.116,35.438
2019-08-30 09:00,2019-08-30 14:00,0.602,0.693,0.113,35.187
2019-08-30 10:00,2019-08-30 15:00,0.474,0.504,0.108,34.478
2019-08-30 11:00,2019-08-30 16:00,0.304,0.284,0.099,33.288
2019-08-30 12:00,2019-08-30 17:00,0.118,0.080,0.079,31.527
2019-08-30 13:00,2019-08-30 18:00,0.002,0,0.019,28.950
2019-08-30 14:00,2019-08-30 19:00,0,0,0,26.527
2019-08-30 15:00,2019-08-30 20:00,0,0,0,25.142
2019-08-30 16:00,2019-08-30 21:00,0,0,0,24.051
2019-08-30 17:00,2019-08-30 22:00,0,0,0,23.081
2019-08-30 18:00,2019-08-30 23:00,0,0,0,22.183
2019-08-30 19:00,2019-08-31 00:00,0,0,0,21.538
2019-08-30 20:00,2019-08-31 01:00,0,0,0,21.228
2019-08-30 21:00,2019-08-31 02:00,0,0,0,20.838
2019-08-30 22:00,2019-08-31 03:00,0,0,0,20.450
2019-08-30 23:00,2019-08-31 04:00,0,0,0,19.995
2019-08-31 00:00,2019-08-31 05:00,0,0,0.003,19.632
2019-08-31 01:00,2019-08-31 06:00,0.051,0.021,0.057,21.198
2019-08-31 02:00,2019-08-31 07:00,0.226,0.186,0.090,24.362
2019-08-31 03:00,2019-08-31 08:00,0.418,0.414,0.099,27.016
2019-08-31 04:00,2019-08-31 09:00,0.570,0.625,0.105,29.256
2019-08-31 05:00,2019-08-31 10:00,0.673,0.786,0.110,30.943
2019-08-31 06:00,2019-08-31 11:00,0.727,0.880,0.112,32.242
2019-08-31 07:00,2019-08-31 12:00,0.733,0.897,0.113,33.194
2019-08-31 08:00,2019-08-31 13:00,0.697,0.840,0.111,33.788
2019-08-31 09:00,2019-08-31 14:00,0.618,0.722,0.104,34.067
2019-08-31 10:00,2019-08-31 15:00,0.489,0.536,0.096,33.849
2019-08-31 11:00,2019-08-31 16:00,0.316,0.310,0.088,33.031
2019-08-31 12:00,2019-08-31 17:00,0.123,0.093,0.072,31.493
2019-08-31 13:00,2019-08-31 18:00,0.001,0,0.018,28.307
2019-08-31 14:00,2019-08-31 19:00,0,0,0,25.516
2019-08-31 15:00,2019-08-31 20:00,0,0,0,23.800
2019-08-31 16:00,2019-08-31 21:00,0,0,0,22.529
2019-08-31 17:00,2019-08-31 22:00,0,0,0,21.580
2019-08-31 18:00,2019-08-31 23:00,0,0,0,20.916
2019-08-31 19:00,2019-09-01 00:00,0,0,0,20.803
2019-08-31 20:00,2019-09-01 01:00,0,0,0,20.209
2019-08-31 21:00,2019-09-01 02:00,0,0,0,19.810
2019-08-31 22:00,2019-09-01 03:00,0,0,0,19.800
2019-08-31 23:00,2019-09-01 04:00,0,0,0,19.332
2019-09-01 00:00,2019-09-01 05:00,0,0,0.002,18.975
2019-09-01 01:00,2019-09-01 06:00,0.050,0.020,0.057,20.183
2019-09-01 02:00,2019-09-01 07:00,0.225,0.181,0.093,23.564
2019-09-01 03:00,2019-09-01 08:00,0.422,0.417,0.101,26.249
2019-09-01 04:00,2019-09-01 09:00,0.574,0.626,0.107,28.701
2019-09-01 05:00,2019-09-01 10:00,0.676,0.786,0.112,30.561
2019-09-01 06:00,2019-09-01 11:00,0.729,0.878,0.116,32.046
2019-09-01 07:00,2019-09-01 12:00,0.734,0.895,0.117,33.149
2019-09-01 08:00,2019-09-01 13:00,0.695,0.833,0.116,33.856
2019-09-01 09:00,2019-09-01 14:00,0.601,0.680,0.118,34.128
2019-09-01 10:00,2019-09-01 15:00,0.448,0.445,0.129,33.736
2019-09-01 11:00,2019-09-01 16:00,0.244,0.171,0.139,32.623
2019-09-01 12:00,2019-09-01 17:00,0.082,0.028,0.089,30.945
2019-09-01 13:00,2019-09-01 18:00,0,0,0.016,28.213
2019-09-01 14:00,2019-09-01 19:00,0,0,0,25.973
2019-09-01 15:00,2019-09-01 20:00,0,0,0,24.647
2019-09-01 16:00,2019-09-01 21:00,0,0,0,23.417
2019-09-01 17:00,2019-09-01 22:00,0,0,0,22.413
2019-09-01 18:00,2019-09-01 23:00,0,0,0,21.548
2019-09-01 19:00,2019-09-02 00:00,0,0,0,20.675
2019-09-01 20:00,2019-09-02 01:00,0,0,0,20.237
2019-09-01 21:00,2019-09-02 02:00,0,0,0,19.924
2019-09-01 22:00,2019-09-02 03:00,0,0,0,19.436
2019-09-01 23:00,2019-09-02 04:00,0,0,0,19.318
2019-09-02 00:00,2019-09-02 05:00,0,0,0.002,19.321
2019-09-02 01:00,2019-09-02 06:00,0.033,0.006,0.052,20.947
2019-09-02 02:00,2019-09-02 07:00,0.140,0.048,0.130,23.567
2019-09-02 03:00,2019-09-02 08:00,0.291,0.166,0.188,25.896
2019-09-02 04:00,2019-09-02 09:00,0.442,0.342,0.206,28.162
2019-09-02 05:00,2019-09-02 10:00,0.568,0.533,0.198,30.162
2019-09-02 06:00,2019-09-02 11:00,0.651,0.682,0.182,31.652
2019-09-02 07:00,2019-09-02 12:00,0.663,0.709,0.179,32.540
2019-09-02 08:00,2019-09-02 13:00,0.625,0.654,0.176,32.916
2019-09-02 09:00,2019-09-02 14:00,0.555,0.562,0.162,32.985
2019-09-02 10:00,2019-09-02 15:00,0.429,0.394,0.151,32.638
2019-09-02 11:00,2019-09-02 16:00,0.270,0.209,0.130,31.843
2019-09-02 12:00,2019-09-02 17:00,0.101,0.050,0.089,30.531
2019-09-02 13:00,2019-09-02 18:00,0,0,0.016,27.835
2019-09-02 14:00,2019-09-02 19:00,0,0,0,25.605
2019-09-02 15:00,2019-09-02 20:00,0,0,0,24.290
2019-09-02 16:00,2019-09-02 21:00,0,0,0,23.197
2019-09-02 17:00,2019-09-02 22:00,0,0,0,22.072
2019-09-02 18:00,2019-09-02 23:00,0,0,0,21.130
2019-09-02 19:00,2019-09-03 00:00,0,0,0,20.500
2019-09-02 20:00,2019-09-03 01:00,0,0,0,20.095
2019-09-02 21:00,2019-09-03 02:00,0,0,0,19.890
2019-09-02 22:00,2019-09-03 03:00,0,0,0,19.677
2019-09-02 23:00,2019-09-03 04:00,0,0,0,19.411
2019-09-03 00:00,2019-09-03 05:00,0,0,0.002,18.880
2019-09-03 01:00,2019-09-03 06:00,0.048,0.023,0.052,20.415
2019-09-03 02:00,2019-09-03 07:00,0.228,0.193,0.085,23.960
2019-09-03 03:00,2019-09-03 08:00,0.422,0.424,0.095,26.629
2019-09-03 04:00,2019-09-03 09:00,0.576,0.635,0.101,28.899
2019-09-03 05:00,2019-09-03 10:00,0.678,0.796,0.106,30.779
2019-09-03 06:00,2019-09-03 11:00,0.732,0.891,0.109,32.238
2019-09-03 07:00,2019-09-03 12:00,0.737,0.905,0.111,33.310
2019-09-03 08:00,2019-09-03 13:00,0.698,0.844,0.109,33.987
2019-09-03 09:00,2019-09-03 14:00,0.615,0.717,0.104,34.279
2019-09-03 10:00,2019-09-03 15:00,0.481,0.521,0.099,34.073
2019-09-03 11:00,2019-09-03 16:00,0.303,0.291,0.093,33.356
2019-09-03 12:00,2019-09-03 17:00,0.112,0.079,0.074,31.897
2019-09-03 13:00,2019-09-03 18:00,0,0,0.015,27.656
2019-09-03 14:00,2019-09-03 19:00,0,0,0,25.553
2019-09-03 15:00,2019-09-03 20:00,0,0,0,24.321
2019-09-03 16:00,2019-09-03 21:00,0,0,0,23.259
2019-09-03 17:00,2019-09-03 22:00,0,0,0,22.086
2019-09-03 18:00,2019-09-03 23:00,0,0,0,21.160
2019-09-03 19:00,2019-09-04 00:00,0,0,0,20.387
2019-09-03 20:00,2019-09-04 01:00,0,0,0,19.745
2019-09-03 21:00,2019-09-04 02:00,0,0,0,19.736
2019-09-03 22:00,2019-09-04 03:00,0,0,0,19.684
2019-09-03 23:00,2019-09-04 04:00,0,0,0,19.082
2019-09-04 00:00,2019-09-04 05:00,0,0,0.001,18.648
2019-09-04 01:00,2019-09-04 06:00,0.049,0.024,0.051,20.115
2019-09-04 02:00,2019-09-04 07:00,0.232,0.198,0.084,23.972
2019-09-04 03:00,2019-09-04 08:00,0.429,0.434,0.094,26.911
2019-09-04 04:00,2019-09-04 09:00,0.581,0.647,0.101,29.541
2019-09-04 05:00,2019-09-04 10:00,0.682,0.805,0.108,31.571
2019-09-04 06:00,2019-09-04 11:00,0.702,0.823,0.130,32.740
2019-09-04 07:00,2019-09-04 12:00,0.693,0.802,0.142,33.488
2019-09-04 08:00,2019-09-04 13:00,0.654,0.738,0.142,33.800
2019-09-04 09:00,2019-09-04 14:00,0.567,0.603,0.141,33.623
2019-09-04 10:00,2019-09-04 15:00,0.425,0.398,0.142,33.009
2019-09-04 11:00,2019-09-04 16:00,0.249,0.182,0.133,31.945
2019-09-04 12:00,2019-09-04 17:00,0.083,0.033,0.086,30.440
2019-09-04 13:00,2019-09-04 18:00,0,0,0.012,28.135
2019-09-04 14:00,2019-09-04 19:00,0,0,0,26.119
2019-09-04 15:00,2019-09-04 20:00,0,0,0,24.899
2019-09-04 16:00,2019-09-04 21:00,0,0,0,23.350
2019-09-04 17:00,2019-09-04 22:00,0,0,0,22.139
2019-09-04 18:00,2019-09-04 23:00,0,0,0,21.163
2019-09-04 19:00,2019-09-05 00:00,0,0,0,20.481
2019-09-04 20:00,2019-09-05 01:00,0,0,0,20.140
2019-09-04 21:00,2019-09-05 02:00,0,0,0,19.877
2019-09-04 22:00,2019-09-05 03:00,0,0,0,19.254
2019-09-04 23:00,2019-09-05 04:00,0,0,0,18.746
2019-09-05 00:00,2019-09-05 05:00,0,0,0.001,18.518
2019-09-05 01:00,2019-09-05 06:00,0.038,0.011,0.052,19.918
2019-09-05 02:00,2019-09-05 07:00,0.178,0.102,0.119,23.173
2019-09-05 03:00,2019-09-05 08:00,0.341,0.260,0.154,25.980
2019-09-05 04:00,2019-09-05 09:00,0.486,0.438,0.169,28.037
2019-09-05 05:00,2019-09-05 10:00,0.603,0.614,0.167,29.485
2019-09-05 06:00,2019-09-05 11:00,0.689,0.769,0.151,30.759
2019-09-05 07:00,2019-09-05 12:00,0.696,0.788,0.150,31.697
2019-09-05 08:00,2019-09-05 13:00,0.653,0.719,0.152,32.181
2019-09-05 09:00,2019-09-05 14:00,0.564,0.582,0.151,32.164
2019-09-05 10:00,2019-09-05 15:00,0.423,0.384,0.149,31.554
2019-09-05 11:00,2019-09-05 16:00,0.256,0.189,0.132,30.389
2019-09-05 12:00,2019-09-05 17:00,0.090,0.041,0.085,28.706
2019-09-05 13:00,2019-09-05 18:00,0,0,0.012,26.372
2019-09-05 14:00,2019-09-05 19:00,0,0,0,24.297
2019-09-05 15:00,2019-09-05 20:00,0,0,0,23.008
2019-09-05 16:00,2019-09-05 21:00,0,0,0,21.842
2019-09-05 17:00,2019-09-05 22:00,0,0,0,20.731
2019-09-05 18:00,2019-09-05 23:00,0,0,0,20.129
2019-09-05 19:00,2019-09-06 00:00,0,0,0,19.622
2019-09-05 20:00,2019-09-06 01:00,0,0,0,19.045
2019-09-05 21:00,2019-09-06 02:00,0,0,0,18.674
2019-09-05 22:00,2019-09-06 03:00,0,0,0,18.209
2019-09-05 23:00,2019-09-06 04:00,0,0,0,17.784
2019-09-06 00:00,2019-09-06 05:00,0,0,0.001,17.305
2019-09-06 01:00,2019-09-06 06:00,0.041,0.017,0.050,18.738
2019-09-06 02:00,2019-09-06 07:00,0.205,0.150,0.099,21.917
2019-09-06 03:00,2019-09-06 08:00,0.396,0.366,0.114,24.706
2019-09-06 04:00,2019-09-06 09:00,0.530,0.528,0.134,26.475
2019-09-06 05:00,2019-09-06 10:00,0.642,0.694,0.136,27.679
2019-09-06 06:00,2019-09-06 11:00,0.720,0.832,0.126,28.618
2019-09-06 07:00,2019-09-06 12:00,0.737,0.868,0.123,29.172
2019-09-06 08:00,2019-09-06 13:00,0.692,0.792,0.124,29.317
2019-09-06 09:00,2019-09-06 14:00,0.611,0.674,0.116,29.206
2019-09-06 10:00,2019-09-06 15:00,0.493,0.519,0.100,28.776
2019-09-06 11:00,2019-09-06 16:00,0.315,0.298,0.089,27.709
2019-09-06 12:00,2019-09-06 17:00,0.112,0.078,0.071,26.009
2019-09-06 13:00,2019-09-06 18:00,0,0,0.012,23.440
2019-09-06 14:00,2019-09-06 19:00,0,0,0,21.123
2019-09-06 15:00,2019-09-06 20:00,0,0,0,19.686
2019-09-06 16:00,2019-09-06 21:00,0,0,0,18.557
2019-09-06 17:00,2019-09-06 22:00,0,0,0,17.773
2019-09-06 18:00,2019-09-06 23:00,0,0,0,17.017
2019-09-06 19:00,2019-09-07 00:00,0,0,0,16.387
2019-09-06 20:00,2019-09-07 01:00,0,0,0,16.080
2019-09-06 21:00,2019-09-07 02:00,0,0,0,15.859
2019-09-06 22:00,2019-09-07 03:00,0,0,0,15.627
2019-09-06 23:00,2019-09-07 04:00,0,0,0,15.557
2019-09-07 00:00,2019-09-07 05:00,0,0,0.001,15.362
2019-09-07 01:00,2019-09-07 06:00,0.046,0.026,0.046,16.646
2019-09-07 02:00,2019-09-07 07:00,0.240,0.213,0.074,20.436
2019-09-07 03:00,2019-09-07 08:00,0.444,0.455,0.083,23.264
2019-09-07 04:00,2019-09-07 09:00,0.603,0.673,0.089,25.708
2019-09-07 05:00,2019-09-07 10:00,0.710,0.840,0.094,27.218
2019-09-07 06:00,2019-09-07 11:00,0.760,0.923,0.100,28.311
2019-09-07 07:00,2019-09-07 12:00,0.768,0.941,0.101,29.137
2019-09-07 08:00,2019-09-07 13:00,0.728,0.879,0.099,29.637
2019-09-07 09:00,2019-09-07 14:00,0.646,0.754,0.093,29.853
2019-09-07 10:00,2019-09-07 15:00,0.500,0.540,0.092,29.612
2019-09-07 11:00,2019-09-07 16:00,0.288,0.256,0.100,28.796
2019-09-07 12:00,2019-09-07 17:00,0.101,0.064,0.073,27.390
2019-09-07 13:00,2019-09-07 18:00,0,0,0.012,23.473
2019-09-07 14:00,2019-09-07 19:00,0,0,0,21.419
2019-09-07 15:00,2019-09-07 20:00,0,0,0,20.185
2019-09-07 16:00,2019-09-07 21:00,0,0,0,19.133
2019-09-07 17:00,2019-09-07 22:00,0,0,0,18.294
2019-09-07 18:00,2019-09-07 23:00,0,0,0,17.516
2019-09-07 19:00,2019-09-08 00:00,0,0,0,16.978
2019-09-07 20:00,2019-09-08 01:00,0,0,0,16.860
2019-09-07 21:00,2019-09-08 02:00,0,0,0,16.428
2019-09-07 22:00,2019-09-08 03:00,0,0,0,15.695
2019-09-07 23:00,2019-09-08 04:00,0,0,0,15.396
2019-09-08 00:00,2019-09-08 05:00,0,0,0.001,15.605
2019-09-08 01:00,2019-09-08 06:00,0.034,0.011,0.047,17.414
2019-09-08 02:00,2019-09-08 07:00,0.171,0.096,0.114,21.023
2019-09-08 03:00,2019-09-08 08:00,0.357,0.290,0.139,23.555
2019-09-08 04:00,2019-09-08 09:00,0.567,0.595,0.117,26.024
2019-09-08 05:00,2019-09-08 10:00,0.702,0.821,0.105,28.086
2019-09-08 06:00,2019-09-08 11:00,0.746,0.896,0.112,29.544
2019-09-08 07:00,2019-09-08 12:00,0.750,0.907,0.115,30.664
2019-09-08 08:00,2019-09-08 13:00,0.688,0.793,0.129,31.303
2019-09-08 09:00,2019-09-08 14:00,0.525,0.504,0.170,31.286
2019-09-08 10:00,2019-09-08 15:00,0.389,0.323,0.164,30.942
2019-09-08 11:00,2019-09-08 16:00,0.255,0.190,0.128,30.051
2019-09-08 12:00,2019-09-08 17:00,0.080,0.033,0.080,28.162
2019-09-08 13:00,2019-09-08 18:00,0,0,0.010,25.088
2019-09-08 14:00,2019-09-08 19:00,0,0,0,22.845
2019-09-08 15:00,2019-09-08 20:00,0,0,0,21.369
2019-09-08 16:00,2019-09-08 21:00,0,0,0,20.254
2019-09-08 17:00,2019-09-08 22:00,0,0,0,19.724
2019-09-08 18:00,2019-09-08 23:00,0,0,0,19.471
2019-09-08 19:00,2019-09-09 00:00,0,0,0,19.329
2019-09-08 20:00,2019-09-09 01:00,0,0,0,19.166
2019-09-08 21:00,2019-09-09 02:00,0,0,0,19.043
2019-09-08 22:00,2019-09-09 03:00,0,0,0,18.546
2019-09-08 23:00,2019-09-09 04:00,0,0,0,17.797
2019-09-09 00:00,2019-09-09 05:00,0,0,0,16.255
2019-09-09 01:00,2019-09-09 06:00,0.013,0.002,0.031,15.939
2019-09-09 02:00,2019-09-09 07:00,0.121,0.031,0.122,17.137
2019-09-09 03:00,2019-09-09 08:00,0.260,0.113,0.195,19.128
2019-09-09 04:00,2019-09-09 09:00,0.435,0.298,0.222,21.276
2019-09-09 05:00,2019-09-09 10:00,0.609,0.568,0.193,23.261
2019-09-09 06:00,2019-09-09 11:00,0.714,0.763,0.164,24.997
2019-09-09 07:00,2019-09-09 12:00,0.717,0.772,0.166,26.146
2019-09-09 08:00,2019-09-09 13:00,0.649,0.651,0.183,26.375
2019-09-09 09:00,2019-09-09 14:00,0.538,0.475,0.197,26.145
2019-09-09 10:00,2019-09-09 15:00,0.336,0.189,0.219,25.279
2019-09-09 11:00,2019-09-09 16:00,0.105,0.015,0.124,23.409
2019-09-09 12:00,2019-09-09 17:00,0.025,0.002,0.046,21.592
2019-09-09 13:00,2019-09-09 18:00,0,0,0.004,19.865
2019-09-09 14:00,2019-09-09 19:00,0,0,0,18.380
2019-09-09 15:00,2019-09-09 20:00,0,0,0,16.733
2019-09-09 16:00,2019-09-09 21:00,0,0,0,15.210
2019-09-09 17:00,2019-09-09 22:00,0,0,0,14.207
2019-09-09 18:00,2019-09-09 23:00,0,0,0,13.467
2019-09-09 19:00,2019-09-10 00:00,0,0,0,12.710
2019-09-09 20:00,2019-09-10 01:00,0,0,0,12.221
2019-09-09 21:00,2019-09-10 02:00,0,0,0,11.974
2019-09-09 22:00,2019-09-10 03:00,0,0,0,11.731
2019-09-09 23:00,2019-09-10 04:00,0,0,0,11.504
2019-09-10 00:00,2019-09-10 05:00,0,0,0,11.280
2019-09-10 01:00,2019-09-10 06:00,0.029,0.008,0.042,11.873
2019-09-10 02:00,2019-09-10 07:00,0.180,0.106,0.108,13.456
2019-09-10 03:00,2019-09-10 08:00,0.385,0.321,0.126,15.818
2019-09-10 04:00,2019-09-10 09:00,0.578,0.579,0.117,17.882
2019-09-10 05:00,2019-09-10 10:00,0.725,0.810,0.104,19.707
2019-09-10 06:00,2019-09-10 11:00,0.771,0.884,0.111,21.121
2019-09-10 07:00,2019-09-10 12:00,0.778,0.900,0.113,22.201
2019-09-10 08:00,2019-09-10 13:00,0.739,0.846,0.109,22.921
2019-09-10 09:00,2019-09-10 14:00,0.656,0.729,0.100,23.239
2019-09-10 10:00,2019-09-10 15:00,0.514,0.535,0.093,23.165
2019-09-10 11:00,2019-09-10 16:00,0.323,0.302,0.084,22.604
2019-09-10 12:00,2019-09-10 17:00,0.111,0.081,0.064,21.266
2019-09-10 13:00,2019-09-10 18:00,0,0,0.009,17.977
2019-09-10 14:00,2019-09-10 19:00,0,0,0,16.904
2019-09-10 15:00,2019-09-10 20:00,0,0,0,16.317
2019-09-10 16:00,2019-09-10 21:00,0,0,0,15.382
2019-09-10 17:00,2019-09-10 22:00,0,0,0,14.634
2019-09-10 18:00,2019-09-10 23:00,0,0,0,14.091
2019-09-10 19:00,2019-09-11 00:00,0,0,0,13.686
2019-09-10 20:00,2019-09-11 01:00,0,0,0,13.362
2019-09-10 21:00,2019-09-11 02:00,0,0,0,13.101
2019-09-10 22:00,2019-09-11 03:00,0,0,0,13.073
2019-09-10 23:00,2019-09-11 04:00,0,0,0,12.885
2019-09-11 00:00,2019-09-11 05:00,0,0,0,12.594
2019-09-11 01:00,2019-09-11 06:00,0.040,0.024,0.040,13.719
2019-09-11 02:00,2019-09-11 07:00,0.237,0.209,0.071,17.671
2019-09-11 03:00,2019-09-11 08:00,0.445,0.451,0.081,20.780
2019-09-11 04:00,2019-09-11 09:00,0.606,0.669,0.088,23.428
2019-09-11 05:00,2019-09-11 10:00,0.714,0.835,0.093,25.173
2019-09-11 06:00,2019-09-11 11:00,0.770,0.932,0.096,26.455
2019-09-11 07:00,2019-09-11 12:00,0.779,0.953,0.096,27.411
2019-09-11 08:00,2019-09-11 13:00,0.740,0.894,0.094,27.978
2019-09-11 09:00,2019-09-11 14:00,0.653,0.760,0.089,28.092
2019-09-11 10:00,2019-09-11 15:00,0.513,0.560,0.083,27.746
2019-09-11 11:00,2019-09-11 16:00,0.323,0.320,0.075,26.895
2019-09-11 12:00,2019-09-11 17:00,0.110,0.087,0.059,24.786
2019-09-11 13:00,2019-09-11 18:00,0,0,0.008,21.360
2019-09-11 14:00,2019-09-11 19:00,0,0,0,20.301
2019-09-11 15:00,2019-09-11 20:00,0,0,0,19.418
2019-09-11 16:00,2019-09-11 21:00,0,0,0,18.663
2019-09-11 17:00,2019-09-11 22:00,0,0,0,17.459
2019-09-11 18:00,2019-09-11 23:00,0,0,0,16.758
2019-09-11 19:00,2019-09-12 00:00,0,0,0,16.253
2019-09-11 20:00,2019-09-12 01:00,0,0,0,15.897
2019-09-11 21:00,2019-09-12 02:00,0,0,0,15.427
2019-09-11 22:00,2019-09-12 03:00,0,0,0,14.905
2019-09-11 23:00,2019-09-12 04:00,0,0,0,14.459
2019-09-12 00:00,2019-09-12 05:00,0,0,0,14.345
2019-09-12 01:00,2019-09-12 06:00,0.038,0.023,0.039,15.481
2019-09-12 02:00,2019-09-12 07:00,0.233,0.206,0.072,19.546
2019-09-12 03:00,2019-09-12 08:00,0.439,0.448,0.082,22.603
2019-09-12 04:00,2019-09-12 09:00,0.599,0.666,0.089,25.290
2019-09-12 05:00,2019-09-12 10:00,0.705,0.831,0.094,27.059
2019-09-12 06:00,2019-09-12 11:00,0.758,0.919,0.099,28.208
2019-09-12 07:00,2019-09-12 12:00,0.765,0.937,0.100,29.023
2019-09-12 08:00,2019-09-12 13:00,0.726,0.876,0.098,29.459
2019-09-12 09:00,2019-09-12 14:00,0.642,0.746,0.092,29.548
2019-09-12 10:00,2019-09-12 15:00,0.503,0.549,0.086,29.181
2019-09-12 11:00,2019-09-12 16:00,0.312,0.304,0.079,28.258
2019-09-12 12:00,2019-09-12 17:00,0.106,0.082,0.060,26.030
2019-09-12 13:00,2019-09-12 18:00,0,0,0.007,22.745
2019-09-12 14:00,2019-09-12 19:00,0,0,0,22.109
2019-09-12 15:00,2019-09-12 20:00,0,0,0,21.415
2019-09-12 16:00,2019-09-12 21:00,0,0,0,20.562
2019-09-12 17:00,2019-09-12 22:00,0,0,0,19.700
2019-09-12 18:00,2019-09-12 23:00,0,0,0,18.385
2019-09-12 19:00,2019-09-13 00:00,0,0,0,17.347
2019-09-12 20:00,2019-09-13 01:00,0,0,0,16.856
2019-09-12 21:00,2019-09-13 02:00,0,0,0,16.547
2019-09-12 22:00,2019-09-13 03:00,0,0,0,16.084
2019-09-12 23:00,2019-09-13 04:00,0,0,0,15.505
2019-09-13 00:00,2019-09-13 05:00,0,0,0,14.903
2019-09-13 01:00,2019-09-13 06:00,0.035,0.019,0.039,15.745
2019-09-13 02:00,2019-09-13 07:00,0.213,0.171,0.085,19.844
2019-09-13 03:00,2019-09-13 08:00,0.377,0.334,0.118,22.881
2019-09-13 04:00,2019-09-13 09:00,0.508,0.484,0.143,25.119
2019-09-13 05:00,2019-09-13 10:00,0.612,0.630,0.151,26.817
2019-09-13 06:00,2019-09-13 11:00,0.692,0.769,0.141,28.222
2019-09-13 07:00,2019-09-13 12:00,0.731,0.858,0.122,29.307
2019-09-13 08:00,2019-09-13 13:00,0.715,0.850,0.107,29.966
2019-09-13 09:00,2019-09-13 14:00,0.632,0.728,0.099,30.119
2019-09-13 10:00,2019-09-13 15:00,0.493,0.529,0.093,29.801
2019-09-13 11:00,2019-09-13 16:00,0.304,0.291,0.085,28.949
2019-09-13 12:00,2019-09-13 17:00,0.099,0.071,0.064,26.446
2019-09-13 13:00,2019-09-13 18:00,0,0,0.007,23.092
2019-09-13 14:00,2019-09-13 19:00,0,0,0,21.828
2019-09-13 15:00,2019-09-13 20:00,0,0,0,20.698
2019-09-13 16:00,2019-09-13 21:00,0,0,0,19.839
2019-09-13 17:00,2019-09-13 22:00,0,0,0,18.920
2019-09-13 18:00,2019-09-13 23:00,0,0,0,18.332
2019-09-13 19:00,2019-09-14 00:00,0,0,0,17.946
2019-09-13 20:00,2019-09-14 01:00,0,0,0,17.146
2019-09-13 21:00,2019-09-14 02:00,0,0,0,16.142
2019-09-13 22:00,2019-09-14 03:00,0,0,0,15.706
2019-09-13 23:00,2019-09-14 04:00,0,0,0,15.533
2019-09-14 00:00,2019-09-14 05:00,0,0,0,15.518
2019-09-14 01:00,2019-09-14 06:00,0.031,0.017,0.038,16.370
2019-09-14 02:00,2019-09-14 07:00,0.214,0.177,0.081,20.589
2019-09-14 03:00,2019-09-14 08:00,0.416,0.411,0.093,24.033
2019-09-14 04:00,2019-09-14 09:00,0.575,0.625,0.101,26.570
2019-09-14 05:00,2019-09-14 10:00,0.681,0.787,0.107,28.443
2019-09-14 06:00,2019-09-14 11:00,0.739,0.887,0.109,29.783
2019-09-14 07:00,2019-09-14 12:00,0.744,0.900,0.111,30.695
2019-09-14 08:00,2019-09-14 13:00,0.702,0.833,0.110,31.169
2019-09-14 09:00,2019-09-14 14:00,0.614,0.699,0.106,31.405
2019-09-14 10:00,2019-09-14 15:00,0.470,0.493,0.103,31.272
2019-09-14 11:00,2019-09-14 16:00,0.280,0.252,0.097,30.589
2019-09-14 12:00,2019-09-14 17:00,0.082,0.048,0.068,27.919
2019-09-14 13:00,2019-09-14 18:00,0,0,0.005,24.760
2019-09-14 14:00,2019-09-14 19:00,0,0,0,23.568
2019-09-14 15:00,2019-09-14 20:00,0,0,0,22.806
2019-09-14 16:00,2019-09-14 21:00,0,0,0,22.400
2019-09-14 17:00,2019-09-14 22:00,0,0,0,21.864
2019-09-14 18:00,2019-09-14 23:00,0,0,0,20.772
2019-09-14 19:00,2019-09-15 00:00,0,0,0,19.660
2019-09-14 20:00,2019-09-15 01:00,0,0,0,19.755
2019-09-14 21:00,2019-09-15 02:00,0,0,0,19.350
2019-09-14 22:00,2019-09-15 03:00,0,0,0,19.082
2019-09-14 23:00,2019-09-15 04:00,0,0,0,18.426
2019-09-15 00:00,2019-09-15 05:00,0,0,0,17.664
2019-09-15 01:00,2019-09-15 06:00,0.010,0.003,0.026,17.801
2019-09-15 02:00,2019-09-15 07:00,0.128,0.050,0.112,19.830
2019-09-15 03:00,2019-09-15 08:00,0.285,0.174,0.168,22.405
2019-09-15 04:00,2019-09-15 09:00,0.463,0.389,0.178,24.847
2019-09-15 05:00,2019-09-15 10:00,0.635,0.666,0.149,26.833
2019-09-15 06:00,2019-09-15 11:00,0.685,0.746,0.154,28.153
2019-09-15 07:00,2019-09-15 12:00,0.694,0.764,0.155,29.064
2019-09-15 08:00,2019-09-15 13:00,0.648,0.689,0.159,29.551
2019-09-15 09:00,2019-09-15 14:00,0.508,0.458,0.184,29.407
2019-09-15 10:00,2019-09-15 15:00,0.363,0.272,0.177,28.847
2019-09-15 11:00,2019-09-15 16:00,0.205,0.116,0.140,27.812
2019-09-15 12:00,2019-09-15 17:00,0.058,0.020,0.068,26.057
2019-09-15 13:00,2019-09-15 18:00,0,0,0.005,23.229
2019-09-15 14:00,2019-09-15 19:00,0,0,0,21.646
2019-09-15 15:00,2019-09-15 20:00,0,0,0,20.486
2019-09-15 16:00,2019-09-15 21:00,0,0,0,19.842
2019-09-15 17:00,2019-09-15 22:00,0,0,0,19.137
2019-09-15 18:00,2019-09-15 23:00,0,0,0,18.363
2019-09-15 19:00,2019-09-16 00:00,0,0,0,17.566
2019-09-15 20:00,2019-09-16 01:00,0,0,0,16.794
2019-09-15 21:00,2019-09-16 02:00,0,0,0,16.134
2019-09-15 22:00,2019-09-16 03:00,0,0,0,15.870
2019-09-15 23:00,2019-09-16 04:00,0,0,0,15.663
2019-09-16 00:00,2019-09-16 05:00,0,0,0,15.332
2019-09-16 01:00,2019-09-16 06:00,0.026,0.016,0.032,15.731
2019-09-16 02:00,2019-09-16 07:00,0.209,0.168,0.082,19.248
2019-09-16 03:00,2019-09-16 08:00,0.418,0.407,0.094,22.200
2019-09-16 04:00,2019-09-16 09:00,0.582,0.628,0.100,24.603
2019-09-16 05:00,2019-09-16 10:00,0.694,0.798,0.105,26.224
2019-09-16 06:00,2019-09-16 11:00,0.748,0.886,0.109,27.276
2019-09-16 07:00,2019-09-16 12:00,0.760,0.912,0.108,27.958
2019-09-16 08:00,2019-09-16 13:00,0.724,0.858,0.105,28.265
2019-09-16 09:00,2019-09-16 14:00,0.635,0.722,0.101,28.358
2019-09-16 10:00,2019-09-16 15:00,0.477,0.484,0.112,28.111
2019-09-16 11:00,2019-09-16 16:00,0.133,0.043,0.130,26.757
2019-09-16 12:00,2019-09-16 17:00,0.022,0.003,0.042,24.658
2019-09-16 13:00,2019-09-16 18:00,0,0,0.002,22.532
2019-09-16 14:00,2019-09-16 19:00,0,0,0,21.417
2019-09-16 15:00,2019-09-16 20:00,0,0,0,20.035
2019-09-16 16:00,2019-09-16 21:00,0,0,0,18.828
2019-09-16 17:00,2019-09-16 22:00,0,0,0,17.867
2019-09-16 18:00,2019-09-16 23:00,0,0,0,16.726
2019-09-16 19:00,2019-09-17 00:00,0,0,0,16.009
2019-09-16 20:00,2019-09-17 01:00,0,0,0,15.670
2019-09-16 21:00,2019-09-17 02:00,0,0,0,14.767
2019-09-16 22:00,2019-09-17 03:00,0,0,0,14.008
2019-09-16 23:00,2019-09-17 04:00,0,0,0,13.586
2019-09-17 00:00,2019-09-17 05:00,0,0,0,13.552
2019-09-17 01:00,2019-09-17 06:00,0.031,0.026,0.028,14.259
2019-09-17 02:00,2019-09-17 07:00,0.230,0.210,0.064,18.322
2019-09-17 03:00,2019-09-17 08:00,0.444,0.459,0.073,21.252
2019-09-17 04:00,2019-09-17 09:00,0.609,0.682,0.080,23.598
2019-09-17 05:00,2019-09-17 10:00,0.718,0.851,0.085,25.516
2019-09-17 06:00,2019-09-17 11:00,0.772,0.946,0.088,26.919
2019-09-17 07:00,2019-09-17 12:00,0.782,0.968,0.088,27.858
2019-09-17 08:00,2019-09-17 13:00,0.744,0.911,0.085,28.403
2019-09-17 09:00,2019-09-17 14:00,0.652,0.769,0.082,28.613
2019-09-17 10:00,2019-09-17 15:00,0.512,0.570,0.075,28.452
2019-09-17 11:00,2019-09-17 16:00,0.320,0.326,0.067,27.756
2019-09-17 12:00,2019-09-17 17:00,0.102,0.087,0.050,25.573
2019-09-17 13:00,2019-09-17 18:00,0,0,0.004,22.693
2019-09-17 14:00,2019-09-17 19:00,0,0,0,21.731
2019-09-17 15:00,2019-09-17 20:00,0,0,0,21.078
2019-09-17 16:00,2019-09-17 21:00,0,0,0,19.639
2019-09-17 17:00,2019-09-17 22:00,0,0,0,18.260
2019-09-17 18:00,2019-09-17 23:00,0,0,0,16.857
2019-09-17 19:00,2019-09-18 00:00,0,0,0,15.928
2019-09-17 20:00,2019-09-18 01:00,0,0,0,15.305
2019-09-17 21:00,2019-09-18 02:00,0,0,0,14.984
2019-09-17 22:00,2019-09-18 03:00,0,0,0,14.813
2019-09-17 23:00,2019-09-18 04:00,0,0,0,14.620
2019-09-18 00:00,2019-09-18 05:00,0,0,0,14.379
2019-09-18 01:00,2019-09-18 06:00,0.034,0.033,0.024,15.150
2019-09-18 02:00,2019-09-18 07:00,0.245,0.238,0.054,19.765
2019-09-18 03:00,2019-09-18 08:00,0.458,0.493,0.063,23.723
2019-09-18 04:00,2019-09-18 09:00,0.618,0.718,0.071,26.673
2019-09-18 05:00,2019-09-18 10:00,0.722,0.887,0.077,29.070
2019-09-18 06:00,2019-09-18 11:00,0.767,0.971,0.083,30.852
2019-09-18 07:00,2019-09-18 12:00,0.773,0.988,0.084,32.026
2019-09-18 08:00,2019-09-18 13:00,0.733,0.925,0.082,32.721
2019-09-18 09:00,2019-09-18 14:00,0.647,0.787,0.077,33.037
2019-09-18 10:00,2019-09-18 15:00,0.507,0.582,0.071,32.861
2019-09-18 11:00,2019-09-18 16:00,0.312,0.325,0.067,31.943
2019-09-18 12:00,2019-09-18 17:00,0.083,0.062,0.056,28.528
2019-09-18 13:00,2019-09-18 18:00,0,0,0.003,25.159
2019-09-18 14:00,2019-09-18 19:00,0,0,0,23.510
2019-09-18 15:00,2019-09-18 20:00,0,0,0,22.964
2019-09-18 16:00,2019-09-18 21:00,0,0,0,22.837
2019-09-18 17:00,2019-09-18 22:00,0,0,0,22.216
2019-09-18 18:00,2019-09-18 23:00,0,0,0,21.441
2019-09-18 19:00,2019-09-19 00:00,0,0,0,20.665
2019-09-18 20:00,2019-09-19 01:00,0,0,0,19.420
2019-09-18 21:00,2019-09-19 02:00,0,0,0,18.167
2019-09-18 22:00,2019-09-19 03:00,0,0,0,17.807
2019-09-18 23:00,2019-09-19 04:00,0,0,0,17.929
2019-09-19 00:00,2019-09-19 05:00,0,0,0,17.882
2019-09-19 01:00,2019-09-19 06:00,0.024,0.020,0.027,18.621
2019-09-19 02:00,2019-09-19 07:00,0.208,0.183,0.071,23.019
2019-09-19 03:00,2019-09-19 08:00,0.411,0.423,0.083,26.936
2019-09-19 04:00,2019-09-19 09:00,0.570,0.641,0.090,29.692
2019-09-19 05:00,2019-09-19 10:00,0.674,0.807,0.096,31.876
2019-09-19 06:00,2019-09-19 11:00,0.726,0.900,0.100,33.549
2019-09-19 07:00,2019-09-19 12:00,0.733,0.918,0.100,34.661
2019-09-19 08:00,2019-09-19 13:00,0.694,0.858,0.098,35.288
2019-09-19 09:00,2019-09-19 14:00,0.608,0.723,0.093,35.509
2019-09-19 10:00,2019-09-19 15:00,0.472,0.525,0.087,35.281
2019-09-19 11:00,2019-09-19 16:00,0.287,0.286,0.078,34.481
2019-09-19 12:00,2019-09-19 17:00,0.084,0.066,0.055,31.342
2019-09-19 13:00,2019-09-19 18:00,0,0,0.003,27.857
2019-09-19 14:00,2019-09-19 19:00,0,0,0,25.914
2019-09-19 15:00,2019-09-19 20:00,0,0,0,24.663
2019-09-19 16:00,2019-09-19 21:00,0,0,0,23.643
2019-09-19 17:00,2019-09-19 22:00,0,0,0,22.748
2019-09-19 18:00,2019-09-19 23:00,0,0,0,21.970
2019-09-19 19:00,2019-09-20 00:00,0,0,0,21.263
2019-09-19 20:00,2019-09-20 01:00,0,0,0,20.809
2019-09-19 21:00,2019-09-20 02:00,0,0,0,20.613
2019-09-19 22:00,2019-09-20 03:00,0,0,0,20.453
2019-09-19 23:00,2019-09-20 04:00,0,0,0,20.317
2019-09-20 00:00,2019-09-20 05:00,0,0,0,20.318
2019-09-20 01:00,2019-09-20 06:00,0.022,0.019,0.025,20.837
2019-09-20 02:00,2019-09-20 07:00,0.204,0.181,0.070,24.323
2019-09-20 03:00,2019-09-20 08:00,0.409,0.423,0.082,27.868
2019-09-20 04:00,2019-09-20 09:00,0.568,0.643,0.089,30.315
2019-09-20 05:00,2019-09-20 10:00,0.674,0.809,0.094,32.095
2019-09-20 06:00,2019-09-20 11:00,0.733,0.916,0.096,33.475
2019-09-20 07:00,2019-09-20 12:00,0.740,0.934,0.096,34.445
2019-09-20 08:00,2019-09-20 13:00,0.702,0.873,0.094,34.939
2019-09-20 09:00,2019-09-20 14:00,0.613,0.731,0.091,35.033
2019-09-20 10:00,2019-09-20 15:00,0.476,0.532,0.084,34.690
2019-09-20 11:00,2019-09-20 16:00,0.290,0.292,0.076,33.802
2019-09-20 12:00,2019-09-20 17:00,0.085,0.068,0.053,30.682
2019-09-20 13:00,2019-09-20 18:00,0,0,0.003,26.918
2019-09-20 14:00,2019-09-20 19:00,0,0,0,25.144
2019-09-20 15:00,2019-09-20 20:00,0,0,0,24.514
2019-09-20 16:00,2019-09-20 21:00,0,0,0,23.957
2019-09-20 17:00,2019-09-20 22:00,0,0,0,22.579
2019-09-20 18:00,2019-09-20 23:00,0,0,0,21.646
2019-09-20 19:00,2019-09-21 00:00,0,0,0,21.364
2019-09-20 20:00,2019-09-21 01:00,0,0,0,21.606
2019-09-20 21:00,2019-09-21 02:00,0,0,0,21.524
2019-09-20 22:00,2019-09-21 03:00,0,0,0,20.726
2019-09-20 23:00,2019-09-21 04:00,0,0,0,20.262
2019-09-21 00:00,2019-09-21 05:00,0,0,0,20.053
2019-09-21 01:00,2019-09-21 06:00,0.018,0.015,0.025,20.386
2019-09-21 02:00,2019-09-21 07:00,0.189,0.158,0.076,24.294
2019-09-21 03:00,2019-09-21 08:00,0.392,0.393,0.090,27.923
2019-09-21 04:00,2019-09-21 09:00,0.553,0.612,0.097,30.206
2019-09-21 05:00,2019-09-21 10:00,0.660,0.779,0.102,32.158
2019-09-21 06:00,2019-09-21 11:00,0.724,0.896,0.101,33.666
2019-09-21 07:00,2019-09-21 12:00,0.731,0.914,0.101,34.660
2019-09-21 08:00,2019-09-21 13:00,0.692,0.853,0.099,35.183
2019-09-21 09:00,2019-09-21 14:00,0.607,0.721,0.094,35.393
2019-09-21 10:00,2019-09-21 15:00,0.470,0.522,0.087,35.266
2019-09-21 11:00,2019-09-21 16:00,0.284,0.284,0.078,34.546
2019-09-21 12:00,2019-09-21 17:00,0.081,0.064,0.053,31.594
2019-09-21 13:00,2019-09-21 18:00,0,0,0.002,28.701
2019-09-21 14:00,2019-09-21 19:00,0,0,0,27.228
2019-09-21 15:00,2019-09-21 20:00,0,0,0,25.894
2019-09-21 16:00,2019-09-21 21:00,0,0,0,24.443
2019-09-21 17:00,2019-09-21 22:00,0,0,0,23.158
2019-09-21 18:00,2019-09-21 23:00,0,0,0,22.451
2019-09-21 19:00,2019-09-22 00:00,0,0,0,22.498
2019-09-21 20:00,2019-09-22 01:00,0,0,0,22.604
2019-09-21 21:00,2019-09-22 02:00,0,0,0,21.991
2019-09-21 22:00,2019-09-22 03:00,0,0,0,20.812
2019-09-21 23:00,2019-09-22 04:00,0,0,0,19.900
2019-09-22 00:00,2019-09-22 05:00,0,0,0,19.273
2019-09-22 01:00,2019-09-22 06:00,0.019,0.018,0.023,19.789
2019-09-22 02:00,2019-09-22 07:00,0.201,0.179,0.068,24.328
2019-09-22 03:00,2019-09-22 08:00,0.407,0.425,0.079,28.459
2019-09-22 04:00,2019-09-22 09:00,0.568,0.650,0.085,31.225
2019-09-22 05:00,2019-09-22 10:00,0.674,0.821,0.090,33.354
2019-09-22 06:00,2019-09-22 11:00,0.734,0.932,0.091,35.040
2019-09-22 07:00,2019-09-22 12:00,0.741,0.952,0.091,36.175
2019-09-22 08:00,2019-09-22 13:00,0.703,0.891,0.088,36.736
2019-09-22 09:00,2019-09-22 14:00,0.619,0.757,0.083,36.808
2019-09-22 10:00,2019-09-22 15:00,0.482,0.554,0.077,36.438
2019-09-22 11:00,2019-09-22 16:00,0.294,0.307,0.069,35.467
2019-09-22 12:00,2019-09-22 17:00,0.085,0.073,0.048,31.536
2019-09-22 13:00,2019-09-22 18:00,0,0,0.002,27.492
2019-09-22 14:00,2019-09-22 19:00,0,0,0,25.378
2019-09-22 15:00,2019-09-22 20:00,0,0,0,24.397
2019-09-22 16:00,2019-09-22 21:00,0,0,0,23.544
2019-09-22 17:00,2019-09-22 22:00,0,0,0,22.770
2019-09-22 18:00,2019-09-22 23:00,0,0,0,22.367
2019-09-22 19:00,2019-09-23 00:00,0,0,0,21.897
2019-09-22 20:00,2019-09-23 01:00,0,0,0,21.495
2019-09-22 21:00,2019-09-23 02:00,0,0,0,21.657
2019-09-22 22:00,2019-09-23 03:00,0,0,0,20.875
2019-09-22 23:00,2019-09-23 04:00,0,0,0,20.253
2019-09-23 00:00,2019-09-23 05:00,0,0,0,19.889
2019-09-23 01:00,2019-09-23 06:00,0.009,0.007,0.022,20.195
2019-09-23 02:00,2019-09-23 07:00,0.143,0.086,0.094,22.601
2019-09-23 03:00,2019-09-23 08:00,0.333,0.275,0.128,25.420
2019-09-23 04:00,2019-09-23 09:00,0.495,0.480,0.139,28.053
2019-09-23 05:00,2019-09-23 10:00,0.606,0.643,0.144,30.123
2019-09-23 06:00,2019-09-23 11:00,0.666,0.742,0.146,31.623
2019-09-23 07:00,2019-09-23 12:00,0.669,0.748,0.150,32.561
2019-09-23 08:00,2019-09-23 13:00,0.625,0.679,0.151,33.019
2019-09-23 09:00,2019-09-23 14:00,0.539,0.555,0.145,32.993
2019-09-23 10:00,2019-09-23 15:00,0.396,0.363,0.137,32.413
2019-09-23 11:00,2019-09-23 16:00,0.215,0.156,0.117,31.208
2019-09-23 12:00,2019-09-23 17:00,0.049,0.023,0.055,28.770
2019-09-23 13:00,2019-09-23 18:00,0,0,0.001,25.245
2019-09-23 14:00,2019-09-23 19:00,0,0,0,23.657
2019-09-23 15:00,2019-09-23 20:00,0,0,0,22.444
2019-09-23 16:00,2019-09-23 21:00,0,0,0,21.556
2019-09-23 17:00,2019-09-23 22:00,0,0,0,21.169
2019-09-23 18:00,2019-09-23 23:00,0,0,0,21.004
2019-09-23 19:00,2019-09-24 00:00,0,0,0,20.842
2019-09-23 20:00,2019-09-24 01:00,0,0,0,20.544
2019-09-23 21:00,2019-09-24 02:00,0,0,0,20.134
2019-09-23 22:00,2019-09-24 03:00,0,0,0,19.850
2019-09-23 23:00,2019-09-24 04:00,0,0,0,19.556
2019-09-24 00:00,2019-09-24 05:00,0,0,0,19.382
2019-09-24 01:00,2019-09-24 06:00,0.009,0.007,0.021,19.605
2019-09-24 02:00,2019-09-24 07:00,0.147,0.094,0.091,22.431
2019-09-24 03:00,2019-09-24 08:00,0.343,0.296,0.120,25.413
2019-09-24 04:00,2019-09-24 09:00,0.510,0.510,0.128,27.719
2019-09-24 05:00,2019-09-24 10:00,0.623,0.679,0.132,29.837
2019-09-24 06:00,2019-09-24 11:00,0.682,0.779,0.134,31.595
2019-09-24 07:00,2019-09-24 12:00,0.686,0.792,0.136,32.934
2019-09-24 08:00,2019-09-24 13:00,0.641,0.723,0.137,33.841
2019-09-24 09:00,2019-09-24 14:00,0.549,0.587,0.133,34.239
2019-09-24 10:00,2019-09-24 15:00,0.403,0.384,0.129,34.070
2019-09-24 11:00,2019-09-24 16:00,0.217,0.164,0.113,33.228
2019-09-24 12:00,2019-09-24 17:00,0.047,0.023,0.053,30.412
2019-09-24 13:00,2019-09-24 18:00,0,0,0.001,27.047
2019-09-24 14:00,2019-09-24 19:00,0,0,0,25.901
2019-09-24 15:00,2019-09-24 20:00,0,0,0,24.437
2019-09-24 16:00,2019-09-24 21:00,0,0,0,23.224
2019-09-24 17:00,2019-09-24 22:00,0,0,0,22.335
2019-09-24 18:00,2019-09-24 23:00,0,0,0,21.734
2019-09-24 19:00,2019-09-25 00:00,0,0,0,21.466
2019-09-24 20:00,2019-09-25 01:00,0,0,0,21.512
2019-09-24 21:00,2019-09-25 02:00,0,0,0,21.224
2019-09-24 22:00,2019-09-25 03:00,0,0,0,20.824
2019-09-24 23:00,2019-09-25 04:00,0,0,0,20.490
2019-09-25 00:00,2019-09-25 05:00,0,0,0,20.464
2019-09-25 01:00,2019-09-25 06:00,0.008,0.007,0.020,20.488
2019-09-25 02:00,2019-09-25 07:00,0.146,0.096,0.089,23.500
2019-09-25 03:00,2019-09-25 08:00,0.344,0.302,0.117,26.711
2019-09-25 04:00,2019-09-25 09:00,0.510,0.518,0.126,29.148
2019-09-25 05:00,2019-09-25 10:00,0.622,0.687,0.130,31.360
2019-09-25 06:00,2019-09-25 11:00,0.679,0.785,0.132,33.210
2019-09-25 07:00,2019-09-25 12:00,0.683,0.797,0.135,34.409
2019-09-25 08:00,2019-09-25 13:00,0.638,0.726,0.135,35.035
2019-09-25 09:00,2019-09-25 14:00,0.546,0.586,0.134,35.081
2019-09-25 10:00,2019-09-25 15:00,0.391,0.366,0.134,34.572
2019-09-25 11:00,2019-09-25 16:00,0.199,0.138,0.117,33.463
2019-09-25 12:00,2019-09-25 17:00,0.039,0.017,0.050,30.150
2019-09-25 13:00,2019-09-25 18:00,0,0,0.001,27.063
2019-09-25 14:00,2019-09-25 19:00,0,0,0,25.811
2019-09-25 15:00,2019-09-25 20:00,0,0,0,25.129
2019-09-25 16:00,2019-09-25 21:00,0,0,0,24.818
2019-09-25 17:00,2019-09-25 22:00,0,0,0,23.901
2019-09-25 18:00,2019-09-25 23:00,0,0,0,23.173
2019-09-25 19:00,2019-09-26 00:00,0,0,0,23.162
2019-09-25 20:00,2019-09-26 01:00,0,0,0,22.973
2019-09-25 21:00,2019-09-26 02:00,0,0,0,22.710
2019-09-25 22:00,2019-09-26 03:00,0,0,0,22.260
2019-09-25 23:00,2019-09-26 04:00,0,0,0,21.474
2019-09-26 00:00,2019-09-26 05:00,0,0,0,20.957
2019-09-26 01:00,2019-09-26 06:00,0.006,0.006,0.018,21.050
2019-09-26 02:00,2019-09-26 07:00,0.140,0.091,0.088,24.162
2019-09-26 03:00,2019-09-26 08:00,0.336,0.297,0.117,27.949
2019-09-26 04:00,2019-09-26 09:00,0.503,0.516,0.124,30.634
2019-09-26 05:00,2019-09-26 10:00,0.617,0.692,0.126,32.953
2019-09-26 06:00,2019-09-26 11:00,0.683,0.811,0.123,34.649
2019-09-26 07:00,2019-09-26 12:00,0.692,0.831,0.123,35.737
2019-09-26 08:00,2019-09-26 13:00,0.653,0.773,0.121,36.293
2019-09-26 09:00,2019-09-26 14:00,0.558,0.623,0.120,36.358
2019-09-26 10:00,2019-09-26 15:00,0.418,0.426,0.113,35.927
2019-09-26 11:00,2019-09-26 16:00,0.235,0.203,0.099,34.886
2019-09-26 12:00,2019-09-26 17:00,0.054,0.035,0.050,31.207
2019-09-26 13:00,2019-09-26 18:00,0,0,0.001,27.372
2019-09-26 14:00,2019-09-26 19:00,0,0,0,25.891
2019-09-26 15:00,2019-09-26 20:00,0,0,0,24.605
2019-09-26 16:00,2019-09-26 21:00,0,0,0,23.689
2019-09-26 17:00,2019-09-26 22:00,0,0,0,22.765
2019-09-26 18:00,2019-09-26 23:00,0,0,0,22.097
2019-09-26 19:00,2019-09-27 00:00,0,0,0,21.657
2019-09-26 20:00,2019-09-27 01:00,0,0,0,21.483
2019-09-26 21:00,2019-09-27 02:00,0,0,0,21.428
2019-09-26 22:00,2019-09-27 03:00,0,0,0,21.062
2019-09-26 23:00,2019-09-27 04:00,0,0,0,20.847
2019-09-27 00:00,2019-09-27 05:00,0,0,0,20.762
2019-09-27 01:00,2019-09-27 06:00,0.007,0.008,0.018,20.898
2019-09-27 02:00,2019-09-27 07:00,0.159,0.121,0.080,24.095
2019-09-27 03:00,2019-09-27 08:00,0.363,0.345,0.101,28.127
2019-09-27 04:00,2019-09-27 09:00,0.525,0.563,0.109,30.998
2019-09-27 05:00,2019-09-27 10:00,0.632,0.728,0.115,33.234
2019-09-27 06:00,2019-09-27 11:00,0.683,0.815,0.121,34.938
2019-09-27 07:00,2019-09-27 12:00,0.690,0.832,0.122,36.088
2019-09-27 08:00,2019-09-27 13:00,0.651,0.772,0.120,36.722
2019-09-27 09:00,2019-09-27 14:00,0.554,0.618,0.120,36.920
2019-09-27 10:00,2019-09-27 15:00,0.405,0.406,0.118,36.619
2019-09-27 11:00,2019-09-27 16:00,0.215,0.173,0.105,35.598
2019-09-27 12:00,2019-09-27 17:00,0.042,0.024,0.048,32.431
2019-09-27 13:00,2019-09-27 18:00,0,-0,0,29.668
2019-09-27 14:00,2019-09-27 19:00,0,0,0,27.810
2019-09-27 15:00,2019-09-27 20:00,0,0,0,26.080
2019-09-27 16:00,2019-09-27 21:00,0,0,0,24.661
2019-09-27 17:00,2019-09-27 22:00,0,0,0,23.654
2019-09-27 18:00,2019-09-27 23:00,0,0,0,22.748
2019-09-27 19:00,2019-09-28 00:00,0,0,0,22.088
2019-09-27 20:00,2019-09-28 01:00,0,0,0,21.485
2019-09-27 21:00,2019-09-28 02:00,0,0,0,21.113
2019-09-27 22:00,2019-09-28 03:00,0,0,0,21.042
2019-09-27 23:00,2019-09-28 04:00,0,0,0,21.160
2019-09-28 00:00,2019-09-28 05:00,0,0,0,20.825
2019-09-28 01:00,2019-09-28 06:00,0.004,0.005,0.016,20.813
2019-09-28 02:00,2019-09-28 07:00,0.128,0.075,0.090,23.659
2019-09-28 03:00,2019-09-28 08:00,0.280,0.201,0.143,27.238
2019-09-28 04:00,2019-09-28 09:00,0.412,0.339,0.176,30.084
2019-09-28 05:00,2019-09-28 10:00,0.542,0.525,0.177,32.579
2019-09-28 06:00,2019-09-28 11:00,0.614,0.648,0.172,34.235
2019-09-28 07:00,2019-09-28 12:00,0.637,0.698,0.163,35.260
2019-09-28 08:00,2019-09-28 13:00,0.613,0.673,0.152,35.813
2019-09-28 09:00,2019-09-28 14:00,0.509,0.512,0.155,35.710
2019-09-28 10:00,2019-09-28 15:00,0.364,0.318,0.147,35.140
2019-09-28 11:00,2019-09-28 16:00,0.183,0.119,0.119,33.903
2019-09-28 12:00,2019-09-28 17:00,0.032,0.014,0.044,31.041
2019-09-28 13:00,2019-09-28 18:00,0,-0,0,27.826
2019-09-28 14:00,2019-09-28 19:00,0,0,0,26.292
2019-09-28 15:00,2019-09-28 20:00,0,0,0,24.924
2019-09-28 16:00,2019-09-28 21:00,0,0,0,23.929
2019-09-28 17:00,2019-09-28 22:00,0,0,0,23.142
2019-09-28 18:00,2019-09-28 23:00,0,0,0,22.530
2019-09-28 19:00,2019-09-29 00:00,0,0,0,22.263
2019-09-28 20:00,2019-09-29 01:00,0,0,0,21.919
2019-09-28 21:00,2019-09-29 02:00,0,0,0,21.596
2019-09-28 22:00,2019-09-29 03:00,0,0,0,21.301
2019-09-28 23:00,2019-09-29 04:00,0,0,0,20.993
2019-09-29 00:00,2019-09-29 05:00,0,0,0,20.688
2019-09-29 01:00,2019-09-29 06:00,0.004,0.006,0.015,20.525
2019-09-29 02:00,2019-09-29 07:00,0.146,0.103,0.082,23.417
2019-09-29 03:00,2019-09-29 08:00,0.346,0.316,0.109,27.660
2019-09-29 04:00,2019-09-29 09:00,0.514,0.539,0.117,30.861
2019-09-29 05:00,2019-09-29 10:00,0.625,0.709,0.122,32.994
2019-09-29 06:00,2019-09-29 11:00,0.672,0.783,0.130,34.286
2019-09-29 07:00,2019-09-29 12:00,0.677,0.791,0.134,35.075
2019-09-29 08:00,2019-09-29 13:00,0.634,0.723,0.135,35.447
2019-09-29 09:00,2019-09-29 14:00,0.526,0.549,0.141,35.185
2019-09-29 10:00,2019-09-29 15:00,0.372,0.334,0.140,34.165
2019-09-29 11:00,2019-09-29 16:00,0.173,0.107,0.118,32.184
2019-09-29 12:00,2019-09-29 17:00,0.024,0.010,0.037,29.396
2019-09-29 13:00,2019-09-29 18:00,0,0,0,26.817
2019-09-29 14:00,2019-09-29 19:00,0,0,0,25.238
2019-09-29 15:00,2019-09-29 20:00,0,0,0,24.029
2019-09-29 16:00,2019-09-29 21:00,0,0,0,23.051
2019-09-29 17:00,2019-09-29 22:00,0,0,0,21.985
2019-09-29 18:00,2019-09-29 23:00,0,0,0,21.156
2019-09-29 19:00,2019-09-30 00:00,0,0,0,20.458
2019-09-29 20:00,2019-09-30 01:00,0,0,0,19.784
2019-09-29 21:00,2019-09-30 02:00,0,0,0,18.984
2019-09-29 22:00,2019-09-30 03:00,0,0,0,18.305
2019-09-29 23:00,2019-09-30 04:00,0,0,0,17.851
2019-09-30 00:00,2019-09-30 05:00,0,0,0,17.683
2019-09-30 01:00,2019-09-30 06:00,0,0.002,0.011,17.465
2019-09-30 02:00,2019-09-30 07:00,0.083,0.030,0.083,18.970
2019-09-30 03:00,2019-09-30 08:00,0.239,0.133,0.153,21.080
2019-09-30 04:00,2019-09-30 09:00,0.413,0.318,0.180,23.430
2019-09-30 05:00,2019-09-30 10:00,0.557,0.520,0.175,25.194
2019-09-30 06:00,2019-09-30 11:00,0.670,0.716,0.152,26.589
2019-09-30 07:00,2019-09-30 12:00,0.688,0.753,0.146,27.431
2019-09-30 08:00,2019-09-30 13:00,0.644,0.687,0.145,27.779
2019-09-30 09:00,2019-09-30 14:00,0.550,0.555,0.140,27.657
2019-09-30 10:00,2019-09-30 15:00,0.407,0.372,0.129,27.079
2019-09-30 11:00,2019-09-30 16:00,0.222,0.169,0.105,25.928
2019-09-30 12:00,2019-09-30 17:00,0.045,0.029,0.042,23.780
2019-09-30 13:00,2019-09-30 18:00,0,0,0,20.749
2019-09-30 14:00,2019-09-30 19:00,0,0,0,19.649
2019-09-30 15:00,2019-09-30 20:00,0,0,0,19.021
2019-09-30 16:00,2019-09-30 21:00,0,0,0,18.497
2019-09-30 17:00,2019-09-30 22:00,0,0,0,18.100
2019-09-30 18:00,2019-09-30 23:00,0,0,0,17.829
2019-09-30 19:00,2019-10-01 00:00,0,0,0,17.280
2019-09-30 20:00,2019-10-01 01:00,0,0,0,16.951
2019-09-30 21:00,2019-10-01 02:00,0,0,0,16.695
2019-09-30 22:00,2019-10-01 03:00,0,0,0,16.526
2019-09-30 23:00,2019-10-01 04:00,0,0,0,16.568
2019-10-01 00:00,2019-10-01 05:00,0,0,0,16.431
2019-10-01 01:00,2019-10-01 06:00,0,0,0.007,15.888
2019-10-01 02:00,2019-10-01 07:00,0.031,0.003,0.051,15.389
2019-10-01 03:00,2019-10-01 08:00,0.072,0.005,0.094,15.019
2019-10-01 04:00,2019-10-01 09:00,0.126,0.010,0.147,15.273
2019-10-01 05:00,2019-10-01 10:00,0.207,0.026,0.219,16.024
2019-10-01 06:00,2019-10-01 11:00,0.283,0.052,0.279,16.866
2019-10-01 07:00,2019-10-01 12:00,0.301,0.062,0.290,17.471
2019-10-01 08:00,2019-10-01 13:00,0.303,0.071,0.284,17.788
2019-10-01 09:00,2019-10-01 14:00,0.259,0.059,0.245,17.710
2019-10-01 10:00,2019-10-01 15:00,0.178,0.034,0.180,17.153
2019-10-01 11:00,2019-10-01 16:00,0.096,0.017,0.109,16.318
2019-10-01 12:00,2019-10-01 17:00,0.015,0.003,0.032,15.054
2019-10-01 13:00,2019-10-01 18:00,0,0,0,13.609
2019-10-01 14:00,2019-10-01 19:00,0,0,0,13.087
2019-10-01 15:00,2019-10-01 20:00,0,0,0,12.702
2019-10-01 16:00,2019-10-01 21:00,0,0,0,12.427
2019-10-01 17:00,2019-10-01 22:00,0,0,0,12.301
2019-10-01 18:00,2019-10-01 23:00,0,0,0,12.190
2019-10-01 19:00,2019-10-02 00:00,0,0,0,11.954
2019-10-01 20:00,2019-10-02 01:00,0,0,0,11.709
2019-10-01 21:00,2019-10-02 02:00,0,0,0,11.675
2019-10-01 22:00,2019-10-02 03:00,0,0,0,11.719
2019-10-01 23:00,2019-10-02 04:00,0,0,0,11.817
2019-10-02 00:00,2019-10-02 05:00,0,0,0,12.009
2019-10-02 01:00,2019-10-02 06:00,0,0.001,0.010,12.298
2019-10-02 02:00,2019-10-02 07:00,0.072,0.022,0.077,13.790
2019-10-02 03:00,2019-10-02 08:00,0.212,0.094,0.155,15.834
2019-10-02 04:00,2019-10-02 09:00,0.363,0.222,0.203,18.131
2019-10-02 05:00,2019-10-02 10:00,0.490,0.369,0.218,20.047
2019-10-02 06:00,2019-10-02 11:00,0.635,0.606,0.185,21.636
2019-10-02 07:00,2019-10-02 12:00,0.697,0.734,0.154,22.930
2019-10-02 08:00,2019-10-02 13:00,0.659,0.690,0.147,23.734
2019-10-02 09:00,2019-10-02 14:00,0.562,0.554,0.144,23.994
2019-10-02 10:00,2019-10-02 15:00,0.362,0.283,0.153,23.507
2019-10-02 11:00,2019-10-02 16:00,0.176,0.101,0.116,22.355
2019-10-02 12:00,2019-10-02 17:00,0.028,0.014,0.037,20.043
2019-10-02 13:00,2019-10-02 18:00,0,0,0,17.903
2019-10-02 14:00,2019-10-02 19:00,0,0,0,16.640
2019-10-02 15:00,2019-10-02 20:00,0,0,0,15.815
2019-10-02 16:00,2019-10-02 21:00,0,0,0,15.461
2019-10-02 17:00,2019-10-02 22:00,0,0,0,15.184
2019-10-02 18:00,2019-10-02 23:00,0,0,0,14.524
2019-10-02 19:00,2019-10-03 00:00,0,0,0,14.079
2019-10-02 20:00,2019-10-03 01:00,0,0,0,13.589
2019-10-02 21:00,2019-10-03 02:00,0,0,0,13.103
2019-10-02 22:00,2019-10-03 03:00,0,0,0,12.941
2019-10-02 23:00,2019-10-03 04:00,0,0,0,12.841
2019-10-03 00:00,2019-10-03 05:00,0,0,0,12.720
2019-10-03 01:00,2019-10-03 06:00,0,0.004,0.011,12.808
2019-10-03 02:00,2019-10-03 07:00,0.125,0.077,0.079,15.453
2019-10-03 03:00,2019-10-03 08:00,0.334,0.279,0.113,18.490
2019-10-03 04:00,2019-10-03 09:00,0.537,0.541,0.112,21.303
2019-10-03 05:00,2019-10-03 10:00,0.659,0.720,0.114,23.335
2019-10-03 06:00,2019-10-03 11:00,0.732,0.843,0.112,24.833
2019-10-03 07:00,2019-10-03 12:00,0.737,0.855,0.114,25.801
2019-10-03 08:00,2019-10-03 13:00,0.689,0.780,0.115,26.308
2019-10-03 09:00,2019-10-03 14:00,0.582,0.617,0.118,26.406
2019-10-03 10:00,2019-10-03 15:00,0.395,0.356,0.127,25.990
2019-10-03 11:00,2019-10-03 16:00,0.190,0.129,0.106,24.938
2019-10-03 12:00,2019-10-03 17:00,0.029,0.018,0.036,22.380
2019-10-03 13:00,2019-10-03 18:00,0,0,0,20.923
2019-10-03 14:00,2019-10-03 19:00,0,0,0,19.667
2019-10-03 15:00,2019-10-03 20:00,0,0,0,18.443
2019-10-03 16:00,2019-10-03 21:00,0,0,0,17.848
2019-10-03 17:00,2019-10-03 22:00,0,0,0,16.992
2019-10-03 18:00,2019-10-03 23:00,0,0,0,15.994
2019-10-03 19:00,2019-10-04 00:00,0,0,0,15.306
2019-10-03 20:00,2019-10-04 01:00,0,0,0,14.937
2019-10-03 21:00,2019-10-04 02:00,0,0,0,14.772
2019-10-03 22:00,2019-10-04 03:00,0,0,0,14.493
2019-10-03 23:00,2019-10-04 04:00,0,0,0,14.254
2019-10-04 00:00,2019-10-04 05:00,0,0,0,14.038
2019-10-04 01:00,2019-10-04 06:00,0,0.005,0.011,14.131
2019-10-04 02:00,2019-10-04 07:00,0.145,0.105,0.073,16.884
2019-10-04 03:00,2019-10-04 08:00,0.360,0.325,0.101,20.045
2019-10-04 04:00,2019-10-04 09:00,0.531,0.536,0.113,22.254
2019-10-04 05:00,2019-10-04 10:00,0.639,0.683,0.125,24.085
2019-10-04 06:00,2019-10-04 11:00,0.667,0.712,0.145,25.277
2019-10-04 07:00,2019-10-04 12:00,0.675,0.723,0.149,26.089
2019-10-04 08:00,2019-10-04 13:00,0.615,0.627,0.156,26.416
2019-10-04 09:00,2019-10-04 14:00,0.527,0.510,0.147,26.393
2019-10-04 10:00,2019-10-04 15:00,0.377,0.323,0.136,25.922
2019-10-04 11:00,2019-10-04 16:00,0.190,0.130,0.106,24.957
2019-10-04 12:00,2019-10-04 17:00,0.025,0.015,0.034,22.237
2019-10-04 13:00,2019-10-04 18:00,0,0,0,21.010
2019-10-04 14:00,2019-10-04 19:00,0,0,0,20.656
2019-10-04 15:00,2019-10-04 20:00,0,0,0,19.411
2019-10-04 16:00,2019-10-04 21:00,0,0,0,18.455
2019-10-04 17:00,2019-10-04 22:00,0,0,0,17.948
2019-10-04 18:00,2019-10-04 23:00,0,0,0,17.023
2019-10-04 19:00,2019-10-05 00:00,0,0,0,16.825
2019-10-04 20:00,2019-10-05 01:00,0,0,0,16.998
2019-10-04 21:00,2019-10-05 02:00,0,0,0,16.423
2019-10-04 22:00,2019-10-05 03:00,0,0,0,15.782
2019-10-04 23:00,2019-10-05 04:00,0,0,0,15.465
2019-10-05 00:00,2019-10-05 05:00,0,0,0,15.370
2019-10-05 01:00,2019-10-05 06:00,0,0,0.004,15.524
2019-10-05 02:00,2019-10-05 07:00,0.040,0.007,0.057,16.458
2019-10-05 03:00,2019-10-05 08:00,0.182,0.067,0.154,18.374
2019-10-05 04:00,2019-10-05 09:00,0.384,0.255,0.200,20.481
2019-10-05 05:00,2019-10-05 10:00,0.513,0.409,0.215,22.227
2019-10-05 06:00,2019-10-05 11:00,0.529,0.405,0.244,23.265
2019-10-05 07:00,2019-10-05 12:00,0.533,0.405,0.251,23.900
2019-10-05 08:00,2019-10-05 13:00,0.493,0.360,0.244,24.226
2019-10-05 09:00,2019-10-05 14:00,0.394,0.249,0.227,24.312
2019-10-05 10:00,2019-10-05 15:00,0.248,0.115,0.186,24.133
2019-10-05 11:00,2019-10-05 16:00,0.103,0.031,0.107,23.312
2019-10-05 12:00,2019-10-05 17:00,0.012,0.005,0.028,21.106
2019-10-05 13:00,2019-10-05 18:00,0,0,0,20.035
2019-10-05 14:00,2019-10-05 19:00,0,0,0,19.461
2019-10-05 15:00,2019-10-05 20:00,0,0,0,18.482
2019-10-05 16:00,2019-10-05 21:00,0,0,0,17.578
2019-10-05 17:00,2019-10-05 22:00,0,0,0,17.034
2019-10-05 18:00,2019-10-05 23:00,0,0,0,16.992
2019-10-05 19:00,2019-10-06 00:00,0,0,0,16.834
2019-10-05 20:00,2019-10-06 01:00,0,0,0,16.413
2019-10-05 21:00,2019-10-06 02:00,0,0,0,15.906
2019-10-05 22:00,2019-10-06 03:00,0,0,0,15.521
2019-10-05 23:00,2019-10-06 04:00,0,0,0,15.156
2019-10-06 00:00,2019-10-06 05:00,0,0,0,14.614
2019-10-06 01:00,2019-10-06 06:00,0,0.001,0.007,14.848
2019-10-06 02:00,2019-10-06 07:00,0.033,0.004,0.052,16.173
2019-10-06 03:00,2019-10-06 08:00,0.089,0.010,0.109,17.987
2019-10-06 04:00,2019-10-06 09:00,0.149,0.018,0.167,19.671
2019-10-06 05:00,2019-10-06 10:00,0.207,0.030,0.221,21.051
2019-10-06 06:00,2019-10-06 11:00,0.228,0.034,0.242,22.082
2019-10-06 07:00,2019-10-06 12:00,0.244,0.040,0.255,22.987
2019-10-06 08:00,2019-10-06 13:00,0.291,0.075,0.276,23.921
2019-10-06 09:00,2019-10-06 14:00,0.269,0.079,0.248,24.376
2019-10-06 10:00,2019-10-06 15:00,0.144,0.025,0.158,23.832
2019-10-06 11:00,2019-10-06 16:00,0.061,0.008,0.082,22.294
2019-10-06 12:00,2019-10-06 17:00,0.003,0.001,0.019,20.558
2019-10-06 13:00,2019-10-06 18:00,0,0,0,19.291
2019-10-06 14:00,2019-10-06 19:00,0,0,0,18.947
2019-10-06 15:00,2019-10-06 20:00,0,0,0,18.071
2019-10-06 16:00,2019-10-06 21:00,0,0,0,16.872
2019-10-06 17:00,2019-10-06 22:00,0,0,0,15.806
2019-10-06 18:00,2019-10-06 23:00,0,0,0,15.170
2019-10-06 19:00,2019-10-07 00:00,0,0,0,14.677
2019-10-06 20:00,2019-10-07 01:00,0,0,0,14.422
2019-10-06 21:00,2019-10-07 02:00,0,0,0,14.029
2019-10-06 22:00,2019-10-07 03:00,0,0,0,13.698
2019-10-06 23:00,2019-10-07 04:00,0,0,0,13.610
2019-10-07 00:00,2019-10-07 05:00,0,0,0,13.682
2019-10-07 01:00,2019-10-07 06:00,0,0.004,0.008,13.880
2019-10-07 02:00,2019-10-07 07:00,0.143,0.111,0.066,16.676
2019-10-07 03:00,2019-10-07 08:00,0.363,0.340,0.090,20.521
2019-10-07 04:00,2019-10-07 09:00,0.535,0.558,0.101,23.719
2019-10-07 05:00,2019-10-07 10:00,0.643,0.713,0.111,26.011
2019-10-07 06:00,2019-10-07 11:00,0.684,0.769,0.123,27.287
2019-10-07 07:00,2019-10-07 12:00,0.690,0.780,0.127,28.154
2019-10-07 08:00,2019-10-07 13:00,0.650,0.721,0.125,28.589
2019-10-07 09:00,2019-10-07 14:00,0.539,0.553,0.130,28.570
2019-10-07 10:00,2019-10-07 15:00,0.346,0.287,0.139,28.009
2019-10-07 11:00,2019-10-07 16:00,0.137,0.073,0.104,26.469
2019-10-07 12:00,2019-10-07 17:00,0.013,0.008,0.026,23.309
2019-10-07 13:00,2019-10-07 18:00,0,0,0,22.635
2019-10-07 14:00,2019-10-07 19:00,0,0,0,22.389
2019-10-07 15:00,2019-10-07 20:00,0,0,0,21.882
2019-10-07 16:00,2019-10-07 21:00,0,0,0,20.921
2019-10-07 17:00,2019-10-07 22:00,0,0,0,20.016
2019-10-07 18:00,2019-10-07 23:00,0,0,0,19.424
2019-10-07 19:00,2019-10-08 00:00,0,0,0,18.739
2019-10-07 20:00,2019-10-08 01:00,0,0,0,18.065
2019-10-07 21:00,2019-10-08 02:00,0,0,0,17.393
2019-10-07 22:00,2019-10-08 03:00,0,0,0,16.982
2019-10-07 23:00,2019-10-08 04:00,0,0,0,16.575
2019-10-08 00:00,2019-10-08 05:00,0,0,0,16.396
2019-10-08 01:00,2019-10-08 06:00,0,0.003,0.007,16.410
2019-10-08 02:00,2019-10-08 07:00,0.133,0.101,0.066,18.066
2019-10-08 03:00,2019-10-08 08:00,0.355,0.333,0.090,21.861
2019-10-08 04:00,2019-10-08 09:00,0.529,0.554,0.100,24.554
2019-10-08 05:00,2019-10-08 10:00,0.648,0.728,0.105,26.355
2019-10-08 06:00,2019-10-08 11:00,0.687,0.780,0.118,27.418
2019-10-08 07:00,2019-10-08 12:00,0.692,0.786,0.123,28.010
2019-10-08 08:00,2019-10-08 13:00,0.647,0.716,0.123,28.165
2019-10-08 09:00,2019-10-08 14:00,0.555,0.584,0.119,27.972
2019-10-08 10:00,2019-10-08 15:00,0.388,0.359,0.117,27.314
2019-10-08 11:00,2019-10-08 16:00,0.188,0.139,0.095,25.871
2019-10-08 12:00,2019-10-08 17:00,0.021,0.015,0.028,22.026
2019-10-08 13:00,2019-10-08 18:00,0,0,0,19.185
2019-10-08 14:00,2019-10-08 19:00,0,0,0,18.084
2019-10-08 15:00,2019-10-08 20:00,0,0,0,17.042
2019-10-08 16:00,2019-10-08 21:00,0,0,0,16.278
2019-10-08 17:00,2019-10-08 22:00,0,0,0,15.568
2019-10-08 18:00,2019-10-08 23:00,0,0,0,14.826
2019-10-08 19:00,2019-10-09 00:00,0,0,0,14.166
2019-10-08 20:00,2019-10-09 01:00,0,0,0,13.491
2019-10-08 21:00,2019-10-09 02:00,0,0,0,13.006
2019-10-08 22:00,2019-10-09 03:00,0,0,0,12.973
2019-10-08 23:00,2019-10-09 04:00,0,0,0,12.914
2019-10-09 00:00,2019-10-09 05:00,0,0,0,12.525
2019-10-09 01:00,2019-10-09 06:00,0,0.004,0.007,12.402
2019-10-09 02:00,2019-10-09 07:00,0.146,0.119,0.059,14.847
2019-10-09 03:00,2019-10-09 08:00,0.378,0.365,0.079,18.547
2019-10-09 04:00,2019-10-09 09:00,0.561,0.599,0.085,20.982
2019-10-09 05:00,2019-10-09 10:00,0.680,0.774,0.091,23.168
2019-10-09 06:00,2019-10-09 11:00,0.724,0.840,0.100,24.642
2019-10-09 07:00,2019-10-09 12:00,0.737,0.866,0.100,25.514
2019-10-09 08:00,2019-10-09 13:00,0.697,0.808,0.098,25.918
2019-10-09 09:00,2019-10-09 14:00,0.601,0.667,0.094,25.942
2019-10-09 10:00,2019-10-09 15:00,0.449,0.463,0.088,25.567
2019-10-09 11:00,2019-10-09 16:00,0.242,0.220,0.075,24.531
2019-10-09 12:00,2019-10-09 17:00,0.030,0.028,0.026,21.097
2019-10-09 13:00,2019-10-09 18:00,0,0,0,18.598
2019-10-09 14:00,2019-10-09 19:00,0,0,0,17.040
2019-10-09 15:00,2019-10-09 20:00,0,0,0,16.340
2019-10-09 16:00,2019-10-09 21:00,0,0,0,15.738
2019-10-09 17:00,2019-10-09 22:00,0,0,0,15.065
2019-10-09 18:00,2019-10-09 23:00,0,0,0,15.019
2019-10-09 19:00,2019-10-10 00:00,0,0,0,14.795
2019-10-09 20:00,2019-10-10 01:00,0,0,0,13.989
2019-10-09 21:00,2019-10-10 02:00,0,0,0,13.535
2019-10-09 22:00,2019-10-10 03:00,0,0,0,13.507
2019-10-09 23:00,2019-10-10 04:00,0,0,0,13.443
2019-10-10 00:00,2019-10-10 05:00,0,0,0,13.348
2019-10-10 01:00,2019-10-10 06:00,0,0.003,0.006,13.349
2019-10-10 02:00,2019-10-10 07:00,0.134,0.105,0.061,15.657
2019-10-10 03:00,2019-10-10 08:00,0.365,0.348,0.082,19.473
2019-10-10 04:00,2019-10-10 09:00,0.546,0.579,0.090,22.388
2019-10-10 05:00,2019-10-10 10:00,0.665,0.753,0.095,24.439
2019-10-10 06:00,2019-10-10 11:00,0.725,0.853,0.098,25.975
2019-10-10 07:00,2019-10-10 12:00,0.730,0.865,0.100,27.014
2019-10-10 08:00,2019-10-10 13:00,0.686,0.797,0.100,27.537
2019-10-10 09:00,2019-10-10 14:00,0.594,0.663,0.095,27.630
2019-10-10 10:00,2019-10-10 15:00,0.443,0.460,0.088,27.269
2019-10-10 11:00,2019-10-10 16:00,0.235,0.212,0.076,26.108
2019-10-10 12:00,2019-10-10 17:00,0.026,0.024,0.025,22.415
2019-10-10 13:00,2019-10-10 18:00,0,0,0,20.019
2019-10-10 14:00,2019-10-10 19:00,0,0,0,18.702
2019-10-10 15:00,2019-10-10 20:00,0,0,0,18.439
2019-10-10 16:00,2019-10-10 21:00,0,0,0,18.059
2019-10-10 17:00,2019-10-10 22:00,0,0,0,17.376
2019-10-10 18:00,2019-10-10 23:00,0,0,0,16.631
2019-10-10 19:00,2019-10-11 00:00,0,0,0,15.955
2019-10-10 20:00,2019-10-11 01:00,0,0,0,15.746
2019-10-10 21:00,2019-10-11 02:00,0,0,0,15.860
2019-10-10 22:00,2019-10-11 03:00,0,0,0,16.071
2019-10-10 23:00,2019-10-11 04:00,0,0,0,16.165
2019-10-11 00:00,2019-10-11 05:00,0,0,0,15.898
2019-10-11 01:00,2019-10-11 06:00,0,0.001,0.005,15.489
2019-10-11 02:00,2019-10-11 07:00,0.103,0.069,0.065,17.099
2019-10-11 03:00,2019-10-11 08:00,0.347,0.321,0.090,20.295
2019-10-11 04:00,2019-10-11 09:00,0.540,0.569,0.093,22.766
2019-10-11 05:00,2019-10-11 10:00,0.661,0.746,0.098,24.892
2019-10-11 06:00,2019-10-11 11:00,0.698,0.796,0.113,26.227
2019-10-11 07:00,2019-10-11 12:00,0.666,0.729,0.134,26.817
2019-10-11 08:00,2019-10-11 13:00,0.611,0.641,0.138,26.987
2019-10-11 09:00,2019-10-11 14:00,0.561,0.595,0.113,26.917
2019-10-11 10:00,2019-10-11 15:00,0.421,0.416,0.100,26.309
2019-10-11 11:00,2019-10-11 16:00,0.221,0.190,0.081,24.937
2019-10-11 12:00,2019-10-11 17:00,0.022,0.021,0.024,22.375
2019-10-11 13:00,2019-10-11 18:00,0,0,0,19.750
2019-10-11 14:00,2019-10-11 19:00,0,0,0,18.339
2019-10-11 15:00,2019-10-11 20:00,0,0,0,17.254
2019-10-11 16:00,2019-10-11 21:00,0,0,0,16.354
2019-10-11 17:00,2019-10-11 22:00,0,0,0,15.500
2019-10-11 18:00,2019-10-11 23:00,0,0,0,14.743
2019-10-11 19:00,2019-10-12 00:00,0,0,0,14.142
2019-10-11 20:00,2019-10-12 01:00,0,0,0,13.435
2019-10-11 21:00,2019-10-12 02:00,0,0,0,12.609
2019-10-11 22:00,2019-10-12 03:00,0,0,0,11.874
2019-10-11 23:00,2019-10-12 04:00,0,0,0,11.483
2019-10-12 00:00,2019-10-12 05:00,0,0,0,11.465
2019-10-12 01:00,2019-10-12 06:00,0,0.003,0.005,11.422
2019-10-12 02:00,2019-10-12 07:00,0.145,0.122,0.054,13.555
2019-10-12 03:00,2019-10-12 08:00,0.385,0.376,0.073,17.001
2019-10-12 04:00,2019-10-12 09:00,0.570,0.611,0.080,19.649
2019-10-12 05:00,2019-10-12 10:00,0.690,0.786,0.086,21.908
2019-10-12 06:00,2019-10-12 11:00,0.735,0.856,0.096,23.657
2019-10-12 07:00,2019-10-12 12:00,0.711,0.811,0.111,24.832
2019-10-12 08:00,2019-10-12 13:00,0.632,0.679,0.125,25.472
2019-10-12 09:00,2019-10-12 14:00,0.547,0.567,0.116,25.663
2019-10-12 10:00,2019-10-12 15:00,0.413,0.405,0.099,25.333
2019-10-12 11:00,2019-10-12 16:00,0.236,0.214,0.074,24.235
2019-10-12 12:00,2019-10-12 17:00,0.025,0.026,0.023,20.794
2019-10-12 13:00,2019-10-12 18:00,0,0,0,18.372
2019-10-12 14:00,2019-10-12 19:00,0,0,0,16.815
2019-10-12 15:00,2019-10-12 20:00,0,0,0,15.878
2019-10-12 16:00,2019-10-12 21:00,0,0,0,15.586
2019-10-12 17:00,2019-10-12 22:00,0,0,0,15.583
2019-10-12 18:00,2019-10-12 23:00,0,0,0,15.314
2019-10-12 19:00,2019-10-13 00:00,0,0,0,14.440
2019-10-12 20:00,2019-10-13 01:00,0,0,0,13.924
2019-10-12 21:00,2019-10-13 02:00,0,0,0,13.457
2019-10-12 22:00,2019-10-13 03:00,0,0,0,13.061
2019-10-12 23:00,2019-10-13 04:00,0,0,0,12.857
2019-10-13 00:00,2019-10-13 05:00,0,0,0,12.787
2019-10-13 01:00,2019-10-13 06:00,0,0.003,0.004,12.845
2019-10-13 02:00,2019-10-13 07:00,0.147,0.129,0.051,15.284
2019-10-13 03:00,2019-10-13 08:00,0.386,0.388,0.068,19.456
2019-10-13 04:00,2019-10-13 09:00,0.567,0.623,0.075,22.582
2019-10-13 05:00,2019-10-13 10:00,0.683,0.797,0.081,24.912
2019-10-13 06:00,2019-10-13 11:00,0.734,0.881,0.088,26.597
2019-10-13 07:00,2019-10-13 12:00,0.742,0.902,0.088,27.824
2019-10-13 08:00,2019-10-13 13:00,0.701,0.840,0.086,28.523
2019-10-13 09:00,2019-10-13 14:00,0.605,0.696,0.083,28.650
2019-10-13 10:00,2019-10-13 15:00,0.456,0.491,0.077,28.176
2019-10-13 11:00,2019-10-13 16:00,0.250,0.242,0.066,26.626
2019-10-13 12:00,2019-10-13 17:00,0.024,0.027,0.021,23.105
2019-10-13 13:00,2019-10-13 18:00,0,0,0,21.368
2019-10-13 14:00,2019-10-13 19:00,0,0,0,20.155
2019-10-13 15:00,2019-10-13 20:00,0,0,0,19.378
2019-10-13 16:00,2019-10-13 21:00,0,0,0,18.267
2019-10-13 17:00,2019-10-13 22:00,0,0,0,17.302
2019-10-13 18:00,2019-10-13 23:00,0,0,0,16.954
2019-10-13 19:00,2019-10-14 00:00,0,0,0,16.581
2019-10-13 20:00,2019-10-14 01:00,0,0,0,16.145
2019-10-13 21:00,2019-10-14 02:00,0,0,0,15.438
2019-10-13 22:00,2019-10-14 03:00,0,0,0,14.733
2019-10-13 23:00,2019-10-14 04:00,0,0,0,14.157
2019-10-14 00:00,2019-10-14 05:00,0,0,0,13.584
2019-10-14 01:00,2019-10-14 06:00,0,0.002,0.004,13.383
2019-10-14 02:00,2019-10-14 07:00,0.105,0.075,0.059,14.949
2019-10-14 03:00,2019-10-14 08:00,0.329,0.293,0.093,18.778
2019-10-14 04:00,2019-10-14 09:00,0.519,0.527,0.101,21.264
2019-10-14 05:00,2019-10-14 10:00,0.639,0.696,0.108,23.322
2019-10-14 06:00,2019-10-14 11:00,0.692,0.776,0.116,24.628
2019-10-14 07:00,2019-10-14 12:00,0.691,0.769,0.123,25.010
2019-10-14 08:00,2019-10-14 13:00,0.633,0.672,0.130,24.603
2019-10-14 09:00,2019-10-14 14:00,0.524,0.513,0.131,23.817
2019-10-14 10:00,2019-10-14 15:00,0.366,0.318,0.121,22.763
2019-10-14 11:00,2019-10-14 16:00,0.182,0.135,0.087,21.065
2019-10-14 12:00,2019-10-14 17:00,0.012,0.012,0.020,18.518
2019-10-14 13:00,2019-10-14 18:00,0,0,0,16.373
2019-10-14 14:00,2019-10-14 19:00,0,0,0,15.252
2019-10-14 15:00,2019-10-14 20:00,0,0,0,14.085
2019-10-14 16:00,2019-10-14 21:00,0,0,0,12.792
2019-10-14 17:00,2019-10-14 22:00,0,0,0,11.605
2019-10-14 18:00,2019-10-14 23:00,0,0,0,10.752
2019-10-14 19:00,2019-10-15 00:00,0,0,0,10.532
2019-10-14 20:00,2019-10-15 01:00,0,0,0,10.441
2019-10-14 21:00,2019-10-15 02:00,0,0,0,10.153
2019-10-14 22:00,2019-10-15 03:00,0,0,0,10.137
2019-10-14 23:00,2019-10-15 04:00,0,0,0,10.424
2019-10-15 00:00,2019-10-15 05:00,0,0,0,9.758
2019-10-15 01:00,2019-10-15 06:00,0,0.001,0.003,9.548
2019-10-15 02:00,2019-10-15 07:00,0.129,0.105,0.052,11.615
2019-10-15 03:00,2019-10-15 08:00,0.371,0.352,0.075,14.591
2019-10-15 04:00,2019-10-15 09:00,0.559,0.586,0.082,17.308
2019-10-15 05:00,2019-10-15 10:00,0.684,0.763,0.088,19.200
2019-10-15 06:00,2019-10-15 11:00,0.748,0.865,0.091,20.574
2019-10-15 07:00,2019-10-15 12:00,0.759,0.888,0.091,21.586
2019-10-15 08:00,2019-10-15 13:00,0.718,0.830,0.088,22.168
2019-10-15 09:00,2019-10-15 14:00,0.615,0.678,0.086,22.284
2019-10-15 10:00,2019-10-15 15:00,0.459,0.472,0.080,21.890
2019-10-15 11:00,2019-10-15 16:00,0.242,0.222,0.068,20.845
2019-10-15 12:00,2019-10-15 17:00,0.017,0.019,0.019,17.708
2019-10-15 13:00,2019-10-15 18:00,0,0,0,16.129
2019-10-15 14:00,2019-10-15 19:00,0,0,0,15.793
2019-10-15 15:00,2019-10-15 20:00,0,0,0,15.383
2019-10-15 16:00,2019-10-15 21:00,0,0,0,14.431
2019-10-15 17:00,2019-10-15 22:00,0,0,0,13.064
2019-10-15 18:00,2019-10-15 23:00,0,0,0,12.131
2019-10-15 19:00,2019-10-16 00:00,0,0,0,11.700
2019-10-15 20:00,2019-10-16 01:00,0,0,0,11.409
2019-10-15 21:00,2019-10-16 02:00,0,0,0,11.195
2019-10-15 22:00,2019-10-16 03:00,0,0,0,11.097
2019-10-15 23:00,2019-10-16 04:00,0,0,0,11.104
2019-10-16 00:00,2019-10-16 05:00,0,0,0,11.022
2019-10-16 01:00,2019-10-16 06:00,0,0.001,0.003,10.740
2019-10-16 02:00,2019-10-16 07:00,0.135,0.116,0.049,12.850
2019-10-16 03:00,2019-10-16 08:00,0.377,0.371,0.068,17.156
2019-10-16 04:00,2019-10-16 09:00,0.563,0.606,0.076,19.901
2019-10-16 05:00,2019-10-16 10:00,0.683,0.781,0.082,22.058
2019-10-16 06:00,2019-10-16 11:00,0.740,0.872,0.087,23.565
2019-10-16 07:00,2019-10-16 12:00,0.749,0.891,0.089,24.519
2019-10-16 08:00,2019-10-16 13:00,0.706,0.828,0.087,25.000
2019-10-16 09:00,2019-10-16 14:00,0.619,0.703,0.080,25.054
2019-10-16 10:00,2019-10-16 15:00,0.465,0.494,0.074,24.580
2019-10-16 11:00,2019-10-16 16:00,0.252,0.243,0.062,23.209
2019-10-16 12:00,2019-10-16 17:00,0.018,0.022,0.017,19.611
2019-10-16 13:00,2019-10-16 18:00,0,0,0,17.735
2019-10-16 14:00,2019-10-16 19:00,0,0,0,16.587
2019-10-16 15:00,2019-10-16 20:00,0,0,0,16.041
2019-10-16 16:00,2019-10-16 21:00,0,0,0,15.509
2019-10-16 17:00,2019-10-16 22:00,0,0,0,14.912
2019-10-16 18:00,2019-10-16 23:00,0,0,0,14.130
2019-10-16 19:00,2019-10-17 00:00,0,0,0,13.280
2019-10-16 20:00,2019-10-17 01:00,0,0,0,12.626
2019-10-16 21:00,2019-10-17 02:00,0,0,0,12.119
2019-10-16 22:00,2019-10-17 03:00,0,0,0,11.626
2019-10-16 23:00,2019-10-17 04:00,0,0,0,11.243
2019-10-17 00:00,2019-10-17 05:00,0,0,0,10.918
2019-10-17 01:00,2019-10-17 06:00,0,0.001,0.002,10.613
2019-10-17 02:00,2019-10-17 07:00,0.128,0.109,0.049,12.362
2019-10-17 03:00,2019-10-17 08:00,0.376,0.369,0.068,16.581
2019-10-17 04:00,2019-10-17 09:00,0.569,0.615,0.074,19.282
2019-10-17 05:00,2019-10-17 10:00,0.693,0.797,0.079,21.593
2019-10-17 06:00,2019-10-17 11:00,0.744,0.879,0.086,23.298
2019-10-17 07:00,2019-10-17 12:00,0.754,0.901,0.087,24.321
2019-10-17 08:00,2019-10-17 13:00,0.714,0.841,0.085,24.880
2019-10-17 09:00,2019-10-17 14:00,0.598,0.664,0.088,24.984
2019-10-17 10:00,2019-10-17 15:00,0.432,0.440,0.086,24.547
2019-10-17 11:00,2019-10-17 16:00,0.199,0.168,0.075,23.031
2019-10-17 12:00,2019-10-17 17:00,0.008,0.011,0.016,19.284
2019-10-17 13:00,2019-10-17 18:00,0,0,0,17.433
2019-10-17 14:00,2019-10-17 19:00,0,0,0,15.864
2019-10-17 15:00,2019-10-17 20:00,0,0,0,14.828
2019-10-17 16:00,2019-10-17 21:00,0,0,0,14.114
2019-10-17 17:00,2019-10-17 22:00,0,0,0,13.377
2019-10-17 18:00,2019-10-17 23:00,0,0,0,12.451
2019-10-17 19:00,2019-10-18 00:00,0,0,0,11.569
2019-10-17 20:00,2019-10-18 01:00,0,0,0,10.754
2019-10-17 21:00,2019-10-18 02:00,0,0,0,10.187
2019-10-17 22:00,2019-10-18 03:00,0,0,0,10.176
2019-10-17 23:00,2019-10-18 04:00,0,0,0,10.376
2019-10-18 00:00,2019-10-18 05:00,0,0,0,10.402
2019-10-18 01:00,2019-10-18 06:00,0,0.001,0.002,10.097
2019-10-18 02:00,2019-10-18 07:00,0.133,0.117,0.046,11.937
2019-10-18 03:00,2019-10-18 08:00,0.380,0.374,0.066,15.737
2019-10-18 04:00,2019-10-18 09:00,0.568,0.607,0.075,18.068
2019-10-18 05:00,2019-10-18 10:00,0.690,0.779,0.082,19.814
2019-10-18 06:00,2019-10-18 11:00,0.728,0.831,0.095,21.071
2019-10-18 07:00,2019-10-18 12:00,0.736,0.847,0.097,21.961
2019-10-18 08:00,2019-10-18 13:00,0.693,0.784,0.096,22.468
2019-10-18 09:00,2019-10-18 14:00,0.592,0.641,0.093,22.562
2019-10-18 10:00,2019-10-18 15:00,0.433,0.434,0.086,22.196
2019-10-18 11:00,2019-10-18 16:00,0.218,0.192,0.070,21.053
2019-10-18 12:00,2019-10-18 17:00,0.010,0.014,0.016,18.241
2019-10-18 13:00,2019-10-18 18:00,0,0,0,17.015
2019-10-18 14:00,2019-10-18 19:00,0,0,0,16.139
2019-10-18 15:00,2019-10-18 20:00,0,0,0,14.903
2019-10-18 16:00,2019-10-18 21:00,0,0,0,13.742
2019-10-18 17:00,2019-10-18 22:00,0,0,0,13.131
2019-10-18 18:00,2019-10-18 23:00,0,0,0,12.745
2019-10-18 19:00,2019-10-19 00:00,0,0,0,12.146
2019-10-18 20:00,2019-10-19 01:00,0,0,0,11.461
2019-10-18 21:00,2019-10-19 02:00,0,0,0,11.084
2019-10-18 22:00,2019-10-19 03:00,0,0,0,10.865
2019-10-18 23:00,2019-10-19 04:00,0,0,0,10.746
2019-10-19 00:00,2019-10-19 05:00,0,0,0,10.725
2019-10-19 01:00,2019-10-19 06:00,0,0.001,0.001,10.698
2019-10-19 02:00,2019-10-19 07:00,0.109,0.088,0.049,12.586
2019-10-19 03:00,2019-10-19 08:00,0.350,0.333,0.074,16.694
2019-10-19 04:00,2019-10-19 09:00,0.542,0.571,0.082,19.677
2019-10-19 05:00,2019-10-19 10:00,0.665,0.749,0.088,21.909
2019-10-19 06:00,2019-10-19 11:00,0.727,0.848,0.091,23.486
2019-10-19 07:00,2019-10-19 12:00,0.737,0.868,0.092,24.434
2019-10-19 08:00,2019-10-19 13:00,0.694,0.805,0.091,24.833
2019-10-19 09:00,2019-10-19 14:00,0.603,0.674,0.085,24.780
2019-10-19 10:00,2019-10-19 15:00,0.446,0.464,0.079,24.193
2019-10-19 11:00,2019-10-19 16:00,0.231,0.214,0.065,22.527
2019-10-19 12:00,2019-10-19 17:00,0.010,0.015,0.015,18.698
2019-10-19 13:00,2019-10-19 18:00,0,0,0,17.109
2019-10-19 14:00,2019-10-19 19:00,0,0,0,16.363
2019-10-19 15:00,2019-10-19 20:00,0,0,0,15.749
2019-10-19 16:00,2019-10-19 21:00,0,0,0,14.935
2019-10-19 17:00,2019-10-19 22:00,0,0,0,14.588
2019-10-19 18:00,2019-10-19 23:00,0,0,0,13.915
2019-10-19 19:00,2019-10-20 00:00,0,0,0,13.134
2019-10-19 20:00,2019-10-20 01:00,0,0,0,12.312
2019-10-19 21:00,2019-10-20 02:00,0,0,0,11.779
2019-10-19 22:00,2019-10-20 03:00,0,0,0,11.456
2019-10-19 23:00,2019-10-20 04:00,0,0,0,11.343
2019-10-20 00:00,2019-10-20 05:00,0,0,0,11.352
2019-10-20 01:00,2019-10-20 06:00,0,0,0.001,11.331
2019-10-20 02:00,2019-10-20 07:00,0.092,0.069,0.050,12.936
2019-10-20 03:00,2019-10-20 08:00,0.332,0.306,0.081,17.039
2019-10-20 04:00,2019-10-20 09:00,0.536,0.561,0.085,20.085
2019-10-20 05:00,2019-10-20 10:00,0.662,0.743,0.090,22.267
2019-10-20 06:00,2019-10-20 11:00,0.707,0.808,0.101,23.735
2019-10-20 07:00,2019-10-20 12:00,0.713,0.821,0.104,24.786
2019-10-20 08:00,2019-10-20 13:00,0.668,0.754,0.103,25.360
2019-10-20 09:00,2019-10-20 14:00,0.566,0.608,0.101,25.503
2019-10-20 10:00,2019-10-20 15:00,0.383,0.363,0.103,25.028
2019-10-20 11:00,2019-10-20 16:00,0.159,0.120,0.079,23.220
2019-10-20 12:00,2019-10-20 17:00,0.003,0.007,0.013,19.414
2019-10-20 13:00,2019-10-20 18:00,0,0,0,17.460
2019-10-20 14:00,2019-10-20 19:00,0,0,0,16.594
2019-10-20 15:00,2019-10-20 20:00,0,0,0,16.042
2019-10-20 16:00,2019-10-20 21:00,0,0,0,15.520
2019-10-20 17:00,2019-10-20 22:00,0,0,0,15.042
2019-10-20 18:00,2019-10-20 23:00,0,0,0,14.575
2019-10-20 19:00,2019-10-21 00:00,0,0,0,14.499
2019-10-20 20:00,2019-10-21 01:00,0,0,0,14.283
2019-10-20 21:00,2019-10-21 02:00,0,0,0,13.886
2019-10-20 22:00,2019-10-21 03:00,0,0,0,13.662
2019-10-20 23:00,2019-10-21 04:00,0,0,0,13.500
2019-10-21 00:00,2019-10-21 05:00,0,0,0,13.262
2019-10-21 01:00,2019-10-21 06:00,0,0,0,12.960
2019-10-21 02:00,2019-10-21 07:00,0.024,0.008,0.037,13.483
2019-10-21 03:00,2019-10-21 08:00,0.207,0.129,0.116,16.478
2019-10-21 04:00,2019-10-21 09:00,0.483,0.464,0.112,19.403
2019-10-21 05:00,2019-10-21 10:00,0.638,0.690,0.105,21.788
2019-10-21 06:00,2019-10-21 11:00,0.695,0.777,0.111,23.248
2019-10-21 07:00,2019-10-21 12:00,0.715,0.816,0.108,24.113
2019-10-21 08:00,2019-10-21 13:00,0.677,0.762,0.105,24.453
2019-10-21 09:00,2019-10-21 14:00,0.535,0.544,0.117,24.182
2019-10-21 10:00,2019-10-21 15:00,0.376,0.345,0.108,23.493
2019-10-21 11:00,2019-10-21 16:00,0.176,0.140,0.077,21.970
2019-10-21 12:00,2019-10-21 17:00,0.003,0.008,0.013,18.482
2019-10-21 13:00,2019-10-21 18:00,0,0,0,16.596
2019-10-21 14:00,2019-10-21 19:00,0,0,0,15.604
2019-10-21 15:00,2019-10-21 20:00,0,0,0,14.802
2019-10-21 16:00,2019-10-21 21:00,0,0,0,13.943
2019-10-21 17:00,2019-10-21 22:00,0,0,0,13.142
2019-10-21 18:00,2019-10-21 23:00,0,0,0,12.669
2019-10-21 19:00,2019-10-22 00:00,0,0,0,12.293
2019-10-21 20:00,2019-10-22 01:00,0,0,0,11.385
2019-10-21 21:00,2019-10-22 02:00,0,0,0,10.602
2019-10-21 22:00,2019-10-22 03:00,0,0,0,9.972
2019-10-21 23:00,2019-10-22 04:00,0,0,0,9.435
2019-10-22 00:00,2019-10-22 05:00,0,0,0,9.005
2019-10-22 01:00,2019-10-22 06:00,0,0,0.001,8.812
2019-10-22 02:00,2019-10-22 07:00,0.115,0.100,0.043,10.408
2019-10-22 03:00,2019-10-22 08:00,0.372,0.363,0.065,14.556
2019-10-22 04:00,2019-10-22 09:00,0.565,0.602,0.074,17.133
2019-10-22 05:00,2019-10-22 10:00,0.690,0.779,0.080,19.126
2019-10-22 06:00,2019-10-22 11:00,0.733,0.841,0.091,20.566
2019-10-22 07:00,2019-10-22 12:00,0.745,0.863,0.092,21.513
2019-10-22 08:00,2019-10-22 13:00,0.701,0.796,0.093,21.959
2019-10-22 09:00,2019-10-22 14:00,0.513,0.502,0.120,21.755
2019-10-22 10:00,2019-10-22 15:00,0.355,0.311,0.111,21.386
2019-10-22 11:00,2019-10-22 16:00,0.156,0.118,0.076,19.894
2019-10-22 12:00,2019-10-22 17:00,0.002,0.006,0.011,16.555
2019-10-22 13:00,2019-10-22 18:00,0,0,0,14.699
2019-10-22 14:00,2019-10-22 19:00,0,0,0,13.382
2019-10-22 15:00,2019-10-22 20:00,0,0,0,12.385
2019-10-22 16:00,2019-10-22 21:00,0,0,0,11.503
2019-10-22 17:00,2019-10-22 22:00,0,0,0,10.740
2019-10-22 18:00,2019-10-22 23:00,0,0,0,10.174
2019-10-22 19:00,2019-10-23 00:00,0,0,0,10.064
2019-10-22 20:00,2019-10-23 01:00,0,0,0,9.906
2019-10-22 21:00,2019-10-23 02:00,0,0,0,9.267
2019-10-22 22:00,2019-10-23 03:00,0,0,0,8.943
2019-10-22 23:00,2019-10-23 04:00,0,0,0,8.798
2019-10-23 00:00,2019-10-23 05:00,0,0,0,8.783
2019-10-23 01:00,2019-10-23 06:00,0,0,0.001,8.807
2019-10-23 02:00,2019-10-23 07:00,0.081,0.061,0.046,9.956
2019-10-23 03:00,2019-10-23 08:00,0.310,0.271,0.084,13.816
2019-10-23 04:00,2019-10-23 09:00,0.512,0.510,0.094,16.607
2019-10-23 05:00,2019-10-23 10:00,0.650,0.702,0.097,18.562
2019-10-23 06:00,2019-10-23 11:00,0.711,0.793,0.102,19.937
2019-10-23 07:00,2019-10-23 12:00,0.724,0.817,0.102,20.790
2019-10-23 08:00,2019-10-23 13:00,0.679,0.751,0.102,21.116
2019-10-23 09:00,2019-10-23 14:00,0.568,0.593,0.101,21.078
2019-10-23 10:00,2019-10-23 15:00,0.392,0.367,0.098,20.687
2019-10-23 11:00,2019-10-23 16:00,0.171,0.136,0.073,19.180
2019-10-23 12:00,2019-10-23 17:00,0.001,0.007,0.011,16.480
2019-10-23 13:00,2019-10-23 18:00,0,0,0,15.420
2019-10-23 14:00,2019-10-23 19:00,0,0,0,14.331
2019-10-23 15:00,2019-10-23 20:00,0,0,0,13.349
2019-10-23 16:00,2019-10-23 21:00,0,0,0,12.665
2019-10-23 17:00,2019-10-23 22:00,0,0,0,12.303
2019-10-23 18:00,2019-10-23 23:00,0,0,0,11.189
2019-10-23 19:00,2019-10-24 00:00,0,0,0,10.183
2019-10-23 20:00,2019-10-24 01:00,0,0,0,9.779
2019-10-23 21:00,2019-10-24 02:00,0,0,0,9.595
2019-10-23 22:00,2019-10-24 03:00,0,0,0,9.231
2019-10-23 23:00,2019-10-24 04:00,0,0,0,8.989
2019-10-24 00:00,2019-10-24 05:00,0,0,0,8.819
2019-10-24 01:00,2019-10-24 06:00,0,0,0,8.744
2019-10-24 02:00,2019-10-24 07:00,0.077,0.058,0.044,9.989
2019-10-24 03:00,2019-10-24 08:00,0.315,0.282,0.080,14.104
2019-10-24 04:00,2019-10-24 09:00,0.517,0.523,0.089,17.142
2019-10-24 05:00,2019-10-24 10:00,0.649,0.707,0.093,19.416
2019-10-24 06:00,2019-10-24 11:00,0.725,0.828,0.093,20.848
2019-10-24 07:00,2019-10-24 12:00,0.736,0.849,0.093,21.688
2019-10-24 08:00,2019-10-24 13:00,0.692,0.785,0.092,22.028
2019-10-24 09:00,2019-10-24 14:00,0.593,0.645,0.088,22.006
2019-10-24 10:00,2019-10-24 15:00,0.430,0.433,0.082,21.542
2019-10-24 11:00,2019-10-24 16:00,0.208,0.186,0.065,19.770
2019-10-24 12:00,2019-10-24 17:00,0.002,0.008,0.010,16.279
2019-10-24 13:00,2019-10-24 18:00,0,0,0,15.153
2019-10-24 14:00,2019-10-24 19:00,0,0,0,14.144
2019-10-24 15:00,2019-10-24 20:00,0,0,0,13.298
2019-10-24 16:00,2019-10-24 21:00,0,0,0,12.625
2019-10-24 17:00,2019-10-24 22:00,0,0,0,12.090
2019-10-24 18:00,2019-10-24 23:00,0,0,0,11.701
2019-10-24 19:00,2019-10-25 00:00,0,0,0,11.211
2019-10-24 20:00,2019-10-25 01:00,0,0,0,10.691
2019-10-24 21:00,2019-10-25 02:00,0,0,0,10.049
2019-10-24 22:00,2019-10-25 03:00,0,0,0,9.742
2019-10-24 23:00,2019-10-25 04:00,0,0,0,9.404
2019-10-25 00:00,2019-10-25 05:00,0,0,0,9.256
2019-10-25 01:00,2019-10-25 06:00,0,0,0,9.182
2019-10-25 02:00,2019-10-25 07:00,0.079,0.062,0.042,10.252
2019-10-25 03:00,2019-10-25 08:00,0.322,0.293,0.077,14.103
2019-10-25 04:00,2019-10-25 09:00,0.524,0.534,0.086,16.769
2019-10-25 05:00,2019-10-25 10:00,0.655,0.716,0.091,18.757
2019-10-25 06:00,2019-10-25 11:00,0.714,0.803,0.097,20.145
2019-10-25 07:00,2019-10-25 12:00,0.725,0.824,0.098,21.058
2019-10-25 08:00,2019-10-25 13:00,0.681,0.761,0.097,21.494
2019-10-25 09:00,2019-10-25 14:00,0.579,0.618,0.093,21.542
2019-10-25 10:00,2019-10-25 15:00,0.412,0.404,0.088,21.099
2019-10-25 11:00,2019-10-25 16:00,0.189,0.162,0.067,19.190
2019-10-25 12:00,2019-10-25 17:00,0,0.006,0.009,16.404
2019-10-25 13:00,2019-10-25 18:00,0,0,0,15.810
2019-10-25 14:00,2019-10-25 19:00,0,0,0,14.466
2019-10-25 15:00,2019-10-25 20:00,0,0,0,13.389
2019-10-25 16:00,2019-10-25 21:00,0,0,0,12.746
2019-10-25 17:00,2019-10-25 22:00,0,0,0,12.113
2019-10-25 18:00,2019-10-25 23:00,0,0,0,11.486
2019-10-25 19:00,2019-10-26 00:00,0,0,0,10.878
2019-10-25 20:00,2019-10-26 01:00,0,0,0,10.119
2019-10-25 21:00,2019-10-26 02:00,0,0,0,9.588
2019-10-25 22:00,2019-10-26 03:00,0,0,0,9.190
2019-10-25 23:00,2019-10-26 04:00,0,0,0,8.913
2019-10-26 00:00,2019-10-26 05:00,0,0,0,8.804
2019-10-26 01:00,2019-10-26 06:00,0,0,0,8.766
2019-10-26 02:00,2019-10-26 07:00,0.065,0.047,0.042,9.886
2019-10-26 03:00,2019-10-26 08:00,0.296,0.255,0.085,14.003
2019-10-26 04:00,2019-10-26 09:00,0.499,0.494,0.096,17.228
2019-10-26 05:00,2019-10-26 10:00,0.632,0.677,0.100,19.664
2019-10-26 06:00,2019-10-26 11:00,0.704,0.789,0.102,21.363
2019-10-26 07:00,2019-10-26 12:00,0.712,0.806,0.104,22.476
2019-10-26 08:00,2019-10-26 13:00,0.657,0.723,0.107,23.025
2019-10-26 09:00,2019-10-26 14:00,0.541,0.555,0.109,23.031
2019-10-26 10:00,2019-10-26 15:00,0.327,0.276,0.115,22.359
2019-10-26 11:00,2019-10-26 16:00,0.116,0.077,0.072,20.040
2019-10-26 12:00,2019-10-26 17:00,0,0.003,0.008,17.506
2019-10-26 13:00,2019-10-26 18:00,0,0,0,16.925
2019-10-26 14:00,2019-10-26 19:00,0,0,0,15.893
2019-10-26 15:00,2019-10-26 20:00,0,0,0,14.731
2019-10-26 16:00,2019-10-26 21:00,0,0,0,13.446
2019-10-26 17:00,2019-10-26 22:00,0,0,0,12.374
2019-10-26 18:00,2019-10-26 23:00,0,0,0,11.733
2019-10-26 19:00,2019-10-27 00:00,0,0,0,11.291
2019-10-26 20:00,2019-10-27 01:00,0,0,0,10.991
2019-10-26 21:00,2019-10-27 02:00,0,0,0,10.874
2019-10-26 22:00,2019-10-27 03:00,0,0,0,10.860
2019-10-26 23:00,2019-10-27 04:00,0,0,0,10.790
2019-10-27 00:00,2019-10-27 05:00,0,0,0,10.545
2019-10-27 01:00,2019-10-27 06:00,0,0,0,10.330
2019-10-27 02:00,2019-10-27 07:00,0.032,0.014,0.040,11.377
2019-10-27 03:00,2019-10-27 08:00,0.126,0.042,0.115,14.623
2019-10-27 04:00,2019-10-27 09:00,0.172,0.043,0.165,17.029
2019-10-27 05:00,2019-10-27 10:00,0.176,0.030,0.184,18.396
2019-10-27 06:00,2019-10-27 11:00,0.150,0.017,0.169,18.712
2019-10-27 07:00,2019-10-27 12:00,0.159,0.019,0.177,18.823
2019-10-27 08:00,2019-10-27 13:00,0.214,0.044,0.212,19.206
2019-10-27 09:00,2019-10-27 14:00,0.244,0.088,0.203,19.883
2019-10-27 10:00,2019-10-27 15:00,0.231,0.121,0.155,20.259
2019-10-27 11:00,2019-10-27 16:00,0.065,0.024,0.069,18.204
2019-10-27 12:00,2019-10-27 17:00,0,0.001,0.005,15.717
2019-10-27 13:00,2019-10-27 18:00,0,0,0,15.540
2019-10-27 14:00,2019-10-27 19:00,0,0,0,15.731
2019-10-27 15:00,2019-10-27 20:00,0,0,0,15.087
2019-10-27 16:00,2019-10-27 21:00,0,0,0,14.659
2019-10-27 17:00,2019-10-27 22:00,0,0,0,14.366
2019-10-27 18:00,2019-10-27 23:00,0,0,0,14.080
2019-10-27 19:00,2019-10-28 00:00,0,0,0,13.926
2019-10-27 20:00,2019-10-28 01:00,0,0,0,13.543
2019-10-27 21:00,2019-10-28 02:00,0,0,0,12.453
2019-10-27 22:00,2019-10-28 03:00,0,0,0,11.985
2019-10-27 23:00,2019-10-28 04:00,0,0,0,11.582
2019-10-28 00:00,2019-10-28 05:00,0,0,0,11.217
2019-10-28 01:00,2019-10-28 06:00,0,0,0,10.630
2019-10-28 02:00,2019-10-28 07:00,0.005,0.002,0.020,10.699
2019-10-28 03:00,2019-10-28 08:00,0.089,0.021,0.094,11.801
2019-10-28 04:00,2019-10-28 09:00,0.236,0.097,0.176,13.509
2019-10-28 05:00,2019-10-28 10:00,0.323,0.154,0.218,15.127
2019-10-28 06:00,2019-10-28 11:00,0.422,0.256,0.237,16.483
2019-10-28 07:00,2019-10-28 12:00,0.501,0.374,0.220,17.689
2019-10-28 08:00,2019-10-28 13:00,0.527,0.442,0.189,18.471
2019-10-28 09:00,2019-10-28 14:00,0.399,0.292,0.177,18.589
2019-10-28 10:00,2019-10-28 15:00,0.267,0.175,0.139,18.282
2019-10-28 11:00,2019-10-28 16:00,0.102,0.058,0.074,17.115
2019-10-28 12:00,2019-10-28 17:00,0,0.002,0.006,14.146
2019-10-28 13:00,2019-10-28 18:00,0,0,0,13.078
2019-10-28 14:00,2019-10-28 19:00,0,0,0,12.668
2019-10-28 15:00,2019-10-28 20:00,0,0,0,11.886
2019-10-28 16:00,2019-10-28 21:00,0,0,0,10.923
2019-10-28 17:00,2019-10-28 22:00,0,0,0,10.318
2019-10-28 18:00,2019-10-28 23:00,0,0,0,9.903
2019-10-28 19:00,2019-10-29 00:00,0,0,0,9.585
2019-10-28 20:00,2019-10-29 01:00,0,0,0,9.289
2019-10-28 21:00,2019-10-29 02:00,0,0,0,8.970
2019-10-28 22:00,2019-10-29 03:00,0,0,0,8.691
2019-10-28 23:00,2019-10-29 04:00,0,0,0,8.496
2019-10-29 00:00,2019-10-29 05:00,0,0,0,8.368
2019-10-29 01:00,2019-10-29 06:00,0,0,0,8.218
2019-10-29 02:00,2019-10-29 07:00,0.056,0.042,0.037,9.249
2019-10-29 03:00,2019-10-29 08:00,0.288,0.248,0.082,12.885
2019-10-29 04:00,2019-10-29 09:00,0.494,0.487,0.093,16.211
2019-10-29 05:00,2019-10-29 10:00,0.627,0.670,0.098,19.097
2019-10-29 06:00,2019-10-29 11:00,0.696,0.776,0.101,21.008
2019-10-29 07:00,2019-10-29 12:00,0.702,0.791,0.103,22.424
2019-10-29 08:00,2019-10-29 13:00,0.654,0.723,0.103,23.129
2019-10-29 09:00,2019-10-29 14:00,0.545,0.571,0.101,23.445
2019-10-29 10:00,2019-10-29 15:00,0.379,0.363,0.093,23.267
2019-10-29 11:00,2019-10-29 16:00,0.165,0.139,0.065,21.201
2019-10-29 12:00,2019-10-29 17:00,0,0.004,0.006,18.183
2019-10-29 13:00,2019-10-29 18:00,0,0,0,17.277
2019-10-29 14:00,2019-10-29 19:00,0,0,0,16.550
2019-10-29 15:00,2019-10-29 20:00,0,0,0,15.635
2019-10-29 16:00,2019-10-29 21:00,0,0,0,14.578
2019-10-29 17:00,2019-10-29 22:00,0,0,0,13.764
2019-10-29 18:00,2019-10-29 23:00,0,0,0,13.408
2019-10-29 19:00,2019-10-30 00:00,0,0,0,13.130
2019-10-29 20:00,2019-10-30 01:00,0,0,0,12.864
2019-10-29 21:00,2019-10-30 02:00,0,0,0,12.756
2019-10-29 22:00,2019-10-30 03:00,0,0,0,12.797
2019-10-29 23:00,2019-10-30 04:00,0,0,0,12.795
2019-10-30 00:00,2019-10-30 05:00,0,0,0,12.777
2019-10-30 01:00,2019-10-30 06:00,0,0,0,12.905
2019-10-30 02:00,2019-10-30 07:00,0.017,0.007,0.031,13.991
2019-10-30 03:00,2019-10-30 08:00,0.122,0.045,0.109,16.924
2019-10-30 04:00,2019-10-30 09:00,0.254,0.124,0.178,19.808
2019-10-30 05:00,2019-10-30 10:00,0.302,0.138,0.222,21.834
2019-10-30 06:00,2019-10-30 11:00,0.313,0.129,0.247,23.224
2019-10-30 07:00,2019-10-30 12:00,0.302,0.114,0.251,24.008
2019-10-30 08:00,2019-10-30 13:00,0.249,0.077,0.225,24.162
2019-10-30 09:00,2019-10-30 14:00,0.193,0.054,0.184,24.005
2019-10-30 10:00,2019-10-30 15:00,0.115,0.028,0.121,23.119
2019-10-30 11:00,2019-10-30 16:00,0.044,0.014,0.057,20.856
2019-10-30 12:00,2019-10-30 17:00,0,0,0.004,18.620
2019-10-30 13:00,2019-10-30 18:00,0,0,0,17.154
2019-10-30 14:00,2019-10-30 19:00,0,0,0,16.301
2019-10-30 15:00,2019-10-30 20:00,0,0,0,15.204
2019-10-30 16:00,2019-10-30 21:00,0,0,0,14.681
2019-10-30 17:00,2019-10-30 22:00,0,0,0,14.150
2019-10-30 18:00,2019-10-30 23:00,0,0,0,13.686
2019-10-30 19:00,2019-10-31 00:00,0,0,0,13.421
2019-10-30 20:00,2019-10-31 01:00,0,0,0,13.222
2019-10-30 21:00,2019-10-31 02:00,0,0,0,12.968
2019-10-30 22:00,2019-10-31 03:00,0,0,0,12.569
2019-10-30 23:00,2019-10-31 04:00,0,0,0,12.415
2019-10-31 00:00,2019-10-31 05:00,0,0,0,12.442
2019-10-31 01:00,2019-10-31 06:00,0,0,0,12.335
2019-10-31 02:00,2019-10-31 07:00,0.036,0.024,0.035,13.105
2019-10-31 03:00,2019-10-31 08:00,0.228,0.170,0.098,16.514
2019-10-31 04:00,2019-10-31 09:00,0.419,0.372,0.123,19.540
2019-10-31 05:00,2019-10-31 10:00,0.559,0.554,0.131,21.956
2019-10-31 06:00,2019-10-31 11:00,0.617,0.631,0.142,23.389
2019-10-31 07:00,2019-10-31 12:00,0.588,0.573,0.161,24.116
2019-10-31 08:00,2019-10-31 13:00,0.518,0.468,0.169,24.344
2019-10-31 09:00,2019-10-31 14:00,0.394,0.310,0.167,24.183
2019-10-31 10:00,2019-10-31 15:00,0.173,0.081,0.133,23.446
2019-10-31 11:00,2019-10-31 16:00,0.026,0.008,0.042,21.181
2019-10-31 12:00,2019-10-31 17:00,0,0,0.002,19.428
2019-10-31 13:00,2019-10-31 18:00,0,0,0,18.670
2019-10-31 14:00,2019-10-31 19:00,0,0,0,17.717
2019-10-31 15:00,2019-10-31 20:00,0,0,0,16.971
2019-10-31 16:00,2019-10-31 21:00,0,0,0,16.318
2019-10-31 17:00,2019-10-31 22:00,0,0,0,15.758
2019-10-31 18:00,2019-10-31 23:00,0,0,0,15.149
2019-10-31 19:00,2019-11-01 00:00,0,0,0,14.634
2019-10-31 20:00,2019-11-01 01:00,0,0,0,14.498
2019-10-31 21:00,2019-11-01 02:00,0,0,0,14.261
2019-10-31 22:00,2019-11-01 03:00,0,0,0,13.933
2019-10-31 23:00,2019-11-01 04:00,0,0,0,13.584
2019-11-01 00:00,2019-11-01 05:00,0,0,0,13.222
2019-11-01 01:00,2019-11-01 06:00,0,0,0,13.029
2019-11-01 02:00,2019-11-01 07:00,0.001,0.001,0.015,13.196
2019-11-01 03:00,2019-11-01 08:00,0.048,0.006,0.067,14.186
2019-11-01 04:00,2019-11-01 09:00,0.120,0.017,0.134,15.170
2019-11-01 05:00,2019-11-01 10:00,0.201,0.039,0.199,16.356
2019-11-01 06:00,2019-11-01 11:00,0.228,0.046,0.224,17.315
2019-11-01 07:00,2019-11-01 12:00,0.226,0.043,0.226,17.959
2019-11-01 08:00,2019-11-01 13:00,0.172,0.024,0.186,18.080
2019-11-01 09:00,2019-11-01 14:00,0.087,0.007,0.110,17.628
2019-11-01 10:00,2019-11-01 15:00,0.032,0.002,0.053,16.858
2019-11-01 11:00,2019-11-01 16:00,0.005,0.001,0.021,15.901
2019-11-01 12:00,2019-11-01 17:00,0,0,0.001,14.767
2019-11-01 13:00,2019-11-01 18:00,0,0,0,14.134
2019-11-01 14:00,2019-11-01 19:00,0,0,0,13.634
2019-11-01 15:00,2019-11-01 20:00,0,0,0,13.298
2019-11-01 16:00,2019-11-01 21:00,0,0,0,13.017
2019-11-01 17:00,2019-11-01 22:00,0,0,0,12.788
2019-11-01 18:00,2019-11-01 23:00,0,0,0,12.656
2019-11-01 19:00,2019-11-02 00:00,0,0,0,12.338
2019-11-01 20:00,2019-11-02 01:00,0,0,0,11.865
2019-11-01 21:00,2019-11-02 02:00,0,0,0,11.512
2019-11-01 22:00,2019-11-02 03:00,0,0,0,11.281
2019-11-01 23:00,2019-11-02 04:00,0,0,0,11.156
2019-11-02 00:00,2019-11-02 05:00,0,0,0,11.100
2019-11-02 01:00,2019-11-02 06:00,0,0,0,11.082
2019-11-02 02:00,2019-11-02 07:00,0.021,0.015,0.027,11.620
2019-11-02 03:00,2019-11-02 08:00,0.184,0.119,0.099,13.327
2019-11-02 04:00,2019-11-02 09:00,0.368,0.293,0.133,15.492
2019-11-02 05:00,2019-11-02 10:00,0.549,0.523,0.132,17.667
2019-11-02 06:00,2019-11-02 11:00,0.627,0.636,0.132,19.200
2019-11-02 07:00,2019-11-02 12:00,0.655,0.686,0.127,20.178
2019-11-02 08:00,2019-11-02 13:00,0.615,0.632,0.126,20.682
2019-11-02 09:00,2019-11-02 14:00,0.395,0.315,0.154,20.433
2019-11-02 10:00,2019-11-02 15:00,0.239,0.160,0.125,19.941
2019-11-02 11:00,2019-11-02 16:00,0.078,0.047,0.060,18.221
2019-11-02 12:00,2019-11-02 17:00,0,0.001,0.003,15.787
2019-11-02 13:00,2019-11-02 18:00,0,0,0,14.952
2019-11-02 14:00,2019-11-02 19:00,0,0,0,14.257
2019-11-02 15:00,2019-11-02 20:00,0,0,0,13.346
2019-11-02 16:00,2019-11-02 21:00,0,0,0,12.522
2019-11-02 17:00,2019-11-02 22:00,0,0,0,12.017
2019-11-02 18:00,2019-11-02 23:00,0,0,0,11.675
2019-11-02 19:00,2019-11-03 00:00,0,0,0,11.379
2019-11-02 20:00,2019-11-03 01:00,0,0,0,11.085
2019-11-02 21:00,2019-11-03 02:00,0,0,0,10.832
2019-11-02 22:00,2019-11-03 03:00,0,0,0,10.637
2019-11-02 23:00,2019-11-03 04:00,0,0,0,10.453
2019-11-03 00:00,2019-11-03 05:00,0,0,0,10.302
2019-11-03 01:00,2019-11-03 06:00,0,0,0,10.222
2019-11-03 02:00,2019-11-03 07:00,0.033,0.027,0.028,11.065
2019-11-03 03:00,2019-11-03 08:00,0.217,0.164,0.091,14.968
2019-11-03 04:00,2019-11-03 09:00,0.418,0.377,0.113,18.085
2019-11-03 05:00,2019-11-03 10:00,0.556,0.553,0.122,20.549
2019-11-03 06:00,2019-11-03 11:00,0.612,0.629,0.132,22.422
2019-11-03 07:00,2019-11-03 12:00,0.606,0.617,0.140,23.505
2019-11-03 08:00,2019-11-03 13:00,0.551,0.540,0.142,24.021
2019-11-03 09:00,2019-11-03 14:00,0.434,0.388,0.139,24.014
2019-11-03 10:00,2019-11-03 15:00,0.256,0.190,0.119,23.426
2019-11-03 11:00,2019-11-03 16:00,0.082,0.053,0.059,20.630
2019-11-03 12:00,2019-11-03 17:00,0,0.001,0.003,18.039
2019-11-03 13:00,2019-11-03 18:00,0,0,0,17.043
2019-11-03 14:00,2019-11-03 19:00,0,0,0,16.104
2019-11-03 15:00,2019-11-03 20:00,0,0,0,15.515
2019-11-03 16:00,2019-11-03 21:00,0,0,0,15.106
2019-11-03 17:00,2019-11-03 22:00,0,0,0,14.904
2019-11-03 18:00,2019-11-03 23:00,0,0,0,14.557
2019-11-03 19:00,2019-11-04 00:00,0,0,0,14.009
2019-11-03 20:00,2019-11-04 01:00,0,0,0,13.394
2019-11-03 21:00,2019-11-04 02:00,0,0,0,12.989
2019-11-03 22:00,2019-11-04 03:00,0,0,0,12.699
2019-11-03 23:00,2019-11-04 04:00,0,0,0,12.632
2019-11-04 00:00,2019-11-04 05:00,0,0,0,12.794
2019-11-04 01:00,2019-11-04 06:00,0,0,0,12.769
2019-11-04 02:00,2019-11-04 07:00,0,0.001,0.012,12.856
2019-11-04 03:00,2019-11-04 08:00,0.034,0.004,0.053,13.567
2019-11-04 04:00,2019-11-04 09:00,0.093,0.011,0.111,14.293
2019-11-04 05:00,2019-11-04 10:00,0.170,0.030,0.175,15.353
2019-11-04 06:00,2019-11-04 11:00,0.318,0.123,0.247,16.831
2019-11-04 07:00,2019-11-04 12:00,0.420,0.239,0.253,17.787
2019-11-04 08:00,2019-11-04 13:00,0.281,0.098,0.232,17.280
2019-11-04 09:00,2019-11-04 14:00,0.124,0.017,0.138,15.722
2019-11-04 10:00,2019-11-04 15:00,0.053,0.005,0.073,13.928
2019-11-04 11:00,2019-11-04 16:00,0.010,0.002,0.027,12.121
2019-11-04 12:00,2019-11-04 17:00,0,0,0.001,10.320
2019-11-04 13:00,2019-11-04 18:00,0,0,0,8.960
2019-11-04 14:00,2019-11-04 19:00,0,0,0,8.028
2019-11-04 15:00,2019-11-04 20:00,0,0,0,7.399
2019-11-04 16:00,2019-11-04 21:00,0,0,0,6.851
2019-11-04 17:00,2019-11-04 22:00,0,0,0,6.451
2019-11-04 18:00,2019-11-04 23:00,0,0,0,6.089
2019-11-04 19:00,2019-11-05 00:00,0,0,0,5.700
2019-11-04 20:00,2019-11-05 01:00,0,0,0,5.171
2019-11-04 21:00,2019-11-05 02:00,0,0,0,4.578
2019-11-04 22:00,2019-11-05 03:00,0,0,0,4.005
2019-11-04 23:00,2019-11-05 04:00,0,0,0,3.648
2019-11-05 00:00,2019-11-05 05:00,0,0,0,3.218
2019-11-05 01:00,2019-11-05 06:00,0,0,0,2.676
2019-11-05 02:00,2019-11-05 07:00,0.038,0.034,0.025,2.995
2019-11-05 03:00,2019-11-05 08:00,0.267,0.221,0.075,5.419
2019-11-05 04:00,2019-11-05 09:00,0.506,0.486,0.083,7.743
2019-11-05 05:00,2019-11-05 10:00,0.655,0.678,0.087,9.435
2019-11-05 06:00,2019-11-05 11:00,0.727,0.779,0.091,10.621
2019-11-05 07:00,2019-11-05 12:00,0.750,0.818,0.089,11.382
2019-11-05 08:00,2019-11-05 13:00,0.709,0.764,0.086,11.719
2019-11-05 09:00,2019-11-05 14:00,0.576,0.580,0.090,11.543
2019-11-05 10:00,2019-11-05 15:00,0.393,0.360,0.084,10.873
2019-11-05 11:00,2019-11-05 16:00,0.155,0.129,0.054,9.253
2019-11-05 12:00,2019-11-05 17:00,0,0.003,0.003,6.067
2019-11-05 13:00,2019-11-05 18:00,0,0,0,5.053
2019-11-05 14:00,2019-11-05 19:00,0,0,0,4.100
2019-11-05 15:00,2019-11-05 20:00,0,0,0,3.592
2019-11-05 16:00,2019-11-05 21:00,0,0,0,3.241
2019-11-05 17:00,2019-11-05 22:00,0,0,0,2.739
2019-11-05 18:00,2019-11-05 23:00,0,0,0,2.137
2019-11-05 19:00,2019-11-06 00:00,0,0,0,1.803
2019-11-05 20:00,2019-11-06 01:00,0,0,0,1.526
2019-11-05 21:00,2019-11-06 02:00,0,0,0,1.299
2019-11-05 22:00,2019-11-06 03:00,0,0,0,1.083
2019-11-05 23:00,2019-11-06 04:00,0,0,0,0.791
2019-11-06 00:00,2019-11-06 05:00,0,0,0,0.566
2019-11-06 01:00,2019-11-06 06:00,0,0,0,-0.185
2019-11-06 02:00,2019-11-06 07:00,0.054,0.052,0.023,0.347
2019-11-06 03:00,2019-11-06 08:00,0.312,0.278,0.063,3.871
2019-11-06 04:00,2019-11-06 09:00,0.536,0.530,0.073,6.471
2019-11-06 05:00,2019-11-06 10:00,0.681,0.716,0.079,8.292
2019-11-06 06:00,2019-11-06 11:00,0.712,0.747,0.096,9.449
2019-11-06 07:00,2019-11-06 12:00,0.726,0.768,0.098,10.256
2019-11-06 08:00,2019-11-06 13:00,0.679,0.707,0.096,10.674
2019-11-06 09:00,2019-11-06 14:00,0.553,0.539,0.097,10.651
2019-11-06 10:00,2019-11-06 15:00,0.370,0.329,0.089,10.140
2019-11-06 11:00,2019-11-06 16:00,0.140,0.113,0.054,8.469
2019-11-06 12:00,2019-11-06 17:00,0,0.003,0.002,5.820
2019-11-06 13:00,2019-11-06 18:00,0,0,0,4.731
2019-11-06 14:00,2019-11-06 19:00,0,0,0,4.290
2019-11-06 15:00,2019-11-06 20:00,0,0,0,4.346
2019-11-06 16:00,2019-11-06 21:00,0,0,0,4.085
2019-11-06 17:00,2019-11-06 22:00,0,0,0,3.494
2019-11-06 18:00,2019-11-06 23:00,0,0,0,2.699
2019-11-06 19:00,2019-11-07 00:00,0,0,0,1.945
2019-11-06 20:00,2019-11-07 01:00,0,0,0,1.445
2019-11-06 21:00,2019-11-07 02:00,0,0,0,1.251
2019-11-06 22:00,2019-11-07 03:00,0,0,0,1.048
2019-11-06 23:00,2019-11-07 04:00,0,0,0,1.225
2019-11-07 00:00,2019-11-07 05:00,0,0,0,1.251
2019-11-07 01:00,2019-11-07 06:00,0,0,0,0.706
2019-11-07 02:00,2019-11-07 07:00,0.038,0.036,0.023,0.744
2019-11-07 03:00,2019-11-07 08:00,0.271,0.228,0.072,4.511
2019-11-07 04:00,2019-11-07 09:00,0.499,0.477,0.083,7.484
2019-11-07 05:00,2019-11-07 10:00,0.647,0.668,0.087,9.844
2019-11-07 06:00,2019-11-07 11:00,0.721,0.775,0.090,11.562
2019-11-07 07:00,2019-11-07 12:00,0.737,0.804,0.090,12.706
2019-11-07 08:00,2019-11-07 13:00,0.692,0.745,0.089,13.403
2019-11-07 09:00,2019-11-07 14:00,0.545,0.540,0.096,13.497
2019-11-07 10:00,2019-11-07 15:00,0.369,0.334,0.087,12.880
2019-11-07 11:00,2019-11-07 16:00,0.143,0.119,0.053,10.397
2019-11-07 12:00,2019-11-07 17:00,0.009,0.025,0.002,7.030
2019-11-07 13:00,2019-11-07 18:00,0,0,0,5.550
2019-11-07 14:00,2019-11-07 19:00,0,0,0,5.132
2019-11-07 15:00,2019-11-07 20:00,0,0,0,5.288
2019-11-07 16:00,2019-11-07 21:00,0,0,0,5.403
2019-11-07 17:00,2019-11-07 22:00,0,0,0,5.436
2019-11-07 18:00,2019-11-07 23:00,0,0,0,5.161
2019-11-07 19:00,2019-11-08 00:00,0,0,0,4.973
2019-11-07 20:00,2019-11-08 01:00,0,0,0,4.720
2019-11-07 21:00,2019-11-08 02:00,0,0,0,4.530
2019-11-07 22:00,2019-11-08 03:00,0,0,0,4.429
2019-11-07 23:00,2019-11-08 04:00,0,0,0,4.418
2019-11-08 00:00,2019-11-08 05:00,0,0,0,4.170
2019-11-08 01:00,2019-11-08 06:00,0,0,0,3.631
2019-11-08 02:00,2019-11-08 07:00,0.039,0.038,0.022,3.342
2019-11-08 03:00,2019-11-08 08:00,0.277,0.238,0.069,6.035
2019-11-08 04:00,2019-11-08 09:00,0.503,0.490,0.080,9.059
2019-11-08 05:00,2019-11-08 10:00,0.648,0.677,0.086,11.209
2019-11-08 06:00,2019-11-08 11:00,0.676,0.703,0.104,12.421
2019-11-08 07:00,2019-11-08 12:00,0.695,0.732,0.105,13.197
2019-11-08 08:00,2019-11-08 13:00,0.650,0.674,0.103,13.648
2019-11-08 09:00,2019-11-08 14:00,0.521,0.502,0.104,13.646
2019-11-08 10:00,2019-11-08 15:00,0.341,0.296,0.093,13.110
2019-11-08 11:00,2019-11-08 16:00,0.121,0.096,0.052,10.811
2019-11-08 12:00,2019-11-08 17:00,0,-0,0.002,8.372
2019-11-08 13:00,2019-11-08 18:00,0,0,0,7.737
2019-11-08 14:00,2019-11-08 19:00,0,0,0,7.285
2019-11-08 15:00,2019-11-08 20:00,0,0,0,6.734
2019-11-08 16:00,2019-11-08 21:00,0,0,0,6.211
2019-11-08 17:00,2019-11-08 22:00,0,0,0,5.820
2019-11-08 18:00,2019-11-08 23:00,0,0,0,5.193
2019-11-08 19:00,2019-11-09 00:00,0,0,0,4.456
2019-11-08 20:00,2019-11-09 01:00,0,0,0,3.945
2019-11-08 21:00,2019-11-09 02:00,0,0,0,3.797
2019-11-08 22:00,2019-11-09 03:00,0,0,0,3.942
2019-11-08 23:00,2019-11-09 04:00,0,0,0,4.073
2019-11-09 00:00,2019-11-09 05:00,0,0,0,4.111
2019-11-09 01:00,2019-11-09 06:00,0,0,0,4.159
2019-11-09 02:00,2019-11-09 07:00,0.028,0.028,0.021,4.555
2019-11-09 03:00,2019-11-09 08:00,0.243,0.199,0.074,7.279
2019-11-09 04:00,2019-11-09 09:00,0.469,0.447,0.088,11.125
2019-11-09 05:00,2019-11-09 10:00,0.618,0.642,0.091,13.526
2019-11-09 06:00,2019-11-09 11:00,0.706,0.774,0.090,15.343
2019-11-09 07:00,2019-11-09 12:00,0.722,0.802,0.089,16.300
2019-11-09 08:00,2019-11-09 13:00,0.677,0.740,0.088,16.755
2019-11-09 09:00,2019-11-09 14:00,0.533,0.536,0.095,16.631
2019-11-09 10:00,2019-11-09 15:00,0.352,0.321,0.087,15.889
2019-11-09 11:00,2019-11-09 16:00,0.128,0.107,0.050,12.601
2019-11-09 12:00,2019-11-09 17:00,0,-0,0.001,10.815
2019-11-09 13:00,2019-11-09 18:00,0,0,0,10.291
2019-11-09 14:00,2019-11-09 19:00,0,0,0,9.994
2019-11-09 15:00,2019-11-09 20:00,0,0,0,9.808
2019-11-09 16:00,2019-11-09 21:00,0,0,0,9.220
2019-11-09 17:00,2019-11-09 22:00,0,0,0,8.272
2019-11-09 18:00,2019-11-09 23:00,0,0,0,7.258
2019-11-09 19:00,2019-11-10 00:00,0,0,0,6.517
2019-11-09 20:00,2019-11-10 01:00,0,0,0,5.875
2019-11-09 21:00,2019-11-10 02:00,0,0,0,5.474
2019-11-09 22:00,2019-11-10 03:00,0,0,0,5.219
2019-11-09 23:00,2019-11-10 04:00,0,0,0,4.982
2019-11-10 00:00,2019-11-10 05:00,0,0,0,4.733
2019-11-10 01:00,2019-11-10 06:00,0,0,0,4.842
2019-11-10 02:00,2019-11-10 07:00,0.023,0.023,0.020,5.163
2019-11-10 03:00,2019-11-10 08:00,0.202,0.151,0.080,7.610
2019-11-10 04:00,2019-11-10 09:00,0.417,0.370,0.102,10.812
2019-11-10 05:00,2019-11-10 10:00,0.586,0.585,0.103,12.912
2019-11-10 06:00,2019-11-10 11:00,0.669,0.704,0.103,14.677
2019-11-10 07:00,2019-11-10 12:00,0.694,0.750,0.099,15.996
2019-11-10 08:00,2019-11-10 13:00,0.647,0.688,0.098,16.630
2019-11-10 09:00,2019-11-10 14:00,0.520,0.517,0.098,16.546
2019-11-10 10:00,2019-11-10 15:00,0.403,0.392,0.074,15.563
2019-11-10 11:00,2019-11-10 16:00,0.202,0.194,0.042,13.119
2019-11-10 12:00,2019-11-10 17:00,0,-0,0.001,9.940
2019-11-10 13:00,2019-11-10 18:00,0,0,0,8.549
2019-11-10 14:00,2019-11-10 19:00,0,0,0,7.479
2019-11-10 15:00,2019-11-10 20:00,0,0,0,6.605
2019-11-10 16:00,2019-11-10 21:00,0,0,0,5.880
2019-11-10 17:00,2019-11-10 22:00,0,0,0,5.176
2019-11-10 18:00,2019-11-10 23:00,0,0,0,4.586
2019-11-10 19:00,2019-11-11 00:00,0,0,0,3.881
2019-11-10 20:00,2019-11-11 01:00,0,0,0,2.818
2019-11-10 21:00,2019-11-11 02:00,0,0,0,1.923
2019-11-10 22:00,2019-11-11 03:00,0,0,0,1.529
2019-11-10 23:00,2019-11-11 04:00,0,0,0,1.363
2019-11-11 00:00,2019-11-11 05:00,0,0,0,1.095
2019-11-11 01:00,2019-11-11 06:00,0,0,0,1.008
2019-11-11 02:00,2019-11-11 07:00,0.057,0.061,0.017,1.617
2019-11-11 03:00,2019-11-11 08:00,0.327,0.310,0.051,5.617
2019-11-11 04:00,2019-11-11 09:00,0.550,0.567,0.060,8.612
2019-11-11 05:00,2019-11-11 10:00,0.690,0.750,0.067,10.566
2019-11-11 06:00,2019-11-11 11:00,0.718,0.782,0.082,11.949
2019-11-11 07:00,2019-11-11 12:00,0.737,0.814,0.082,12.980
2019-11-11 08:00,2019-11-11 13:00,0.697,0.763,0.079,13.660
2019-11-11 09:00,2019-11-11 14:00,0.577,0.599,0.079,13.750
2019-11-11 10:00,2019-11-11 15:00,0.407,0.396,0.070,13.183
2019-11-11 11:00,2019-11-11 16:00,0.188,0.179,0.040,10.625
2019-11-11 12:00,2019-11-11 17:00,0,-0,0.001,7.991
2019-11-11 13:00,2019-11-11 18:00,0,0,0,6.640
2019-11-11 14:00,2019-11-11 19:00,0,0,0,5.645
2019-11-11 15:00,2019-11-11 20:00,0,0,0,5.210
2019-11-11 16:00,2019-11-11 21:00,0,0,0,4.804
2019-11-11 17:00,2019-11-11 22:00,0,0,0,4.171
2019-11-11 18:00,2019-11-11 23:00,0,0,0,3.614
2019-11-11 19:00,2019-11-12 00:00,0,0,0,3.111
2019-11-11 20:00,2019-11-12 01:00,0,0,0,2.603
2019-11-11 21:00,2019-11-12 02:00,0,0,0,2.297
2019-11-11 22:00,2019-11-12 03:00,0,0,0,2.151
2019-11-11 23:00,2019-11-12 04:00,0,0,0,2.044
2019-11-12 00:00,2019-11-12 05:00,0,0,0,1.993
2019-11-12 01:00,2019-11-12 06:00,0,0,0,2.063
2019-11-12 02:00,2019-11-12 07:00,0.065,0.073,0.015,2.573
2019-11-12 03:00,2019-11-12 08:00,0.350,0.345,0.042,6.597
2019-11-12 04:00,2019-11-12 09:00,0.569,0.608,0.050,10.936
2019-11-12 05:00,2019-11-12 10:00,0.704,0.798,0.055,13.887
2019-11-12 06:00,2019-11-12 11:00,0.767,0.899,0.060,16.053
2019-11-12 07:00,2019-11-12 12:00,0.779,0.925,0.060,17.509
2019-11-12 08:00,2019-11-12 13:00,0.737,0.867,0.058,18.358
2019-11-12 09:00,2019-11-12 14:00,0.633,0.719,0.055,18.526
2019-11-12 10:00,2019-11-12 15:00,0.475,0.511,0.048,17.523
2019-11-12 11:00,2019-11-12 16:00,0.261,0.271,0.030,13.748
2019-11-12 12:00,2019-11-12 17:00,0,-0,0.001,11.145
2019-11-12 13:00,2019-11-12 18:00,0,0,0,9.586
2019-11-12 14:00,2019-11-12 19:00,0,0,0,9.114
2019-11-12 15:00,2019-11-12 20:00,0,0,0,9.400
2019-11-12 16:00,2019-11-12 21:00,0,0,0,8.887
2019-11-12 17:00,2019-11-12 22:00,0,0,0,8.278
2019-11-12 18:00,2019-11-12 23:00,0,0,0,7.625
2019-11-12 19:00,2019-11-13 00:00,0,0,0,6.968
2019-11-12 20:00,2019-11-13 01:00,0,0,0,5.829
2019-11-12 21:00,2019-11-13 02:00,0,0,0,4.975
2019-11-12 22:00,2019-11-13 03:00,0,0,0,4.741
2019-11-12 23:00,2019-11-13 04:00,0,0,0,4.456
2019-11-13 00:00,2019-11-13 05:00,0,0,0,3.988
2019-11-13 01:00,2019-11-13 06:00,0,0,0,3.467
2019-11-13 02:00,2019-11-13 07:00,0.034,0.037,0.017,3.495
2019-11-13 03:00,2019-11-13 08:00,0.274,0.244,0.062,7.129
2019-11-13 04:00,2019-11-13 09:00,0.498,0.497,0.073,11.542
2019-11-13 05:00,2019-11-13 10:00,0.637,0.681,0.080,14.296
2019-11-13 06:00,2019-11-13 11:00,0.682,0.741,0.092,16.147
2019-11-13 07:00,2019-11-13 12:00,0.692,0.757,0.094,17.304
2019-11-13 08:00,2019-11-13 13:00,0.640,0.686,0.095,17.865
2019-11-13 09:00,2019-11-13 14:00,0.531,0.540,0.092,17.763
2019-11-13 10:00,2019-11-13 15:00,0.312,0.271,0.091,16.586
2019-11-13 11:00,2019-11-13 16:00,0.086,0.071,0.042,13.257
2019-11-13 12:00,2019-11-13 17:00,0,-0,0,11.526
2019-11-13 13:00,2019-11-13 18:00,0,0,0,10.841
2019-11-13 14:00,2019-11-13 19:00,0,0,0,10.638
2019-11-13 15:00,2019-11-13 20:00,0,0,0,9.926
2019-11-13 16:00,2019-11-13 21:00,0,0,0,8.593
2019-11-13 17:00,2019-11-13 22:00,0,0,0,7.364
2019-11-13 18:00,2019-11-13 23:00,0,0,0,6.485
2019-11-13 19:00,2019-11-14 00:00,0,0,0,5.961
2019-11-13 20:00,2019-11-14 01:00,0,0,0,5.802
2019-11-13 21:00,2019-11-14 02:00,0,0,0,6.148
2019-11-13 22:00,2019-11-14 03:00,0,0,0,6.408
2019-11-13 23:00,2019-11-14 04:00,0,0,0,6.371
2019-11-14 00:00,2019-11-14 05:00,0,0,0,6.293
2019-11-14 01:00,2019-11-14 06:00,0,0,0,5.933
2019-11-14 02:00,2019-11-14 07:00,0.015,0.017,0.016,6.079
2019-11-14 03:00,2019-11-14 08:00,0.163,0.109,0.082,8.636
2019-11-14 04:00,2019-11-14 09:00,0.324,0.240,0.128,11.654
2019-11-14 05:00,2019-11-14 10:00,0.428,0.334,0.158,13.475
2019-11-14 06:00,2019-11-14 11:00,0.471,0.369,0.178,14.796
2019-11-14 07:00,2019-11-14 12:00,0.490,0.397,0.177,15.697
2019-11-14 08:00,2019-11-14 13:00,0.540,0.496,0.143,16.383
2019-11-14 09:00,2019-11-14 14:00,0.407,0.339,0.135,16.485
2019-11-14 10:00,2019-11-14 15:00,0.274,0.217,0.103,15.832
2019-11-14 11:00,2019-11-14 16:00,0.087,0.070,0.044,12.468
2019-11-14 12:00,2019-11-14 17:00,0,-0,0,10.142
2019-11-14 13:00,2019-11-14 18:00,0,0,0,9.476
2019-11-14 14:00,2019-11-14 19:00,0,0,0,9.077
2019-11-14 15:00,2019-11-14 20:00,0,0,0,8.166
2019-11-14 16:00,2019-11-14 21:00,0,0,0,7.483
2019-11-14 17:00,2019-11-14 22:00,0,0,0,7.114
2019-11-14 18:00,2019-11-14 23:00,0,0,0,6.924
2019-11-14 19:00,2019-11-15 00:00,0,0,0,6.841
2019-11-14 20:00,2019-11-15 01:00,0,0,0,6.702
2019-11-14 21:00,2019-11-15 02:00,0,0,0,6.482
2019-11-14 22:00,2019-11-15 03:00,0,0,0,6.321
2019-11-14 23:00,2019-11-15 04:00,0,0,0,6.095
2019-11-15 00:00,2019-11-15 05:00,0,0,0,5.853
2019-11-15 01:00,2019-11-15 06:00,0,0,0,5.636
2019-11-15 02:00,2019-11-15 07:00,0.016,0.020,0.015,5.810
2019-11-15 03:00,2019-11-15 08:00,0.206,0.162,0.073,8.585
2019-11-15 04:00,2019-11-15 09:00,0.425,0.390,0.095,12.117
2019-11-15 05:00,2019-11-15 10:00,0.574,0.574,0.102,14.132
2019-11-15 06:00,2019-11-15 11:00,0.672,0.718,0.099,15.848
2019-11-15 07:00,2019-11-15 12:00,0.666,0.709,0.105,17.151
2019-11-15 08:00,2019-11-15 13:00,0.593,0.601,0.113,17.637
2019-11-15 09:00,2019-11-15 14:00,0.449,0.410,0.118,17.591
2019-11-15 10:00,2019-11-15 15:00,0.249,0.190,0.101,16.913
2019-11-15 11:00,2019-11-15 16:00,0.064,0.050,0.040,13.956
2019-11-15 12:00,2019-11-15 17:00,0,-0,0,11.323
2019-11-15 13:00,2019-11-15 18:00,0,0,0,10.134
2019-11-15 14:00,2019-11-15 19:00,0,0,0,9.268
2019-11-15 15:00,2019-11-15 20:00,0,0,0,8.533
2019-11-15 16:00,2019-11-15 21:00,0,0,0,8.043
2019-11-15 17:00,2019-11-15 22:00,0,0,0,7.375
2019-11-15 18:00,2019-11-15 23:00,0,0,0,6.720
2019-11-15 19:00,2019-11-16 00:00,0,0,0,6.343
2019-11-15 20:00,2019-11-16 01:00,0,0,0,6.167
2019-11-15 21:00,2019-11-16 02:00,0,0,0,6.028
2019-11-15 22:00,2019-11-16 03:00,0,0,0,5.924
2019-11-15 23:00,2019-11-16 04:00,0,0,0,5.845
2019-11-16 00:00,2019-11-16 05:00,0,0,0,5.834
2019-11-16 01:00,2019-11-16 06:00,0,0,0,5.759
2019-11-16 02:00,2019-11-16 07:00,0.012,0.017,0.014,5.981
2019-11-16 03:00,2019-11-16 08:00,0.189,0.144,0.074,8.147
2019-11-16 04:00,2019-11-16 09:00,0.410,0.368,0.097,11.164
2019-11-16 05:00,2019-11-16 10:00,0.565,0.558,0.102,13.106
2019-11-16 06:00,2019-11-16 11:00,0.691,0.747,0.091,14.680
2019-11-16 07:00,2019-11-16 12:00,0.707,0.777,0.089,15.706
2019-11-16 08:00,2019-11-16 13:00,0.662,0.714,0.089,16.199
2019-11-16 09:00,2019-11-16 14:00,0.485,0.465,0.103,16.009
2019-11-16 10:00,2019-11-16 15:00,0.302,0.259,0.090,15.205
2019-11-16 11:00,2019-11-16 16:00,0.091,0.078,0.040,12.430
2019-11-16 12:00,2019-11-16 17:00,0,-0,0,10.836
2019-11-16 13:00,2019-11-16 18:00,0,0,0,9.985
2019-11-16 14:00,2019-11-16 19:00,0,0,0,8.845
2019-11-16 15:00,2019-11-16 20:00,0,0,0,7.994
2019-11-16 16:00,2019-11-16 21:00,0,0,0,7.476
2019-11-16 17:00,2019-11-16 22:00,0,0,0,7.004
2019-11-16 18:00,2019-11-16 23:00,0,0,0,6.785
2019-11-16 19:00,2019-11-17 00:00,0,0,0,6.385
2019-11-16 20:00,2019-11-17 01:00,0,0,0,6.145
2019-11-16 21:00,2019-11-17 02:00,0,0,0,6.186
2019-11-16 22:00,2019-11-17 03:00,0,0,0,6.257
2019-11-16 23:00,2019-11-17 04:00,0,0,0,6.211
2019-11-17 00:00,2019-11-17 05:00,0,0,0,6.015
2019-11-17 01:00,2019-11-17 06:00,0,0,0,5.897
2019-11-17 02:00,2019-11-17 07:00,0.004,0.008,0.013,5.943
2019-11-17 03:00,2019-11-17 08:00,0.098,0.043,0.080,7.314
2019-11-17 04:00,2019-11-17 09:00,0.216,0.105,0.143,9.772
2019-11-17 05:00,2019-11-17 10:00,0.330,0.190,0.184,11.442
2019-11-17 06:00,2019-11-17 11:00,0.426,0.286,0.202,12.842
2019-11-17 07:00,2019-11-17 12:00,0.385,0.226,0.214,13.496
2019-11-17 08:00,2019-11-17 13:00,0.281,0.122,0.200,13.442
2019-11-17 09:00,2019-11-17 14:00,0.190,0.067,0.157,13.154
2019-11-17 10:00,2019-11-17 15:00,0.097,0.030,0.095,12.457
2019-11-17 11:00,2019-11-17 16:00,0.024,0.013,0.032,10.616
2019-11-17 12:00,2019-11-17 17:00,0,-0,0,9.252
2019-11-17 13:00,2019-11-17 18:00,0,0,0,8.857
2019-11-17 14:00,2019-11-17 19:00,0,0,0,8.384
2019-11-17 15:00,2019-11-17 20:00,0,0,0,7.969
2019-11-17 16:00,2019-11-17 21:00,0,0,0,7.550
2019-11-17 17:00,2019-11-17 22:00,0,0,0,7.217
2019-11-17 18:00,2019-11-17 23:00,0,0,0,6.753
2019-11-17 19:00,2019-11-18 00:00,0,0,0,6.322
2019-11-17 20:00,2019-11-18 01:00,0,0,0,6.217
2019-11-17 21:00,2019-11-18 02:00,0,0,0,6.322
2019-11-17 22:00,2019-11-18 03:00,0,0,0,6.383
2019-11-17 23:00,2019-11-18 04:00,0,0,0,6.134
2019-11-18 00:00,2019-11-18 05:00,0,0,0,5.346
2019-11-18 01:00,2019-11-18 06:00,0,0,0,4.809
2019-11-18 02:00,2019-11-18 07:00,0.005,0.010,0.012,4.770
2019-11-18 03:00,2019-11-18 08:00,0.145,0.094,0.077,6.769
2019-11-18 04:00,2019-11-18 09:00,0.363,0.296,0.112,9.520
2019-11-18 05:00,2019-11-18 10:00,0.520,0.478,0.120,11.472
2019-11-18 06:00,2019-11-18 11:00,0.650,0.664,0.109,12.928
2019-11-18 07:00,2019-11-18 12:00,0.672,0.702,0.106,13.816
2019-11-18 08:00,2019-11-18 13:00,0.626,0.639,0.107,14.180
2019-11-18 09:00,2019-11-18 14:00,0.398,0.326,0.130,13.878
2019-11-18 10:00,2019-11-18 15:00,0.217,0.150,0.103,13.227
2019-11-18 11:00,2019-11-18 16:00,0.050,0.038,0.036,10.714
2019-11-18 12:00,2019-11-18 17:00,0,-0,0,9.159
2019-11-18 13:00,2019-11-18 18:00,0,0,0,8.072
2019-11-18 14:00,2019-11-18 19:00,0,0,0,7.251
2019-11-18 15:00,2019-11-18 20:00,0,0,0,6.592
2019-11-18 16:00,2019-11-18 21:00,0,0,0,6.182
2019-11-18 17:00,2019-11-18 22:00,0,0,0,5.628
2019-11-18 18:00,2019-11-18 23:00,0,0,0,4.979
2019-11-18 19:00,2019-11-19 00:00,0,0,0,4.462
2019-11-18 20:00,2019-11-19 01:00,0,0,0,4.171
2019-11-18 21:00,2019-11-19 02:00,0,0,0,4.159
2019-11-18 22:00,2019-11-19 03:00,0,0,0,4.283
2019-11-18 23:00,2019-11-19 04:00,0,0,0,4.293
2019-11-19 00:00,2019-11-19 05:00,0,0,0,4.214
2019-11-19 01:00,2019-11-19 06:00,0,0,0,4.255
2019-11-19 02:00,2019-11-19 07:00,0.009,0.014,0.013,4.495
2019-11-19 03:00,2019-11-19 08:00,0.190,0.144,0.073,7.178
2019-11-19 04:00,2019-11-19 09:00,0.415,0.373,0.097,10.868
2019-11-19 05:00,2019-11-19 10:00,0.568,0.559,0.106,13.416
2019-11-19 06:00,2019-11-19 11:00,0.633,0.644,0.115,15.124
2019-11-19 07:00,2019-11-19 12:00,0.603,0.589,0.133,16.069
2019-11-19 08:00,2019-11-19 13:00,0.436,0.341,0.168,16.239
2019-11-19 09:00,2019-11-19 14:00,0.242,0.128,0.155,15.837
2019-11-19 10:00,2019-11-19 15:00,0.111,0.045,0.096,14.669
2019-11-19 11:00,2019-11-19 16:00,0.022,0.014,0.030,12.417
2019-11-19 12:00,2019-11-19 17:00,0,-0,0,10.369
2019-11-19 13:00,2019-11-19 18:00,0,0,0,9.384
2019-11-19 14:00,2019-11-19 19:00,0,0,0,9.149
2019-11-19 15:00,2019-11-19 20:00,0,0,0,9.093
2019-11-19 16:00,2019-11-19 21:00,0,0,0,9.095
2019-11-19 17:00,2019-11-19 22:00,0,0,0,9.000
2019-11-19 18:00,2019-11-19 23:00,0,0,0,8.895
2019-11-19 19:00,2019-11-20 00:00,0,0,0,8.932
2019-11-19 20:00,2019-11-20 01:00,0,0,0,9.088
2019-11-19 21:00,2019-11-20 02:00,0,0,0,8.975
2019-11-19 22:00,2019-11-20 03:00,0,0,0,8.698
2019-11-19 23:00,2019-11-20 04:00,0,0,0,8.527
2019-11-20 00:00,2019-11-20 05:00,0,0,0,8.388
2019-11-20 01:00,2019-11-20 06:00,0,0,0,8.239
2019-11-20 02:00,2019-11-20 07:00,0,0.002,0.007,8.089
2019-11-20 03:00,2019-11-20 08:00,0.050,0.014,0.060,9.023
2019-11-20 04:00,2019-11-20 09:00,0.155,0.056,0.129,10.992
2019-11-20 05:00,2019-11-20 10:00,0.282,0.144,0.179,12.905
2019-11-20 06:00,2019-11-20 11:00,0.453,0.342,0.183,14.821
2019-11-20 07:00,2019-11-20 12:00,0.568,0.524,0.152,16.215
2019-11-20 08:00,2019-11-20 13:00,0.534,0.492,0.142,16.900
2019-11-20 09:00,2019-11-20 14:00,0.374,0.294,0.142,16.907
2019-11-20 10:00,2019-11-20 15:00,0.181,0.110,0.106,16.126
2019-11-20 11:00,2019-11-20 16:00,0.030,0.020,0.032,13.567
2019-11-20 12:00,2019-11-20 17:00,0,-0,0,11.693
2019-11-20 13:00,2019-11-20 18:00,0,0,0,11.042
2019-11-20 14:00,2019-11-20 19:00,0,0,0,10.608
2019-11-20 15:00,2019-11-20 20:00,0,0,0,10.227
2019-11-20 16:00,2019-11-20 21:00,0,0,0,9.943
2019-11-20 17:00,2019-11-20 22:00,0,0,0,9.485
2019-11-20 18:00,2019-11-20 23:00,0,0,0,9.055
2019-11-20 19:00,2019-11-21 00:00,0,0,0,8.716
2019-11-20 20:00,2019-11-21 01:00,0,0,0,8.433
2019-11-20 21:00,2019-11-21 02:00,0,0,0,7.908
2019-11-20 22:00,2019-11-21 03:00,0,0,0,7.365
2019-11-20 23:00,2019-11-21 04:00,0,0,0,6.881
2019-11-21 00:00,2019-11-21 05:00,0,0,0,6.254
2019-11-21 01:00,2019-11-21 06:00,0,0,0,5.618
2019-11-21 02:00,2019-11-21 07:00,0,0.001,0.005,5.205
2019-11-21 03:00,2019-11-21 08:00,0.049,0.013,0.058,5.863
2019-11-21 04:00,2019-11-21 09:00,0.217,0.108,0.138,7.363
2019-11-21 05:00,2019-11-21 10:00,0.437,0.333,0.159,9.113
2019-11-21 06:00,2019-11-21 11:00,0.554,0.482,0.157,10.589
2019-11-21 07:00,2019-11-21 12:00,0.526,0.433,0.173,11.692
2019-11-21 08:00,2019-11-21 13:00,0.360,0.219,0.191,11.936
2019-11-21 09:00,2019-11-21 14:00,0.222,0.097,0.158,11.651
2019-11-21 10:00,2019-11-21 15:00,0.091,0.028,0.089,10.959
2019-11-21 11:00,2019-11-21 16:00,0.012,0.007,0.024,9.504
2019-11-21 12:00,2019-11-21 17:00,0,-0,0,7.949
2019-11-21 13:00,2019-11-21 18:00,0,0,0,7.376
2019-11-21 14:00,2019-11-21 19:00,0,0,0,7.015
2019-11-21 15:00,2019-11-21 20:00,0,0,0,6.761
2019-11-21 16:00,2019-11-21 21:00,0,0,0,6.383
2019-11-21 17:00,2019-11-21 22:00,0,0,0,6.025
2019-11-21 18:00,2019-11-21 23:00,0,0,0,5.555
2019-11-21 19:00,2019-11-22 00:00,0,0,0,5.209
2019-11-21 20:00,2019-11-22 01:00,0,0,0,4.924
2019-11-21 21:00,2019-11-22 02:00,0,0,0,4.758
2019-11-21 22:00,2019-11-22 03:00,0,0,0,4.647
2019-11-21 23:00,2019-11-22 04:00,0,0,0,4.472
2019-11-22 00:00,2019-11-22 05:00,0,0,0,4.499
2019-11-22 01:00,2019-11-22 06:00,0,0,0,4.436
2019-11-22 02:00,2019-11-22 07:00,0,0,0.003,4.189
2019-11-22 03:00,2019-11-22 08:00,0.007,0.001,0.023,4.551
2019-11-22 04:00,2019-11-22 09:00,0.035,0.002,0.054,4.915
2019-11-22 05:00,2019-11-22 10:00,0.072,0.004,0.091,5.272
2019-11-22 06:00,2019-11-22 11:00,0.098,0.007,0.116,5.494
2019-11-22 07:00,2019-11-22 12:00,0.108,0.008,0.125,5.613
2019-11-22 08:00,2019-11-22 13:00,0.099,0.007,0.116,5.665
2019-11-22 09:00,2019-11-22 14:00,0.064,0.005,0.082,5.481
2019-11-22 10:00,2019-11-22 15:00,0.028,0.002,0.046,5.126
2019-11-22 11:00,2019-11-22 16:00,0,0.001,0.013,4.510
2019-11-22 12:00,2019-11-22 17:00,0,-0,0,3.712
2019-11-22 13:00,2019-11-22 18:00,0,0,0,3.229
2019-11-22 14:00,2019-11-22 19:00,0,0,0,2.873
2019-11-22 15:00,2019-11-22 20:00,0,0,0,2.532
2019-11-22 16:00,2019-11-22 21:00,0,0,0,2.231
2019-11-22 17:00,2019-11-22 22:00,0,0,0,1.984
2019-11-22 18:00,2019-11-22 23:00,0,0,0,1.653
2019-11-22 19:00,2019-11-23 00:00,0,0,0,1.225
2019-11-22 20:00,2019-11-23 01:00,0,0,0,0.839
2019-11-22 21:00,2019-11-23 02:00,0,0,0,0.605
2019-11-22 22:00,2019-11-23 03:00,0,0,0,0.384
2019-11-22 23:00,2019-11-23 04:00,0,0,0,0.032
2019-11-23 00:00,2019-11-23 05:00,0,0,0,-0.056
2019-11-23 01:00,2019-11-23 06:00,0,0,0,0.046
2019-11-23 02:00,2019-11-23 07:00,0.010,0.017,0.010,0.269
2019-11-23 03:00,2019-11-23 08:00,0.233,0.199,0.059,3.033
2019-11-23 04:00,2019-11-23 09:00,0.472,0.449,0.075,5.814
2019-11-23 05:00,2019-11-23 10:00,0.623,0.634,0.083,7.878
2019-11-23 06:00,2019-11-23 11:00,0.697,0.734,0.088,9.498
2019-11-23 07:00,2019-11-23 12:00,0.692,0.724,0.095,10.432
2019-11-23 08:00,2019-11-23 13:00,0.593,0.578,0.111,10.777
2019-11-23 09:00,2019-11-23 14:00,0.401,0.330,0.123,10.669
2019-11-23 10:00,2019-11-23 15:00,0.194,0.128,0.096,9.990
2019-11-23 11:00,2019-11-23 16:00,0.040,0.032,0.030,7.608
2019-11-23 12:00,2019-11-23 17:00,0,-0,0,6.364
2019-11-23 13:00,2019-11-23 18:00,0,0,0,5.705
2019-11-23 14:00,2019-11-23 19:00,0,0,0,5.182
2019-11-23 15:00,2019-11-23 20:00,0,0,0,5.063
2019-11-23 16:00,2019-11-23 21:00,0,0,0,4.979
2019-11-23 17:00,2019-11-23 22:00,0,0,0,4.550
2019-11-23 18:00,2019-11-23 23:00,0,0,0,3.928
2019-11-23 19:00,2019-11-24 00:00,0,0,0,3.531
2019-11-23 20:00,2019-11-24 01:00,0,0,0,3.335
2019-11-23 21:00,2019-11-24 02:00,0,0,0,3.358
2019-11-23 22:00,2019-11-24 03:00,0,0,0,3.557
2019-11-23 23:00,2019-11-24 04:00,0,0,0,3.864
2019-11-24 00:00,2019-11-24 05:00,0,0,0,4.190
2019-11-24 01:00,2019-11-24 06:00,0,0,0,4.409
2019-11-24 02:00,2019-11-24 07:00,0,0,0.004,4.512
2019-11-24 03:00,2019-11-24 08:00,0.018,0.003,0.035,4.828
2019-11-24 04:00,2019-11-24 09:00,0.059,0.006,0.075,5.784
2019-11-24 05:00,2019-11-24 10:00,0.104,0.012,0.117,6.517
2019-11-24 06:00,2019-11-24 11:00,0.157,0.023,0.160,7.312
2019-11-24 07:00,2019-11-24 12:00,0.205,0.044,0.190,8.121
2019-11-24 08:00,2019-11-24 13:00,0.224,0.064,0.191,8.666
2019-11-24 09:00,2019-11-24 14:00,0.177,0.053,0.152,8.633
2019-11-24 10:00,2019-11-24 15:00,0.105,0.034,0.096,8.008
2019-11-24 11:00,2019-11-24 16:00,0.018,0.010,0.027,6.143
2019-11-24 12:00,2019-11-24 17:00,0,-0,0,4.670
2019-11-24 13:00,2019-11-24 18:00,0,0,0,3.775
2019-11-24 14:00,2019-11-24 19:00,0,0,0,2.949
2019-11-24 15:00,2019-11-24 20:00,0,0,0,2.227
2019-11-24 16:00,2019-11-24 21:00,0,0,0,1.449
2019-11-24 17:00,2019-11-24 22:00,0,0,0,0.704
2019-11-24 18:00,2019-11-24 23:00,0,0,0,-0.036
2019-11-24 19:00,2019-11-25 00:00,0,0,0,-0.717
2019-11-24 20:00,2019-11-25 01:00,0,0,0,-1.107
2019-11-24 21:00,2019-11-25 02:00,0,0,0,-1.712
2019-11-24 22:00,2019-11-25 03:00,0,0,0,-2.269
2019-11-24 23:00,2019-11-25 04:00,0,0,0,-2.680
2019-11-25 00:00,2019-11-25 05:00,0,0,0,-2.839
2019-11-25 01:00,2019-11-25 06:00,0,0,0,-2.963
2019-11-25 02:00,2019-11-25 07:00,0.010,0.019,0.009,-3.330
2019-11-25 03:00,2019-11-25 08:00,0.260,0.231,0.050,-1.122
2019-11-25 04:00,2019-11-25 09:00,0.514,0.500,0.061,1.410
2019-11-25 05:00,2019-11-25 10:00,0.674,0.697,0.066,3.032
2019-11-25 06:00,2019-11-25 11:00,0.756,0.809,0.068,4.100
2019-11-25 07:00,2019-11-25 12:00,0.773,0.835,0.069,4.693
2019-11-25 08:00,2019-11-25 13:00,0.725,0.772,0.068,4.904
2019-11-25 09:00,2019-11-25 14:00,0.612,0.627,0.064,4.798
2019-11-25 10:00,2019-11-25 15:00,0.425,0.410,0.056,4.159
2019-11-25 11:00,2019-11-25 16:00,0.134,0.130,0.026,1.358
2019-11-25 12:00,2019-11-25 17:00,0,-0,0,-1.072
2019-11-25 13:00,2019-11-25 18:00,0,0,0,-1.452
2019-11-25 14:00,2019-11-25 19:00,0,0,0,-1.597
2019-11-25 15:00,2019-11-25 20:00,0,0,0,-1.923
2019-11-25 16:00,2019-11-25 21:00,0,0,0,-2.457
2019-11-25 17:00,2019-11-25 22:00,0,0,0,-3.056
2019-11-25 18:00,2019-11-25 23:00,0,0,0,-3.513
2019-11-25 19:00,2019-11-26 00:00,0,0,0,-3.724
2019-11-25 20:00,2019-11-26 01:00,0,0,0,-3.798
2019-11-25 21:00,2019-11-26 02:00,0,0,0,-3.748
2019-11-25 22:00,2019-11-26 03:00,0,0,0,-3.680
2019-11-25 23:00,2019-11-26 04:00,0,0,0,-3.651
2019-11-26 00:00,2019-11-26 05:00,0,0,0,-3.606
2019-11-26 01:00,2019-11-26 06:00,0,0,0,-3.558
2019-11-26 02:00,2019-11-26 07:00,0.010,0.019,0.008,-3.333
2019-11-26 03:00,2019-11-26 08:00,0.263,0.235,0.049,-0.236
2019-11-26 04:00,2019-11-26 09:00,0.512,0.502,0.061,2.667
2019-11-26 05:00,2019-11-26 10:00,0.667,0.694,0.066,4.776
2019-11-26 06:00,2019-11-26 11:00,0.733,0.783,0.072,6.055
2019-11-26 07:00,2019-11-26 12:00,0.748,0.807,0.073,6.811
2019-11-26 08:00,2019-11-26 13:00,0.702,0.746,0.072,7.160
2019-11-26 09:00,2019-11-26 14:00,0.586,0.597,0.069,7.032
2019-11-26 10:00,2019-11-26 15:00,0.390,0.369,0.062,6.048
2019-11-26 11:00,2019-11-26 16:00,0.101,0.096,0.027,2.487
2019-11-26 12:00,2019-11-26 17:00,0,-0,0,0.950
2019-11-26 13:00,2019-11-26 18:00,0,0,0,0.980
2019-11-26 14:00,2019-11-26 19:00,0,0,0,0.361
2019-11-26 15:00,2019-11-26 20:00,0,0,0,-0.457
2019-11-26 16:00,2019-11-26 21:00,0,0,0,-1.013
2019-11-26 17:00,2019-11-26 22:00,0,0,0,-1.478
2019-11-26 18:00,2019-11-26 23:00,0,0,0,-1.962
2019-11-26 19:00,2019-11-27 00:00,0,0,0,-2.368
2019-11-26 20:00,2019-11-27 01:00,0,0,0,-2.641
2019-11-26 21:00,2019-11-27 02:00,0,0,0,-2.740
2019-11-26 22:00,2019-11-27 03:00,0,0,0,-2.758
2019-11-26 23:00,2019-11-27 04:00,0,0,0,-2.785
2019-11-27 00:00,2019-11-27 05:00,0,0,0,-2.792
2019-11-27 01:00,2019-11-27 06:00,0,0,0,-2.795
2019-11-27 02:00,2019-11-27 07:00,0.006,0.014,0.008,-2.651
2019-11-27 03:00,2019-11-27 08:00,0.240,0.209,0.053,0.157
2019-11-27 04:00,2019-11-27 09:00,0.491,0.473,0.066,3.209
2019-11-27 05:00,2019-11-27 10:00,0.646,0.663,0.072,5.162
2019-11-27 06:00,2019-11-27 11:00,0.710,0.746,0.080,6.377
2019-11-27 07:00,2019-11-27 12:00,0.720,0.759,0.083,7.141
2019-11-27 08:00,2019-11-27 13:00,0.666,0.687,0.083,7.459
2019-11-27 09:00,2019-11-27 14:00,0.537,0.523,0.082,7.224
2019-11-27 10:00,2019-11-27 15:00,0.323,0.282,0.074,6.038
2019-11-27 11:00,2019-11-27 16:00,0.070,0.065,0.028,2.901
2019-11-27 12:00,2019-11-27 17:00,0,-0,0,1.781
2019-11-27 13:00,2019-11-27 18:00,0,0,0,1.326
2019-11-27 14:00,2019-11-27 19:00,0,0,0,0.605
2019-11-27 15:00,2019-11-27 20:00,0,0,0,-0.241
2019-11-27 16:00,2019-11-27 21:00,0,0,0,-0.889
2019-11-27 17:00,2019-11-27 22:00,0,0,0,-1.397
2019-11-27 18:00,2019-11-27 23:00,0,0,0,-1.798
2019-11-27 19:00,2019-11-28 00:00,0,0,0,-2.044
2019-11-27 20:00,2019-11-28 01:00,0,0,0,-2.173
2019-11-27 21:00,2019-11-28 02:00,0,0,0,-2.343
2019-11-27 22:00,2019-11-28 03:00,0,0,0,-2.555
2019-11-27 23:00,2019-11-28 04:00,0,0,0,-2.748
2019-11-28 00:00,2019-11-28 05:00,0,0,0,-2.868
2019-11-28 01:00,2019-11-28 06:00,0,0,0,-2.896
2019-11-28 02:00,2019-11-28 07:00,0.006,0.014,0.007,-2.747
2019-11-28 03:00,2019-11-28 08:00,0.242,0.215,0.049,0.059
2019-11-28 04:00,2019-11-28 09:00,0.494,0.481,0.061,3.009
2019-11-28 05:00,2019-11-28 10:00,0.651,0.675,0.066,5.163
2019-11-28 06:00,2019-11-28 11:00,0.729,0.783,0.069,6.618
2019-11-28 07:00,2019-11-28 12:00,0.744,0.808,0.070,7.482
2019-11-28 08:00,2019-11-28 13:00,0.698,0.747,0.068,7.891
2019-11-28 09:00,2019-11-28 14:00,0.585,0.602,0.065,7.726
2019-11-28 10:00,2019-11-28 15:00,0.396,0.382,0.057,6.635
2019-11-28 11:00,2019-11-28 16:00,0.108,0.106,0.025,3.547
2019-11-28 12:00,2019-11-28 17:00,0,0,0,2.233
2019-11-28 13:00,2019-11-28 18:00,0,0,0,1.521
2019-11-28 14:00,2019-11-28 19:00,0,0,0,0.379
2019-11-28 15:00,2019-11-28 20:00,0,0,0,-0.740
2019-11-28 16:00,2019-11-28 21:00,0,0,0,-1.458
2019-11-28 17:00,2019-11-28 22:00,0,0,0,-1.785
2019-11-28 18:00,2019-11-28 23:00,0,0,0,-1.969
2019-11-28 19:00,2019-11-29 00:00,0,0,0,-2.083
2019-11-28 20:00,2019-11-29 01:00,0,0,0,-2.190
2019-11-28 21:00,2019-11-29 02:00,0,0,0,-2.307
2019-11-28 22:00,2019-11-29 03:00,0,0,0,-2.410
2019-11-28 23:00,2019-11-29 04:00,0,0,0,-2.474
2019-11-29 00:00,2019-11-29 05:00,0,0,0,-2.481
2019-11-29 01:00,2019-11-29 06:00,0,0,0,-2.482
2019-11-29 02:00,2019-11-29 07:00,0.007,0.017,0.007,-2.358
2019-11-29 03:00,2019-11-29 08:00,0.263,0.240,0.045,0.329
2019-11-29 04:00,2019-11-29 09:00,0.513,0.511,0.056,3.782
2019-11-29 05:00,2019-11-29 10:00,0.665,0.703,0.061,6.176
2019-11-29 06:00,2019-11-29 11:00,0.719,0.774,0.070,7.846
2019-11-29 07:00,2019-11-29 12:00,0.733,0.799,0.071,8.964
2019-11-29 08:00,2019-11-29 13:00,0.686,0.738,0.069,9.572
2019-11-29 09:00,2019-11-29 14:00,0.577,0.600,0.064,9.538
2019-11-29 10:00,2019-11-29 15:00,0.390,0.378,0.057,8.003
2019-11-29 11:00,2019-11-29 16:00,0.101,0.101,0.024,5.270
2019-11-29 12:00,2019-11-29 17:00,0,0,0,3.769
2019-11-29 13:00,2019-11-29 18:00,0,0,0,2.765
2019-11-29 14:00,2019-11-29 19:00,0,0,0,1.545
2019-11-29 15:00,2019-11-29 20:00,0,0,0,0.499
2019-11-29 16:00,2019-11-29 21:00,0,0,0,0.002
2019-11-29 17:00,2019-11-29 22:00,0,0,0,-0.200
2019-11-29 18:00,2019-11-29 23:00,0,0,0,-0.451
2019-11-29 19:00,2019-11-30 00:00,0,0,0,-0.689
2019-11-29 20:00,2019-11-30 01:00,0,0,0,-0.791
2019-11-29 21:00,2019-11-30 02:00,0,0,0,-0.835
2019-11-29 22:00,2019-11-30 03:00,0,0,0,-0.892
2019-11-29 23:00,2019-11-30 04:00,0,0,0,-0.922
2019-11-30 00:00,2019-11-30 05:00,0,0,0,-0.908
2019-11-30 01:00,2019-11-30 06:00,0,0,0,-0.915
2019-11-30 02:00,2019-11-30 07:00,0.006,0.016,0.006,-0.769
2019-11-30 03:00,2019-11-30 08:00,0.264,0.245,0.043,1.645
2019-11-30 04:00,2019-11-30 09:00,0.515,0.520,0.053,5.221
2019-11-30 05:00,2019-11-30 10:00,0.667,0.715,0.058,7.704
2019-11-30 06:00,2019-11-30 11:00,0.742,0.826,0.060,9.609
2019-11-30 07:00,2019-11-30 12:00,0.755,0.850,0.061,10.953
2019-11-30 08:00,2019-11-30 13:00,0.709,0.789,0.059,11.549
2019-11-30 09:00,2019-11-30 14:00,0.605,0.652,0.054,11.486
2019-11-30 10:00,2019-11-30 15:00,0.428,0.434,0.048,9.533
2019-11-30 11:00,2019-11-30 16:00,0.127,0.131,0.021,6.085
2019-11-30 12:00,2019-11-30 17:00,0,0,0,4.244
2019-11-30 13:00,2019-11-30 18:00,0,0,0,3.394
2019-11-30 14:00,2019-11-30 19:00,0,0,0,2.079
2019-11-30 15:00,2019-11-30 20:00,0,0,0,1.149
2019-11-30 16:00,2019-11-30 21:00,0,0,0,0.828
2019-11-30 17:00,2019-11-30 22:00,0,0,0,0.655
2019-11-30 18:00,2019-11-30 23:00,0,0,0,0.484
2019-11-30 19:00,2019-12-01 00:00,0,0,0,0.410
2019-11-30 20:00,2019-12-01 01:00,0,0,0,0.454
2019-11-30 21:00,2019-12-01 02:00,0,0,0,0.599
2019-11-30 22:00,2019-12-01 03:00,0,0,0,0.644
2019-11-30 23:00,2019-12-01 04:00,0,0,0,0.645
2019-12-01 00:00,2019-12-01 05:00,0,0,0,0.615
2019-12-01 01:00,2019-12-01 06:00,0,0,0,0.779
2019-12-01 02:00,2019-12-01 07:00,0.002,0.010,0.007,1.077
2019-12-01 03:00,2019-12-01 08:00,0.189,0.156,0.057,3.412
2019-12-01 04:00,2019-12-01 09:00,0.427,0.394,0.081,6.871
2019-12-01 05:00,2019-12-01 10:00,0.545,0.523,0.100,9.703
2019-12-01 06:00,2019-12-01 11:00,0.540,0.492,0.131,11.471
2019-12-01 07:00,2019-12-01 12:00,0.492,0.413,0.154,12.622
2019-12-01 08:00,2019-12-01 13:00,0.379,0.271,0.161,13.070
2019-12-01 09:00,2019-12-01 14:00,0.259,0.160,0.138,12.803
2019-12-01 10:00,2019-12-01 15:00,0.162,0.102,0.090,11.248
2019-12-01 11:00,2019-12-01 16:00,0.034,0.031,0.025,8.763
2019-12-01 12:00,2019-12-01 17:00,0,0,0,7.125
2019-12-01 13:00,2019-12-01 18:00,0,0,0,6.384
2019-12-01 14:00,2019-12-01 19:00,0,0,0,5.795
2019-12-01 15:00,2019-12-01 20:00,0,0,0,5.271
2019-12-01 16:00,2019-12-01 21:00,0,0,0,5.033
2019-12-01 17:00,2019-12-01 22:00,0,0,0,5.195
2019-12-01 18:00,2019-12-01 23:00,0,0,0,5.512
2019-12-01 19:00,2019-12-02 00:00,0,0,0,5.803
2019-12-01 20:00,2019-12-02 01:00,0,0,0,6.015
2019-12-01 21:00,2019-12-02 02:00,0,0,0,6.037
2019-12-01 22:00,2019-12-02 03:00,0,0,0,6.131
2019-12-01 23:00,2019-12-02 04:00,0,0,0,6.457
2019-12-02 00:00,2019-12-02 05:00,0,0,0,7.162
2019-12-02 01:00,2019-12-02 06:00,0,0,0,7.518
2019-12-02 02:00,2019-12-02 07:00,0,0.001,0.003,7.702
2019-12-02 03:00,2019-12-02 08:00,0.041,0.015,0.048,8.560
2019-12-02 04:00,2019-12-02 09:00,0.144,0.059,0.113,10.165
2019-12-02 05:00,2019-12-02 10:00,0.296,0.181,0.157,11.964
2019-12-02 06:00,2019-12-02 11:00,0.531,0.484,0.135,13.551
2019-12-02 07:00,2019-12-02 12:00,0.670,0.715,0.095,15.010
2019-12-02 08:00,2019-12-02 13:00,0.631,0.670,0.088,15.449
2019-12-02 09:00,2019-12-02 14:00,0.499,0.496,0.087,15.187
2019-12-02 10:00,2019-12-02 15:00,0.311,0.283,0.073,13.721
2019-12-02 11:00,2019-12-02 16:00,0.062,0.061,0.025,9.712
2019-12-02 12:00,2019-12-02 17:00,0,0,0,7.300
2019-12-02 13:00,2019-12-02 18:00,0,0,0,6.479
2019-12-02 14:00,2019-12-02 19:00,0,0,0,6.036
2019-12-02 15:00,2019-12-02 20:00,0,0,0,5.796
2019-12-02 16:00,2019-12-02 21:00,0,0,0,5.479
2019-12-02 17:00,2019-12-02 22:00,0,0,0,5.204
2019-12-02 18:00,2019-12-02 23:00,0,0,0,5.036
2019-12-02 19:00,2019-12-03 00:00,0,0,0,4.913
2019-12-02 20:00,2019-12-03 01:00,0,0,0,4.847
2019-12-02 21:00,2019-12-03 02:00,0,0,0,4.981
2019-12-02 22:00,2019-12-03 03:00,0,0,0,5.313
2019-12-02 23:00,2019-12-03 04:00,0,0,0,5.447
2019-12-03 00:00,2019-12-03 05:00,0,0,0,5.504
2019-12-03 01:00,2019-12-03 06:00,0,0,0,5.534
2019-12-03 02:00,2019-12-03 07:00,0,0.004,0.005,5.577
2019-12-03 03:00,2019-12-03 08:00,0.107,0.073,0.059,7.268
2019-12-03 04:00,2019-12-03 09:00,0.342,0.292,0.093,10.415
2019-12-03 05:00,2019-12-03 10:00,0.572,0.588,0.083,13.463
2019-12-03 06:00,2019-12-03 11:00,0.673,0.738,0.079,15.594
2019-12-03 07:00,2019-12-03 12:00,0.673,0.743,0.082,17.221
2019-12-03 08:00,2019-12-03 13:00,0.626,0.682,0.080,18.084
2019-12-03 09:00,2019-12-03 14:00,0.515,0.536,0.076,18.003
2019-12-03 10:00,2019-12-03 15:00,0.320,0.302,0.067,15.525
2019-12-03 11:00,2019-12-03 16:00,0.047,0.048,0.023,11.938
2019-12-03 12:00,2019-12-03 17:00,0,0,0,10.099
2019-12-03 13:00,2019-12-03 18:00,0,0,0,9.393
2019-12-03 14:00,2019-12-03 19:00,0,0,0,8.913
2019-12-03 15:00,2019-12-03 20:00,0,0,0,8.497
2019-12-03 16:00,2019-12-03 21:00,0,0,0,8.141
2019-12-03 17:00,2019-12-03 22:00,0,0,0,7.893
2019-12-03 18:00,2019-12-03 23:00,0,0,0,7.680
2019-12-03 19:00,2019-12-04 00:00,0,0,0,7.234
2019-12-03 20:00,2019-12-04 01:00,0,0,0,6.849
2019-12-03 21:00,2019-12-04 02:00,0,0,0,6.654
2019-12-03 22:00,2019-12-04 03:00,0,0,0,6.401
2019-12-03 23:00,2019-12-04 04:00,0,0,0,6.355
2019-12-04 00:00,2019-12-04 05:00,0,0,0,6.397
2019-12-04 01:00,2019-12-04 06:00,0,0,0,6.713
2019-12-04 02:00,2019-12-04 07:00,0,0.007,0.005,6.514
2019-12-04 03:00,2019-12-04 08:00,0.125,0.093,0.058,8.430
2019-12-04 04:00,2019-12-04 09:00,0.324,0.273,0.095,12.035
2019-12-04 05:00,2019-12-04 10:00,0.527,0.525,0.094,15.132
2019-12-04 06:00,2019-12-04 11:00,0.631,0.676,0.089,16.973
2019-12-04 07:00,2019-12-04 12:00,0.657,0.722,0.085,18.250
2019-12-04 08:00,2019-12-04 13:00,0.621,0.679,0.079,18.950
2019-12-04 09:00,2019-12-04 14:00,0.518,0.547,0.073,18.759
2019-12-04 10:00,2019-12-04 15:00,0.342,0.336,0.061,16.410
2019-12-04 11:00,2019-12-04 16:00,0.077,0.081,0.022,12.986
2019-12-04 12:00,2019-12-04 17:00,0,0,0,10.596
2019-12-04 13:00,2019-12-04 18:00,0,0,0,9.281
2019-12-04 14:00,2019-12-04 19:00,0,0,0,8.470
2019-12-04 15:00,2019-12-04 20:00,0,0,0,8.140
2019-12-04 16:00,2019-12-04 21:00,0,0,0,8.073
2019-12-04 17:00,2019-12-04 22:00,0,0,0,8.134
2019-12-04 18:00,2019-12-04 23:00,0,0,0,8.197
2019-12-04 19:00,2019-12-05 00:00,0,0,0,8.097
2019-12-04 20:00,2019-12-05 01:00,0,0,0,8.001
2019-12-04 21:00,2019-12-05 02:00,0,0,0,8.131
2019-12-04 22:00,2019-12-05 03:00,0,0,0,8.140
2019-12-04 23:00,2019-12-05 04:00,0,0,0,7.808
2019-12-05 00:00,2019-12-05 05:00,0,0,0,7.523
2019-12-05 01:00,2019-12-05 06:00,0,0,0,7.519
2019-12-05 02:00,2019-12-05 07:00,0,0.006,0.005,7.467
2019-12-05 03:00,2019-12-05 08:00,0.114,0.079,0.061,9.047
2019-12-05 04:00,2019-12-05 09:00,0.241,0.162,0.115,12.024
2019-12-05 05:00,2019-12-05 10:00,0.363,0.271,0.147,14.723
2019-12-05 06:00,2019-12-05 11:00,0.446,0.362,0.159,16.540
2019-12-05 07:00,2019-12-05 12:00,0.451,0.367,0.164,17.444
2019-12-05 08:00,2019-12-05 13:00,0.377,0.279,0.162,17.535
2019-12-05 09:00,2019-12-05 14:00,0.246,0.151,0.139,16.862
2019-12-05 10:00,2019-12-05 15:00,0.122,0.067,0.086,15.115
2019-12-05 11:00,2019-12-05 16:00,0.017,0.016,0.021,13.178
2019-12-05 12:00,2019-12-05 17:00,0,0,0,11.718
2019-12-05 13:00,2019-12-05 18:00,0,0,0,11.414
2019-12-05 14:00,2019-12-05 19:00,0,0,0,11.374
2019-12-05 15:00,2019-12-05 20:00,0,0,0,11.053
2019-12-05 16:00,2019-12-05 21:00,0,0,0,10.554
2019-12-05 17:00,2019-12-05 22:00,0,0,0,10.023
2019-12-05 18:00,2019-12-05 23:00,0,0,0,9.445
2019-12-05 19:00,2019-12-06 00:00,0,0,0,8.888
2019-12-05 20:00,2019-12-06 01:00,0,0,0,8.421
2019-12-05 21:00,2019-12-06 02:00,0,0,0,8.014
2019-12-05 22:00,2019-12-06 03:00,0,0,0,7.670
2019-12-05 23:00,2019-12-06 04:00,0,0,0,7.427
2019-12-06 00:00,2019-12-06 05:00,0,0,0,7.191
2019-12-06 01:00,2019-12-06 06:00,0,0,0,6.891
2019-12-06 02:00,2019-12-06 07:00,0,0,0.001,6.638
2019-12-06 03:00,2019-12-06 08:00,0.008,0.001,0.024,7.047
2019-12-06 04:00,2019-12-06 09:00,0.058,0.007,0.075,8.285
2019-12-06 05:00,2019-12-06 10:00,0.119,0.017,0.129,9.215
2019-12-06 06:00,2019-12-06 11:00,0.127,0.016,0.138,9.661
2019-12-06 07:00,2019-12-06 12:00,0.126,0.015,0.138,9.901
2019-12-06 08:00,2019-12-06 13:00,0.133,0.019,0.141,10.077
2019-12-06 09:00,2019-12-06 14:00,0.098,0.015,0.109,9.828
2019-12-06 10:00,2019-12-06 15:00,0.044,0.007,0.059,8.955
2019-12-06 11:00,2019-12-06 16:00,0,0.002,0.011,7.446
2019-12-06 12:00,2019-12-06 17:00,0,0,0,6.397
2019-12-06 13:00,2019-12-06 18:00,0,0,0,5.984
2019-12-06 14:00,2019-12-06 19:00,0,0,0,5.670
2019-12-06 15:00,2019-12-06 20:00,0,0,0,5.350
2019-12-06 16:00,2019-12-06 21:00,0,0,0,5.094
2019-12-06 17:00,2019-12-06 22:00,0,0,0,4.921
2019-12-06 18:00,2019-12-06 23:00,0,0,0,4.787
2019-12-06 19:00,2019-12-07 00:00,0,0,0,4.703
2019-12-06 20:00,2019-12-07 01:00,0,0,0,4.690
2019-12-06 21:00,2019-12-07 02:00,0,0,0,4.830
2019-12-06 22:00,2019-12-07 03:00,0,0,0,4.822
2019-12-06 23:00,2019-12-07 04:00,0,0,0,4.472
2019-12-07 00:00,2019-12-07 05:00,0,0,0,4.189
2019-12-07 01:00,2019-12-07 06:00,0,0,0,4.045
2019-12-07 02:00,2019-12-07 07:00,0,0.003,0.004,4.014
2019-12-07 03:00,2019-12-07 08:00,0.130,0.097,0.058,6.016
2019-12-07 04:00,2019-12-07 09:00,0.356,0.307,0.092,9.349
2019-12-07 05:00,2019-12-07 10:00,0.515,0.490,0.102,11.508
2019-12-07 06:00,2019-12-07 11:00,0.597,0.595,0.107,13.008
2019-12-07 07:00,2019-12-07 12:00,0.601,0.600,0.111,13.897
2019-12-07 08:00,2019-12-07 13:00,0.528,0.500,0.116,14.193
2019-12-07 09:00,2019-12-07 14:00,0.362,0.299,0.117,14.009
2019-12-07 10:00,2019-12-07 15:00,0.163,0.110,0.084,12.967
2019-12-07 11:00,2019-12-07 16:00,0.017,0.017,0.020,10.713
2019-12-07 12:00,2019-12-07 17:00,0,0,0,10.117
2019-12-07 13:00,2019-12-07 18:00,0,0,0,9.946
2019-12-07 14:00,2019-12-07 19:00,0,0,0,9.197
2019-12-07 15:00,2019-12-07 20:00,0,0,0,8.208
2019-12-07 16:00,2019-12-07 21:00,0,0,0,7.322
2019-12-07 17:00,2019-12-07 22:00,0,0,0,6.482
2019-12-07 18:00,2019-12-07 23:00,0,0,0,5.810
2019-12-07 19:00,2019-12-08 00:00,0,0,0,5.250
2019-12-07 20:00,2019-12-08 01:00,0,0,0,4.792
2019-12-07 21:00,2019-12-08 02:00,0,0,0,4.510
2019-12-07 22:00,2019-12-08 03:00,0,0,0,4.379
2019-12-07 23:00,2019-12-08 04:00,0,0,0,4.324
2019-12-08 00:00,2019-12-08 05:00,0,0,0,4.303
2019-12-08 01:00,2019-12-08 06:00,0,0,0,4.195
2019-12-08 02:00,2019-12-08 07:00,0,0.006,0.004,4.014
2019-12-08 03:00,2019-12-08 08:00,0.200,0.179,0.049,6.352
2019-12-08 04:00,2019-12-08 09:00,0.442,0.434,0.066,10.323
2019-12-08 05:00,2019-12-08 10:00,0.592,0.622,0.073,13.032
2019-12-08 06:00,2019-12-08 11:00,0.661,0.720,0.078,15.119
2019-12-08 07:00,2019-12-08 12:00,0.674,0.743,0.079,16.320
2019-12-08 08:00,2019-12-08 13:00,0.626,0.680,0.077,16.852
2019-12-08 09:00,2019-12-08 14:00,0.503,0.517,0.076,16.790
2019-12-08 10:00,2019-12-08 15:00,0.234,0.198,0.075,14.935
2019-12-08 11:00,2019-12-08 16:00,0.022,0.023,0.019,12.202
2019-12-08 12:00,2019-12-08 17:00,0,0,0,10.643
2019-12-08 13:00,2019-12-08 18:00,0,0,0,9.441
2019-12-08 14:00,2019-12-08 19:00,0,0,0,8.809
2019-12-08 15:00,2019-12-08 20:00,0,0,0,8.468
2019-12-08 16:00,2019-12-08 21:00,0,0,0,7.797
2019-12-08 17:00,2019-12-08 22:00,0,0,0,6.937
2019-12-08 18:00,2019-12-08 23:00,0,0,0,6.346
2019-12-08 19:00,2019-12-09 00:00,0,0,0,5.817
2019-12-08 20:00,2019-12-09 01:00,0,0,0,5.350
2019-12-08 21:00,2019-12-09 02:00,0,0,0,5.240
2019-12-08 22:00,2019-12-09 03:00,0,0,0,5.093
2019-12-08 23:00,2019-12-09 04:00,0,0,0,5.133
2019-12-09 00:00,2019-12-09 05:00,0,0,0,5.326
2019-12-09 01:00,2019-12-09 06:00,0,0,0,5.468
2019-12-09 02:00,2019-12-09 07:00,0,0.003,0.004,5.546
2019-12-09 03:00,2019-12-09 08:00,0.087,0.054,0.058,7.091
2019-12-09 04:00,2019-12-09 09:00,0.257,0.180,0.112,10.252
2019-12-09 05:00,2019-12-09 10:00,0.397,0.316,0.138,13.113
2019-12-09 06:00,2019-12-09 11:00,0.452,0.370,0.155,15.230
2019-12-09 07:00,2019-12-09 12:00,0.430,0.335,0.166,16.458
2019-12-09 08:00,2019-12-09 13:00,0.379,0.284,0.157,16.966
2019-12-09 09:00,2019-12-09 14:00,0.322,0.245,0.129,16.762
2019-12-09 10:00,2019-12-09 15:00,0.145,0.090,0.086,14.633
2019-12-09 11:00,2019-12-09 16:00,0.006,0.008,0.016,12.546
2019-12-09 12:00,2019-12-09 17:00,0,0,0,12.050
2019-12-09 13:00,2019-12-09 18:00,0,0,0,12.053
2019-12-09 14:00,2019-12-09 19:00,0,0,0,11.861
2019-12-09 15:00,2019-12-09 20:00,0,0,0,11.635
2019-12-09 16:00,2019-12-09 21:00,0,0,0,11.441
2019-12-09 17:00,2019-12-09 22:00,0,0,0,10.895
2019-12-09 18:00,2019-12-09 23:00,0,0,0,10.252
2019-12-09 19:00,2019-12-10 00:00,0,0,0,9.658
2019-12-09 20:00,2019-12-10 01:00,0,0,0,9.229
2019-12-09 21:00,2019-12-10 02:00,0,0,0,9.067
2019-12-09 22:00,2019-12-10 03:00,0,0,0,8.814
2019-12-09 23:00,2019-12-10 04:00,0,0,0,8.388
2019-12-10 00:00,2019-12-10 05:00,0,0,0,7.395
2019-12-10 01:00,2019-12-10 06:00,0,0,0,6.983
2019-12-10 02:00,2019-12-10 07:00,0,0,0.001,7.015
2019-12-10 03:00,2019-12-10 08:00,0.006,0.001,0.022,7.837
2019-12-10 04:00,2019-12-10 09:00,0.034,0.003,0.053,8.858
2019-12-10 05:00,2019-12-10 10:00,0.067,0.006,0.086,10.026
2019-12-10 06:00,2019-12-10 11:00,0.103,0.010,0.120,11.144
2019-12-10 07:00,2019-12-10 12:00,0.134,0.018,0.146,11.799
2019-12-10 08:00,2019-12-10 13:00,0.146,0.025,0.151,12.105
2019-12-10 09:00,2019-12-10 14:00,0.092,0.014,0.105,11.702
2019-12-10 10:00,2019-12-10 15:00,0.041,0.007,0.057,10.525
2019-12-10 11:00,2019-12-10 16:00,0,0.002,0.012,8.778
2019-12-10 12:00,2019-12-10 17:00,0,0,0,8.003
2019-12-10 13:00,2019-12-10 18:00,0,0,0,7.916
2019-12-10 14:00,2019-12-10 19:00,0,0,0,7.947
2019-12-10 15:00,2019-12-10 20:00,0,0,0,8.108
2019-12-10 16:00,2019-12-10 21:00,0,0,0,8.102
2019-12-10 17:00,2019-12-10 22:00,0,0,0,7.763
2019-12-10 18:00,2019-12-10 23:00,0,0,0,7.399
2019-12-10 19:00,2019-12-11 00:00,0,0,0,7.150
2019-12-10 20:00,2019-12-11 01:00,0,0,0,6.953
2019-12-10 21:00,2019-12-11 02:00,0,0,0,6.708
2019-12-10 22:00,2019-12-11 03:00,0,0,0,6.412
2019-12-10 23:00,2019-12-11 04:00,0,0,0,6.033
2019-12-11 00:00,2019-12-11 05:00,0,0,0,5.741
2019-12-11 01:00,2019-12-11 06:00,0,0,0,5.497
2019-12-11 02:00,2019-12-11 07:00,0,0,0.001,5.410
2019-12-11 03:00,2019-12-11 08:00,0.003,0.001,0.019,5.854
2019-12-11 04:00,2019-12-11 09:00,0.024,0.002,0.043,6.280
2019-12-11 05:00,2019-12-11 10:00,0.043,0.002,0.063,6.363
2019-12-11 06:00,2019-12-11 11:00,0.055,0.003,0.075,6.300
2019-12-11 07:00,2019-12-11 12:00,0.059,0.003,0.079,6.243
2019-12-11 08:00,2019-12-11 13:00,0.050,0.003,0.070,6.088
2019-12-11 09:00,2019-12-11 14:00,0.031,0.002,0.050,5.942
2019-12-11 10:00,2019-12-11 15:00,0.012,0.001,0.029,5.727
2019-12-11 11:00,2019-12-11 16:00,0,0,0.006,5.265
2019-12-11 12:00,2019-12-11 17:00,0,0,0,4.947
2019-12-11 13:00,2019-12-11 18:00,0,0,0,4.896
2019-12-11 14:00,2019-12-11 19:00,0,0,0,4.838
2019-12-11 15:00,2019-12-11 20:00,0,0,0,4.664
2019-12-11 16:00,2019-12-11 21:00,0,0,0,4.257
2019-12-11 17:00,2019-12-11 22:00,0,0,0,3.736
2019-12-11 18:00,2019-12-11 23:00,0,0,0,3.438
2019-12-11 19:00,2019-12-12 00:00,0,0,0,3.282
2019-12-11 20:00,2019-12-12 01:00,0,0,0,3.142
2019-12-11 21:00,2019-12-12 02:00,0,0,0,3.106
2019-12-11 22:00,2019-12-12 03:00,0,0,0,3.143
2019-12-11 23:00,2019-12-12 04:00,0,0,0,3.202
2019-12-12 00:00,2019-12-12 05:00,0,0,0,3.366
2019-12-12 01:00,2019-12-12 06:00,0,0,0,3.661
2019-12-12 02:00,2019-12-12 07:00,0,0.001,0.002,3.985
2019-12-12 03:00,2019-12-12 08:00,0.030,0.009,0.042,5.144
2019-12-12 04:00,2019-12-12 09:00,0.093,0.022,0.095,7.176
2019-12-12 05:00,2019-12-12 10:00,0.156,0.041,0.143,8.748
2019-12-12 06:00,2019-12-12 11:00,0.223,0.074,0.181,10.025
2019-12-12 07:00,2019-12-12 12:00,0.265,0.108,0.193,11.000
2019-12-12 08:00,2019-12-12 13:00,0.255,0.112,0.178,11.421
2019-12-12 09:00,2019-12-12 14:00,0.190,0.082,0.140,11.306
2019-12-12 10:00,2019-12-12 15:00,0.100,0.043,0.083,10.125
2019-12-12 11:00,2019-12-12 16:00,0.009,0.009,0.018,7.951
2019-12-12 12:00,2019-12-12 17:00,0,0,0,6.528
2019-12-12 13:00,2019-12-12 18:00,0,0,0,5.843
2019-12-12 14:00,2019-12-12 19:00,0,0,0,5.580
2019-12-12 15:00,2019-12-12 20:00,0,0,0,5.319
2019-12-12 16:00,2019-12-12 21:00,0,0,0,5.197
2019-12-12 17:00,2019-12-12 22:00,0,0,0,5.022
2019-12-12 18:00,2019-12-12 23:00,0,0,0,4.786
2019-12-12 19:00,2019-12-13 00:00,0,0,0,4.501
2019-12-12 20:00,2019-12-13 01:00,0,0,0,4.243
2019-12-12 21:00,2019-12-13 02:00,0,0,0,3.996
2019-12-12 22:00,2019-12-13 03:00,0,0,0,3.402
2019-12-12 23:00,2019-12-13 04:00,0,0,0,2.597
2019-12-13 00:00,2019-12-13 05:00,0,0,0,2.033
2019-12-13 01:00,2019-12-13 06:00,0,0,0,1.754
2019-12-13 02:00,2019-12-13 07:00,0,0.004,0.004,1.647
2019-12-13 03:00,2019-12-13 08:00,0.163,0.136,0.051,3.022
2019-12-13 04:00,2019-12-13 09:00,0.424,0.395,0.072,5.413
2019-12-13 05:00,2019-12-13 10:00,0.605,0.619,0.074,7.585
2019-12-13 06:00,2019-12-13 11:00,0.677,0.715,0.079,9.242
2019-12-13 07:00,2019-12-13 12:00,0.670,0.703,0.085,10.186
2019-12-13 08:00,2019-12-13 13:00,0.595,0.600,0.091,10.574
2019-12-13 09:00,2019-12-13 14:00,0.442,0.408,0.093,10.297
2019-12-13 10:00,2019-12-13 15:00,0.230,0.187,0.075,9.249
2019-12-13 11:00,2019-12-13 16:00,0.025,0.027,0.018,6.559
2019-12-13 12:00,2019-12-13 17:00,0,0,0,5.346
2019-12-13 13:00,2019-12-13 18:00,0,0,0,4.842
2019-12-13 14:00,2019-12-13 19:00,0,0,0,4.237
2019-12-13 15:00,2019-12-13 20:00,0,0,0,3.814
2019-12-13 16:00,2019-12-13 21:00,0,0,0,3.572
2019-12-13 17:00,2019-12-13 22:00,0,0,0,3.288
2019-12-13 18:00,2019-12-13 23:00,0,0,0,3.036
2019-12-13 19:00,2019-12-14 00:00,0,0,0,2.639
2019-12-13 20:00,2019-12-14 01:00,0,0,0,2.337
2019-12-13 21:00,2019-12-14 02:00,0,0,0,2.117
2019-12-13 22:00,2019-12-14 03:00,0,0,0,1.876
2019-12-13 23:00,2019-12-14 04:00,0,0,0,1.650
2019-12-14 00:00,2019-12-14 05:00,0,0,0,1.504
2019-12-14 01:00,2019-12-14 06:00,0,0,0,1.347
2019-12-14 02:00,2019-12-14 07:00,0,0,0.001,1.215
2019-12-14 03:00,2019-12-14 08:00,0.010,0.002,0.025,1.635
2019-12-14 04:00,2019-12-14 09:00,0.054,0.007,0.069,2.464
2019-12-14 05:00,2019-12-14 10:00,0.108,0.015,0.115,3.232
2019-12-14 06:00,2019-12-14 11:00,0.161,0.030,0.156,3.993
2019-12-14 07:00,2019-12-14 12:00,0.193,0.044,0.174,4.775
2019-12-14 08:00,2019-12-14 13:00,0.199,0.056,0.169,5.232
2019-12-14 09:00,2019-12-14 14:00,0.160,0.051,0.135,5.269
2019-12-14 10:00,2019-12-14 15:00,0.092,0.033,0.082,4.698
2019-12-14 11:00,2019-12-14 16:00,0.007,0.007,0.017,2.974
2019-12-14 12:00,2019-12-14 17:00,0,0,0,1.672
2019-12-14 13:00,2019-12-14 18:00,0,0,0,1.110
2019-12-14 14:00,2019-12-14 19:00,0,0,0,0.629
2019-12-14 15:00,2019-12-14 20:00,0,0,0,0.387
2019-12-14 16:00,2019-12-14 21:00,0,0,0,0.549
2019-12-14 17:00,2019-12-14 22:00,0,0,0,0.660
2019-12-14 18:00,2019-12-14 23:00,0,0,0,0.255
2019-12-14 19:00,2019-12-15 00:00,0,0,0,-0.277
2019-12-14 20:00,2019-12-15 01:00,0,0,0,-0.642
2019-12-14 21:00,2019-12-15 02:00,0,0,0,-0.850
2019-12-14 22:00,2019-12-15 03:00,0,0,0,-1.048
2019-12-14 23:00,2019-12-15 04:00,0,0,0,-1.351
2019-12-15 00:00,2019-12-15 05:00,0,0,0,-1.702
2019-12-15 01:00,2019-12-15 06:00,0,0,0,-2.178
2019-12-15 02:00,2019-12-15 07:00,0,0.005,0.003,-2.572
2019-12-15 03:00,2019-12-15 08:00,0.229,0.207,0.042,-0.645
2019-12-15 04:00,2019-12-15 09:00,0.489,0.477,0.056,1.950
2019-12-15 05:00,2019-12-15 10:00,0.646,0.670,0.061,3.974
2019-12-15 06:00,2019-12-15 11:00,0.726,0.778,0.064,5.291
2019-12-15 07:00,2019-12-15 12:00,0.738,0.797,0.065,6.018
2019-12-15 08:00,2019-12-15 13:00,0.691,0.736,0.063,6.311
2019-12-15 09:00,2019-12-15 14:00,0.570,0.584,0.059,6.179
2019-12-15 10:00,2019-12-15 15:00,0.369,0.355,0.051,5.416
2019-12-15 11:00,2019-12-15 16:00,0.071,0.076,0.017,2.032
2019-12-15 12:00,2019-12-15 17:00,0,0,0,-0.021
2019-12-15 13:00,2019-12-15 18:00,0,0,0,-0.506
2019-12-15 14:00,2019-12-15 19:00,0,0,0,-0.754
2019-12-15 15:00,2019-12-15 20:00,0,0,0,-1.166
2019-12-15 16:00,2019-12-15 21:00,0,0,0,-1.687
2019-12-15 17:00,2019-12-15 22:00,0,0,0,-2.157
2019-12-15 18:00,2019-12-15 23:00,0,0,0,-2.466
2019-12-15 19:00,2019-12-16 00:00,0,0,0,-2.626
2019-12-15 20:00,2019-12-16 01:00,0,0,0,-2.659
2019-12-15 21:00,2019-12-16 02:00,0,0,0,-2.653
2019-12-15 22:00,2019-12-16 03:00,0,0,0,-2.667
2019-12-15 23:00,2019-12-16 04:00,0,0,0,-2.653
2019-12-16 00:00,2019-12-16 05:00,0,0,0,-2.566
2019-12-16 01:00,2019-12-16 06:00,0,0,0,-2.513
2019-12-16 02:00,2019-12-16 07:00,0,0.007,0.003,-2.455
2019-12-16 03:00,2019-12-16 08:00,0.255,0.239,0.038,0.061
2019-12-16 04:00,2019-12-16 09:00,0.510,0.511,0.050,2.995
2019-12-16 05:00,2019-12-16 10:00,0.661,0.701,0.055,5.513
2019-12-16 06:00,2019-12-16 11:00,0.739,0.810,0.058,7.057
2019-12-16 07:00,2019-12-16 12:00,0.752,0.832,0.059,7.866
2019-12-16 08:00,2019-12-16 13:00,0.704,0.770,0.057,8.233
2019-12-16 09:00,2019-12-16 14:00,0.593,0.627,0.052,8.176
2019-12-16 10:00,2019-12-16 15:00,0.398,0.397,0.044,6.844
2019-12-16 11:00,2019-12-16 16:00,0.085,0.092,0.016,3.432
2019-12-16 12:00,2019-12-16 17:00,0,0,0,1.696
2019-12-16 13:00,2019-12-16 18:00,0,0,0,0.903
2019-12-16 14:00,2019-12-16 19:00,0,0,0,0.102
2019-12-16 15:00,2019-12-16 20:00,0,0,0,-0.566
2019-12-16 16:00,2019-12-16 21:00,0,0,0,-0.953
2019-12-16 17:00,2019-12-16 22:00,0,0,0,-1.197
2019-12-16 18:00,2019-12-16 23:00,0,0,0,-1.423
2019-12-16 19:00,2019-12-17 00:00,0,0,0,-1.538
2019-12-16 20:00,2019-12-17 01:00,0,0,0,-1.554
2019-12-16 21:00,2019-12-17 02:00,0,0,0,-1.469
2019-12-16 22:00,2019-12-17 03:00,0,0,0,-1.328
2019-12-16 23:00,2019-12-17 04:00,0,0,0,-1.159
2019-12-17 00:00,2019-12-17 05:00,0,0,0,-1.028
2019-12-17 01:00,2019-12-17 06:00,0,0,0,-0.891
2019-12-17 02:00,2019-12-17 07:00,0,0.003,0.003,-0.689
2019-12-17 03:00,2019-12-17 08:00,0.111,0.081,0.052,0.950
2019-12-17 04:00,2019-12-17 09:00,0.335,0.278,0.089,4.146
2019-12-17 05:00,2019-12-17 10:00,0.542,0.523,0.089,6.884
2019-12-17 06:00,2019-12-17 11:00,0.673,0.708,0.078,8.866
2019-12-17 07:00,2019-12-17 12:00,0.708,0.767,0.072,10.062
2019-12-17 08:00,2019-12-17 13:00,0.660,0.707,0.069,10.592
2019-12-17 09:00,2019-12-17 14:00,0.551,0.571,0.063,10.535
2019-12-17 10:00,2019-12-17 15:00,0.355,0.344,0.053,8.692
2019-12-17 11:00,2019-12-17 16:00,0.064,0.070,0.017,5.359
2019-12-17 12:00,2019-12-17 17:00,0,0,0,3.927
2019-12-17 13:00,2019-12-17 18:00,0,0,0,3.306
2019-12-17 14:00,2019-12-17 19:00,0,0,0,2.357
2019-12-17 15:00,2019-12-17 20:00,0,0,0,1.605
2019-12-17 16:00,2019-12-17 21:00,0,0,0,1.303
2019-12-17 17:00,2019-12-17 22:00,0,0,0,1.183
2019-12-17 18:00,2019-12-17 23:00,0,0,0,1.027
2019-12-17 19:00,2019-12-18 00:00,0,0,0,0.983
2019-12-17 20:00,2019-12-18 01:00,0,0,0,1.096
2019-12-17 21:00,2019-12-18 02:00,0,0,0,1.354
2019-12-17 22:00,2019-12-18 03:00,0,0,0,1.941
2019-12-17 23:00,2019-12-18 04:00,0,0,0,2.527
2019-12-18 00:00,2019-12-18 05:00,0,0,0,2.787
2019-12-18 01:00,2019-12-18 06:00,0,0,0,2.964
2019-12-18 02:00,2019-12-18 07:00,0,0,0.002,3.111
2019-12-18 03:00,2019-12-18 08:00,0.043,0.015,0.049,4.260
2019-12-18 04:00,2019-12-18 09:00,0.117,0.033,0.109,5.794
2019-12-18 05:00,2019-12-18 10:00,0.123,0.022,0.127,6.748
2019-12-18 06:00,2019-12-18 11:00,0.148,0.025,0.150,7.793
2019-12-18 07:00,2019-12-18 12:00,0.177,0.035,0.171,8.793
2019-12-18 08:00,2019-12-18 13:00,0.112,0.014,0.123,8.594
2019-12-18 09:00,2019-12-18 14:00,0.045,0.004,0.064,7.136
2019-12-18 10:00,2019-12-18 15:00,0.014,0.002,0.031,5.527
2019-12-18 11:00,2019-12-18 16:00,0,0,0.006,3.798
2019-12-18 12:00,2019-12-18 17:00,0,0,0,2.608
2019-12-18 13:00,2019-12-18 18:00,0,0,0,1.912
2019-12-18 14:00,2019-12-18 19:00,0,0,0,1.740
2019-12-18 15:00,2019-12-18 20:00,0,0,0,1.587
2019-12-18 16:00,2019-12-18 21:00,0,0,0,1.213
2019-12-18 17:00,2019-12-18 22:00,0,0,0,0.693
2019-12-18 18:00,2019-12-18 23:00,0,0,0,0.121
2019-12-18 19:00,2019-12-19 00:00,0,0,0,-0.391
2019-12-18 20:00,2019-12-19 01:00,0,0,0,-0.522
2019-12-18 21:00,2019-12-19 02:00,0,0,0,-0.380
2019-12-18 22:00,2019-12-19 03:00,0,0,0,-0.257
2019-12-18 23:00,2019-12-19 04:00,0,0,0,-0.448
2019-12-19 00:00,2019-12-19 05:00,0,0,0,-0.686
2019-12-19 01:00,2019-12-19 06:00,0,0,0,-0.738
2019-12-19 02:00,2019-12-19 07:00,0,0.002,0.003,-0.579
2019-12-19 03:00,2019-12-19 08:00,0.090,0.055,0.057,1.134
2019-12-19 04:00,2019-12-19 09:00,0.222,0.130,0.116,3.182
2019-12-19 05:00,2019-12-19 10:00,0.310,0.184,0.158,4.773
2019-12-19 06:00,2019-12-19 11:00,0.331,0.182,0.184,5.932
2019-12-19 07:00,2019-12-19 12:00,0.303,0.148,0.189,6.606
2019-12-19 08:00,2019-12-19 13:00,0.253,0.110,0.173,6.882
2019-12-19 09:00,2019-12-19 14:00,0.151,0.050,0.127,6.578
2019-12-19 10:00,2019-12-19 15:00,0.051,0.013,0.061,5.559
2019-12-19 11:00,2019-12-19 16:00,0,0.002,0.010,3.981
2019-12-19 12:00,2019-12-19 17:00,0,0,0,2.914
2019-12-19 13:00,2019-12-19 18:00,0,0,0,2.303
2019-12-19 14:00,2019-12-19 19:00,0,0,0,2.012
2019-12-19 15:00,2019-12-19 20:00,0,0,0,1.996
2019-12-19 16:00,2019-12-19 21:00,0,0,0,1.838
2019-12-19 17:00,2019-12-19 22:00,0,0,0,1.052
2019-12-19 18:00,2019-12-19 23:00,0,0,0,0.654
2019-12-19 19:00,2019-12-20 00:00,0,0,0,0.372
2019-12-19 20:00,2019-12-20 01:00,0,0,0,0.158
2019-12-19 21:00,2019-12-20 02:00,0,0,0,0.108
2019-12-19 22:00,2019-12-20 03:00,0,0,0,0.150
2019-12-19 23:00,2019-12-20 04:00,0,0,0,0.223
2019-12-20 00:00,2019-12-20 05:00,0,0,0,0.443
2019-12-20 01:00,2019-12-20 06:00,0,0,0,0.597
2019-12-20 02:00,2019-12-20 07:00,0,0.001,0.002,0.695
2019-12-20 03:00,2019-12-20 08:00,0.071,0.041,0.051,2.112
2019-12-20 04:00,2019-12-20 09:00,0.238,0.157,0.108,4.891
2019-12-20 05:00,2019-12-20 10:00,0.407,0.322,0.130,6.833
2019-12-20 06:00,2019-12-20 11:00,0.547,0.500,0.123,8.445
2019-12-20 07:00,2019-12-20 12:00,0.643,0.650,0.099,9.634
2019-12-20 08:00,2019-12-20 13:00,0.616,0.627,0.090,10.306
2019-12-20 09:00,2019-12-20 14:00,0.436,0.395,0.098,10.170
2019-12-20 10:00,2019-12-20 15:00,0.154,0.101,0.080,8.684
2019-12-20 11:00,2019-12-20 16:00,0.007,0.010,0.015,5.917
2019-12-20 12:00,2019-12-20 17:00,0,0,0,4.864
2019-12-20 13:00,2019-12-20 18:00,0,0,0,4.390
2019-12-20 14:00,2019-12-20 19:00,0,0,0,4.123
2019-12-20 15:00,2019-12-20 20:00,0,0,0,3.973
2019-12-20 16:00,2019-12-20 21:00,0,0,0,3.921
2019-12-20 17:00,2019-12-20 22:00,0,0,0,3.763
2019-12-20 18:00,2019-12-20 23:00,0,0,0,3.937
2019-12-20 19:00,2019-12-21 00:00,0,0,0,3.990
2019-12-20 20:00,2019-12-21 01:00,0,0,0,3.901
2019-12-20 21:00,2019-12-21 02:00,0,0,0,3.745
2019-12-20 22:00,2019-12-21 03:00,0,0,0,3.360
2019-12-20 23:00,2019-12-21 04:00,0,0,0,2.703
2019-12-21 00:00,2019-12-21 05:00,0,0,0,2.201
2019-12-21 01:00,2019-12-21 06:00,0,0,0,1.449
2019-12-21 02:00,2019-12-21 07:00,0,0,0.001,1.223
2019-12-21 03:00,2019-12-21 08:00,0.014,0.003,0.029,1.808
2019-12-21 04:00,2019-12-21 09:00,0.061,0.007,0.076,3.017
2019-12-21 05:00,2019-12-21 10:00,0.077,0.007,0.093,3.748
2019-12-21 06:00,2019-12-21 11:00,0.081,0.006,0.098,4.123
2019-12-21 07:00,2019-12-21 12:00,0.081,0.005,0.099,4.443
2019-12-21 08:00,2019-12-21 13:00,0.066,0.004,0.084,4.304
2019-12-21 09:00,2019-12-21 14:00,0.040,0.003,0.058,3.752
2019-12-21 10:00,2019-12-21 15:00,0.013,0.001,0.030,3.098
2019-12-21 11:00,2019-12-21 16:00,0,0,0.005,2.333
2019-12-21 12:00,2019-12-21 17:00,0,0,0,1.803
2019-12-21 13:00,2019-12-21 18:00,0,0,0,1.428
2019-12-21 14:00,2019-12-21 19:00,0,0,0,1.095
2019-12-21 15:00,2019-12-21 20:00,0,0,0,0.614
2019-12-21 16:00,2019-12-21 21:00,0,0,0,0.159
2019-12-21 17:00,2019-12-21 22:00,0,0,0,-0.202
2019-12-21 18:00,2019-12-21 23:00,0,0,0,-0.480
2019-12-21 19:00,2019-12-22 00:00,0,0,0,-0.863
2019-12-21 20:00,2019-12-22 01:00,0,0,0,-1.453
2019-12-21 21:00,2019-12-22 02:00,0,0,0,-2.246
2019-12-21 22:00,2019-12-22 03:00,0,0,0,-3.191
2019-12-21 23:00,2019-12-22 04:00,0,0,0,-3.470
2019-12-22 00:00,2019-12-22 05:00,0,0,0,-3.731
2019-12-22 01:00,2019-12-22 06:00,0,0,0,-3.953
2019-12-22 02:00,2019-12-22 07:00,0,0.001,0.002,-4.026
2019-12-22 03:00,2019-12-22 08:00,0.083,0.051,0.052,-2.706
2019-12-22 04:00,2019-12-22 09:00,0.275,0.192,0.105,-0.761
2019-12-22 05:00,2019-12-22 10:00,0.469,0.390,0.119,1.096
2019-12-22 06:00,2019-12-22 11:00,0.595,0.547,0.113,2.424
2019-12-22 07:00,2019-12-22 12:00,0.664,0.652,0.099,3.346
2019-12-22 08:00,2019-12-22 13:00,0.603,0.578,0.098,3.807
2019-12-22 09:00,2019-12-22 14:00,0.408,0.339,0.107,3.667
2019-12-22 10:00,2019-12-22 15:00,0.131,0.075,0.079,2.516
2019-12-22 11:00,2019-12-22 16:00,0.011,0.013,0.016,0.257
2019-12-22 12:00,2019-12-22 17:00,0,0,0,-0.995
2019-12-22 13:00,2019-12-22 18:00,0,0,0,-1.619
2019-12-22 14:00,2019-12-22 19:00,0,0,0,-2.487
2019-12-22 15:00,2019-12-22 20:00,0,0,0,-3.197
2019-12-22 16:00,2019-12-22 21:00,0,0,0,-3.752
2019-12-22 17:00,2019-12-22 22:00,0,0,0,-4.221
2019-12-22 18:00,2019-12-22 23:00,0,0,0,-4.520
2019-12-22 19:00,2019-12-23 00:00,0,0,0,-4.580
2019-12-22 20:00,2019-12-23 01:00,0,0,0,-4.569
2019-12-22 21:00,2019-12-23 02:00,0,0,0,-4.540
2019-12-22 22:00,2019-12-23 03:00,0,0,0,-3.825
2019-12-22 23:00,2019-12-23 04:00,0,0,0,-2.679
2019-12-23 00:00,2019-12-23 05:00,0,0,0,-2.031
2019-12-23 01:00,2019-12-23 06:00,0,0,0,-1.555
2019-12-23 02:00,2019-12-23 07:00,0,0,0.002,-1.128
2019-12-23 03:00,2019-12-23 08:00,0.020,0.005,0.033,-0.040
2019-12-23 04:00,2019-12-23 09:00,0.061,0.009,0.073,1.330
2019-12-23 05:00,2019-12-23 10:00,0.104,0.015,0.111,2.491
2019-12-23 06:00,2019-12-23 11:00,0.150,0.026,0.147,3.211
2019-12-23 07:00,2019-12-23 12:00,0.187,0.043,0.168,3.863
2019-12-23 08:00,2019-12-23 13:00,0.222,0.076,0.172,4.380
2019-12-23 09:00,2019-12-23 14:00,0.222,0.104,0.143,4.525
2019-12-23 10:00,2019-12-23 15:00,0.133,0.068,0.088,3.625
2019-12-23 11:00,2019-12-23 16:00,0.011,0.012,0.017,0.793
2019-12-23 12:00,2019-12-23 17:00,0,0,0,-0.240
2019-12-23 13:00,2019-12-23 18:00,0,0,0,-0.171
2019-12-23 14:00,2019-12-23 19:00,0,0,0,0.053
2019-12-23 15:00,2019-12-23 20:00,0,0,0,-0.032
2019-12-23 16:00,2019-12-23 21:00,0,0,0,-0.283
2019-12-23 17:00,2019-12-23 22:00,0,0,0,-0.344
2019-12-23 18:00,2019-12-23 23:00,0,0,0,-0.196
2019-12-23 19:00,2019-12-24 00:00,0,0,0,-0.043
2019-12-23 20:00,2019-12-24 01:00,0,0,0,-0.062
2019-12-23 21:00,2019-12-24 02:00,0,0,0,-0.197
2019-12-23 22:00,2019-12-24 03:00,0,0,0,-0.536
2019-12-23 23:00,2019-12-24 04:00,0,0,0,-0.929
2019-12-24 00:00,2019-12-24 05:00,0,0,0,-0.948
2019-12-24 01:00,2019-12-24 06:00,0,0,0,-0.842
2019-12-24 02:00,2019-12-24 07:00,0,0.002,0.003,-1.124
2019-12-24 03:00,2019-12-24 08:00,0.121,0.088,0.053,-0.027
2019-12-24 04:00,2019-12-24 09:00,0.322,0.255,0.095,2.103
2019-12-24 05:00,2019-12-24 10:00,0.470,0.405,0.113,4.283
2019-12-24 06:00,2019-12-24 11:00,0.569,0.525,0.116,6.008
2019-12-24 07:00,2019-12-24 12:00,0.598,0.569,0.112,7.132
2019-12-24 08:00,2019-12-24 13:00,0.548,0.513,0.107,7.651
2019-12-24 09:00,2019-12-24 14:00,0.437,0.394,0.094,7.714
2019-12-24 10:00,2019-12-24 15:00,0.270,0.232,0.069,6.460
2019-12-24 11:00,2019-12-24 16:00,0.044,0.047,0.018,3.005
2019-12-24 12:00,2019-12-24 17:00,0,0,0,1.058
2019-12-24 13:00,2019-12-24 18:00,0,0,0,0.252
2019-12-24 14:00,2019-12-24 19:00,0,0,0,-0.043
2019-12-24 15:00,2019-12-24 20:00,0,0,0,-0.235
2019-12-24 16:00,2019-12-24 21:00,0,0,0,-0.426
2019-12-24 17:00,2019-12-24 22:00,0,0,0,-0.667
2019-12-24 18:00,2019-12-24 23:00,0,0,0,-0.834
2019-12-24 19:00,2019-12-25 00:00,0,0,0,-0.907
2019-12-24 20:00,2019-12-25 01:00,0,0,0,-0.938
2019-12-24 21:00,2019-12-25 02:00,0,0,0,-0.977
2019-12-24 22:00,2019-12-25 03:00,0,0,0,-1.063
2019-12-24 23:00,2019-12-25 04:00,0,0,0,-1.155
2019-12-25 00:00,2019-12-25 05:00,0,0,0,-1.244
2019-12-25 01:00,2019-12-25 06:00,0,0,0,-1.326
2019-12-25 02:00,2019-12-25 07:00,0,0.006,0.003,-1.323
2019-12-25 03:00,2019-12-25 08:00,0.249,0.232,0.040,0.834
2019-12-25 04:00,2019-12-25 09:00,0.497,0.497,0.053,4.417
2019-12-25 05:00,2019-12-25 10:00,0.647,0.683,0.059,6.455
2019-12-25 06:00,2019-12-25 11:00,0.725,0.792,0.061,8.008
2019-12-25 07:00,2019-12-25 12:00,0.734,0.810,0.062,9.299
2019-12-25 08:00,2019-12-25 13:00,0.682,0.743,0.061,10.006
2019-12-25 09:00,2019-12-25 14:00,0.552,0.574,0.059,9.972
2019-12-25 10:00,2019-12-25 15:00,0.352,0.343,0.050,8.205
2019-12-25 11:00,2019-12-25 16:00,0.068,0.074,0.017,4.449
2019-12-25 12:00,2019-12-25 17:00,0,0,0,2.200
2019-12-25 13:00,2019-12-25 18:00,0,0,0,1.453
2019-12-25 14:00,2019-12-25 19:00,0,0,0,1.126
2019-12-25 15:00,2019-12-25 20:00,0,0,0,0.951
2019-12-25 16:00,2019-12-25 21:00,0,0,0,0.708
2019-12-25 17:00,2019-12-25 22:00,0,0,0,0.370
2019-12-25 18:00,2019-12-25 23:00,0,0,0,0.093
2019-12-25 19:00,2019-12-26 00:00,0,0,0,-0.123
2019-12-25 20:00,2019-12-26 01:00,0,0,0,-0.276
2019-12-25 21:00,2019-12-26 02:00,0,0,0,-0.252
2019-12-25 22:00,2019-12-26 03:00,0,0,0,-0.145
2019-12-25 23:00,2019-12-26 04:00,0,0,0,-0.032
2019-12-26 00:00,2019-12-26 05:00,0,0,0,0.049
2019-12-26 01:00,2019-12-26 06:00,0,0,0,0.111
2019-12-26 02:00,2019-12-26 07:00,0,0.008,0.003,0.045
2019-12-26 03:00,2019-12-26 08:00,0.274,0.262,0.037,1.938
2019-12-26 04:00,2019-12-26 09:00,0.515,0.524,0.049,5.274
2019-12-26 05:00,2019-12-26 10:00,0.659,0.707,0.055,7.719
2019-12-26 06:00,2019-12-26 11:00,0.714,0.785,0.062,9.561
2019-12-26 07:00,2019-12-26 12:00,0.724,0.805,0.063,11.111
2019-12-26 08:00,2019-12-26 13:00,0.673,0.741,0.060,12.038
2019-12-26 09:00,2019-12-26 14:00,0.560,0.596,0.055,12.049
2019-12-26 10:00,2019-12-26 15:00,0.365,0.363,0.047,9.945
2019-12-26 11:00,2019-12-26 16:00,0.076,0.084,0.016,5.891
2019-12-26 12:00,2019-12-26 17:00,0,0,0,3.618
2019-12-26 13:00,2019-12-26 18:00,0,0,0,2.890
2019-12-26 14:00,2019-12-26 19:00,0,0,0,2.679
2019-12-26 15:00,2019-12-26 20:00,0,0,0,2.524
2019-12-26 16:00,2019-12-26 21:00,0,0,0,2.423
2019-12-26 17:00,2019-12-26 22:00,0,0,0,2.379
2019-12-26 18:00,2019-12-26 23:00,0,0,0,2.310
2019-12-26 19:00,2019-12-27 00:00,0,0,0,2.344
2019-12-26 20:00,2019-12-27 01:00,0,0,0,2.251
2019-12-26 21:00,2019-12-27 02:00,0,0,0,1.984
2019-12-26 22:00,2019-12-27 03:00,0,0,0,2.006
2019-12-26 23:00,2019-12-27 04:00,0,0,0,2.373
2019-12-27 00:00,2019-12-27 05:00,0,0,0,2.539
2019-12-27 01:00,2019-12-27 06:00,0,0,0,2.323
2019-12-27 02:00,2019-12-27 07:00,0,0.008,0.003,2.064
2019-12-27 03:00,2019-12-27 08:00,0.276,0.267,0.037,3.964
2019-12-27 04:00,2019-12-27 09:00,0.513,0.529,0.049,7.778
2019-12-27 05:00,2019-12-27 10:00,0.635,0.684,0.059,10.727
2019-12-27 06:00,2019-12-27 11:00,0.695,0.770,0.065,12.960
2019-12-27 07:00,2019-12-27 12:00,0.677,0.744,0.073,14.461
2019-12-27 08:00,2019-12-27 13:00,0.615,0.661,0.074,15.135
2019-12-27 09:00,2019-12-27 14:00,0.513,0.534,0.065,14.715
2019-12-27 10:00,2019-12-27 15:00,0.353,0.352,0.049,12.022
2019-12-27 11:00,2019-12-27 16:00,0.073,0.080,0.017,7.990
2019-12-27 12:00,2019-12-27 17:00,0,0,0,6.052
2019-12-27 13:00,2019-12-27 18:00,0,0,0,5.627
2019-12-27 14:00,2019-12-27 19:00,0,0,0,5.580
2019-12-27 15:00,2019-12-27 20:00,0,0,0,5.576
2019-12-27 16:00,2019-12-27 21:00,0,0,0,5.292
2019-12-27 17:00,2019-12-27 22:00,0,0,0,4.793
2019-12-27 18:00,2019-12-27 23:00,0,0,0,4.211
2019-12-27 19:00,2019-12-28 00:00,0,0,0,3.895
2019-12-27 20:00,2019-12-28 01:00,0,0,0,3.817
2019-12-27 21:00,2019-12-28 02:00,0,0,0,3.739
2019-12-27 22:00,2019-12-28 03:00,0,0,0,3.688
2019-12-27 23:00,2019-12-28 04:00,0,0,0,3.667
2019-12-28 00:00,2019-12-28 05:00,0,0,0,3.810
2019-12-28 01:00,2019-12-28 06:00,0,0,0,4.110
2019-12-28 02:00,2019-12-28 07:00,0,0.002,0.003,4.579
2019-12-28 03:00,2019-12-28 08:00,0.089,0.058,0.056,6.271
2019-12-28 04:00,2019-12-28 09:00,0.220,0.138,0.113,8.978
2019-12-28 05:00,2019-12-28 10:00,0.347,0.247,0.147,11.505
2019-12-28 06:00,2019-12-28 11:00,0.469,0.390,0.151,13.240
2019-12-28 07:00,2019-12-28 12:00,0.493,0.422,0.151,14.531
2019-12-28 08:00,2019-12-28 13:00,0.351,0.242,0.163,14.984
2019-12-28 09:00,2019-12-28 14:00,0.194,0.094,0.134,14.007
2019-12-28 10:00,2019-12-28 15:00,0.070,0.025,0.071,11.727
2019-12-28 11:00,2019-12-28 16:00,0.001,0.004,0.012,9.764
2019-12-28 12:00,2019-12-28 17:00,0,0,0,8.771
2019-12-28 13:00,2019-12-28 18:00,0,0,0,8.463
2019-12-28 14:00,2019-12-28 19:00,0,0,0,8.647
2019-12-28 15:00,2019-12-28 20:00,0,0,0,8.860
2019-12-28 16:00,2019-12-28 21:00,0,0,0,8.776
2019-12-28 17:00,2019-12-28 22:00,0,0,0,8.701
2019-12-28 18:00,2019-12-28 23:00,0,0,0,8.496
2019-12-28 19:00,2019-12-29 00:00,0,0,0,8.055
2019-12-28 20:00,2019-12-29 01:00,0,0,0,7.657
2019-12-28 21:00,2019-12-29 02:00,0,0,0,7.401
2019-12-28 22:00,2019-12-29 03:00,0,0,0,7.322
2019-12-28 23:00,2019-12-29 04:00,0,0,0,7.442
2019-12-29 00:00,2019-12-29 05:00,0,0,0,7.613
2019-12-29 01:00,2019-12-29 06:00,0,0,0,7.632
2019-12-29 02:00,2019-12-29 07:00,0,0,0.002,7.611
2019-12-29 03:00,2019-12-29 08:00,0.029,0.009,0.041,8.252
2019-12-29 04:00,2019-12-29 09:00,0.088,0.020,0.094,9.575
2019-12-29 05:00,2019-12-29 10:00,0.143,0.033,0.139,11.309
2019-12-29 06:00,2019-12-29 11:00,0.213,0.066,0.182,12.895
2019-12-29 07:00,2019-12-29 12:00,0.262,0.104,0.199,14.096
2019-12-29 08:00,2019-12-29 13:00,0.201,0.064,0.173,14.277
2019-12-29 09:00,2019-12-29 14:00,0.088,0.015,0.100,12.774
2019-12-29 10:00,2019-12-29 15:00,0.024,0.004,0.042,10.887
2019-12-29 11:00,2019-12-29 16:00,0,0.001,0.007,9.836
2019-12-29 12:00,2019-12-29 17:00,0,0,0,9.047
2019-12-29 13:00,2019-12-29 18:00,0,0,0,8.323
2019-12-29 14:00,2019-12-29 19:00,0,0,0,7.411
2019-12-29 15:00,2019-12-29 20:00,0,0,0,6.503
2019-12-29 16:00,2019-12-29 21:00,0,0,0,6.021
2019-12-29 17:00,2019-12-29 22:00,0,0,0,5.743
2019-12-29 18:00,2019-12-29 23:00,0,0,0,5.459
2019-12-29 19:00,2019-12-30 00:00,0,0,0,5.159
2019-12-29 20:00,2019-12-30 01:00,0,0,0,5.065
2019-12-29 21:00,2019-12-30 02:00,0,0,0,5.021
2019-12-29 22:00,2019-12-30 03:00,0,0,0,4.884
2019-12-29 23:00,2019-12-30 04:00,0,0,0,4.805
2019-12-30 00:00,2019-12-30 05:00,0,0,0,4.950
2019-12-30 01:00,2019-12-30 06:00,0,0,0,5.102
2019-12-30 02:00,2019-12-30 07:00,0,0,0.001,5.083
2019-12-30 03:00,2019-12-30 08:00,0.006,0.001,0.022,5.444
2019-12-30 04:00,2019-12-30 09:00,0.034,0.003,0.053,6.207
2019-12-30 05:00,2019-12-30 10:00,0.070,0.005,0.089,6.818
2019-12-30 06:00,2019-12-30 11:00,0.091,0.007,0.109,7.002
2019-12-30 07:00,2019-12-30 12:00,0.070,0.004,0.090,6.724
2019-12-30 08:00,2019-12-30 13:00,0.051,0.003,0.071,6.308
2019-12-30 09:00,2019-12-30 14:00,0.030,0.002,0.049,5.870
2019-12-30 10:00,2019-12-30 15:00,0.010,0.001,0.026,5.328
2019-12-30 11:00,2019-12-30 16:00,0,0,0.005,4.551
2019-12-30 12:00,2019-12-30 17:00,0,0,0,4.043
2019-12-30 13:00,2019-12-30 18:00,0,0,0,3.727
2019-12-30 14:00,2019-12-30 19:00,0,0,0,3.423
2019-12-30 15:00,2019-12-30 20:00,0,0,0,3.113
2019-12-30 16:00,2019-12-30 21:00,0,0,0,2.819
2019-12-30 17:00,2019-12-30 22:00,0,0,0,2.756
2019-12-30 18:00,2019-12-30 23:00,0,0,0,2.748
2019-12-30 19:00,2019-12-31 00:00,0,0,0,2.437
2019-12-30 20:00,2019-12-31 01:00,0,0,0,2.042
2019-12-30 21:00,2019-12-31 02:00,0,0,0,1.688
2019-12-30 22:00,2019-12-31 03:00,0,0,0,1.556
2019-12-30 23:00,2019-12-31 04:00,0,0,0,1.534
2019-12-31 00:00,2019-12-31 05:00,0,0,0,1.575
2019-12-31 01:00,2019-12-31 06:00,0,0,0,1.559
2019-12-31 02:00,2019-12-31 07:00,0,0,0.001,1.536
2019-12-31 03:00,2019-12-31 08:00,0.012,0.003,0.027,2.112
2019-12-31 04:00,2019-12-31 09:00,0.060,0.009,0.074,3.006
2019-12-31 05:00,2019-12-31 10:00,0.122,0.020,0.125,3.861
2019-12-31 06:00,2019-12-31 11:00,0.188,0.044,0.170,4.740
2019-12-31 07:00,2019-12-31 12:00,0.235,0.072,0.190,5.474
2019-12-31 08:00,2019-12-31 13:00,0.218,0.070,0.175,5.988
2019-12-31 09:00,2019-12-31 14:00,0.148,0.042,0.132,6.100
2019-12-31 10:00,2019-12-31 15:00,0.059,0.014,0.068,5.547
2019-12-31 11:00,2019-12-31 16:00,0,0.003,0.012,3.806
2019-12-31 12:00,2019-12-31 17:00,0,0,0,2.844
2019-12-31 13:00,2019-12-31 18:00,0,0,0,2.674
2019-12-31 14:00,2019-12-31 19:00,0,0,0,2.745
2019-12-31 15:00,2019-12-31 20:00,0,0,0,2.795
2019-12-31 16:00,2019-12-31 21:00,0,0,0,2.700
2019-12-31 17:00,2019-12-31 22:00,0,0,0,2.423
2019-12-31 18:00,2019-12-31 23:00,0,0,0,1.840
2019-12-31 19:00,2020-01-01 00:00,0,0,0,1.180
2019-12-31 20:00,2020-01-01 01:00,0,0,0,0.444
2019-12-31 21:00,2020-01-01 02:00,0,0,0,0.124
2019-12-31 22:00,2020-01-01 03:00,0,0,0,0.100
2019-12-31 23:00,2020-01-01 04:00,0,0,0,0.025
