,Central,East,South,SouthWest,NorthWest
2035-01-01 00:00:00,6110.888240339744,4435.1677290236885,504.4567839547312,4238.480866014024,976.9478910006146
2035-01-01 01:00:00,6068.282152154831,4353.932332356647,490.78749860961005,4218.432785129832,916.4770016457156
2035-01-01 02:00:00,5975.220217900372,4308.4406083968415,484.7567774668953,4200.661349246876,874.850547573126
2035-01-01 03:00:00,6013.670369430546,4428.802830208217,488.9147728232568,4063.542730492975,891.1487528402795
2035-01-01 04:00:00,6023.338545799355,4483.10993357972,495.530067369444,4258.188299255489,895.5693383247133
2035-01-01 05:00:00,6126.686720862141,4913.854735845108,540.893935888282,4347.346684468964,953.8824622172626
2035-01-01 06:00:00,6384.259059577869,5119.409939672728,597.5063329996325,4578.498623915718,1105.4809282251151
2035-01-01 07:00:00,6687.073764178347,5127.271479445071,590.8875544538115,4564.608239204057,1280.9588688788886
2035-01-01 08:00:00,7124.825450318528,5290.030661024896,594.8152473124065,4607.824668272438,1347.052599621332
2035-01-01 09:00:00,7444.326629506724,5275.199176740793,583.2252636122057,4771.633750207772,1354.3069117059154
2035-01-01 10:00:00,7493.808556869542,5215.378133250603,586.2937369993485,4613.733011153102,1352.4530311542376
2035-01-01 11:00:00,7263.700434610936,5144.689540252177,571.5505724602982,4554.93357448202,1347.5286518326334
2035-01-01 12:00:00,7232.264964125019,5007.070032979754,575.153221073131,4679.455180068422,1305.701590328492
2035-01-01 13:00:00,7480.546829945454,5058.766472512928,592.0167254982983,4589.583512060447,1271.013941265211
2035-01-01 14:00:00,7434.024051482932,4999.909720299221,574.8755809981103,4560.75733081701,1301.4360466362657
2035-01-01 15:00:00,7310.568702396962,5238.146716786674,579.473960590796,4496.091071721613,1300.8301483657642
2035-01-01 16:00:00,7622.727465479669,5346.982707196382,618.4244603336733,4634.864624581563,1334.4608549013817
2035-01-01 17:00:00,7539.460873904828,5489.871983915296,652.5965523638469,4948.427941335682,1418.3745386185672
2035-01-01 18:00:00,7660.359250582817,5672.528248801179,677.4127298270535,5074.519132107976,1453.9201502433434
2035-01-01 19:00:00,7689.548157095934,5693.84489008825,696.0654055420082,5022.064743678762,1445.4535160395503
2035-01-01 20:00:00,7728.004060896406,5616.269609245695,688.815303035701,4966.395032437294,1432.722251599092
2035-01-01 21:00:00,7454.663459789828,5321.6622692999,645.6138156505024,4699.731371252454,1354.3244200052493
2035-01-01 22:00:00,7056.457111807969,4947.1611827656,587.5395956232447,4560.500594644399,1250.8153022096312
2035-01-01 23:00:00,6510.6151877744105,4641.7636749775365,544.2748983423224,4380.925774056857,1095.7284392572162
2035-01-02 00:00:00,6177.089010179473,4498.5133465922345,511.39787158082106,4219.278440840248,967.7613670567782
2035-01-02 01:00:00,6069.616112372193,4311.089859413863,487.8014825687064,4183.937950709204,918.1061933523708
2035-01-02 02:00:00,6030.220604213565,4331.6914564285,484.370685224959,4213.397651372529,885.9360511593972
2035-01-02 03:00:00,5973.937247037727,4428.060365748849,487.75085296598974,4213.0764105677845,874.729985525849
2035-01-02 04:00:00,5933.646721866511,4494.527363464564,498.9301387582302,4242.870234208754,906.3539022711324
2035-01-02 05:00:00,6214.651633717399,4862.845876927252,540.7982074404597,4318.301905829778,955.0606772584744
2035-01-02 06:00:00,6392.8677312949385,5223.838045331718,578.6358792422991,4602.964490885207,1129.9887070485684
2035-01-02 07:00:00,6638.324870104175,5088.400253855237,589.160811901455,4697.77836638817,1290.0429873914936
2035-01-02 08:00:00,7095.857132553089,5274.36783190356,592.1822158493451,4651.113607627254,1354.710510691658
2035-01-02 09:00:00,7458.067436930198,5256.067655639419,569.7703468868827,4787.153766087292,1380.1584006213125
2035-01-02 10:00:00,7368.871929878536,5040.815114845483,574.6052480721443,4657.28104603631,1338.0685725950186
2035-01-02 11:00:00,7352.464921532108,5092.4492098214405,581.4023639890406,4696.372720539141,1341.1454704295968
2035-01-02 12:00:00,7417.1632683337375,5060.4432079253775,574.5563709521036,4594.545565913903,1292.44632275643
2035-01-02 13:00:00,7399.409637179299,5089.981605680151,570.3570149647109,4617.1133336207895,1278.508407363783
2035-01-02 14:00:00,7340.09400753739,5074.197259634179,587.2612496139753,4617.139748436166,1267.1238018777426
2035-01-02 15:00:00,7499.78113382604,5099.6193028242,583.5713905426186,4653.450668895614,1297.2098716968642
2035-01-02 16:00:00,7452.388332390343,5443.788184883384,620.7302683734903,4758.087645232398,1358.859301762399
2035-01-02 17:00:00,7671.852791971207,5627.492848593614,641.7518091167689,4884.210259896388,1415.768834907792
2035-01-02 18:00:00,7599.223914766562,5658.98266655218,659.1547571519701,4997.398242921401,1449.9489582618608
2035-01-02 19:00:00,7663.94425369868,5610.713685776322,687.8373219090538,4963.214959946303,1461.5443666579886
2035-01-02 20:00:00,7709.62880319562,5510.132901369683,669.0289459024847,4954.1317680891725,1477.6224170029589
2035-01-02 21:00:00,7548.054766767814,5297.446948102745,651.3457520710596,4799.293591278886,1398.0728181231427
2035-01-02 22:00:00,7004.879107909984,4853.194374253366,579.4018796932486,4715.414381204785,1243.153367714744
2035-01-02 23:00:00,6559.424340962529,4621.923094481317,532.5902100207079,4424.425071979804,1071.778507886753
2035-01-03 00:00:00,6193.166670215822,4495.758369194946,514.020157002038,4331.252544523714,958.7635721361024
2035-01-03 01:00:00,6165.6469714616205,4370.373989764793,487.3669100887985,4265.472241215168,915.5587528118866
2035-01-03 02:00:00,6063.327778260255,4382.975485374347,475.6302665633329,4241.0289142142665,901.5771142280598
2035-01-03 03:00:00,6052.254359674284,4473.550642960675,480.3253837454136,4186.46597898464,887.4212285103472
2035-01-03 04:00:00,5969.051800202267,4582.495361406818,494.7352039957603,4205.460036126658,909.0969557845564
2035-01-03 05:00:00,6216.157139177948,4936.215374914104,542.5061463605876,4301.069974284887,954.0476646148444
2035-01-03 06:00:00,6530.024960046688,5192.017057752357,584.7741543687148,4569.263824196767,1101.2663838335195
2035-01-03 07:00:00,6749.9556771423895,5222.707471017691,595.5872084221432,4705.082291740848,1274.8220693666765
2035-01-03 08:00:00,7302.330324175311,5122.481214586694,586.8050527119497,4721.72493144258,1340.1757507408709
2035-01-03 09:00:00,7449.249883230799,5243.358681520597,578.7164483258055,4690.860216683866,1386.6143510947256
2035-01-03 10:00:00,7557.086798059123,5237.163049372402,580.0151645942913,4702.972623135264,1361.201901703638
2035-01-03 11:00:00,7484.794607227678,5076.837842654448,581.4649926487201,4666.461167023621,1371.9888905565142
2035-01-03 12:00:00,7205.543153558645,4963.262743624418,580.5268100889415,4643.035372179717,1295.086302790452
2035-01-03 13:00:00,7213.64618359887,5085.774565956745,592.2242526403694,4584.75872647845,1289.219178644552
2035-01-03 14:00:00,7299.159466147151,5122.779237692995,581.9081597891116,4665.046264335986,1281.1549113834687
2035-01-03 15:00:00,7353.63391024042,5234.792459645738,583.76414705912,4723.629253224887,1299.1869995196737
2035-01-03 16:00:00,7588.790041415449,5428.421469855428,612.1519302136836,4715.339815124817,1325.4955889035507
2035-01-03 17:00:00,7685.114921687508,5532.124329208932,646.2597755131503,4891.5925898519945,1401.6935807987527
2035-01-03 18:00:00,7566.76020458811,5578.633086810682,678.2473899691228,5022.827684518819,1420.5968666253148
2035-01-03 19:00:00,7680.563404377103,5706.063626935277,691.5777504113245,5016.526528620266,1475.673047855847
2035-01-03 20:00:00,7658.308763495397,5686.853202348045,676.0717684083002,4914.193151069853,1430.032453347273
2035-01-03 21:00:00,7553.211933306918,5301.588073138527,639.2115449851797,4820.068600141131,1396.986200840576
2035-01-03 22:00:00,6996.684248194612,4876.170947165271,592.9928682948763,4621.352839527928,1271.1531194719528
2035-01-03 23:00:00,6514.822799307503,4635.556305482142,534.0878296443843,4468.134198702398,1084.7663004485603
2035-01-04 00:00:00,6236.768701973843,4472.299633454551,508.84814615734376,4236.807118817194,972.1051729382044
2035-01-04 01:00:00,6002.602203199614,4323.504744924553,492.09184051146497,4200.98231636604,918.5761044571263
2035-01-04 02:00:00,6069.285760301879,4384.6735688788485,485.9838713746702,4218.918274031323,900.4880996705194
2035-01-04 03:00:00,5959.726802804221,4405.872074205789,492.11949631753566,4210.332924395869,898.2710874521392
2035-01-04 04:00:00,6055.342869264763,4507.036480861235,508.6894099060488,4180.764133116972,895.1901961345455
2035-01-04 05:00:00,6192.051847925703,4904.059885702667,539.7382986411479,4319.309682548689,955.7366675642594
2035-01-04 06:00:00,6581.564784272128,5193.96369706335,592.9660552537615,4600.005926298918,1108.671694193787
2035-01-04 07:00:00,6651.142039458976,5297.376507319307,588.8158548847962,4595.104095865053,1291.1986241326515
2035-01-04 08:00:00,7259.401943667011,5368.776940312917,600.9110404147636,4758.928422543328,1352.9684264889445
2035-01-04 09:00:00,7506.278096065659,5290.708625479734,585.8066039558322,4650.88787185506,1350.592053089846
2035-01-04 10:00:00,7496.619288243022,5154.715059340167,584.3381374102722,4639.322746986886,1347.7540022834874
2035-01-04 11:00:00,7470.260855828323,5167.319033237632,580.6687986340504,4693.415454891784,1367.9583965477711
2035-01-04 12:00:00,7307.479677076492,5042.362329747677,582.383762365297,4630.973574403721,1296.8815009670132
2035-01-04 13:00:00,7401.201651356993,5120.7295415276285,577.3490142808831,4537.305019855428,1289.7125243413484
2035-01-04 14:00:00,7307.470601105061,5085.327615324762,581.516730271219,4609.447437100809,1287.5937433943218
2035-01-04 15:00:00,7455.142833074286,5145.653473811601,596.8582788615114,4675.764009191857,1307.6115484043082
2035-01-04 16:00:00,7451.070823294663,5366.611410757872,611.1362765947196,4727.892775956282,1321.404435473847
2035-01-04 17:00:00,7668.839199867962,5573.61224362425,658.1861217406229,4882.603525298719,1385.278414921972
2035-01-04 18:00:00,7545.13954902481,5669.025749720428,676.4578111560212,5017.636633879895,1458.9272227612446
2035-01-04 19:00:00,7691.808113373937,5697.487622766533,699.3953992812291,5065.2531061001855,1430.1773629445263
2035-01-04 20:00:00,7653.034566540582,5610.4646843022765,688.2259650301465,4990.452279046274,1447.6089888550398
2035-01-04 21:00:00,7420.461571322383,5220.727035183239,658.5052635011635,4854.488047224837,1380.5186306882051
2035-01-04 22:00:00,7030.075839164339,4850.8136806380535,581.4533839864292,4576.949822082402,1264.4153015212971
2035-01-04 23:00:00,6516.099475103838,4667.995801691531,540.8528165135547,4388.849150401784,1087.8790240456422
2035-01-05 00:00:00,6147.073659485624,4452.495354135671,506.0735372263919,4295.729246220865,983.7438464294752
2035-01-05 01:00:00,6092.289653854197,4464.678614551186,479.30518206744136,4193.313266734507,909.5106380370264
2035-01-05 02:00:00,5858.845443868628,4351.646495490686,486.8606930677596,4228.8489047201765,905.1771518755352
2035-01-05 03:00:00,5936.197590699692,4444.353250355166,476.8251965190879,4113.308375972984,893.8530051644767
2035-01-05 04:00:00,6059.561909057776,4505.235246611383,499.4862684180603,4153.179381158414,880.222475182409
2035-01-05 05:00:00,6232.409244917215,4880.027404356764,539.764580557492,4390.042113267741,961.5999211559432
2035-01-05 06:00:00,6395.60404760038,5119.089291854314,582.6072591175255,4570.690664058492,1105.376829911853
2035-01-05 07:00:00,6717.515377603006,5128.276281314891,586.9025542389026,4662.625657287244,1262.5769538000743
2035-01-05 08:00:00,6984.202799200927,5181.0052381266205,597.0158127002203,4643.8333456476485,1298.81937160792
2035-01-05 09:00:00,7190.436355200809,5305.072426053327,581.5529211514694,4722.134972488472,1347.0835115824586
2035-01-05 10:00:00,7468.782024655375,5175.0317553312,590.480924156331,4628.988572311461,1342.3086886270137
2035-01-05 11:00:00,7319.195501449828,5102.267367589915,590.1508368437267,4605.524300325473,1343.2551032216702
2035-01-05 12:00:00,7241.77901317152,5028.164225908435,590.6983519869837,4576.132293009621,1290.1307577460077
2035-01-05 13:00:00,7327.521430294535,5097.492832661358,585.1171919692289,4546.900331961179,1272.0101211204312
2035-01-05 14:00:00,7333.441953241495,5005.218391587802,583.5092089916403,4587.8537420935645,1282.213954496379
2035-01-05 15:00:00,7396.0523286514845,5139.396283116922,584.2849935333622,4659.193127916654,1318.6447256167298
2035-01-05 16:00:00,7452.058309268728,5315.47987272101,614.5181626503688,4684.402537872647,1333.0267533494216
2035-01-05 17:00:00,7452.843329203532,5538.820049712648,654.0368587881576,4883.608024238637,1388.4540391920134
2035-01-05 18:00:00,7420.174179778762,5671.345819893861,664.0553644999785,4951.623635787149,1434.191366743492
2035-01-05 19:00:00,7571.723066618339,5688.758614191843,703.9638768525771,4937.792215631472,1436.4748844297308
2035-01-05 20:00:00,7515.826996722182,5527.39535901069,686.0475937352304,4958.8198419567325,1424.8556904514307
2035-01-05 21:00:00,7339.073725936665,5276.714588336765,650.829905087007,4713.495380487584,1388.9121208537545
2035-01-05 22:00:00,6996.240019060376,4965.996003942832,580.6634411761398,4584.408162281311,1256.1425568080645
2035-01-05 23:00:00,6415.123455078522,4642.560065997676,536.7736321459505,4239.600135817933,1078.717884544662
2035-01-06 00:00:00,5965.7288519344975,4437.635511852131,501.6883272467738,4193.069358217901,946.465630806598
2035-01-06 01:00:00,5862.039055473591,4281.153405827867,487.35341239909184,4126.724622204863,914.3660915301484
2035-01-06 02:00:00,5728.513959920723,4311.5621564519215,479.6880681672533,4093.480048679484,882.8445021698029
2035-01-06 03:00:00,5839.346960463734,4293.497481406726,493.0091114714021,4127.255338943139,869.5087602525306
2035-01-06 04:00:00,5701.765190872035,4415.6071668604245,492.1812249418342,4109.879719771918,898.5924646049968
2035-01-06 05:00:00,5886.088094103264,4879.946050313006,540.754780292777,4330.7772598705005,943.8846383422684
2035-01-06 06:00:00,6200.836629897356,5111.129850045209,585.8885934179813,4551.492531902905,1090.217301204568
2035-01-06 07:00:00,6374.770049683473,5121.4087293425255,595.5372040804008,4617.283411844244,1270.7310884173037
2035-01-06 08:00:00,6730.800094980935,5232.204777917809,594.6066732253586,4646.416275374233,1319.7533013543627
2035-01-06 09:00:00,7274.671387126431,5158.559546680947,575.7931709839655,4704.405064974465,1331.8483076016655
2035-01-06 10:00:00,7082.984781118493,5165.32198972708,585.9387496099821,4717.854167620399,1336.5955649697246
2035-01-06 11:00:00,6994.371964769021,5080.862612360909,580.4216647418377,4575.782897641406,1304.2439471690698
2035-01-06 12:00:00,6913.871301757916,4925.128280295499,570.7276626675799,4468.62445617232,1297.4696143565582
2035-01-06 13:00:00,6941.0626337912,4983.939581267568,568.9608896773321,4455.094461475529,1255.1198876616313
2035-01-06 14:00:00,7097.270554135112,5064.547432662226,578.5128277685919,4565.049174505672,1256.380467471342
2035-01-06 15:00:00,7042.540436198239,5049.236774465884,587.6169612773615,4590.150825956643,1276.4899816394482
2035-01-06 16:00:00,7243.566460976984,5257.517348086404,605.790342367196,4713.699116470059,1327.6204323024706
2035-01-06 17:00:00,7259.62714493989,5583.161983098705,648.9609466305167,4905.0288086471965,1415.9584645875232
2035-01-06 18:00:00,7241.447415118411,5572.579857386538,673.9946027812088,5007.78608220833,1434.3512409032285
2035-01-06 19:00:00,7348.050682616198,5721.439740052313,693.3896245831081,4969.366775867999,1455.8281022733172
2035-01-06 20:00:00,7373.094462731927,5501.420870306736,688.2601853102572,4980.8608403093485,1434.5504253761385
2035-01-06 21:00:00,7240.728071208086,5254.469745477006,649.4410626608558,4787.545656112268,1379.6776606971862
2035-01-06 22:00:00,6723.450406830366,4946.586592378776,588.4118457097372,4498.799399984029,1235.1057509240848
2035-01-06 23:00:00,6309.878986416757,4487.657663313667,534.5042244223462,4398.264912264879,1057.0516812009544
2035-01-07 00:00:00,6156.5119305725375,4464.065266513873,511.7130596024055,4173.843409275724,960.268260348916
2035-01-07 01:00:00,6059.592478743018,4339.985655457317,503.0536418870451,4223.748483239408,905.50853468467
2035-01-07 02:00:00,6040.975072896479,4300.196313134282,479.1822908262468,4162.59693694102,886.284900966557
2035-01-07 03:00:00,5878.442744297239,4361.723494492579,485.788959094456,4108.820891187011,876.7394295468276
2035-01-07 04:00:00,5955.4860365907325,4489.14882946954,489.6064778984969,4164.5549818854815,891.1464521949911
2035-01-07 05:00:00,6027.853953902439,4912.867280544952,538.4516889243017,4310.679240196099,952.1041848428164
2035-01-07 06:00:00,6345.493438335708,5065.403706748626,585.0029073744663,4513.739902770126,1106.5272348556334
2035-01-07 07:00:00,6636.35525058194,5103.906219362992,590.47531677662,4532.600471039669,1252.5362863290347
2035-01-07 08:00:00,7113.009041620396,5206.023667049016,589.8690225486947,4729.943275306286,1331.6065616630474
2035-01-07 09:00:00,7349.551144908571,5246.962686125066,578.3410744160594,4689.341663392399,1361.160592959537
2035-01-07 10:00:00,7452.311901128473,5164.121086274844,575.0539193505602,4711.655133412694,1358.2561585678482
2035-01-07 11:00:00,7292.532575652129,5123.071122860758,568.3507720310722,4650.973076819678,1339.6634471707646
2035-01-07 12:00:00,7204.176726155578,4967.156933550029,575.5466023736777,4566.709264234904,1283.7062470400183
2035-01-07 13:00:00,7309.530640841898,5070.400395392091,579.9379859602303,4573.659482323072,1272.5649649101622
2035-01-07 14:00:00,7359.407326577915,5025.4489918876,579.9923071938276,4588.935221710033,1268.3799185478974
2035-01-07 15:00:00,7368.192887769826,5072.761524090523,579.8412708895064,4603.162592631392,1291.815227276815
2035-01-07 16:00:00,7340.641523214525,5366.5699554513085,613.780942254273,4761.344750634481,1354.0965397032796
2035-01-07 17:00:00,7644.19713413254,5638.989734187092,648.9909718934822,4880.32998528602,1413.1142047842002
2035-01-07 18:00:00,7547.770407961573,5542.661829223197,672.3724700453542,5023.090753494936,1446.7633412630162
2035-01-07 19:00:00,7611.112188104659,5596.65685975065,685.7319430510818,4943.53782381819,1449.3051323558286
2035-01-07 20:00:00,7573.462368506152,5584.787061322837,660.620234825006,5020.601036637901,1452.0575771767014
2035-01-07 21:00:00,7243.607538724887,5319.137924814711,648.1974156833172,4790.809362934012,1405.7901759808751
2035-01-07 22:00:00,7055.247123908529,4930.774898817796,589.105069675242,4587.214252845166,1267.0558693057374
2035-01-07 23:00:00,6549.600250606754,4648.763603362208,534.3495019232979,4349.854793542404,1077.649911390244
2035-01-08 00:00:00,6195.609387566187,4479.27522380746,516.1657587537841,4264.729330646404,960.0692859155348
2035-01-08 01:00:00,5989.532662327672,4348.080855009891,490.1890337520925,4173.005502677511,918.8181039263648
2035-01-08 02:00:00,6051.008865837667,4369.851394923905,486.58661765341145,4204.369663179403,897.0620875210061
2035-01-08 03:00:00,6025.035090839323,4418.628176135967,482.7182055393619,4163.168413236135,892.3616734844858
2035-01-08 04:00:00,6050.212463285163,4580.416549105687,497.1668005073994,4113.22395426495,892.7854352509111
2035-01-08 05:00:00,6160.108747714797,4848.562130869305,532.012797029307,4421.154746104181,948.5641883857484
2035-01-08 06:00:00,6569.156783091452,5140.846785230618,577.3088398350909,4684.278251277733,1101.4869060554604
2035-01-08 07:00:00,6752.027528837749,5168.560086552866,590.7074721090439,4649.377502915029,1255.1030765438695
2035-01-08 08:00:00,7090.7714493143085,5215.151338518387,591.4505242923142,4692.389996214158,1340.7621265541654
2035-01-08 09:00:00,7420.898260506698,5255.0771324990665,578.7009134289984,4677.443909605813,1373.5910334702642
2035-01-08 10:00:00,7426.029402132044,5171.706671498377,584.0485030564071,4704.982959586551,1346.2952692328622
2035-01-08 11:00:00,7409.089650840635,5101.61278689896,584.4688879975031,4644.58794316778,1346.5043185990653
2035-01-08 12:00:00,7284.305970658984,5068.1683249700445,571.877949902025,4645.726889506213,1322.138957971858
2035-01-08 13:00:00,7315.111732366296,5070.561772118615,581.8881077533644,4614.4072936926905,1295.34945080618
2035-01-08 14:00:00,7386.941114405054,5126.652817627775,575.1601015715055,4560.880284456336,1265.1004963180874
2035-01-08 15:00:00,7427.696911740365,5202.276926654231,575.4754330283346,4635.610576980843,1317.314503473581
2035-01-08 16:00:00,7591.301786018433,5286.961368564309,601.8087320721168,4722.171592426386,1315.079919598762
2035-01-08 17:00:00,7554.370737549387,5645.457122547141,654.2076943361747,4889.480347556758,1388.198870044445
2035-01-08 18:00:00,7568.514979722118,5594.6633405374905,680.549817250543,4976.262515252812,1437.1734209919905
2035-01-08 19:00:00,7593.115110036737,5609.788350325102,696.3187540484965,5066.3370995691,1430.6119775883988
2035-01-08 20:00:00,7569.549322141411,5603.094119581807,672.0448482033795,4980.144584625523,1443.1406882920485
2035-01-08 21:00:00,7396.958358807052,5349.720544130578,663.7979768740888,4821.148760333055,1361.6398945586004
2035-01-08 22:00:00,7004.219103294735,4950.207222394437,591.5703140042248,4495.500348499912,1235.2877770505163
2035-01-08 23:00:00,6561.555999209285,4617.345444576022,534.9851819892194,4401.612207710662,1088.496425677674
2035-01-09 00:00:00,6188.608864933265,4468.9385589503245,510.3506338576805,4297.433051629682,968.8434437905272
2035-01-09 01:00:00,6070.213500807704,4418.752407376605,497.0681693573716,4246.790616795294,916.8354466332762
2035-01-09 02:00:00,5981.624738333571,4374.088230409661,478.83889232584175,4124.849065189907,899.6770460081015
2035-01-09 03:00:00,5907.272945929082,4424.883645435485,474.9734141442895,4228.395389387713,891.972445919372
2035-01-09 04:00:00,5928.521432844318,4623.780865862978,499.577328663858,4215.212323356478,896.1626797849082
2035-01-09 05:00:00,6136.731798193805,4883.671590153834,539.5888176304622,4360.207986567914,955.966371395421
2035-01-09 06:00:00,6478.302373341216,5215.719179134521,593.2473556577222,4611.555136660722,1115.9635115226777
2035-01-09 07:00:00,6727.678007044478,5123.1130508223805,586.9224473666783,4735.591301875505,1292.2780394356278
2035-01-09 08:00:00,7114.056812989621,5191.847266767587,597.064067801175,4637.401191064071,1331.3101616814436
2035-01-09 09:00:00,7331.540560016319,5278.873675634897,585.2226657901198,4714.9280644526125,1396.3419668914214
2035-01-09 10:00:00,7435.867389384421,5181.255907085836,585.0475717498542,4764.7206332683845,1360.7257832732687
2035-01-09 11:00:00,7436.425006010116,5177.866486800261,585.3595013993636,4654.881067645736,1330.414817387319
2035-01-09 12:00:00,7315.168869552135,5037.274803740083,574.6682739083515,4593.113641471692,1302.786125183166
2035-01-09 13:00:00,7423.339306071904,5049.788908562489,571.2177252772318,4575.787019364763,1277.8178038726949
2035-01-09 14:00:00,7444.655370183912,5171.937478660302,577.0894536747363,4559.525540724248,1264.4809444270484
2035-01-09 15:00:00,7300.145995246199,5134.79613321338,583.4960879396217,4732.168908828245,1297.792308012915
2035-01-09 16:00:00,7562.766815137243,5388.939115554887,615.7146518156718,4779.096967984305,1322.1057323302869
2035-01-09 17:00:00,7677.488386322027,5588.240845124463,663.6216774435946,4916.413718920808,1389.626878074474
2035-01-09 18:00:00,7793.532587081391,5766.752218075932,690.9430986851384,4970.145249112078,1456.9917546340105
2035-01-09 19:00:00,7539.196722718664,5606.466208733966,709.6560835841887,5057.956652818107,1453.147629774592
2035-01-09 20:00:00,7530.911057038961,5662.511370453698,686.8052048744596,4957.978776241686,1476.6971194824089
2035-01-09 21:00:00,7508.837731096511,5307.679649983854,645.7702389620245,4828.204433381583,1372.1647488778988
2035-01-09 22:00:00,6925.693039419368,4894.762555303356,593.6238485468384,4499.461495844283,1230.1091761808775
2035-01-09 23:00:00,6688.9555475550405,4519.685270482477,531.7995644340721,4402.31561739201,1076.2464699722086
2035-01-10 00:00:00,6271.052321020618,4535.847307343524,511.616479346832,4228.78877029387,972.0388684344132
2035-01-10 01:00:00,6020.519442283696,4380.861696732351,487.7371299201461,4186.4519714724165,921.938150708896
2035-01-10 02:00:00,6083.427672775214,4319.317721352479,483.23356601810747,4174.975481778133,911.5188040213152
2035-01-10 03:00:00,6032.150580820394,4336.38429557029,490.3617073592173,4191.630711532438,893.2500362127867
2035-01-10 04:00:00,6090.546428833395,4526.06770786139,498.24890494680704,4221.35669681039,916.028880547123
2035-01-10 05:00:00,6174.06493725653,4928.006674367586,538.2484385203404,4291.512547067679,951.510063240544
2035-01-10 06:00:00,6432.828245098348,5260.107540564548,597.9274310944076,4534.793997593818,1104.1913668101156
2035-01-10 07:00:00,6721.03002636808,5141.84384400895,593.8227219320706,4703.482256655282,1304.0442827501931
2035-01-10 08:00:00,7161.138544994581,5118.232396786821,598.2585984656872,4714.286503597495,1322.8583668898093
2035-01-10 09:00:00,7330.530061464186,5210.73345849331,589.5137880593613,4671.438451627098,1358.230700677945
2035-01-10 10:00:00,7606.762211926575,5218.5793790388425,578.6379828444475,4652.441891695971,1372.8803843172466
2035-01-10 11:00:00,7328.894185585706,5196.652963062603,573.96125640092,4712.023898432563,1361.3345109738498
2035-01-10 12:00:00,7351.760214033169,5047.306446685727,583.9265929516476,4612.131931491607,1297.2194664371143
2035-01-10 13:00:00,7503.991750897811,5060.602293642322,582.2030848675654,4635.765258245499,1303.396892653377
2035-01-10 14:00:00,7397.613311331121,5162.791476074971,580.4378256894994,4599.316258539067,1275.9357547951884
2035-01-10 15:00:00,7444.019698118512,5183.438338376926,587.7728119235652,4634.692414620491,1306.1461770058256
2035-01-10 16:00:00,7477.0200705356865,5388.430093200484,609.4790667765191,4794.382432702629,1352.7417614460862
2035-01-10 17:00:00,7542.794070440409,5508.356162259092,645.0647090770066,4862.052934462918,1400.3578344351797
2035-01-10 18:00:00,7626.377302791523,5778.185744614243,663.6759158737686,5057.0349889749095,1465.516667825745
2035-01-10 19:00:00,7740.953881437837,5716.960204372496,682.0716292650844,4998.09030650256,1457.7321775401651
2035-01-10 20:00:00,7623.311269850864,5584.148931756891,691.6477282054076,4965.248085514545,1450.2070745343487
2035-01-10 21:00:00,7508.795392630934,5256.544838447754,651.3313845483115,4840.21814823996,1377.068677019235
2035-01-10 22:00:00,6952.912400883399,4899.057219837069,584.2903300378358,4595.176261283001,1265.691520288082
2035-01-10 23:00:00,6560.682567227398,4672.273149797706,540.1887465703095,4336.401168085665,1088.4931077335823
2035-01-11 00:00:00,6161.645303484154,4426.500477109811,522.4662871913624,4337.635968257582,975.0728193710958
2035-01-11 01:00:00,6060.6790900164015,4441.444747147809,496.00142575791904,4221.952501222262,914.7527938059748
2035-01-11 02:00:00,5958.974263578824,4424.790294018676,496.5389214847623,4164.640608115671,891.015476467783
2035-01-11 03:00:00,5935.523657017664,4414.736728242561,486.8477913551244,4224.224663580076,880.7168550527696
2035-01-11 04:00:00,6071.019497602983,4586.420152774676,501.8548507520677,4241.689167907891,905.6183907754836
2035-01-11 05:00:00,6329.918750576912,4852.688445653227,538.4804659802542,4393.4341051884885,938.5702875923644
2035-01-11 06:00:00,6546.7210384201735,5246.950794292597,590.3257112237368,4634.143810743224,1113.829978160952
2035-01-11 07:00:00,6693.377986710944,5237.95442102802,596.1313780675281,4736.459845489938,1294.928795557833
2035-01-11 08:00:00,7207.0301076280275,5343.931490531027,594.1467285991685,4772.287259359858,1343.9828116820593
2035-01-11 09:00:00,7523.471653952636,5167.325673043386,588.9593136905482,4694.891398137391,1378.2347238764778
2035-01-11 10:00:00,7467.081935617637,5185.77420967144,585.3192871506635,4705.875441061495,1316.5527406260387
2035-01-11 11:00:00,7444.567678758106,5091.874868692061,595.6777741338241,4628.845198082388,1327.0330714524605
2035-01-11 12:00:00,7202.448859175453,5075.230890446504,584.2625145898783,4637.588251969714,1307.3374077059673
2035-01-11 13:00:00,7374.9247226292655,5177.762576065896,598.8836126739451,4622.220969723058,1304.9613308789394
2035-01-11 14:00:00,7350.557494547974,5205.678097711853,569.5259594996386,4586.327930533061,1272.7866506905918
2035-01-11 15:00:00,7540.18052525672,5257.388946667553,587.9763016381944,4642.931218893055,1314.9700577987244
2035-01-11 16:00:00,7523.165086276406,5392.296229456516,613.4374014516618,4833.839216250045,1342.904519672721
2035-01-11 17:00:00,7629.601729052246,5589.820271195864,656.2586184041252,4952.813644094641,1429.9177783355894
2035-01-11 18:00:00,7681.507832024546,5579.837681347021,691.0896413791893,4964.334572714644,1441.1444936772716
2035-01-11 19:00:00,7600.228575587628,5644.696971269237,698.873886483246,4956.41259338442,1452.5226674448202
2035-01-11 20:00:00,7485.39106447726,5569.578202374972,702.7339829625155,4972.067263802072,1444.2437662331954
2035-01-11 21:00:00,7401.720516330673,5257.201951754301,657.7292395064003,4819.917844872992,1407.6902831907462
2035-01-11 22:00:00,7009.220644780352,4931.457710638764,580.6268073793874,4565.707541275208,1249.330668184481
2035-01-11 23:00:00,6561.672606109904,4649.210433695009,544.566789804803,4456.326902522126,1092.201749942927
2035-01-12 00:00:00,6080.468907282368,4493.856796343417,513.9247387928216,4275.390383335297,981.11276009827
2035-01-12 01:00:00,6047.971782607183,4299.427353858054,489.4667649282957,4221.109049077863,895.8128301124497
2035-01-12 02:00:00,5998.954044193925,4363.174071376771,496.2286469109938,4165.503295505284,888.4462209885545
2035-01-12 03:00:00,6017.417106712415,4423.520902951098,479.8351484478349,4105.375657632786,874.6645405587542
2035-01-12 04:00:00,5901.635751559452,4502.938682552005,501.1436335022525,4100.914415526107,890.8949174125324
2035-01-12 05:00:00,6063.273108318735,4974.062881801697,542.9229279786568,4351.140306450782,945.9157286448108
2035-01-12 06:00:00,6325.513330764669,5150.2682716213885,590.6818465402642,4527.402285986382,1090.7581465348771
2035-01-12 07:00:00,6713.392232212034,5222.954529987678,603.1075266969068,4605.269658765179,1258.2294508629886
2035-01-12 08:00:00,6988.211693350939,5246.987551823083,598.6758303013261,4734.01938090592,1345.000523264914
2035-01-12 09:00:00,7377.757749884593,5223.236965417649,577.7194259605882,4748.2727869662585,1345.267043190759
2035-01-12 10:00:00,7541.807572614714,5138.987736840777,584.2449039270994,4813.776510310202,1334.4906387991375
2035-01-12 11:00:00,7376.783483926057,5095.822721723722,583.3303729173153,4701.80663442437,1347.6856904344688
2035-01-12 12:00:00,7330.685368371781,4947.347739724058,577.3780254887679,4558.014656281599,1290.0396652064649
2035-01-12 13:00:00,7486.4783237545,5084.455186490833,588.8516347060707,4568.750451956603,1250.3867844083406
2035-01-12 14:00:00,7387.40305820516,5020.0977390618655,581.7626089610833,4538.698664753446,1272.0346180750723
2035-01-12 15:00:00,7314.994985356236,5182.668924594599,585.1403384738934,4530.711856365332,1280.5703301360577
2035-01-12 16:00:00,7577.289576380526,5432.609682886045,609.62534531039,4717.3492257755215,1331.3333724239142
2035-01-12 17:00:00,7541.561608780015,5563.034226001038,656.950168742296,4978.27735230811,1397.141015443213
2035-01-12 18:00:00,7602.738196974191,5753.004298723475,678.8033450780023,4896.480907679485,1432.2075686621904
2035-01-12 19:00:00,7472.986746986251,5639.5042331709465,691.0639474371262,5023.181706773706,1456.453426586569
2035-01-12 20:00:00,7658.987560172967,5484.079177923805,684.7422906607231,5019.08752554279,1450.608240359274
2035-01-12 21:00:00,7394.101489950689,5295.573606371293,645.9507107198401,4774.600906809846,1388.5926072195691
2035-01-12 22:00:00,6930.241383862336,4901.30297758412,592.2325565255923,4628.411590126716,1257.6504215322982
2035-01-12 23:00:00,6538.663077777979,4628.307416821041,543.995188433573,4377.560968324056,1081.398437943673
2035-01-13 00:00:00,5907.199027782909,4450.28476594698,506.6120961993615,4240.4774023558575,978.567713662986
2035-01-13 01:00:00,5860.051425171495,4373.189633676102,478.6168001790261,4168.050192217021,925.9842076675618
2035-01-13 02:00:00,5682.712664027372,4291.585954887509,488.0547014685641,4106.906489599506,871.7481728619674
2035-01-13 03:00:00,5768.370838379768,4353.820048084862,483.94590071435965,4090.208616152349,890.4974498540927
2035-01-13 04:00:00,5811.378423675327,4537.354332787008,496.324245310839,4178.607736100393,897.4500029282603
2035-01-13 05:00:00,5880.881029577679,4823.003044955956,535.98992128081,4301.749827991538,940.7132946598232
2035-01-13 06:00:00,6263.043763536692,5208.302005871418,578.6037958299434,4562.341302569771,1101.5827044661694
2035-01-13 07:00:00,6449.863626740164,5049.825998445341,592.442864941266,4589.891759584676,1277.943305956376
2035-01-13 08:00:00,6899.811087213795,5203.707920998758,592.0792563291236,4697.727818259779,1324.4016006677848
2035-01-13 09:00:00,7048.086208193494,5170.569683356516,582.2076875994834,4603.188528432633,1370.1670219147647
2035-01-13 10:00:00,7208.844299887165,5157.655493406992,576.5704727560455,4646.078112627524,1344.9589771997016
2035-01-13 11:00:00,7112.747415104919,5096.164235466097,574.1406674986042,4601.773655954031,1328.2609528708042
2035-01-13 12:00:00,7022.158025052798,4943.140082409263,570.0761388893313,4523.236695527105,1266.3118878995997
2035-01-13 13:00:00,7008.766300510811,5043.793469594525,581.5690552091185,4542.589295656228,1293.934555357131
2035-01-13 14:00:00,7170.856730599588,5042.350201670827,571.3550360981767,4568.652592323412,1259.3028339859516
2035-01-13 15:00:00,7120.477965108929,5085.769128005412,581.545747501092,4614.291220837028,1279.911513590739
2035-01-13 16:00:00,7215.244796894081,5247.505989692117,605.9283408371971,4703.108851119946,1339.907029959207
2035-01-13 17:00:00,7389.664363887095,5456.253556016478,659.9248935790082,4886.267816958857,1414.2793912275094
2035-01-13 18:00:00,7227.775793033051,5528.877517664464,670.6293403039606,4895.629349495239,1452.0992038106697
2035-01-13 19:00:00,7269.91701459635,5656.957034190924,678.1520755710937,4895.32722531842,1443.0346824928183
2035-01-13 20:00:00,7293.3746668877775,5633.865270471005,695.0387677138851,4984.930290026757,1421.8626035730504
2035-01-13 21:00:00,7110.4678707066505,5203.523416853709,642.6265966247485,4897.404319370689,1367.6837144723454
2035-01-13 22:00:00,6877.059478606516,4901.110296148607,588.1116002960599,4578.67421604826,1247.7924780480648
2035-01-13 23:00:00,6368.8929853626505,4521.970037878095,528.0645910425495,4267.584264818341,1052.6227467808046
2035-01-14 00:00:00,6202.000108971155,4407.820404472189,509.67434823441727,4263.843160511812,972.4330292471152
2035-01-14 01:00:00,6017.416461593888,4415.549406014678,479.13398994162856,4150.433411280046,926.0528148943708
2035-01-14 02:00:00,6046.886707595394,4386.266927205495,493.986235874708,4154.508376119287,895.3226409436031
2035-01-14 03:00:00,5946.724643396071,4445.963146146664,488.9622787277542,4142.564298793193,888.0759721852817
2035-01-14 04:00:00,5957.830638741731,4564.2594987868415,491.8132425633025,4244.751250300375,904.340895280382
2035-01-14 05:00:00,6329.830066787687,4878.313552198087,541.4434198441016,4275.189431141266,932.5678039210052
2035-01-14 06:00:00,6385.786621103905,5081.371232918583,590.5650036177857,4568.878533710872,1092.1039222098902
2035-01-14 07:00:00,6686.598418370725,5097.379793527907,580.2739625602372,4689.534860251461,1298.2499516727023
2035-01-14 08:00:00,7091.803963902551,5186.602890883548,587.2449860362121,4676.466063425372,1335.4841773955852
2035-01-14 09:00:00,7304.946551390458,5202.355615858074,578.8384057948862,4784.585461023005,1367.2473912590526
2035-01-14 10:00:00,7554.877881440431,5159.979429379771,578.9465328903256,4676.574598875117,1357.8033023638675
2035-01-14 11:00:00,7298.093639772858,5088.970546719046,588.4785868103057,4640.3585358570845,1355.161059695772
2035-01-14 12:00:00,7058.151477360423,5042.1817765466685,574.0650408076467,4527.598025068603,1292.7987200165503
2035-01-14 13:00:00,7292.420393830006,5085.102267751806,585.9366260891742,4622.315261772078,1267.761517241717
2035-01-14 14:00:00,7516.151289758026,5072.371786585064,572.7563437688459,4630.330143780919,1258.292821873697
2035-01-14 15:00:00,7328.709301536958,5204.011943418316,591.6655188735363,4638.796104314308,1282.0525975005885
2035-01-14 16:00:00,7658.018332343348,5232.473296098633,618.3208730269455,4727.697252136504,1350.0360908229277
2035-01-14 17:00:00,7526.894114954228,5507.943991854804,660.4062227033374,4885.665498114358,1391.0804990535755
2035-01-14 18:00:00,7599.446263209118,5503.788266523789,666.9533260710234,4947.267029635919,1489.5803465091692
2035-01-14 19:00:00,7569.504344709478,5718.191463501752,713.7508840950113,5020.986159867478,1462.2026002045636
2035-01-14 20:00:00,7692.563660024098,5586.422338339809,668.8572737386534,4970.527426617759,1440.6979934774977
2035-01-14 21:00:00,7221.372632588296,5316.48278928318,651.1861832221941,4832.915270608184,1383.6208996571652
2035-01-14 22:00:00,6984.210798063518,4740.638873524191,584.0516484373911,4606.375486386869,1248.5348124598877
2035-01-14 23:00:00,6369.402214956745,4619.136686479908,544.676794823952,4285.797380340482,1072.4933088223163
2035-01-15 00:00:00,6214.18076327675,4501.191795696626,503.4598828550865,4254.341175602879,964.5946650896872
2035-01-15 01:00:00,6087.319758028136,4328.259318112142,501.3495886494476,4205.619150620001,913.6163488633376
2035-01-15 02:00:00,5978.874162489801,4340.290929332993,484.3407639293716,4210.772743121616,895.826958027484
2035-01-15 03:00:00,6060.487530616805,4438.4519401127845,488.0001909484325,4188.239984281616,884.4616810394406
2035-01-15 04:00:00,6004.179003375506,4590.953953222351,504.077187921525,4239.568558251946,895.6191132562024
2035-01-15 05:00:00,6267.924485260514,4990.240953163603,543.7091837783372,4295.3367834702085,949.741749218834
2035-01-15 06:00:00,6462.125233444133,5222.841958749684,581.5819680496297,4541.706287286318,1106.1858884901894
2035-01-15 07:00:00,6720.700236016894,5197.067063675046,589.9046944088172,4679.018155248744,1269.9467685456996
2035-01-15 08:00:00,7116.451937534236,5205.037353033755,587.9977394481514,4704.168225082919,1331.0759770329375
2035-01-15 09:00:00,7468.4878204540655,5219.903003633312,587.3456872702579,4747.041274028978,1349.2063477215622
2035-01-15 10:00:00,7520.957899903182,5219.778337839191,585.9697380023213,4723.202114919566,1349.0673861099765
2035-01-15 11:00:00,7336.240014219032,5078.746013283759,591.9682333238358,4588.860510558008,1346.4270491948575
2035-01-15 12:00:00,7295.6753912261665,5042.841419614603,582.5073953626759,4607.358046113458,1314.9025847519747
2035-01-15 13:00:00,7221.749769917013,5096.776185429854,580.0193889983813,4655.1156422617405,1296.0946835410257
2035-01-15 14:00:00,7406.904700889813,5046.439426890372,584.2623595462339,4562.248653816873,1285.97356422281
2035-01-15 15:00:00,7410.557594014358,5089.156247848945,587.5392538835749,4628.324948952047,1311.6944804401933
2035-01-15 16:00:00,7354.504661926514,5296.057333902424,602.1385403615383,4783.559078299802,1341.163301452783
2035-01-15 17:00:00,7655.961169464492,5619.262259023385,660.4256572488098,4897.071663405025,1419.943281333797
2035-01-15 18:00:00,7488.498917335639,5674.123739745416,672.6273213204363,5006.4494960133625,1462.9340929720863
2035-01-15 19:00:00,7644.503680462489,5732.577722350171,689.605179921811,5029.695410924132,1435.701422232032
2035-01-15 20:00:00,7604.7372851138,5572.296943121795,686.9661456860687,4903.21685923137,1446.232181008858
2035-01-15 21:00:00,7271.825115357753,5367.849906612367,647.5433498242929,4815.19232772669,1383.6470960421152
2035-01-15 22:00:00,7014.270563561595,4949.695236383807,601.5879157055903,4547.535368592033,1266.4989954434066
2035-01-15 23:00:00,6593.811695926877,4689.085034705166,528.1172806581483,4309.848878364158,1068.1062857876254
2035-01-16 00:00:00,6268.783880359522,4382.600385608111,513.2109455813735,4231.639697006316,969.7265805531508
2035-01-16 01:00:00,6064.696082361683,4385.018510447977,492.10931180279,4204.218264489124,913.8567127417124
2035-01-16 02:00:00,5992.096879782005,4401.091137494638,482.8230624058291,4190.232810854285,920.472930018607
2035-01-16 03:00:00,5966.360810222114,4375.465147309904,496.4936624630709,4104.658766346406,893.5500034273513
2035-01-16 04:00:00,6008.439706478117,4620.859295180591,494.1256122966736,4232.425400003385,898.811997458266
2035-01-16 05:00:00,6202.331180470471,4883.339016856817,537.6975927818365,4399.912613525227,952.8569636287978
2035-01-16 06:00:00,6398.875071653842,5116.43251546983,584.1113500544109,4607.60537980229,1100.2738414980297
2035-01-16 07:00:00,6744.371748051299,5154.699939921215,595.1343211589152,4709.290086677983,1286.3219866089505
2035-01-16 08:00:00,7209.18328795031,5253.684392114488,598.5022744491075,4676.857314340775,1370.1234394508426
2035-01-16 09:00:00,7425.275418428174,5295.845415795704,586.9165374664768,4777.367800155372,1377.1695257449458
2035-01-16 10:00:00,7669.543729196039,5247.828572181972,575.7218281481572,4740.087789922215,1329.4889440212723
2035-01-16 11:00:00,7366.98890316172,5054.631897299383,579.5103394461833,4635.15851149126,1349.9880647633656
2035-01-16 12:00:00,7337.215974502173,5127.742419428142,586.1289829622866,4569.300237800264,1299.3973157932662
2035-01-16 13:00:00,7304.646377899404,5163.944145133596,585.3296197880832,4562.566852978235,1284.230346239566
2035-01-16 14:00:00,7348.805530711919,5073.507072184502,580.5602184548292,4693.060770720392,1285.874433106958
2035-01-16 15:00:00,7421.012106460536,5192.567333542525,584.9767093355857,4646.500006194451,1308.7999225065146
2035-01-16 16:00:00,7608.321870751618,5427.785792655966,606.2052325095343,4864.163405772416,1344.9502730468655
2035-01-16 17:00:00,7654.988786435185,5640.720882122219,665.9724610566036,4955.358612188245,1431.4245754776446
2035-01-16 18:00:00,7609.947803938548,5678.910193219136,678.6909844030087,4961.812692634819,1441.7930144736024
2035-01-16 19:00:00,7703.593526432649,5686.026144070242,686.3926641779867,5066.431965107087,1449.7237078654932
2035-01-16 20:00:00,7600.758363115608,5564.384647942152,686.1520079261827,4885.870999255308,1440.7403082364417
2035-01-16 21:00:00,7540.826863912727,5208.479646731513,650.2308879699772,4771.287670115064,1392.0764824674416
2035-01-16 22:00:00,7085.188927308202,4907.9185118665455,584.5957012695054,4635.137189398314,1283.554074345698
2035-01-16 23:00:00,6562.787047175881,4664.902613071847,535.2084284629115,4391.198507617842,1081.8972902478977
2035-01-17 00:00:00,6229.518396651879,4508.006663977318,509.16676238364215,4295.523596315343,992.9233002289668
2035-01-17 01:00:00,6098.579064332054,4463.642729172017,490.9229270940938,4253.217880291284,921.9616615416576
2035-01-17 02:00:00,6053.067840884064,4502.831074099839,494.63330771382994,4258.940830671773,904.9449229036676
2035-01-17 03:00:00,6017.065605470629,4440.37038039121,489.6874086681325,4175.245649025284,898.0040061041894
2035-01-17 04:00:00,6024.802838662651,4609.453015518326,493.3226946187826,4275.160165393382,907.9336594792552
2035-01-17 05:00:00,6147.41768015714,4940.572734149514,541.1531122365695,4352.125882875423,945.0556538511886
2035-01-17 06:00:00,6477.845377330207,5107.962035858707,595.5959970112638,4650.65518218032,1114.937600273913
2035-01-17 07:00:00,6643.090882402413,5206.221593621192,594.8142556631118,4805.417941779931,1311.8763276356958
2035-01-17 08:00:00,7127.470800550982,5244.7654943495445,597.7975233716219,4731.154148274439,1340.1765825498355
2035-01-17 09:00:00,7433.419502853717,5161.657077718764,582.9389120296769,4779.46501644271,1369.9012177793886
2035-01-17 10:00:00,7653.9244084120755,5191.647075136541,577.4525971942808,4717.792666980168,1368.6641285426338
2035-01-17 11:00:00,7412.433185756776,5086.708059835914,585.0638140828308,4757.194298669399,1340.125790701902
2035-01-17 12:00:00,7268.313611785131,4940.476013844578,574.1315849676927,4615.040125936442,1298.9716360563928
2035-01-17 13:00:00,7203.371943413455,5121.792211257151,583.2122071601787,4580.502473571337,1262.7394326287842
2035-01-17 14:00:00,7586.101592333443,5106.067583527949,586.8976589779865,4663.418908758142,1295.8438768772733
2035-01-17 15:00:00,7604.345757868912,5137.529566956741,582.7671323451976,4718.5135965512245,1325.1594207305973
2035-01-17 16:00:00,7541.241756970244,5447.770799609104,615.7497859111959,4773.815478096395,1331.4211598863003
2035-01-17 17:00:00,7685.395699477307,5586.667605999075,655.0727160713308,4934.823147267299,1416.358009670312
2035-01-17 18:00:00,7670.860808919918,5782.411692192098,677.2524852405259,5076.362873192417,1444.3321140190235
2035-01-17 19:00:00,7687.38564185635,5793.039142321864,696.4846918265215,5067.065501136222,1423.2842488026583
2035-01-17 20:00:00,7453.266469325373,5630.519067545809,683.6566176812711,4912.158048932447,1468.0746866963136
2035-01-17 21:00:00,7490.325512620489,5266.899703788735,637.7492759161609,4833.313739713895,1402.3403583146376
2035-01-17 22:00:00,6892.59801833117,4991.921799267151,581.4629272921908,4449.241491818535,1233.2379711524695
2035-01-17 23:00:00,6624.580598865637,4678.023055821575,539.6126238979967,4419.067014346982,1061.9608510518208
2035-01-18 00:00:00,6260.658091034139,4475.610563297007,522.0525148561976,4319.011734575376,968.5746628418927
2035-01-18 01:00:00,6293.7208771603055,4453.309266352803,501.57652048959056,4199.3170861661765,905.1200141224288
2035-01-18 02:00:00,5930.506260993924,4374.8962086881065,489.22128217532287,4230.3193853881485,895.6037078369598
2035-01-18 03:00:00,6122.260548671831,4421.677954545689,488.3619337486829,4224.996197128176,888.5862004351252
2035-01-18 04:00:00,6032.080085918964,4567.989113903701,492.9422066091831,4224.599640302661,894.9303242071979
2035-01-18 05:00:00,6241.760623139773,4877.625522589854,539.7679076415847,4388.424486157111,959.0892851869152
2035-01-18 06:00:00,6614.209074898753,5213.073170548795,599.3330253557955,4519.909175492711,1134.4399271708123
2035-01-18 07:00:00,6848.71709547731,5213.910208032375,599.8863421904176,4708.82589649462,1276.230597902476
2035-01-18 08:00:00,7255.513743927021,5208.2444980155815,601.4975408845153,4721.7738295902745,1345.5424885317611
2035-01-18 09:00:00,7423.551534434803,5149.097533588845,593.7853032899709,4781.499661543029,1376.563367691318
2035-01-18 10:00:00,7496.098528348578,5208.309726698647,587.1298253737216,4807.324482764825,1343.4064035675542
2035-01-18 11:00:00,7319.642532129209,5168.434845689033,587.0926250906747,4663.946691370493,1372.792062382655
2035-01-18 12:00:00,7269.225040461577,5057.384238170832,587.50860855719,4607.248079462703,1312.9090953880252
2035-01-18 13:00:00,7360.913478589823,5130.577599664113,591.8846990626879,4611.171416479368,1289.0289038584008
2035-01-18 14:00:00,7523.1743214427215,5111.959401463737,584.5021916187418,4578.039289520496,1284.4269014074316
2035-01-18 15:00:00,7359.500196414981,5226.811455350207,585.2529414135981,4648.508264624248,1316.2404617189031
2035-01-18 16:00:00,7642.850058832087,5436.934981145832,611.6488875635752,4824.105171325997,1346.4042001812422
2035-01-18 17:00:00,7643.456201329535,5563.934247607495,641.3369557425809,4902.203421626067,1417.957993701245
2035-01-18 18:00:00,7710.709643727246,5697.834947986045,679.8558873254922,5017.102618446427,1466.5228392201957
2035-01-18 19:00:00,7548.443922775588,5649.229427758922,685.4557895040714,4954.877007507771,1461.3431650291202
2035-01-18 20:00:00,7684.215334043234,5627.571544115559,690.820765715514,4979.148386855067,1435.2521242013945
2035-01-18 21:00:00,7457.02804073894,5276.765745914895,647.4893434241492,4780.48294012638,1393.420527938329
2035-01-18 22:00:00,7069.3693027984655,4978.489651085506,597.5647768917087,4620.322143196759,1268.6414785072168
2035-01-18 23:00:00,6515.651758785607,4657.451607631233,542.505507536151,4340.626128416643,1094.030087908964
2035-01-19 00:00:00,6030.451304619353,4455.220406306445,508.5959735760972,4229.47782247385,964.2064623817488
2035-01-19 01:00:00,5970.908977278065,4427.578005447023,496.6905957576039,4123.636331393622,929.518839711178
2035-01-19 02:00:00,5960.168844723858,4371.527139733818,484.355548316406,4216.966815230523,900.8383829695148
2035-01-19 03:00:00,6030.988172032843,4465.804869029216,479.350369088702,4136.407704964992,895.4282870240547
2035-01-19 04:00:00,5895.12124974692,4466.602029691925,498.9259118162822,4186.557782379438,904.2814956570692
2035-01-19 05:00:00,6159.555107883193,4874.347441036784,543.301875596969,4348.045700983587,938.8256301776444
2035-01-19 06:00:00,6456.554409794582,5100.227668643367,586.2996826782108,4629.468965704466,1098.1001458216106
2035-01-19 07:00:00,6681.638836799872,5133.607907910636,593.281537146206,4752.838282059866,1275.2645331037352
2035-01-19 08:00:00,7127.222147809989,5229.198229687289,606.0555101247772,4654.974607551587,1332.9041744528529
2035-01-19 09:00:00,7388.333052782114,5263.576140443391,587.5358015924835,4664.88852402782,1351.8896244593416
2035-01-19 10:00:00,7450.403491956241,5276.414375129532,588.6638005974434,4689.972768688775,1368.5743263967083
2035-01-19 11:00:00,7435.296989056675,5161.966803246169,590.7737623923163,4570.819858126278,1351.5802878520876
2035-01-19 12:00:00,7215.34381329389,5103.646804688336,573.7027568889094,4599.628226254883,1269.1383571294505
2035-01-19 13:00:00,7297.349097237824,5117.962839028741,589.0061990547456,4594.245494685084,1284.7858274276398
2035-01-19 14:00:00,7465.090473026589,5163.733475576801,582.8835058591625,4549.558084475322,1285.947456642199
2035-01-19 15:00:00,7246.119655383522,5254.247450802353,588.5916276327846,4684.564906224237,1288.7346780860116
2035-01-19 16:00:00,7514.0539374442305,5352.615317780347,616.7412405732962,4695.882360289665,1355.2201223893935
2035-01-19 17:00:00,7619.11645724089,5480.454776320195,648.3332880349408,4805.160586880915,1403.9926403265729
2035-01-19 18:00:00,7499.777673914728,5711.928272363375,673.7573390233138,4942.512146006506,1457.552017134321
2035-01-19 19:00:00,7592.82632069323,5717.450528684405,687.5093891565671,4978.768452070737,1466.1380095311315
2035-01-19 20:00:00,7576.205718706953,5692.638341154911,677.8919496740286,4925.479360204217,1443.9635903527446
2035-01-19 21:00:00,7398.235051807921,5273.602943209472,647.643435804716,4909.717320909975,1375.6793165657466
2035-01-19 22:00:00,7023.857054398465,4971.295839392766,589.9600111134118,4564.871573510224,1252.7818557944083
2035-01-19 23:00:00,6427.007118356853,4650.703208523792,535.4586968636717,4372.844208269391,1064.1161577272524
2035-01-20 00:00:00,5916.453376794298,4415.74230748547,500.84442363296085,4221.224862691497,962.5449090413692
2035-01-20 01:00:00,5862.635639024073,4308.7357433483085,496.29710214692335,4166.791873248981,922.4149408789766
2035-01-20 02:00:00,5758.195470794572,4338.09331730567,478.7673030372717,4152.079006494188,891.2823268129473
2035-01-20 03:00:00,5736.387536678294,4354.508511219429,489.7112800071928,4130.639562951745,881.2468856439746
2035-01-20 04:00:00,5775.757761841628,4460.3940398329005,491.24932280539866,4146.834018490011,900.3653849063624
2035-01-20 05:00:00,5926.313331848248,4868.65475352293,535.3066143722431,4341.798732298569,944.2127407835596
2035-01-20 06:00:00,6150.062902143873,5177.87465152754,578.5066836231103,4551.492036002092,1095.2563487780094
2035-01-20 07:00:00,6344.682409909888,5178.09331071169,594.2484046627311,4639.777738082198,1275.7256049584296
2035-01-20 08:00:00,6944.991365296132,5186.7529053426615,586.9716438582367,4748.946150216729,1342.887469247699
2035-01-20 09:00:00,7112.33045365987,5188.316153748485,597.8499070278779,4621.3632257814,1349.399713665168
2035-01-20 10:00:00,7222.062847684407,5137.514756680283,583.2044980063711,4655.519963776656,1374.007107699207
2035-01-20 11:00:00,7296.8844346859905,5040.839194717593,577.8263121880879,4618.297382171291,1339.0456796122864
2035-01-20 12:00:00,6944.580850915551,4985.038699675755,571.7315705206652,4670.915173194644,1283.534553387019
2035-01-20 13:00:00,7088.162144008346,5020.010069564743,576.5295546970922,4617.031470298897,1257.4675076213855
2035-01-20 14:00:00,7175.917629538021,5026.142411916248,571.5108317217897,4562.777660818146,1286.375430691726
2035-01-20 15:00:00,7098.232948860084,5164.091089096367,581.770913511676,4655.827395836505,1281.6797814947688
2035-01-20 16:00:00,7152.98119412916,5346.971956593333,617.0883614284622,4719.074404496215,1331.698532084489
2035-01-20 17:00:00,7422.8161170147,5429.71347093332,667.4809210904499,4784.195725044508,1401.332649756271
2035-01-20 18:00:00,7374.950174141717,5611.271633755077,681.9642399932704,4909.547369146006,1444.298455625962
2035-01-20 19:00:00,7254.398386658341,5664.618762167807,688.1241361185699,4934.508909901176,1441.1188526705685
2035-01-20 20:00:00,7294.941595273715,5539.50572636799,684.1333198783637,4867.812798684901,1418.3216638566375
2035-01-20 21:00:00,7088.256630570602,5282.234565908621,663.8287588941505,4785.311436180935,1393.267873766786
2035-01-20 22:00:00,6736.758485752033,4857.845304582296,583.414672054913,4521.189370936952,1279.9198820722493
2035-01-20 23:00:00,6257.139323354874,4684.962714246809,532.3060263618129,4315.254427419581,1081.1127674820275
2035-01-21 00:00:00,6229.363663884661,4496.51916024155,501.8474044561213,4267.785128965475,969.876075956394
2035-01-21 01:00:00,6055.971965804152,4386.06146986866,500.4954107784732,4216.364803451911,908.6189663471238
2035-01-21 02:00:00,5998.857847375574,4313.083221906194,491.63252402487177,4165.162913731652,912.939453422862
2035-01-21 03:00:00,5916.508571541184,4399.781757069975,491.43479729863054,4119.576529556081,896.9469124583043
2035-01-21 04:00:00,5968.654216156056,4592.446625468179,489.2151463833373,4255.009901529295,905.6596947112456
2035-01-21 05:00:00,6169.598590786624,4974.175650350425,546.2929343790196,4396.841620795694,951.6971669104752
2035-01-21 06:00:00,6356.231186724073,5130.23396518206,586.400874743484,4573.289148741082,1111.6543095501322
2035-01-21 07:00:00,6736.065811201994,5185.0701967171735,589.406030657511,4799.866645282334,1278.2062829245544
2035-01-21 08:00:00,7346.733866022755,5277.553705613623,600.6192733519601,4688.273521260451,1348.2660284210997
2035-01-21 09:00:00,7236.093784112906,5271.393112747332,586.4960454399732,4709.013351460725,1359.0662890640938
2035-01-21 10:00:00,7524.135234635081,5150.355113992321,592.5774658326536,4674.947034773148,1350.9841205330774
2035-01-21 11:00:00,7319.540246602874,5163.392410096008,576.6400696953802,4632.210575077222,1349.3968531619475
2035-01-21 12:00:00,7153.554701440136,4955.296226044667,580.7201593537468,4529.275516249499,1280.6090101797622
2035-01-21 13:00:00,7330.791700669345,5101.87408207793,592.8929141165617,4533.241061689608,1253.3912863995438
2035-01-21 14:00:00,7360.929209684875,5123.796514311422,569.3941913190876,4539.985183227498,1281.1675292999587
2035-01-21 15:00:00,7502.774795453623,5160.472216649864,580.6434441795507,4670.836538097684,1296.62632020823
2035-01-21 16:00:00,7532.473223252345,5408.330073891373,614.844126363,4693.967871400966,1309.1494900073128
2035-01-21 17:00:00,7483.092284241175,5508.356215510547,668.2596106007682,4902.054042178866,1409.108723788195
2035-01-21 18:00:00,7683.210656706385,5631.917358543552,688.0603021379254,4932.316566750945,1451.7000404081168
2035-01-21 19:00:00,7749.419299787787,5663.410147834584,677.4559393481206,5021.984859455277,1431.6523274615563
2035-01-21 20:00:00,7548.682893470062,5612.83244211023,686.4622183911297,4876.111527252698,1434.5449469046346
2035-01-21 21:00:00,7241.861575050764,5424.135874555391,648.9121476828972,4781.414648913216,1383.016306281731
2035-01-21 22:00:00,6915.301623069903,4885.83268126137,584.1580587714438,4577.5750225649335,1266.0560665689543
2035-01-21 23:00:00,6544.181646650431,4603.524333023365,535.1724460698086,4318.57498420407,1086.4304880410302
2035-01-22 00:00:00,6161.758455505126,4510.266063901967,507.3210326718741,4259.503327208786,978.2843972736848
2035-01-22 01:00:00,6122.078085250813,4377.345248005975,483.6057074462991,4185.794147953776,889.4315186607737
2035-01-22 02:00:00,5944.524791727612,4346.64344659209,488.1810341236079,4185.004230826507,887.2884936646058
2035-01-22 03:00:00,5975.672608875813,4444.645387081036,482.6038642527375,4115.201635870404,883.7273893394032
2035-01-22 04:00:00,6119.4610366354655,4539.077575728584,499.3257180997368,4168.802427774619,903.2382814070804
2035-01-22 05:00:00,6279.205831673215,4999.311089538467,532.8865218483483,4343.689932231018,942.065974818934
2035-01-22 06:00:00,6462.798951743828,5199.805150081897,586.0583022102403,4690.230743448945,1102.2477047158911
2035-01-22 07:00:00,6690.043074965468,5297.333832219127,596.3624133450456,4696.714562820159,1299.9322593333957
2035-01-22 08:00:00,7193.246299626038,5186.097780599307,602.0807618394649,4648.351464576362,1335.6107111213455
2035-01-22 09:00:00,7317.644652137232,5257.468986927128,585.8578114648304,4741.771379964449,1354.4067677336077
2035-01-22 10:00:00,7483.087447344156,5176.550904351774,586.638003422936,4704.866834966356,1337.746213543835
2035-01-22 11:00:00,7366.328541315347,5120.926094100806,576.6841652673116,4713.070662735336,1341.218507154502
2035-01-22 12:00:00,7283.3650740850435,5008.308724591989,580.0075112393445,4647.587964216244,1313.0281075197397
2035-01-22 13:00:00,7291.1140005379775,5049.678974191852,590.9899257084945,4596.889924786787,1282.183071684991
2035-01-22 14:00:00,7488.451206172343,5105.845220519953,588.5620461651209,4661.088374785844,1280.4838197366878
2035-01-22 15:00:00,7528.396042638176,5151.666116951635,597.9042077158609,4651.438783792001,1302.4388432772523
2035-01-22 16:00:00,7615.267914854502,5389.59162012664,610.0353238710582,4801.4177266491015,1346.4591094476173
2035-01-22 17:00:00,7697.596300696424,5545.601031825659,661.752584094484,4841.434708688405,1393.8056380408975
2035-01-22 18:00:00,7645.885720686101,5663.021920664663,680.82813888253,4822.925069276406,1455.558962403958
2035-01-22 19:00:00,7668.833266766276,5701.831931672639,698.7886190114416,4916.80472263198,1464.1743234912751
2035-01-22 20:00:00,7662.0544506033775,5596.014512774741,688.9247888405263,4911.554428262036,1437.987964886573
2035-01-22 21:00:00,7542.418834076354,5251.627082967358,650.8728106578958,4823.389156908954,1382.1353898554985
2035-01-22 22:00:00,6981.807078988619,4911.580608304513,588.6931872510442,4550.2204161564605,1246.0081625738749
2035-01-22 23:00:00,6492.658911835327,4616.759465792274,535.0821674243534,4345.299394054828,1081.3667454481715
2035-01-23 00:00:00,6263.519562409452,4486.361912977776,509.2477459075771,4243.016846719541,970.3573144186988
2035-01-23 01:00:00,6126.5814816851525,4424.267865962312,492.3341417030028,4211.476204997413,925.1642409515396
2035-01-23 02:00:00,6159.6569825501565,4347.547838875977,482.1890321643688,4182.824016224439,895.297965189556
2035-01-23 03:00:00,6036.090288422568,4471.134171076074,482.1413441491192,4185.959874999079,899.6451751142006
2035-01-23 04:00:00,6049.994118569585,4629.47936329283,502.4604503856346,4108.033582105317,900.3523736385749
2035-01-23 05:00:00,6140.501533343999,4880.405602079681,528.9920317545649,4346.724111393618,946.5176597468316
2035-01-23 06:00:00,6478.734988090957,5259.488188228862,588.2255357510128,4650.160823226556,1109.0037310318771
2035-01-23 07:00:00,6759.053144367544,5220.117854039356,582.2077309589807,4654.4351660306265,1292.094323245549
2035-01-23 08:00:00,7211.757916826936,5285.07403015422,597.0513716777431,4724.571759783231,1361.216306388742
2035-01-23 09:00:00,7471.722193116499,5267.929082133722,591.0352811421193,4764.770083579002,1367.7371723439437
2035-01-23 10:00:00,7549.596257644843,5231.13064042608,574.9300273653237,4693.919215926219,1367.97768382126
2035-01-23 11:00:00,7561.929772870506,5081.295320564903,584.4989645849569,4575.535918853822,1373.1753637512788
2035-01-23 12:00:00,7414.009937498352,4994.104813057831,574.8048710142713,4595.133236869833,1300.695648200939
2035-01-23 13:00:00,7520.614299935091,5140.954687592649,587.9889965851877,4602.706152045948,1292.8622517348572
2035-01-23 14:00:00,7517.037352867667,5055.719137709875,581.752770429677,4655.20961810312,1282.244269589237
2035-01-23 15:00:00,7427.995496339811,5249.100080146139,591.0182912997852,4652.122936069636,1307.3838846030735
2035-01-23 16:00:00,7769.225032573737,5439.550056375408,608.1361688947924,4684.4172153492045,1378.4303936999968
2035-01-23 17:00:00,7757.197816607402,5528.381670135057,657.947073097866,4875.651952447616,1464.4545646523393
2035-01-23 18:00:00,7556.461325429609,5658.248055046345,680.8791093653032,5078.333374235258,1445.3913628873006
2035-01-23 19:00:00,7705.398926271803,5790.224087938215,689.2878620378387,4971.193570094899,1478.817201399329
2035-01-23 20:00:00,7602.958058041824,5653.168064760738,679.9147397351716,4982.36308572252,1450.7688465483952
2035-01-23 21:00:00,7451.365068624555,5384.45430472508,650.4814054447164,4899.094634958835,1381.0052626025645
2035-01-23 22:00:00,7153.335847772771,4962.52448497787,581.0163173996053,4617.4605127209,1272.995393849694
2035-01-23 23:00:00,6509.963212979527,4611.655342476571,534.060547000648,4440.057545003019,1085.0391750572142
2035-01-24 00:00:00,6189.898807633342,4494.426835878141,509.0083063698349,4276.918592651268,966.070217163346
2035-01-24 01:00:00,6139.489863387201,4401.518688896266,497.5996932395002,4282.639342206053,915.1820830562956
2035-01-24 02:00:00,6081.835766659396,4437.866512370452,483.9320177627927,4204.591856394882,888.1246385853458
2035-01-24 03:00:00,5935.646950068296,4369.255873470555,496.5834108207355,4159.164107953365,894.3594976932665
2035-01-24 04:00:00,5992.298955839702,4575.274202623661,496.8141958572016,4216.828473320782,917.5746688446038
2035-01-24 05:00:00,6186.329783611225,5000.428776159614,536.4756234560768,4467.069360963099,948.7585610836602
2035-01-24 06:00:00,6518.110818705459,5107.466323269939,589.4886889312777,4518.262069223672,1110.284663741479
2035-01-24 07:00:00,6925.693718967143,5268.6619184502615,602.0060462340468,4701.294838657951,1293.3566941822232
2035-01-24 08:00:00,7186.164512772551,5363.629653584783,599.5815379032337,4738.592453129607,1342.757872769062
2035-01-24 09:00:00,7574.583198990131,5267.320614260472,582.8465379699242,4798.8478443008935,1367.9465602965977
2035-01-24 10:00:00,7444.795627543339,5139.977252217926,592.7883504526912,4700.625279175939,1372.8274124705897
2035-01-24 11:00:00,7412.665420860652,5176.90885893508,582.5230847155215,4645.168718658258,1354.2389845509988
2035-01-24 12:00:00,7270.298833516606,5025.186542415829,572.5616753806133,4592.276611791544,1302.0332190376582
2035-01-24 13:00:00,7381.016334236929,5117.247953219351,575.8258762655325,4566.72772828889,1286.1246782952137
2035-01-24 14:00:00,7471.7260594258305,5140.56158109525,573.6592778356721,4576.363713800951,1274.3221868951125
2035-01-24 15:00:00,7350.062634101162,5246.800628841037,587.1770363275962,4671.486396932279,1285.733205352857
2035-01-24 16:00:00,7445.8628443858015,5430.155103451988,619.5083056040072,4777.425013354572,1374.3708652053892
2035-01-24 17:00:00,7694.826598648198,5600.041174549373,653.4197610963693,4937.241592524226,1400.0394955322122
2035-01-24 18:00:00,7719.31740441167,5617.849703814834,682.8811147071118,5018.807565747197,1454.5744418608936
2035-01-24 19:00:00,7610.44197856071,5695.354792781993,694.5774092619886,4980.446850328708,1472.4518408386994
2035-01-24 20:00:00,7816.479836124071,5618.093479717199,687.017424459812,5004.625626761947,1424.6375511091744
2035-01-24 21:00:00,7451.60676921612,5314.567142047023,651.8976522491783,4861.995095341317,1392.6917529028178
2035-01-24 22:00:00,7043.716744381064,4962.899775623103,588.32840354688,4587.891906278882,1246.78397555497
2035-01-24 23:00:00,6558.566136227077,4654.128783780654,543.3020218102971,4429.004852622907,1068.8247634168667
2035-01-25 00:00:00,6281.490165279999,4499.368175022151,520.6721217196865,4294.5416989938185,980.0494668967444
2035-01-25 01:00:00,6142.320811905646,4436.818690941529,491.6075026547544,4208.90822783379,924.2566907784692
2035-01-25 02:00:00,5992.599989180872,4386.8289163527725,490.8753304512784,4203.741499708916,879.9976870138232
2035-01-25 03:00:00,5907.917933200653,4480.941125532136,483.39266689192885,4152.888857149416,894.3006474805043
2035-01-25 04:00:00,6088.180071503789,4505.491074080969,499.2710293873213,4221.434067619534,906.3867741144138
2035-01-25 05:00:00,6247.469916950294,4946.969592843519,547.2592622663549,4442.363022556345,964.9268911585406
2035-01-25 06:00:00,6533.228598526798,5126.924865523594,585.6797160215611,4653.675467419673,1115.5181774298574
2035-01-25 07:00:00,6691.719700419761,5217.345943609126,594.1301716807372,4704.654852142276,1287.6350330548182
2035-01-25 08:00:00,7151.027784697943,5275.498859626673,586.4900479603469,4664.379292937659,1349.5527834212137
2035-01-25 09:00:00,7630.055517407586,5324.352830794772,574.6099615429637,4802.930169847159,1376.5279226937166
2035-01-25 10:00:00,7505.179418352993,5309.634665273579,590.6762832542794,4733.227255484963,1374.8185667811804
2035-01-25 11:00:00,7395.889767236177,5126.04683824322,588.4536519094489,4672.478155432767,1365.755666838343
2035-01-25 12:00:00,7326.588091299598,5028.525308981321,579.1833973345251,4633.951115691554,1310.989272288595
2035-01-25 13:00:00,7438.059094420644,5090.095391606532,591.6350039624024,4601.85547342037,1283.3955256736565
2035-01-25 14:00:00,7498.651709277247,5123.697618120658,593.0227950677195,4623.86527285739,1296.287532166598
2035-01-25 15:00:00,7487.744258399171,5102.742754957624,599.0862149568122,4608.221262775743,1301.1433960086663
2035-01-25 16:00:00,7469.413245509225,5355.376847052324,609.8712038840536,4724.976101623881,1362.2259246798696
2035-01-25 17:00:00,7713.884610203811,5558.147031907297,655.6021932523147,4882.825199609375,1420.244848256562
2035-01-25 18:00:00,7733.361426741787,5622.075959185399,700.9964518094738,5029.0901319942495,1461.497791283775
2035-01-25 19:00:00,7795.958053353949,5748.99514403856,702.4344078530365,5037.206755784208,1446.249426449168
2035-01-25 20:00:00,7691.555933067822,5627.786826609026,683.9430014793647,5126.390226972562,1468.6580472652263
2035-01-25 21:00:00,7425.89922785542,5267.635809031562,646.7299258584032,4820.599557587118,1416.6219653935857
2035-01-25 22:00:00,7019.4604177643,4946.360509580517,583.6586417551878,4650.41299800073,1281.415610701757
2035-01-25 23:00:00,6591.8110228832775,4588.3415690330185,543.6171072155868,4319.454229191454,1091.8625613445345
2035-01-26 00:00:00,6185.980769521683,4514.916651219609,511.1812706461755,4291.5024664792445,970.7169520302474
2035-01-26 01:00:00,6084.8072286523975,4387.963845708332,492.90105844281857,4235.663192393089,928.9730862640424
2035-01-26 02:00:00,5949.316706326333,4366.054111334451,497.4717993316924,4211.68992150232,893.22888069688
2035-01-26 03:00:00,5959.947703697758,4461.6397981807895,488.5470769415,4175.907934520265,883.6915765151241
2035-01-26 04:00:00,5985.733020675502,4461.577603321863,503.2180795450934,4228.016491553337,899.2860244416405
2035-01-26 05:00:00,6290.875107653914,4901.597183561649,535.1625308264944,4438.595563198267,948.1061013689664
2035-01-26 06:00:00,6374.061940768097,5211.640930230391,588.3448079754952,4694.575838752666,1094.2977897120802
2035-01-26 07:00:00,6573.682313057533,5137.962224539104,590.645197038487,4647.613088282724,1288.8778931349505
2035-01-26 08:00:00,7177.782562181658,5322.615211577185,596.5946053036766,4685.115593166813,1323.2114575200876
2035-01-26 09:00:00,7363.564424688425,5280.362268727572,591.5192411673366,4684.900970538616,1378.5879906434348
2035-01-26 10:00:00,7518.298619509369,5210.943570542464,581.7939661943832,4633.918873629692,1350.3543364108157
2035-01-26 11:00:00,7325.319934685306,5166.347788979131,583.0292890741893,4686.392316278061,1360.6063742288884
2035-01-26 12:00:00,7359.88149133029,5028.7231694128095,582.3065426582631,4589.546463555448,1332.5372374535737
2035-01-26 13:00:00,7409.743237872817,5108.792073256032,593.6223384977544,4572.692601023258,1278.115212559517
2035-01-26 14:00:00,7358.5989493402685,5123.65437611025,587.134413391321,4667.924955844303,1285.4953373118549
2035-01-26 15:00:00,7419.188134598102,5254.834242029328,592.9615962741439,4682.479926293937,1261.5847481548292
2035-01-26 16:00:00,7587.392846686585,5409.74784229222,611.7698625485323,4765.154629477117,1368.874876288552
2035-01-26 17:00:00,7551.352131661084,5564.19460899376,660.5943077819605,4868.015854590332,1437.491660701354
2035-01-26 18:00:00,7651.18002910853,5640.728374400408,676.8582704248653,4953.460836642091,1439.29200993085
2035-01-26 19:00:00,7594.352313752081,5635.243582131257,687.4919733609163,4958.153273877867,1457.137360057791
2035-01-26 20:00:00,7608.728196240597,5685.476392335839,686.9548964724286,5014.760363291807,1445.6147280208247
2035-01-26 21:00:00,7367.066818613555,5254.190516870827,655.0923312747917,4803.596983342933,1424.2593946814409
2035-01-26 22:00:00,7095.609669402944,5022.9927975212295,591.2335572247414,4558.443804990402,1240.8307665967636
2035-01-26 23:00:00,6571.519287458465,4659.709099071129,543.4108396745576,4414.370731253506,1076.9807357345871
2035-01-27 00:00:00,5907.228923615104,4488.022790548561,524.0001190911614,4168.826354419113,953.5895249225867
2035-01-27 01:00:00,5884.1216086150735,4323.466007067127,493.7930009562057,4093.6151939739143,911.49584544657
2035-01-27 02:00:00,5782.8820325488605,4319.416613935367,486.0674578059264,4136.323349297175,892.7585755687014
2035-01-27 03:00:00,5680.230490902588,4369.430804376097,491.3361128682515,4133.162704021669,881.41929081658
2035-01-27 04:00:00,5769.424511296562,4497.289292586407,496.6156924351217,4099.971573530381,903.9008546703308
2035-01-27 05:00:00,5858.152026074313,4868.955951561064,538.8296493917328,4401.107054784002,940.5021420006368
2035-01-27 06:00:00,6224.281899556829,5087.124361844233,578.911887638414,4502.071530781348,1092.833826705682
2035-01-27 07:00:00,6472.262252690638,5122.56731982607,590.9103831718222,4664.388818547837,1288.404986645567
2035-01-27 08:00:00,6925.270073833432,5103.998377108372,598.0432785123705,4655.736310807964,1324.2129682674329
2035-01-27 09:00:00,7056.68918081451,5251.629911603424,585.2515514887598,4638.402437126922,1368.7996695529964
2035-01-27 10:00:00,7225.850257153872,5166.219633742322,580.2638608909236,4749.899482274021,1329.1434511134014
2035-01-27 11:00:00,7107.1506610295455,5034.38120604492,583.9567828134707,4630.8244578799,1339.4809338952807
2035-01-27 12:00:00,7054.93385986975,5041.663149664511,578.0598688478833,4552.908793886598,1281.9306412839076
2035-01-27 13:00:00,7189.590352835582,5006.192408769718,583.6374265471889,4572.937508250139,1268.740029467819
2035-01-27 14:00:00,7124.242830615218,5129.279970211383,574.8095448532226,4547.563736967558,1285.2061996904497
2035-01-27 15:00:00,7000.493152837935,5142.471051883455,596.7486809330214,4648.329778806399,1328.3624337629217
2035-01-27 16:00:00,7290.308648052539,5334.867109451158,617.7304501220541,4750.610076205018,1327.3058022251091
2035-01-27 17:00:00,7306.007987369726,5473.461382866648,647.9703390835687,4895.249844132693,1402.3497048597862
2035-01-27 18:00:00,7256.926885404061,5560.883205095958,671.1643911652363,5002.121778294485,1483.6443897441698
2035-01-27 19:00:00,7323.770466185947,5639.399026367052,699.6335367757864,4935.986532031847,1456.6837961964634
2035-01-27 20:00:00,7240.590722747371,5524.36525724945,687.0596307411811,4980.625869801574,1456.6580243241203
2035-01-27 21:00:00,7239.241657768677,5176.046898020808,656.5092854313582,4715.394025996067,1373.259433439407
2035-01-27 22:00:00,6755.112804779997,4870.042181960628,582.0109591220573,4578.939771443683,1253.0695205669024
2035-01-27 23:00:00,6269.056014461308,4615.105285221104,537.1845157754475,4380.498327549186,1082.9498524866392
2035-01-28 00:00:00,6225.002672550119,4429.291278916293,512.1495866849492,4281.08617910089,970.4358062389304
2035-01-28 01:00:00,6213.941401892816,4322.367737165864,490.695283342182,4178.797238653439,919.8894741193905
2035-01-28 02:00:00,5952.910804605796,4346.992892065216,486.6730083494298,4154.736506227786,887.4282587460904
2035-01-28 03:00:00,5928.4980652192935,4445.206545731207,493.2662280976789,4205.8845461493365,887.6706774732545
2035-01-28 04:00:00,6148.992697298309,4613.522566057801,502.4004295106532,4208.154666424995,906.0549867233896
2035-01-28 05:00:00,6162.683504689907,4890.008624374388,535.7948891443622,4422.633853523649,948.3678528509932
2035-01-28 06:00:00,6311.244693138458,5198.670121193994,586.0062553662664,4586.388231910352,1116.7537868419788
2035-01-28 07:00:00,6664.805463602687,5212.040086327177,590.3176236553047,4671.927595241354,1267.8526611789575
2035-01-28 08:00:00,7041.6135412634685,5209.820406324466,592.0307892740618,4739.803848572813,1357.0696856951347
2035-01-28 09:00:00,7419.573489680391,5293.678958402177,589.0359067429196,4754.262114792311,1359.7056180779537
2035-01-28 10:00:00,7429.852785031915,5220.719544060351,591.2782559515152,4654.842361689097,1371.3678791042869
2035-01-28 11:00:00,7466.726385688058,5122.680646728583,587.8707194258307,4679.7906212681055,1353.3884492312636
2035-01-28 12:00:00,7460.106342269904,5029.3970522062045,583.3109602985758,4600.516012963179,1304.2659311105028
2035-01-28 13:00:00,7316.271679682353,5154.369091076104,579.072684868498,4638.688425989899,1288.2566929002596
2035-01-28 14:00:00,7504.555469659184,5046.871076308209,588.3220383019491,4620.885458629707,1252.2346754269604
2035-01-28 15:00:00,7406.141910433527,5196.450572143304,584.9904434318588,4655.722750026698,1326.9964543508652
2035-01-28 16:00:00,7472.271268219531,5449.15726825017,616.9838695145663,4685.369780488515,1345.4557676747363
2035-01-28 17:00:00,7603.315648442716,5676.505919320459,647.8795025845991,4983.746445388348,1401.4621756252466
2035-01-28 18:00:00,7624.883553340945,5648.780760072727,671.4255921885876,4937.260226945034,1469.868978636796
2035-01-28 19:00:00,7767.050621167993,5704.578019012654,703.8567850679591,5110.412172252834,1452.7150488312288
2035-01-28 20:00:00,7691.579552781256,5464.139213539258,688.1769595612984,4930.2097068381945,1437.5200943871885
2035-01-28 21:00:00,7313.91276231984,5267.5782295082,650.4888053100361,4735.219429900172,1370.6054390447343
2035-01-28 22:00:00,6916.9093987935885,4948.057885911963,583.3068926762846,4580.941820154709,1242.007555261515
2035-01-28 23:00:00,6636.921215495533,4672.217977015464,537.2364519371727,4318.807269828654,1067.0232345083857
2035-01-29 00:00:00,6284.482804253433,4494.994266922716,521.5503811478163,4265.143432504039,979.8281064593942
2035-01-29 01:00:00,6213.619123528376,4394.767909121681,491.5641974804821,4268.199231102951,923.149848948981
2035-01-29 02:00:00,5865.472891653932,4343.407680859395,487.8310278010697,4115.332589693323,895.066292161898
2035-01-29 03:00:00,5991.654242661394,4437.831927230176,483.86956765977374,4123.220611225475,887.1893770962402
2035-01-29 04:00:00,6107.261783211148,4573.181528071859,499.82826420451215,4292.546178025783,890.7806668949622
2035-01-29 05:00:00,6314.326196674173,4954.647681507383,537.7315886659973,4360.522235129711,949.4868484546836
2035-01-29 06:00:00,6472.255861335215,5162.425328668194,588.1855053980343,4610.511489498407,1098.3203799187197
2035-01-29 07:00:00,6699.81543607286,5138.013486988476,588.9676182801805,4760.056911816413,1290.8053795653975
2035-01-29 08:00:00,7114.994390399254,5327.301118304853,594.9417152286361,4686.790889048077,1363.6259953492245
2035-01-29 09:00:00,7426.059639784078,5232.247621756666,585.8602701593867,4661.155280451836,1332.1566123461337
2035-01-29 10:00:00,7444.628263772016,5205.514874694295,587.5662126872148,4573.622429870992,1346.7608379856863
2035-01-29 11:00:00,7414.724461022701,5170.804145294789,591.7352959369211,4660.318734439412,1347.597696275466
2035-01-29 12:00:00,7320.828168648263,5039.948506965464,575.4626303727754,4599.7228437818,1327.633666833561
2035-01-29 13:00:00,7488.794748820612,5102.362858618113,577.3348796370368,4608.026338107998,1310.2256268966182
2035-01-29 14:00:00,7488.766467634508,5110.631395117459,586.4886101246915,4633.75016754897,1253.494456120465
2035-01-29 15:00:00,7402.024009989291,5230.754916120757,582.244537307822,4580.483930596873,1304.394282402138
2035-01-29 16:00:00,7595.256023900688,5382.933516136121,604.9714762813909,4676.84207337608,1350.1280592383866
2035-01-29 17:00:00,7712.840573151776,5575.590739306991,649.8033372526246,4949.370587714343,1428.150296859409
2035-01-29 18:00:00,7567.442139935731,5704.363792379631,683.9697008337388,5024.17909655263,1437.4172751447888
2035-01-29 19:00:00,7640.306583768805,5761.888260113539,686.5567143621905,4963.735615318743,1427.52804772293
2035-01-29 20:00:00,7689.904330262614,5574.319885546354,685.8115302653922,4937.182543517603,1438.9467532344
2035-01-29 21:00:00,7406.94866980704,5388.997398615534,641.9463003979414,4758.460880443575,1378.3159311614932
2035-01-29 22:00:00,7081.509704277925,4918.783551086603,599.3678068660906,4543.407564651014,1242.888343027905
2035-01-29 23:00:00,6598.945827721991,4663.429358339885,541.5337759010786,4420.96581921083,1093.2530831796437
2035-01-30 00:00:00,6285.516473843448,4458.85806679209,501.5599081517201,4280.641320557261,997.7299700730888
2035-01-30 01:00:00,6195.750605532266,4402.039160438034,495.5338107286007,4195.944386203867,912.0867646590756
2035-01-30 02:00:00,6012.401489721231,4280.420083190902,491.7573709896586,4151.400547211428,895.5690948569069
2035-01-30 03:00:00,6081.383235882762,4430.32864505729,480.692257849679,4127.421270761783,898.5362561257125
2035-01-30 04:00:00,6043.010833599364,4525.922272284305,496.2719041878419,4273.287662757278,916.4630694445556
2035-01-30 05:00:00,6221.58606570668,4898.358544013261,541.2020068197643,4358.5010624160095,951.0281435516466
2035-01-30 06:00:00,6533.855755364725,5177.479506387214,591.6389648646621,4618.293727056438,1120.8298844894782
2035-01-30 07:00:00,6821.194202043192,5142.354897697218,592.3389193123918,4638.579798583548,1285.3803243789368
2035-01-30 08:00:00,7081.775905579601,5216.5041136681375,591.4578434174384,4719.17868801888,1352.248641789214
2035-01-30 09:00:00,7408.5314521191,5268.899399542586,578.5426326690456,4722.94566557033,1363.449915917641
2035-01-30 10:00:00,7630.084941755428,5269.423508205247,583.6621818427603,4761.779682207528,1369.5382345129522
2035-01-30 11:00:00,7494.692748793039,5102.049565940878,590.0258338760035,4703.871378510563,1360.7846632807484
2035-01-30 12:00:00,7371.570255591594,5055.496244900058,569.3481538079054,4551.886921903071,1289.7953027241492
2035-01-30 13:00:00,7366.382131590338,5096.099797627069,587.0172528093913,4617.557680090345,1276.1279678787012
2035-01-30 14:00:00,7347.6450602389,5043.673339406591,576.4868577196173,4615.2396552639775,1282.1543038932914
2035-01-30 15:00:00,7470.032426553637,5189.271544292895,588.0449777897933,4604.160865886614,1304.777314922485
2035-01-30 16:00:00,7705.905764465857,5428.775664774538,612.7110770029668,4789.063178881585,1348.8344292958177
2035-01-30 17:00:00,7740.721346210478,5688.802941509234,654.4653567599948,4968.2063992577,1398.4811711029242
2035-01-30 18:00:00,7603.887552778999,5676.624806117648,680.8187981075937,4987.644624225393,1470.038606209678
2035-01-30 19:00:00,7632.919454138012,5715.799773530143,687.3435580539659,4978.873379707167,1433.746872856975
2035-01-30 20:00:00,7672.659173728955,5644.150428328868,678.9594342627329,4909.136524383186,1441.1975383919
2035-01-30 21:00:00,7395.800175347354,5354.359757406905,645.3335217392435,4852.844339474189,1413.0062660198362
2035-01-30 22:00:00,7072.366635286078,4935.52615239688,591.0251038151448,4634.840786263574,1272.4795513249803
2035-01-30 23:00:00,6595.038166735103,4732.639220089615,530.6417619429583,4266.63233913067,1078.8328413437584
2035-01-31 00:00:00,6327.332528839427,4538.943109198308,506.71379996820383,4228.389892164499,960.4236926678412
2035-01-31 01:00:00,6187.62952695854,4436.991298423013,493.2724517208552,4221.69127595034,926.9089339190616
2035-01-31 02:00:00,6039.919912032457,4470.4335289040055,495.3148096494239,4192.721225030196,902.4219772274
2035-01-31 03:00:00,6063.172768738463,4489.121603627495,489.6923328957932,4141.681306098506,889.7120666443602
2035-01-31 04:00:00,5927.536359097192,4657.374756611504,496.0660926717646,4186.573542690241,907.3073350296728
2035-01-31 05:00:00,6286.746778272279,4982.126862590026,545.7428495682574,4435.0407113550455,937.6242805222076
2035-01-31 06:00:00,6539.683960373683,5234.615777464088,592.0182443194429,4631.673576057928,1115.4623955201955
2035-01-31 07:00:00,6821.034235927794,5227.016686581572,583.5808275448586,4656.379607547231,1290.0345469239755
2035-01-31 08:00:00,7127.275732278035,5225.119570389191,594.1096271043349,4747.974867405223,1367.8584388473032
2035-01-31 09:00:00,7387.697139344415,5201.1250219241965,598.3813129945136,4666.230703620063,1378.2101511999815
2035-01-31 10:00:00,7511.610197744073,5276.927983595574,595.6710636449664,4704.464493970148,1370.255155358839
2035-01-31 11:00:00,7474.295801818935,5230.202921946842,579.8394297476983,4671.50849525958,1334.042668255897
2035-01-31 12:00:00,7383.461794994485,5094.774141827749,573.5913774012793,4644.782468873947,1322.38289573625
2035-01-31 13:00:00,7507.911140442986,5074.758285891849,584.2988236690774,4591.591053856899,1266.3394819095872
2035-01-31 14:00:00,7596.669917947827,5139.442320358338,589.4502935118892,4580.791081206848,1284.654311319268
2035-01-31 15:00:00,7459.180883929601,5165.6304173721965,591.1845955035153,4629.261448944793,1297.8407901645298
2035-01-31 16:00:00,7663.975489110636,5461.719458348632,604.310274666349,4770.895372169036,1356.542618763643
2035-01-31 17:00:00,7633.552870217893,5636.08007289103,667.5683981837158,5025.882677315287,1422.055994466739
2035-01-31 18:00:00,7400.0587285162255,5650.067003268593,675.5138849587773,5016.970236947864,1448.5337417722317
2035-01-31 19:00:00,7648.573074086302,5788.756622064781,689.8882058668031,5004.83775240344,1439.8043989037071
2035-01-31 20:00:00,7681.984417103211,5647.608545319079,693.2327040484059,4922.586377856858,1435.2052722196277
2035-01-31 21:00:00,7346.428185033313,5396.978807199146,653.6324508397038,4879.246513813273,1397.0693309854917
2035-01-31 22:00:00,7224.880979257488,4851.177070850938,591.1523486893949,4644.609143277115,1281.5450052747683
2035-01-31 23:00:00,6532.544121095878,4684.779258408516,542.6881124784246,4456.281184256764,1091.474829117992
2035-02-01 00:00:00,6331.318803690949,4465.351002126391,523.8411126495268,4250.980359719839,972.3572000399988
2035-02-01 01:00:00,6185.49118863256,4336.173719305622,513.7469189178322,4192.781399210629,921.5634570531
2035-02-01 02:00:00,6143.510840280954,4328.218791447656,499.7844052506772,4112.310676139451,897.3902349414941
2035-02-01 03:00:00,6096.930317394548,4416.046490431397,498.6100809753058,4295.186346145329,889.110666472807
2035-02-01 04:00:00,6095.705688876573,4428.96927721218,512.645446466936,4208.303381960592,904.3446675230058
2035-02-01 05:00:00,6328.880628403825,4887.039607082889,549.9305170425474,4273.329178529387,938.5011151632202
2035-02-01 06:00:00,6556.699708065767,5247.16030709857,589.6972022263553,4507.314896149841,1093.8077487142812
2035-02-01 07:00:00,6908.826302394393,5156.109231883974,595.9012489384136,4749.309142798417,1290.3598410014029
2035-02-01 08:00:00,7250.357635183876,4979.18381693811,607.2458847441685,4732.690169101764,1347.177311786166
2035-02-01 09:00:00,7473.040305141515,5135.23767699713,600.6165834691175,4630.674126436762,1352.8125060445184
2035-02-01 10:00:00,7757.020936719702,5061.676531386412,601.4787464680952,4638.737297535844,1354.8274940191066
2035-02-01 11:00:00,7592.751110933472,5023.541457066211,609.2658365561083,4642.93342463681,1348.2154157684392
2035-02-01 12:00:00,7340.570042298616,4968.323719953634,591.5894535026089,4586.433365418089,1292.2424127178388
2035-02-01 13:00:00,7634.8483278772355,5125.601802340892,596.4845141158147,4554.832484730771,1294.5898013569526
2035-02-01 14:00:00,7439.839791650755,5060.481048330882,596.076225188345,4605.294831336311,1277.35615159798
2035-02-01 15:00:00,7535.550594699794,5185.604270072859,603.3977247074021,4629.218573551581,1291.3390642217623
2035-02-01 16:00:00,7737.60949182223,5377.595382003826,615.3375139671833,4730.66635954805,1359.4850865846515
2035-02-01 17:00:00,7816.786986402935,5528.352722039328,668.985437402967,4827.943058180669,1427.191134289811
2035-02-01 18:00:00,7646.911458512227,5629.759518386387,690.1869747486393,4897.264673503596,1448.6085906189862
2035-02-01 19:00:00,7779.850722921505,5596.031895904011,707.1507474809846,4889.185154345317,1464.3657918003737
2035-02-01 20:00:00,7665.288614654692,5559.78694507419,704.3701371734453,4984.874289551173,1459.663692229261
2035-02-01 21:00:00,7428.617541265267,5165.286729363366,669.0824066582372,4800.642365021594,1392.010618485899
2035-02-01 22:00:00,7154.55281457575,4852.653781029841,597.5086297571835,4501.535666991495,1266.89477095576
2035-02-01 23:00:00,6549.96986960324,4566.553090797643,552.0094124512038,4365.090065648135,1092.7473540145588
2035-02-02 00:00:00,6376.609415537209,4424.451470270237,511.46224094751966,4235.54234718345,962.661999431698
2035-02-02 01:00:00,5994.218066560613,4348.958438924924,497.1538332327052,4192.850722250689,908.8984327068592
2035-02-02 02:00:00,6073.84487101976,4289.985072724586,492.9561681562228,4108.680849970433,871.1152735267551
2035-02-02 03:00:00,6011.7533368897,4333.35556283917,500.0707685230952,4114.333682558343,890.7442825358868
2035-02-02 04:00:00,6055.0794741338495,4521.453037984063,509.8099684325954,4147.229161707964,899.6498366727185
2035-02-02 05:00:00,6128.405023900384,4908.312886645634,540.9519480575391,4344.542142448503,941.1150786682838
2035-02-02 06:00:00,6554.578819111142,5085.125364874238,604.9194131863326,4618.538642459473,1113.289361522567
2035-02-02 07:00:00,6620.285424104002,5080.296394711439,603.8762292198124,4649.75549942557,1293.0274985564947
2035-02-02 08:00:00,7059.742757960009,5244.832590253191,600.6203426328076,4620.48330248234,1334.217672436024
2035-02-02 09:00:00,7424.326817258368,5148.2743941346,597.6061704391268,4660.918773328522,1359.047588830811
2035-02-02 10:00:00,7442.651760182,5065.039349496182,598.9895194220051,4687.807797786942,1343.4837511317123
2035-02-02 11:00:00,7458.877295560933,5062.347131014857,600.7922257717603,4633.482019674709,1344.90560490858
2035-02-02 12:00:00,7367.322024546591,4881.243648554955,584.7969075256225,4504.688400950003,1259.9129787349643
2035-02-02 13:00:00,7422.517115810183,5074.20106111167,596.7573032128919,4523.865327939641,1279.132979590628
2035-02-02 14:00:00,7391.1026967865455,5053.140498192232,593.4342599534361,4607.128759508404,1261.1700974164262
2035-02-02 15:00:00,7409.020213594208,5127.273341689536,600.1758543221916,4641.85422591216,1279.482427255895
2035-02-02 16:00:00,7510.885940905688,5236.444583071402,625.7184103081362,4636.584966403683,1314.3158243227083
2035-02-02 17:00:00,7616.07609008017,5533.5036557839685,664.4273369583486,4822.784375509031,1431.5597098046178
2035-02-02 18:00:00,7639.838305466304,5631.081652014684,699.1168685790174,4907.900519579856,1442.3987491330356
2035-02-02 19:00:00,7533.163796780941,5528.219484258794,701.373872083016,4944.329803535842,1439.22032525727
2035-02-02 20:00:00,7669.013711700889,5526.139267512538,687.4521566206228,4867.2302413521775,1451.4042693398967
2035-02-02 21:00:00,7492.798724737624,5240.723677130262,671.4355372933035,4772.507202590433,1378.4276154495742
2035-02-02 22:00:00,7004.278724093215,4851.403538228982,592.0901236410625,4573.219173041277,1255.8820396343797
2035-02-02 23:00:00,6594.294518569664,4534.892692144826,545.0717552350917,4372.054078632874,1070.0887790977797
2035-02-03 00:00:00,6043.400510238568,4306.652585263267,511.1682139057154,4126.915362115506,962.1131156692696
2035-02-03 01:00:00,5888.605065637251,4329.723827297314,498.3911886820778,4102.120537389847,922.6703756331724
2035-02-03 02:00:00,6013.495921173848,4222.8533909825655,505.9486437266262,4085.083674297234,889.0803992613282
2035-02-03 03:00:00,5825.160609648486,4288.012754953872,493.292377652746,4056.044976718228,891.4505237702642
2035-02-03 04:00:00,5871.905392515216,4391.93437223259,499.633813225796,4055.663192805717,890.8583162919181
2035-02-03 05:00:00,5922.09064762933,4728.398551450367,536.1439173852804,4323.083130302977,936.2204271454552
2035-02-03 06:00:00,6313.844609900343,5036.411833916649,599.8503909341368,4487.647554363991,1089.239815961117
2035-02-03 07:00:00,6516.077250816214,5143.303098861721,609.1810770588592,4479.420409663645,1294.6415282983348
2035-02-03 08:00:00,6928.7920030098885,5276.91291948861,604.3924480104096,4643.67144660115,1347.1917902156088
2035-02-03 09:00:00,7174.975227256127,5015.056314340503,593.0308976337936,4556.319927751578,1357.6737200500108
2035-02-03 10:00:00,7347.8889908329475,5037.702993347588,594.6146234755948,4624.685113009316,1363.5544170217777
2035-02-03 11:00:00,7170.811681927409,5028.101744305743,583.2795981601445,4571.901709126868,1348.0604976712852
2035-02-03 12:00:00,7111.378845011427,4904.609223052756,578.654611333528,4492.8643836360525,1284.3747522555698
2035-02-03 13:00:00,7388.299339630485,4876.971147700077,595.2076122926675,4554.060849286802,1277.1241495979398
2035-02-03 14:00:00,7387.060483272461,5062.335737142682,591.0530340253805,4507.437271646702,1275.5879398275383
2035-02-03 15:00:00,7117.464096035344,5060.955577012009,601.6735987002977,4559.766755885164,1290.3721774526005
2035-02-03 16:00:00,7313.126782169665,5210.790578176788,625.1788006560613,4730.665303444577,1359.8826250731263
2035-02-03 17:00:00,7357.148305479086,5381.4976102276005,662.4755453184421,4713.263082193477,1413.1228844631275
2035-02-03 18:00:00,7329.675139705989,5365.646300324065,687.283829765018,4826.951398423892,1418.70888708566
2035-02-03 19:00:00,7283.313364973264,5428.752696110371,694.8681145694704,4904.818576230598,1444.3331924932295
2035-02-03 20:00:00,7443.141599943875,5445.104403210276,698.3751290597816,4937.729568307533,1438.0638411402738
2035-02-03 21:00:00,7153.535914517976,5152.920513224429,655.0042087664739,4715.936362795044,1365.1364586013358
2035-02-03 22:00:00,6786.268903735906,4804.60027031263,593.709105122477,4448.339008426249,1243.1663369871712
2035-02-03 23:00:00,6289.529270649605,4474.624890746641,549.0124937765444,4279.654484605553,1056.1906150036757
2035-02-04 00:00:00,6291.975264854542,4356.761361605135,519.1042623030806,4252.419029930626,967.0506222532538
2035-02-04 01:00:00,6098.134683333338,4308.036849244465,503.8093557453903,4078.080155955205,918.8890282123072
2035-02-04 02:00:00,5988.867733265701,4290.402039249995,496.77995381071327,4168.781725155597,891.8752861220845
2035-02-04 03:00:00,6019.085363644143,4290.107717161944,488.9925645762083,4073.95433645436,873.8218348306068
2035-02-04 04:00:00,6043.139457857107,4455.325528390703,504.8009510184749,4125.126712942217,904.44808899324
2035-02-04 05:00:00,6262.780159626193,4829.432600145408,553.5046961789266,4260.679509921789,959.9055883943256
2035-02-04 06:00:00,6467.74378159635,5107.669536331065,616.0006595436249,4587.549499891851,1109.9984163879924
2035-02-04 07:00:00,6746.257486723875,5070.674749794725,596.6184555331125,4670.267205828,1261.112130027928
2035-02-04 08:00:00,7228.538769231191,5178.990313382938,600.0397832662528,4680.862308434277,1334.3627406589453
2035-02-04 09:00:00,7554.447125224917,5142.161400083312,598.4400749176407,4603.369127253864,1365.7247738774015
2035-02-04 10:00:00,7485.359241346159,5158.059130650356,590.451192156515,4678.949678662714,1352.4800771501398
2035-02-04 11:00:00,7330.984359829159,5022.764303106268,596.1404434701398,4609.725013437003,1359.0216002582513
2035-02-04 12:00:00,7298.042891541301,4979.22021694128,583.5062838446232,4518.703753128189,1287.120894656247
2035-02-04 13:00:00,7380.704448382781,5052.117118171206,586.8333397840393,4514.634161988558,1280.5794990797851
2035-02-04 14:00:00,7437.732271694157,5004.759236197823,589.338481349622,4645.070742520687,1289.8238772624202
2035-02-04 15:00:00,7531.613664689486,5020.104279451969,599.4934369287437,4606.072455232324,1312.446994857107
2035-02-04 16:00:00,7572.909524150063,5192.224797988811,622.4954203298312,4719.420183292541,1333.5949726146034
2035-02-04 17:00:00,7666.911142534758,5420.249609729408,663.4785107590237,4870.421743026036,1408.577433616049
2035-02-04 18:00:00,7666.489192725376,5525.58205427153,680.1868013144805,4895.296543147872,1433.193911156681
2035-02-04 19:00:00,7559.498324150631,5678.303182537324,706.4070083066899,4895.72120365771,1450.255769934981
2035-02-04 20:00:00,7691.221900814026,5575.44443562069,693.6092875107041,4975.137370577289,1455.15563428759
2035-02-04 21:00:00,7394.447031727377,5246.557233876091,657.874995868371,4771.710472565996,1361.7383626503663
2035-02-04 22:00:00,7025.316691847407,4752.400241880771,587.1593641546135,4501.279450408939,1239.218340073893
2035-02-04 23:00:00,6663.842126022731,4587.497757891557,549.4014878619982,4354.676282130776,1079.966362593856
2035-02-05 00:00:00,6382.065183523945,4356.151509913749,520.5706974308794,4227.707799417642,968.1103520489244
2035-02-05 01:00:00,6169.674701694475,4232.492258739741,501.7437764621282,4148.266448929768,923.7304380576974
2035-02-05 02:00:00,6106.664397136537,4242.279867132173,495.7760850830902,4154.552317592414,901.3930920008452
2035-02-05 03:00:00,6050.7737058259845,4335.103352309799,493.7777102258116,4139.288698411601,903.0949865341034
2035-02-05 04:00:00,6005.486689557153,4475.044013514997,508.45661955434406,4116.537822357686,903.4016844239898
2035-02-05 05:00:00,6311.63177654012,4818.406644047539,536.032130959695,4334.889008750366,944.2764135059678
2035-02-05 06:00:00,6599.719998424137,5149.296513227804,600.3692363975035,4520.8081719724105,1106.4882790639806
2035-02-05 07:00:00,6775.438172191843,5111.130687600455,608.4361753426407,4637.152715543803,1277.8914252172683
2035-02-05 08:00:00,7185.005176978834,5154.39148685178,604.7800615007015,4619.458691175658,1348.6295339668957
2035-02-05 09:00:00,7521.274740224567,5140.277978164605,603.8659100831142,4649.440137495809,1339.391709650822
2035-02-05 10:00:00,7538.782403651267,5188.365973120157,594.1670521696004,4646.971311045784,1344.7232541503658
2035-02-05 11:00:00,7491.177254769831,5095.227043079643,592.7493952566376,4553.56238554536,1326.878460308358
2035-02-05 12:00:00,7276.122814009405,4938.573570006735,585.2120584659563,4574.835914990807,1294.5428439412308
2035-02-05 13:00:00,7456.271762906369,5052.416261991054,591.6725897349238,4526.58598764288,1268.4971235697983
2035-02-05 14:00:00,7484.32571234742,5021.35302709215,602.5400408642287,4575.870263439197,1295.548460283443
2035-02-05 15:00:00,7484.512873390358,5183.818756579173,586.0295301839733,4625.351615731618,1280.0732767675836
2035-02-05 16:00:00,7555.88856869873,5401.1170776517365,622.6366003918478,4745.29932158186,1331.2159415438475
2035-02-05 17:00:00,7549.145313711452,5571.153517520733,666.3759032164805,4815.388706557336,1411.7739048442618
2035-02-05 18:00:00,7850.807069170744,5465.545549588482,704.7689956477491,4961.569797517861,1469.059278669093
2035-02-05 19:00:00,7770.966283913712,5628.548990285712,707.0339806843584,5031.448057523962,1444.8689553088564
2035-02-05 20:00:00,7635.247303345679,5582.930562233395,708.0160274319177,4951.668549678901,1451.5049757371542
2035-02-05 21:00:00,7422.891946507928,5252.469072949225,656.2161846558839,4783.000630132168,1368.5607507720258
2035-02-05 22:00:00,7031.569382266027,4911.9220656365,598.8888257883244,4488.649006039773,1241.14747480248
2035-02-05 23:00:00,6532.990081217343,4539.843198424471,552.4602418187661,4315.912523956436,1077.095272084325
2035-02-06 00:00:00,6266.557505322832,4403.909122033973,513.1663242626987,4179.264977739807,989.6108317845618
2035-02-06 01:00:00,6119.725013771708,4316.35124402215,503.6028037257206,4227.154908264872,913.852964527048
2035-02-06 02:00:00,6049.714278803524,4247.011778210021,489.27357570612406,4126.234947400315,898.5149404468567
2035-02-06 03:00:00,6059.010711904924,4342.112290043995,503.8425760370763,4145.514888472368,901.808524275684
2035-02-06 04:00:00,6104.068921058535,4493.1608200955525,507.3306699127313,4251.915453522332,897.3507978119486
2035-02-06 05:00:00,6227.142549256148,4927.366652492751,548.9501770704456,4281.819191337314,957.2997782024944
2035-02-06 06:00:00,6574.045931666879,5067.423337154668,598.5271802461223,4597.858381055562,1110.1129156504994
2035-02-06 07:00:00,6839.233229243184,5077.504979694893,606.4464629697233,4632.57203920017,1290.914093980011
2035-02-06 08:00:00,7187.525352696865,5195.365037588143,602.1142665487746,4683.8643591992,1372.2773907018711
2035-02-06 09:00:00,7540.49332758905,5180.982920399188,591.3029785729823,4718.287481406837,1366.7175484837187
2035-02-06 10:00:00,7681.306052888676,5099.701030460312,589.8847682025985,4646.425138427712,1363.9523344735585
2035-02-06 11:00:00,7328.953721362815,4992.349948759789,590.8679568776582,4656.841223764252,1385.4055570352325
2035-02-06 12:00:00,7536.741995391235,5000.455940466859,587.2910892941183,4560.909761903232,1317.3643101298728
2035-02-06 13:00:00,7450.411805778584,5073.645282906891,580.2255952643578,4574.684721663314,1271.124020389288
2035-02-06 14:00:00,7539.2662432666575,5062.870655901272,579.0587021413062,4591.618293258089,1289.1239654608185
2035-02-06 15:00:00,7603.02249697549,5153.56148901407,595.4205463189096,4653.259859023737,1306.3902721189063
2035-02-06 16:00:00,7604.986170771407,5209.011163041389,625.4073785701165,4681.679965625695,1345.971939549453
2035-02-06 17:00:00,7740.380639995992,5557.361346845375,665.6946277517627,4909.8537660906495,1409.13231339171
2035-02-06 18:00:00,7691.794577818713,5616.364707013468,685.0601761340173,4889.522187614955,1461.0260254866098
2035-02-06 19:00:00,7622.216187921801,5691.626512964264,708.1835174411337,4931.011662473957,1461.2035515904042
2035-02-06 20:00:00,7791.046430548465,5586.551369951936,700.1113297122334,4882.102473661991,1454.896469932237
2035-02-06 21:00:00,7420.492961599641,5209.741986440357,665.230649225196,4848.599046850077,1418.4429743631435
2035-02-06 22:00:00,7001.955539806854,4904.489083103794,600.0479686481161,4514.871606819271,1256.0118449599286
2035-02-06 23:00:00,6672.884352120711,4587.851682637567,541.757383658502,4482.162524182194,1085.9842214611515
2035-02-07 00:00:00,6397.969066152727,4424.209312158918,514.2360647444526,4200.064702044088,971.2826306378912
2035-02-07 01:00:00,6219.304213766848,4277.607197778519,507.729077799051,4223.375645458274,912.7221530286494
2035-02-07 02:00:00,6058.574446244517,4303.649561565485,498.4424070993439,4138.678393066642,898.0396573470096
2035-02-07 03:00:00,6086.717400981732,4399.885068614824,488.3800811100758,4142.277055690404,884.6044252175795
2035-02-07 04:00:00,6263.630949925205,4467.114278259135,515.6340071852616,4226.613028007795,895.0767065577031
2035-02-07 05:00:00,6355.313297423599,4864.2397530564685,553.1524450489553,4267.02457787313,954.1451519066384
2035-02-07 06:00:00,6569.086825841384,5072.793361168173,587.4217749823661,4576.277264153131,1113.361979289185
2035-02-07 07:00:00,6819.461500597317,5111.319828875167,602.6657976101246,4622.0631527702535,1290.7301007479557
2035-02-07 08:00:00,7185.423476163452,5259.996677891355,608.2278236429935,4734.028486250348,1337.158244703225
2035-02-07 09:00:00,7506.388742408342,5181.781158791455,604.1553554236453,4713.195714759164,1356.99870436945
2035-02-07 10:00:00,7680.4572819067935,5208.257445646506,601.7582553267158,4693.851422707037,1379.416544847707
2035-02-07 11:00:00,7641.800259756479,5070.614709005562,593.6103504244428,4608.103878965133,1381.6022887929782
2035-02-07 12:00:00,7430.49472598146,4952.850463285768,588.72777932328,4542.900298144133,1305.244938201604
2035-02-07 13:00:00,7497.914115343828,5054.63270065452,597.2260054497915,4529.1202186363735,1292.2765790430324
2035-02-07 14:00:00,7447.235031200346,5033.093524365008,597.0716384048925,4574.207001420744,1298.4101067932174
2035-02-07 15:00:00,7533.702567081948,5144.095834131167,595.726379554623,4701.23427560035,1330.6256692823522
2035-02-07 16:00:00,7687.736451008157,5340.8958239393205,642.6335595256381,4718.882959371477,1340.161390378928
2035-02-07 17:00:00,7875.060848145725,5421.771066404902,670.0523620318016,4848.017490899716,1429.9782030758818
2035-02-07 18:00:00,7759.733073632689,5679.147953907496,687.9792843842173,4916.437719028807,1469.9455993023762
2035-02-07 19:00:00,7682.188799407437,5679.265822786922,707.7193073112622,5089.566664406456,1454.4036271314776
2035-02-07 20:00:00,7815.769177288135,5431.929345511183,706.6744083215141,4966.978352176649,1430.757696974049
2035-02-07 21:00:00,7435.435791052916,5281.829262197536,654.7143965073005,4752.441546031174,1399.7279277530693
2035-02-07 22:00:00,7018.8182739000495,4904.86752996024,596.5522458191557,4536.248285778831,1267.2824074792816
2035-02-07 23:00:00,6572.264282632144,4630.683175077252,546.1634904451953,4400.077746795265,1099.7029443636802
2035-02-08 00:00:00,6245.619996269395,4432.352924644589,527.6561276714048,4188.665045465996,967.3318630162648
2035-02-08 01:00:00,6122.7285940115125,4325.498001762033,502.02893091627504,4133.145944819093,915.593663909394
2035-02-08 02:00:00,6073.302928732112,4328.027069664206,500.0665355356756,4208.013970506653,901.3792823763642
2035-02-08 03:00:00,6073.497789308792,4379.682391805372,487.1889595320217,4169.944558448644,892.2727429999591
2035-02-08 04:00:00,6304.172729097828,4526.959803968547,514.6072692908903,4192.277097969267,910.525422238058
2035-02-08 05:00:00,6366.504188909982,4906.295391623295,556.4884568794663,4257.924820292896,957.8826936060584
2035-02-08 06:00:00,6517.522334604132,5149.324156014371,611.51781320035,4545.1067617040735,1107.9329121879955
2035-02-08 07:00:00,6873.76270318159,5117.9875086214415,604.0808652999885,4588.7006825903945,1293.4857948981164
2035-02-08 08:00:00,7362.381504405411,5231.880435217232,599.6248396466498,4645.505727752584,1341.9330082341014
2035-02-08 09:00:00,7496.544118938486,5146.356630292082,592.6755245075907,4687.12656245079,1376.033746525032
2035-02-08 10:00:00,7765.827675715967,5183.516272099755,602.2233147233842,4676.748343040683,1381.4160494057664
2035-02-08 11:00:00,7477.293641353845,5062.265156305228,598.7670863640866,4634.718784361908,1366.2611760555492
2035-02-08 12:00:00,7381.380139300283,4922.855333519281,591.2782761323019,4571.466353757161,1308.802931247268
2035-02-08 13:00:00,7526.6160670205245,5101.450989156839,593.6945318635729,4490.713752356136,1286.064364375337
2035-02-08 14:00:00,7668.753007417067,5035.040432528278,591.9086835535078,4500.704453210793,1290.9782768288026
2035-02-08 15:00:00,7592.142817143417,5107.619908128314,604.762454487585,4611.001072313848,1289.3260522757323
2035-02-08 16:00:00,7726.457033705004,5365.703790806419,617.7774877641403,4765.907536797062,1340.4629323909203
2035-02-08 17:00:00,7940.282760965329,5526.923544758719,669.123459462179,4841.694027772985,1390.0331930238317
2035-02-08 18:00:00,7720.953380831899,5647.882589245869,707.7790820971553,5028.660091960426,1456.9143565721056
2035-02-08 19:00:00,7884.504399277539,5529.60300168209,707.337316031327,4970.0043063738585,1463.844948133745
2035-02-08 20:00:00,7684.788287661176,5563.125268546125,695.1339183875042,4871.93727646053,1442.3842009181062
2035-02-08 21:00:00,7595.567310535566,5173.003955699055,663.8899727647821,4723.951169480167,1365.3024465207309
2035-02-08 22:00:00,7116.802378120613,4902.05924525765,593.0598615524079,4480.5560328509855,1280.0766144824158
2035-02-08 23:00:00,6638.051297504619,4585.659724944439,545.5447999998897,4363.773115225466,1081.2125751413646
2035-02-09 00:00:00,6251.323920062631,4425.610667182766,520.3168212861804,4175.404973233246,979.682097360757
2035-02-09 01:00:00,6150.373682918293,4314.791230977697,499.53595083448766,4181.683405651856,917.1913357571872
2035-02-09 02:00:00,6098.816903844615,4337.803293209269,500.6773930723709,4164.799977251657,898.6852200296049
2035-02-09 03:00:00,6012.3430140207865,4391.09664803252,505.8044632981667,4073.380614162764,879.9421650208257
2035-02-09 04:00:00,6036.026166175463,4458.8544878244775,507.63638151720335,4135.359562895841,895.6361895010746
2035-02-09 05:00:00,6308.026594682289,4867.185050590704,541.4729477545694,4348.689459148182,942.8782296529336
2035-02-09 06:00:00,6392.956905148605,5092.074994778821,604.6765225666065,4574.101451883019,1104.5114506429595
2035-02-09 07:00:00,6831.364632270242,5051.197436945972,598.0640373446096,4602.939248105036,1284.6538783638548
2035-02-09 08:00:00,7317.97226095098,5205.948572473998,594.2122366532811,4631.346906271569,1335.451475598015
2035-02-09 09:00:00,7448.940837275022,5179.856748731323,593.8788081354722,4667.9912844831215,1375.1116218626023
2035-02-09 10:00:00,7598.554355094847,5261.991001139206,593.195389302392,4693.463876271029,1382.1784856977345
2035-02-09 11:00:00,7408.592370639199,5025.538821684286,590.0693988928128,4548.02532608962,1335.9793556424154
2035-02-09 12:00:00,7286.236051929354,5040.655975067328,579.3948577367006,4543.315929357091,1301.2661851711796
2035-02-09 13:00:00,7388.762245448674,4970.174428674522,596.3691681336333,4447.5929907565,1276.951982051417
2035-02-09 14:00:00,7359.547386470127,5061.684911766327,592.3368526385675,4639.144121469685,1268.712948447699
2035-02-09 15:00:00,7439.043615914258,5108.961023149449,601.9942305693976,4514.234686514767,1296.4017851473989
2035-02-09 16:00:00,7609.118245476768,5300.117829122092,627.89349285694,4665.654066724903,1337.256630508934
2035-02-09 17:00:00,7653.908505857287,5503.857555393201,682.8386307055198,4836.498614590291,1411.7791310745758
2035-02-09 18:00:00,7541.083659322197,5494.817054339058,704.2409029764594,4896.719796154137,1481.5554620343164
2035-02-09 19:00:00,7687.6464170891795,5647.290542272602,708.5605370284264,4933.965010534196,1444.2246278141456
2035-02-09 20:00:00,7684.088864869392,5506.633851026669,705.4503330815114,4996.009294338232,1428.17318726109
2035-02-09 21:00:00,7330.339597472498,5288.244170927083,656.4366946027835,4784.996283805914,1388.3440105810337
2035-02-09 22:00:00,6985.492091253334,4891.891297495368,602.4420043061417,4524.446891153299,1268.4548740409546
2035-02-09 23:00:00,6618.030230464549,4598.344013310993,549.6479462644874,4330.135259316604,1106.9913945605026
2035-02-10 00:00:00,6026.034825831916,4343.797467113909,518.0757350528262,4186.158250124162,968.6631941499128
2035-02-10 01:00:00,5942.686284189998,4320.438806966039,508.4982983090697,4078.839447743239,914.8900789660072
2035-02-10 02:00:00,5912.503565031102,4263.946549365199,491.6487048155898,4059.4907029682954,893.5516371794168
2035-02-10 03:00:00,5774.130553342606,4255.326918416828,502.15304646616266,4029.280007719653,875.5172727787746
2035-02-10 04:00:00,5871.396543449164,4462.061697248453,498.56533758842727,4149.259805403756,891.9524100103404
2035-02-10 05:00:00,6005.551556404225,4769.636353144587,542.2139023509477,4303.874075659441,949.3822573283188
2035-02-10 06:00:00,6148.226332896487,5043.8533577651615,597.2546318043135,4530.457916811267,1111.9016435439073
2035-02-10 07:00:00,6510.052263131483,5042.531298984061,598.501041884552,4539.879025590099,1296.5513872843378
2035-02-10 08:00:00,6868.619983250207,5090.660712858583,603.0046026468627,4532.015100291919,1335.4549614269265
2035-02-10 09:00:00,7078.08158239458,5164.312452965089,589.4741801275804,4690.801364167003,1368.1986428424525
2035-02-10 10:00:00,7252.245002446028,5095.536243960056,598.6540850159531,4636.055440769128,1372.507254320003
2035-02-10 11:00:00,7186.898546579493,5048.988261886367,591.4100132036585,4545.540976773993,1330.457019187718
2035-02-10 12:00:00,7115.111435172041,4939.381561803082,591.6698989647275,4555.060072574608,1280.58687197029
2035-02-10 13:00:00,7067.666829601117,4940.086270856394,582.2271344740548,4493.340368377927,1260.870297072025
2035-02-10 14:00:00,7169.940804766366,4912.240586698357,602.0222662923796,4487.789548415311,1257.8239910158354
2035-02-10 15:00:00,7445.609677818008,5151.766556172024,602.3165108301437,4584.542200575364,1307.2674876176038
2035-02-10 16:00:00,7265.65437139662,5352.239935430705,630.5990847568538,4676.210925460499,1322.1081859253677
2035-02-10 17:00:00,7489.956703804963,5499.990690856039,665.0025636076643,4741.157311330171,1393.2763169550317
2035-02-10 18:00:00,7378.803021373365,5483.626685523255,679.4943288515213,4920.623432572251,1428.070002081254
2035-02-10 19:00:00,7384.864454217533,5573.953705698671,697.8246046676818,4828.675160174375,1425.470674437147
2035-02-10 20:00:00,7555.558414375693,5555.404635786023,698.4012905082548,4932.8263232089685,1424.9972398556938
2035-02-10 21:00:00,7134.206533778628,5054.043660029132,667.5759177848947,4666.943177126411,1384.711825615114
2035-02-10 22:00:00,6763.607720273642,4839.625855624226,590.6329444708069,4461.095062090814,1255.2896534023778
2035-02-10 23:00:00,6345.719336046815,4483.14428058727,540.7591868484199,4247.838855886135,1064.6714035725165
2035-02-11 00:00:00,6278.299235979452,4449.859443817502,513.2041321889275,4198.5955994585975,961.0448706114504
2035-02-11 01:00:00,6288.43132943669,4342.06390643859,504.9494872632857,4219.924212804092,934.7005677139332
2035-02-11 02:00:00,6109.109681933676,4275.52223165902,499.2163957499741,4122.3146887170105,905.32844148808
2035-02-11 03:00:00,6155.91503586155,4374.281505228914,502.1486431620256,4121.832389445759,891.9690041546072
2035-02-11 04:00:00,5983.282769792011,4500.428358586518,507.433314168245,4189.531176466296,898.8362991994582
2035-02-11 05:00:00,6285.292394267491,4923.623802285746,547.8640867359198,4244.793262254355,952.4696316581
2035-02-11 06:00:00,6493.159963638346,5134.379491988751,598.624560580454,4569.326596845473,1114.3155941804216
2035-02-11 07:00:00,6732.419058679024,5153.52534766186,605.2012850005954,4606.090562220528,1286.7827689835572
2035-02-11 08:00:00,7205.593303845936,5153.180367157287,596.2296383049909,4661.972793827842,1316.2322749512805
2035-02-11 09:00:00,7519.909141183633,5149.321681184279,590.7920137122394,4677.150181726321,1380.171235259074
2035-02-11 10:00:00,7525.076809151359,5182.295618971914,597.3611219022333,4643.9587232178455,1362.2414947937425
2035-02-11 11:00:00,7336.530944748035,5028.324604649639,588.1386085672407,4492.821802624826,1365.8378824455092
2035-02-11 12:00:00,7346.985620851972,4960.5307598934505,589.0300283065155,4623.497700415976,1298.3833662732984
2035-02-11 13:00:00,7415.784481797552,5067.39260880805,585.7893312212514,4604.459786801117,1265.8900380595069
2035-02-11 14:00:00,7297.720326914864,4931.104076194481,588.8946015405155,4599.229950448888,1284.438038808485
2035-02-11 15:00:00,7427.707240890333,5211.680405433375,604.0619299686347,4618.469243571595,1300.6489516840163
2035-02-11 16:00:00,7621.525025737409,5311.433343504164,625.8646999091158,4691.911477576735,1339.6584766830958
2035-02-11 17:00:00,7770.133095931164,5538.268091368829,657.1833817805798,4889.305804035552,1422.8723520395124
2035-02-11 18:00:00,7666.348298343952,5659.449034326814,688.5359259626966,5038.648852303323,1454.1641791457084
2035-02-11 19:00:00,7786.718295513267,5624.769079164831,708.97077671848,4990.390568695338,1439.907378188018
2035-02-11 20:00:00,7630.212764298512,5575.042251891136,695.4689401256137,4989.709219799179,1417.315829405216
2035-02-11 21:00:00,7458.612035307048,5155.084260590598,659.8083124710496,4798.545066583961,1390.0908972880188
2035-02-11 22:00:00,7116.803591370209,4929.730959149212,591.7584753640717,4488.616485074623,1240.151961526068
2035-02-11 23:00:00,6457.302840705373,4520.177155751425,552.2959592081877,4385.98087140478,1074.2519821365393
2035-02-12 00:00:00,6342.6486042288125,4418.527220235293,511.9264332140082,4283.53271045199,973.7061134492596
2035-02-12 01:00:00,6157.065360617743,4287.413141882521,501.9217301272285,4141.74879628131,919.3125329018396
2035-02-12 02:00:00,6046.3534699045,4307.621593713582,493.4965457154288,4161.269842804147,895.7502524019453
2035-02-12 03:00:00,6015.552731091837,4357.690348061786,507.7929390860502,4090.426749954094,903.3881186355616
2035-02-12 04:00:00,6006.846732793412,4464.031978513328,515.8114885290489,4157.445923566227,899.8753844063191
2035-02-12 05:00:00,6224.182358449042,4947.3834324359805,540.4566967605926,4333.656697694863,936.4151645248588
2035-02-12 06:00:00,6530.037809564985,5215.401255436359,609.2375910552809,4564.691868849922,1108.730592440351
2035-02-12 07:00:00,6821.671310451004,5098.605031456898,602.1207775304495,4620.430628769495,1304.6711324400678
2035-02-12 08:00:00,7220.969763200451,5142.6068255234495,597.1202360890644,4685.363705055313,1336.48987120349
2035-02-12 09:00:00,7502.67449961323,5199.422370704995,594.1600209443443,4693.543298563612,1366.875935524745
2035-02-12 10:00:00,7648.412198270417,5135.121090789241,601.1126825828629,4706.548884925367,1346.0427845581523
2035-02-12 11:00:00,7460.832896363372,5056.545607919992,590.8597949007024,4594.001757015752,1372.6634381147885
2035-02-12 12:00:00,7285.827830088006,4998.503483229189,582.8741347463081,4607.229568796743,1266.942905641531
2035-02-12 13:00:00,7401.644235905784,5059.554322670073,593.4210269599125,4524.940124271426,1283.890506065702
2035-02-12 14:00:00,7500.746995841911,4975.166036200365,590.4415735785375,4614.871345335281,1274.4121614443957
2035-02-12 15:00:00,7591.427553633064,5078.420080304239,597.3758274189697,4561.602472373918,1302.320423856828
2035-02-12 16:00:00,7673.825145585494,5304.872736953616,635.9421893868209,4682.952759779803,1367.3365476517145
2035-02-12 17:00:00,7857.052252924485,5468.887047665409,675.4426063414019,4834.187014163456,1420.476839191752
2035-02-12 18:00:00,7700.282442227633,5625.658637424515,702.7910971583669,4888.006652126886,1452.6656528284086
2035-02-12 19:00:00,7624.889179516365,5658.812822899828,703.5694348980712,4798.430567850696,1437.678899243967
2035-02-12 20:00:00,7651.022340115526,5480.734190085987,690.4561296011802,4868.748840929096,1417.722322760342
2035-02-12 21:00:00,7431.640802420681,5255.011355374943,663.0507289147882,4796.068996518175,1400.5381187143298
2035-02-12 22:00:00,7041.25483256301,4879.598592035699,597.0697205760249,4632.792163611927,1253.1359530457585
2035-02-12 23:00:00,6649.63438405343,4663.761341828287,549.3124301335483,4310.108283912987,1099.525903179068
2035-02-13 00:00:00,6204.655382428398,4410.254961624547,515.0421020720137,4212.936630739807,979.9134888410596
2035-02-13 01:00:00,6253.288025262447,4315.499559564638,507.9243594348718,4162.025171801237,928.740560527634
2035-02-13 02:00:00,6167.586491955792,4327.835928896624,497.02357564475375,4146.875030557353,874.8162340329916
2035-02-13 03:00:00,6181.934876989304,4408.5847757924585,493.7162463745372,4096.542250548194,897.0902217557217
2035-02-13 04:00:00,6086.785712852371,4467.5664286465,505.9002443699828,4139.424134940337,914.0396922886108
2035-02-13 05:00:00,6347.253684203451,4833.3593464738615,541.3152777248803,4391.720312196851,972.2954752757591
2035-02-13 06:00:00,6622.220171179732,5178.171510881215,597.2442635412496,4582.509721641053,1108.680654483525
2035-02-13 07:00:00,6756.428161878216,5085.630784327521,594.3855667904252,4609.631858947087,1302.527117476414
2035-02-13 08:00:00,7226.286972002833,5253.549386481916,604.9981988908226,4678.693361064641,1354.9754013165343
2035-02-13 09:00:00,7521.396811988875,5204.345489328476,591.5298591645181,4725.60141076789,1366.2662760720293
2035-02-13 10:00:00,7553.323454273809,5176.303859590289,592.4390553648881,4669.884080991628,1359.575556300017
2035-02-13 11:00:00,7631.336312529415,5046.833262317146,589.5437399357577,4611.496322771998,1334.1010549466234
2035-02-13 12:00:00,7354.937640523816,5008.725946440568,599.5645720252285,4516.83381368842,1314.2354514529543
2035-02-13 13:00:00,7354.581183164363,5067.367207957261,590.7146038482053,4499.447412817995,1274.9973114137758
2035-02-13 14:00:00,7652.399007055432,5076.436942240357,589.9631012411567,4628.794663437827,1282.4089632671075
2035-02-13 15:00:00,7583.356154556361,5122.4349252645015,598.2309719643564,4740.419919540127,1305.0239482039508
2035-02-13 16:00:00,7584.6843210682,5387.594200355293,627.536404403453,4692.599343966497,1362.790502353064
2035-02-13 17:00:00,7569.158859231949,5509.497870908439,665.975841848778,4884.929835812674,1419.538334977167
2035-02-13 18:00:00,7815.687829278884,5622.888165555075,681.4881049100114,4907.149660597338,1456.042885830977
2035-02-13 19:00:00,7976.229909251782,5649.285532098025,705.9310962931287,4954.898880061533,1483.694729646473
2035-02-13 20:00:00,7851.595843060556,5553.813588763241,696.4997659826263,4904.301555733256,1418.358658746926
2035-02-13 21:00:00,7630.863205160031,5280.136907334938,663.5623560988897,4806.700457706591,1396.0022277301046
2035-02-13 22:00:00,7295.673503008132,4898.644600870938,595.2231948738688,4607.423362415922,1264.3481944151974
2035-02-13 23:00:00,6583.934924566106,4608.666661637134,555.3952077222729,4378.96020940031,1081.3505941609214
2035-02-14 00:00:00,6305.373165128245,4457.014758609723,514.8150350515336,4152.918613879225,961.602221571634
2035-02-14 01:00:00,6290.1731697271325,4294.247552518295,502.2027547696947,4176.757310291547,922.9137465205152
2035-02-14 02:00:00,6111.793749410352,4311.254353497861,494.13870680944126,4172.313305321472,892.2279277633676
2035-02-14 03:00:00,6089.176429842901,4359.633887832055,499.5600329553153,4103.006455484047,898.209154103186
2035-02-14 04:00:00,6115.080305572906,4482.6387180077145,501.4172072021789,4237.42675913365,903.717681199828
2035-02-14 05:00:00,6234.000214279383,4953.879520758762,538.4747988908322,4342.019261434024,972.419046875782
2035-02-14 06:00:00,6514.769689434338,5101.204290210708,602.5015536680432,4580.632888759537,1135.9553850877182
2035-02-14 07:00:00,6868.089103713489,5139.317604261136,600.1265316375575,4651.728287249076,1285.6768153354317
2035-02-14 08:00:00,7321.030850267219,5156.008396349349,604.2854445921389,4627.337430852721,1367.013932342859
2035-02-14 09:00:00,7623.31724193359,5183.0400591784255,602.474243866867,4687.096652685664,1377.677748950504
2035-02-14 10:00:00,7602.752525096332,5206.743919282031,602.6999024879366,4714.223138406405,1375.1350443582628
2035-02-14 11:00:00,7527.489536375325,5097.632359113059,602.6602350742365,4648.700411536122,1361.0847120004448
2035-02-14 12:00:00,7312.856293706191,4976.837511199023,584.3858171490115,4510.735329892925,1298.0227310400394
2035-02-14 13:00:00,7554.080368585583,5046.030846619181,586.2185399508255,4566.809021284095,1287.210078348189
2035-02-14 14:00:00,7523.829908975967,5007.522066419767,584.8143752872509,4527.6200617809545,1266.2687732737984
2035-02-14 15:00:00,7634.738029478805,5148.452351649577,594.8089175681181,4649.018817999026,1315.750467741378
2035-02-14 16:00:00,7686.264369710469,5498.265717044269,635.9928887473482,4711.966374638046,1334.9844469604298
2035-02-14 17:00:00,7788.602674055241,5583.758686844794,670.9036608918352,4850.012718257813,1417.9346157607847
2035-02-14 18:00:00,7791.879896516367,5672.801248690064,679.4364498730398,4891.783689189173,1478.451105963572
2035-02-14 19:00:00,7786.700698842728,5550.955914280482,701.0732058984928,4998.491645803195,1489.6484942366003
2035-02-14 20:00:00,7840.471439135576,5520.48052152551,694.6145331892473,4909.142198016243,1418.6500999750335
2035-02-14 21:00:00,7471.619154521951,5261.453378388133,651.8996015607349,4749.887062274652,1423.8403602307442
2035-02-14 22:00:00,7170.814153766113,4923.7478656168205,599.2013445187597,4604.265862146377,1277.677846381808
2035-02-14 23:00:00,6643.720103960371,4670.060033295575,550.9015035053675,4371.90936870125,1078.8851632459532
2035-02-15 00:00:00,6443.697191713213,4431.610872845157,524.0865148576598,4161.720984771076,977.8672930010484
2035-02-15 01:00:00,6276.618696224635,4420.1271205299245,510.03020825056814,4150.581937417883,936.34630050403
2035-02-15 02:00:00,6199.522750466035,4292.333490304912,502.2142626398292,4136.026523593489,892.9690401771857
2035-02-15 03:00:00,6140.105648346789,4382.811328689545,503.1959738263184,4157.063821298494,904.664676452513
2035-02-15 04:00:00,6033.259308167006,4469.18920269318,510.8911523913155,4211.47369227103,922.6502424851589
2035-02-15 05:00:00,6313.165570140276,4845.793659015852,552.7153684245831,4335.278746026209,971.0783345929568
2035-02-15 06:00:00,6455.200481560332,5140.080868281981,610.6647107412107,4541.326093888388,1138.346905306677
2035-02-15 07:00:00,6829.380006316303,5193.162823735706,606.8224984015482,4695.50716172981,1322.1870466084492
2035-02-15 08:00:00,7336.709351606518,5216.162891509041,620.0437431849082,4695.578206351655,1361.5040996928242
2035-02-15 09:00:00,7584.846336547592,5274.302673180781,604.4943456641507,4641.46399993173,1364.1728467080388
2035-02-15 10:00:00,7710.756233753601,5079.607994355181,605.6423413342748,4676.500889784826,1374.1885969528917
2035-02-15 11:00:00,7556.857025886994,5064.746534631281,602.0334108759897,4633.029269586949,1368.565857432212
2035-02-15 12:00:00,7472.825687375544,4989.027336478765,589.5542111222633,4535.801527114845,1312.3613744468555
2035-02-15 13:00:00,7615.591476939067,5032.067810389551,598.7783632082009,4605.451841807303,1269.9764986441949
2035-02-15 14:00:00,7510.157235262338,5061.949960517769,587.5748386181917,4600.711957297734,1290.5578200546622
2035-02-15 15:00:00,7622.935958735018,5165.528105694772,592.9015883393814,4552.757159795532,1284.8497716628017
2035-02-15 16:00:00,7678.091127463588,5302.430622085707,621.8916828354068,4782.423966051773,1344.4493937550187
2035-02-15 17:00:00,7758.607063524449,5533.217931685688,676.0106674502347,4851.985370681855,1424.3171999195574
2035-02-15 18:00:00,7719.905519785739,5656.530548998754,704.4152402683354,4983.848225322424,1465.331218495679
2035-02-15 19:00:00,7625.712221864223,5674.376046480258,712.1700980644591,5011.147052018104,1472.1148995472593
2035-02-15 20:00:00,7742.960858952281,5572.692201675769,699.3896330932697,4887.906358893956,1459.2618745876734
2035-02-15 21:00:00,7605.529355368859,5227.369937162599,659.8806081701683,4728.197838899235,1395.7710982598712
2035-02-15 22:00:00,7179.592324012852,4876.6152815481655,602.5557839640795,4598.109820186831,1268.736741521915
2035-02-15 23:00:00,6605.43614728118,4699.494683228752,549.6315070769558,4342.708204314944,1090.2477640621742
2035-02-16 00:00:00,6261.925411058035,4420.703255661399,523.2552084656738,4168.807013317992,981.7156112536974
2035-02-16 01:00:00,6102.125946130069,4410.477592375765,499.90342338330703,4167.312547917867,931.0264108792152
2035-02-16 02:00:00,6039.653209343262,4228.643934788705,498.9130153015002,4111.534078368947,896.5860781675785
2035-02-16 03:00:00,6010.335289120228,4373.09526968446,509.5932450813787,4132.130027772714,871.4145181767514
2035-02-16 04:00:00,6041.040238420519,4440.981212339444,509.3439136074657,4124.856297160353,902.7710049633778
2035-02-16 05:00:00,6229.481866754451,4869.654055688861,549.6481590382186,4358.219981520696,954.7754966171784
2035-02-16 06:00:00,6567.055854887432,5109.8980576153135,600.4003443132037,4650.091466520866,1102.2641332013943
2035-02-16 07:00:00,6667.904572381204,5040.422274372176,599.310074797265,4551.541817461746,1295.589640348678
2035-02-16 08:00:00,7285.325986698153,5213.154041805967,599.988432352047,4629.980183636942,1368.8115400134625
2035-02-16 09:00:00,7448.406864122722,5107.910713562767,598.3337736782216,4756.415995925876,1368.5101392128938
2035-02-16 10:00:00,7482.704712451131,5137.950607625457,601.8532098179771,4682.023171460867,1344.3957182488532
2035-02-16 11:00:00,7426.216070054032,5072.514092464922,595.702118317076,4607.5037417838,1353.9103415737884
2035-02-16 12:00:00,7387.292763903063,4906.759479467124,596.8944775370375,4515.934249320832,1301.3662055052932
2035-02-16 13:00:00,7494.783393518215,5053.808727709255,593.269663982768,4524.076012642674,1287.9759789564578
2035-02-16 14:00:00,7377.679481015443,5155.45006310088,595.9264323347179,4548.04274492087,1278.9341343760773
2035-02-16 15:00:00,7670.925473754078,5037.424639892413,597.8842207700009,4608.857398234027,1289.8189990328272
2035-02-16 16:00:00,7667.983050215877,5377.178392295048,634.6199457855887,4724.356424203151,1331.7064787504685
2035-02-16 17:00:00,7641.500430510245,5579.160337664632,670.8993174220402,4875.2263416496935,1416.3579619890927
2035-02-16 18:00:00,7723.202765081002,5564.290749842763,694.5564127859573,4864.6024099517945,1471.4142032289712
2035-02-16 19:00:00,7681.4979917283345,5615.068251159882,704.0751439818983,4975.968097219473,1432.791904534189
2035-02-16 20:00:00,7805.269882426022,5553.606020367848,715.7283521717775,4889.190891759064,1457.973466953811
2035-02-16 21:00:00,7522.367920827381,5265.018734656275,665.9210754392049,4788.608013061858,1397.9641750313897
2035-02-16 22:00:00,7025.316731127236,4871.798824058905,592.2265732694882,4536.285198282528,1259.2776701416178
2035-02-16 23:00:00,6547.667227449645,4611.458508285329,547.5046941697537,4368.003712597288,1070.5066502124955
2035-02-17 00:00:00,5943.528397646446,4360.274164042834,525.5312025163702,4238.647679539214,949.516802929075
2035-02-17 01:00:00,6029.08185675435,4255.211178355229,498.8671905235342,4170.395729182149,921.4570660032384
2035-02-17 02:00:00,5873.003060863022,4237.670181311591,490.138493141021,4151.687670705381,890.7821976032303
2035-02-17 03:00:00,5851.550721779781,4331.749047629642,504.21045513777216,4123.783717287878,866.5668458259755
2035-02-17 04:00:00,5878.089455992519,4384.073997101456,503.29632752137854,4110.15166158469,902.39801307884
2035-02-17 05:00:00,6057.204990198254,4827.129376846458,553.489115151686,4271.138460922989,936.1301738426332
2035-02-17 06:00:00,6240.935385681545,5139.163733390891,605.8757406321594,4555.2804092120905,1094.6683903091896
2035-02-17 07:00:00,6602.359051475607,5042.530190965676,596.2943223684861,4597.552334152801,1264.6538585391838
2035-02-17 08:00:00,6922.572735144216,5077.446586950881,598.4672679327468,4613.4018276792185,1330.675342759662
2035-02-17 09:00:00,7238.20656385603,5173.302053252436,597.5719362164049,4691.041515577059,1355.0999886433517
2035-02-17 10:00:00,7321.457285603781,5106.691850898383,599.8047461424613,4650.532253203794,1353.9698452528537
2035-02-17 11:00:00,7217.327704501811,4980.928296425167,586.9863082987064,4630.635628248968,1339.8275830303824
2035-02-17 12:00:00,7121.692745111614,5010.377637281066,581.886341321875,4457.013664573396,1279.088424746348
2035-02-17 13:00:00,7269.042856703667,4989.146626503571,593.1771364006486,4532.033791475799,1276.715479256314
2035-02-17 14:00:00,7269.2802043957745,5002.708800734545,597.2181875971935,4555.59268710497,1268.080736295012
2035-02-17 15:00:00,7148.860249275057,5088.908518434061,596.8661097316543,4618.984177116668,1271.1980803196277
2035-02-17 16:00:00,7320.186773258379,5132.880776294664,620.0223995719083,4677.360989710844,1325.086085078625
2035-02-17 17:00:00,7523.70504430839,5450.24194104336,673.5712336842239,4817.360694909048,1371.0049352606625
2035-02-17 18:00:00,7500.644679408485,5490.5690073011365,679.9013037253749,4829.431811647255,1428.6998098008753
2035-02-17 19:00:00,7453.497459240684,5578.3647872986085,714.1245499576161,4893.640974476577,1439.0522901567742
2035-02-17 20:00:00,7332.241990935317,5500.158616156218,704.2707899657503,4861.170829238672,1439.015122760959
2035-02-17 21:00:00,7228.89480035513,5160.130877570931,664.1947813794482,4678.345548743166,1383.4855984532462
2035-02-17 22:00:00,6774.481720085223,4824.368235586197,585.2947093865255,4510.563116769956,1265.420345323516
2035-02-17 23:00:00,6355.343732805878,4461.707454353311,548.6980957465612,4315.40649175029,1081.7055406899908
2035-02-18 00:00:00,6302.806948209242,4391.798819164243,512.7943834482405,4188.362273267933,986.0995729375784
2035-02-18 01:00:00,6189.224399088165,4338.025952292186,505.5863602955916,4123.531841924882,923.7448823229544
2035-02-18 02:00:00,5997.238226896203,4245.447344922299,491.3122855373437,4148.946867153572,889.0281479533562
2035-02-18 03:00:00,6067.392258996199,4308.176443074502,495.6509731530693,4169.028127641349,885.8639439889091
2035-02-18 04:00:00,6108.943038513633,4480.776924361489,504.4690562130756,4181.313581430141,889.8507669293801
2035-02-18 05:00:00,6324.487969526333,4839.9400469061775,546.9167817022278,4349.483980496148,941.625832710616
2035-02-18 06:00:00,6376.83659292444,5160.018401361627,596.1440031437617,4582.466157048008,1100.149891277171
2035-02-18 07:00:00,6810.40655655568,5120.934574824248,598.7076024113801,4684.420431708433,1284.4119911761943
2035-02-18 08:00:00,7171.596232954161,5162.990893516409,603.1117948109666,4588.892761391368,1348.1068835922088
2035-02-18 09:00:00,7512.063040155848,5102.945030138008,594.4436894901455,4636.127518218241,1364.8562833155474
2035-02-18 10:00:00,7419.804543618244,5051.265113867108,602.8037299191393,4674.712928753471,1353.5310618197411
2035-02-18 11:00:00,7466.057336345661,5061.378205242816,596.16056452862,4625.672743328679,1325.8970105638025
2035-02-18 12:00:00,7324.478233179996,5050.141999375954,603.5554883038404,4555.021466168022,1274.8812370077214
2035-02-18 13:00:00,7405.045425121383,4953.632404251794,600.3591488541133,4556.065826190157,1269.7920103202134
2035-02-18 14:00:00,7451.184416819423,4964.440987636424,582.8287212228755,4532.561478288116,1281.5725329886147
2035-02-18 15:00:00,7493.407866468579,5096.062697219892,610.7370047018818,4601.89514174963,1304.052512152813
2035-02-18 16:00:00,7579.014909941586,5281.236094731263,621.5206208833524,4734.918864742117,1328.2981184506714
2035-02-18 17:00:00,7695.288390720719,5514.871196930657,666.4973689915115,4824.551908303162,1424.8283432679837
2035-02-18 18:00:00,7655.047736990443,5553.213525071311,694.3951672215534,5005.303150929448,1449.9393678437275
2035-02-18 19:00:00,7782.431901600573,5639.588373474223,706.1524348426984,4959.841356689456,1463.9124244933953
2035-02-18 20:00:00,7649.383352869857,5597.753242763773,705.1046007929972,4873.891478503791,1449.2805654994152
2035-02-18 21:00:00,7372.644709241523,5204.641671139147,660.8963590503951,4804.016323568521,1400.8179634338194
2035-02-18 22:00:00,7128.394106014243,4863.015687234803,589.0103237085248,4554.751552769544,1246.6510274762295
2035-02-18 23:00:00,6655.554141094492,4627.121716473127,540.2990765455382,4389.094491082745,1079.9292242062245
2035-02-19 00:00:00,6196.000344632816,4526.351136538765,517.6333580965751,4278.242162071712,959.9249152651352
2035-02-19 01:00:00,6197.406338235483,4313.887328615633,510.9397190007057,4204.730251286462,915.4530070287176
2035-02-19 02:00:00,6032.3176209759895,4385.215168199431,496.0043034420909,4209.444774365443,889.0087390686335
2035-02-19 03:00:00,6141.80565340907,4451.798097413606,497.6244693644874,4148.228848357096,886.4106439317055
2035-02-19 04:00:00,6231.976115025416,4517.550204172762,507.2601724276927,4181.793724576632,899.0000117734706
2035-02-19 05:00:00,6375.761265256629,4901.072139215924,549.1080955273281,4332.35140729176,955.905826375993
2035-02-19 06:00:00,6435.496136931694,5195.31241516989,595.3681227894363,4589.391592143936,1132.5123695955606
2035-02-19 07:00:00,6870.908916188278,5145.370998414423,602.4985954851347,4673.246650381888,1272.128554499657
2035-02-19 08:00:00,7365.145477182085,5210.834526723174,601.7953313691567,4640.319487658312,1340.0115222861264
2035-02-19 09:00:00,7543.911894332752,5171.02958516879,598.8275918665001,4758.675258772647,1374.7271622201351
2035-02-19 10:00:00,7694.934474335753,5162.735439888795,597.2067268335683,4629.630741564182,1358.187997213629
2035-02-19 11:00:00,7503.902965322107,5107.767433160327,585.5676502123264,4618.104748026293,1339.9004479705025
2035-02-19 12:00:00,7265.717537666529,4986.937768357226,591.7467166432237,4530.875045648273,1308.298400368776
2035-02-19 13:00:00,7564.674002063957,5015.163171434531,581.1738086172694,4563.895433508748,1289.7504570766046
2035-02-19 14:00:00,7613.234145390322,5044.523674520327,596.1305988737993,4595.035053325654,1290.854783780491
2035-02-19 15:00:00,7571.289381553204,5196.086876143275,607.0928784519938,4565.659296103337,1301.8791733916237
2035-02-19 16:00:00,7576.099363014482,5229.203602275719,635.3237843137247,4691.72578963929,1349.328862524569
2035-02-19 17:00:00,7840.195927483151,5540.76956110872,666.2280518424049,4838.346894027843,1404.3009954176373
2035-02-19 18:00:00,7767.613122472867,5565.699495113783,688.9991238910475,4938.02486554836,1459.6081599433385
2035-02-19 19:00:00,7721.522430612438,5728.967713091321,699.9466207191981,4981.238661549101,1445.515226151078
2035-02-19 20:00:00,7866.125020610157,5458.966382834179,697.1040462853944,5021.02409097019,1446.5047256462112
2035-02-19 21:00:00,7547.757445919655,5075.916035030814,656.2150484919122,4784.247257244024,1402.0698424253867
2035-02-19 22:00:00,7143.903973124557,4926.591378705338,593.1115325823912,4500.157520418772,1240.8670570237664
2035-02-19 23:00:00,6613.937158001574,4586.763961693805,554.4447747811035,4310.721847718444,1086.5351375263938
2035-02-20 00:00:00,6367.931022583398,4458.011173966622,524.6307180242715,4289.363543367773,985.924025990304
2035-02-20 01:00:00,6281.036901478957,4322.870780906296,501.8543636036915,4203.441237059017,921.0754303315013
2035-02-20 02:00:00,6176.479768116758,4341.529342869116,495.1355111628398,4099.469472984388,906.8854402183048
2035-02-20 03:00:00,5998.437020389054,4379.113996821107,497.8556996655112,4115.389117174811,887.3507104301234
2035-02-20 04:00:00,6037.530387207064,4561.649703029506,509.4508626616871,4127.403554000023,898.5936697378874
2035-02-20 05:00:00,6306.799380872325,4852.220517799418,543.6619004777043,4247.297774929662,959.8768176498952
2035-02-20 06:00:00,6577.98250051748,5235.331516753989,605.4740751664215,4587.437096990638,1125.3650528902886
2035-02-20 07:00:00,6815.109115488628,5081.903748909522,602.9139783969239,4634.172878642043,1307.710032700984
2035-02-20 08:00:00,7335.720259058917,5183.472389393843,599.067688884538,4725.334583485062,1356.6269924025346
2035-02-20 09:00:00,7537.9045323875025,5160.328130840181,602.2738748181811,4675.387418764704,1377.098782109054
2035-02-20 10:00:00,7607.003995463729,5109.0068531294,603.0170074818377,4640.028224809166,1378.9444586109144
2035-02-20 11:00:00,7609.032201136501,5117.360790101722,591.6035168060433,4593.53562795842,1355.5579391524136
2035-02-20 12:00:00,7441.621614776185,4990.832596285209,585.881255621969,4591.055753458859,1310.1425230722691
2035-02-20 13:00:00,7522.974620727655,5016.243091647876,599.0739421564241,4571.022487318529,1290.9264675192048
2035-02-20 14:00:00,7482.818377886932,5017.318608105072,594.6027177315988,4556.989400959846,1283.779702394429
2035-02-20 15:00:00,7610.968064707442,5202.561498232166,591.9317990224295,4602.281615695832,1324.1008913067897
2035-02-20 16:00:00,7684.888956617819,5254.730619534477,613.3713526110712,4725.857864416125,1364.9713905761243
2035-02-20 17:00:00,7676.897745777906,5618.921963566179,655.071130082437,4846.388456018819,1402.0404247819497
2035-02-20 18:00:00,7732.37292383807,5580.97201072399,699.2698780216016,4904.876646056773,1466.8305400868103
2035-02-20 19:00:00,7835.819797182927,5642.223183868655,711.8545928411469,4959.238613359591,1455.182197871951
2035-02-20 20:00:00,7771.589626091458,5565.780341242116,704.2591064779044,5030.779116057155,1467.496373582405
2035-02-20 21:00:00,7494.3414634889905,5299.719660907874,667.4435321751051,4754.784989309134,1408.600977051569
2035-02-20 22:00:00,7041.244070901274,4914.637960872341,594.3801126047393,4518.305357333554,1265.4277908196843
2035-02-20 23:00:00,6643.014326223343,4616.265773306307,556.4843696362793,4402.094621677292,1096.359207503652
2035-02-21 00:00:00,6356.017987631489,4406.189416670647,530.2571194455313,4219.029261655122,984.9700320065216
2035-02-21 01:00:00,6206.728128249748,4304.451713964535,502.5553957007128,4222.001532319329,909.1907671320416
2035-02-21 02:00:00,6107.3985307308885,4408.154599518573,503.3357714237642,4181.850812853124,893.8936609422195
2035-02-21 03:00:00,6114.641861837767,4396.335025647271,498.2541396081227,4093.940275432823,906.1101311293352
2035-02-21 04:00:00,6201.462822972162,4500.285458681581,508.7686809351708,4188.753269819713,909.0721309659286
2035-02-21 05:00:00,6360.621936004147,4844.710897263866,544.4062554545825,4267.464370193053,953.4582144259276
2035-02-21 06:00:00,6540.230592015749,5151.98181740232,591.9245464511886,4570.873888533193,1133.8799077423091
2035-02-21 07:00:00,6818.074606317556,5213.80554256743,598.8109765007255,4591.350939667768,1292.397153569592
2035-02-21 08:00:00,7339.711858522953,5267.91856914944,602.8869322975157,4616.25664615082,1356.9197492135895
2035-02-21 09:00:00,7503.297949451686,5305.037198036304,594.2210608161979,4682.176277478834,1395.535320893124
2035-02-21 10:00:00,7576.648235326517,5270.1672157803,586.668297711033,4794.1880220022,1378.6526045036746
2035-02-21 11:00:00,7676.085257522394,5116.796160156846,594.5783843619489,4688.770265179818,1355.7122814091465
2035-02-21 12:00:00,7380.590086094529,4996.799780777662,588.2971800324448,4523.193351935808,1284.710763102143
2035-02-21 13:00:00,7393.917314505718,5110.0454202751735,589.8559361330189,4610.914338215221,1268.6853383160062
2035-02-21 14:00:00,7456.225294750113,5109.372965882975,591.1628176122264,4593.782600097541,1301.468584438545
2035-02-21 15:00:00,7544.531913392678,5187.954200122955,612.4449822345291,4627.767641303919,1300.0351954376029
2035-02-21 16:00:00,7576.495915962336,5371.673234151658,632.3565059531893,4786.255305705512,1374.7717898335254
2035-02-21 17:00:00,7807.072224131624,5526.629509791198,664.058623861972,4855.891007831308,1409.3455888427586
2035-02-21 18:00:00,7652.355980254434,5663.402178194,703.7990905486502,4868.156566276048,1474.4192600945205
2035-02-21 19:00:00,7805.62368284381,5677.267939905617,704.0727590394905,4979.489303638034,1478.782524535035
2035-02-21 20:00:00,7763.712851515111,5543.972082620587,705.9741313246744,4935.000310928984,1475.32123940335
2035-02-21 21:00:00,7393.503220665027,5332.131343072513,669.3035219507922,4811.793935165212,1381.621108148838
2035-02-21 22:00:00,7175.414273569181,4951.971168413946,598.5683584426739,4571.747016023093,1274.888192658528
2035-02-21 23:00:00,6758.057684314382,4626.3634281581535,550.0501760359782,4415.604881305181,1079.2816029751473
2035-02-22 00:00:00,6361.361407948029,4453.906683790074,523.6996881988723,4210.239436064518,978.8364395055562
2035-02-22 01:00:00,6198.46904201109,4478.623222021469,507.0272274085568,4194.881969092881,915.9395661054592
2035-02-22 02:00:00,6100.291879265568,4319.93804664115,496.5536989578749,4170.907509172958,903.1388826909048
2035-02-22 03:00:00,6047.829222401115,4407.548866081992,495.21169094196017,4146.522755520887,899.3455234252027
2035-02-22 04:00:00,6240.4366385775,4534.967883026147,505.0885339639999,4202.681098214372,906.7549485340638
2035-02-22 05:00:00,6371.078945351391,4858.18957065248,545.2063029093856,4286.4711245266,956.3616050803334
2035-02-22 06:00:00,6580.2650388042175,5119.628524811215,607.0134052417351,4629.043877234376,1125.0074908262957
2035-02-22 07:00:00,6864.872276228297,5127.024306734563,599.1590123462651,4650.204592672632,1302.4370657165246
2035-02-22 08:00:00,7367.880959104975,5265.01549777892,610.0210913519278,4703.086900242141,1354.2639915675693
2035-02-22 09:00:00,7584.286381548839,5250.634383666334,602.1960762307359,4695.486331785801,1387.725779023663
2035-02-22 10:00:00,7747.594242184029,5131.916660046308,606.1732895525092,4693.995533126825,1354.8705131442402
2035-02-22 11:00:00,7558.07586285169,5117.862738262224,599.7873088391672,4643.236617675167,1363.8341866489395
2035-02-22 12:00:00,7497.640672318598,4936.804110695653,584.7114725545301,4614.171152921432,1318.2329214087974
2035-02-22 13:00:00,7417.380017772121,5098.148517266524,591.8421105092954,4714.906666567651,1285.0869795878791
2035-02-22 14:00:00,7618.648344163354,5070.987901264522,595.0910925589366,4620.861267081942,1277.1166558572795
2035-02-22 15:00:00,7510.162247359491,5153.605079310511,603.3681051902148,4677.3067776905045,1322.3603450476312
2035-02-22 16:00:00,7666.96583815135,5358.274756499508,635.9644781231107,4654.308662314142,1361.1570923802344
2035-02-22 17:00:00,7837.211073639079,5495.424200687171,662.7313568044938,4871.192767925865,1434.1193353257972
2035-02-22 18:00:00,7725.892827582511,5551.898379137644,687.1426215030491,4970.825442603982,1474.3239816156647
2035-02-22 19:00:00,7817.030714072693,5566.396922424067,707.0273700920418,4955.244122340143,1468.4380476483834
2035-02-22 20:00:00,7813.868328699815,5603.917834957323,711.1997290009806,4949.712321315803,1458.0153615863728
2035-02-22 21:00:00,7577.069886709906,5187.904510405742,670.7224027044513,4744.943084554356,1386.236819798642
2035-02-22 22:00:00,7226.774675104744,4977.432174996361,591.5446482657877,4592.486955626073,1265.2112809557716
2035-02-22 23:00:00,6734.247031889921,4592.116075106094,553.0612334455757,4277.527007304288,1087.8727162986463
2035-02-23 00:00:00,6340.335239354759,4519.914842550258,515.9585280114527,4205.840883905674,967.80710050998
2035-02-23 01:00:00,6107.930504257656,4318.560430758023,503.9098233386799,4187.29516415819,907.1023664160284
2035-02-23 02:00:00,6108.128141426885,4384.950831736072,504.4176260674293,4146.624055418965,894.2569690234143
2035-02-23 03:00:00,6015.5801213353625,4389.115480629682,500.70620999872,4113.876283835308,878.536966206489
2035-02-23 04:00:00,6039.106285152955,4595.59350344767,507.5962266884949,4218.035133785138,891.4885264450833
2035-02-23 05:00:00,6220.123635438741,4877.9471164741935,541.406102204653,4351.422819387552,956.3389681269032
2035-02-23 06:00:00,6521.29799805936,5212.349411764879,609.8275899460286,4581.399154641814,1109.37724334863
2035-02-23 07:00:00,6645.433732314236,5168.369948699438,614.6128364811847,4652.1281161090965,1297.8850085796057
2035-02-23 08:00:00,7275.34221890904,5200.0139775557045,601.028508746955,4714.41690967734,1338.40652801825
2035-02-23 09:00:00,7440.710046937646,5166.245718476939,601.6974331743838,4644.345192535085,1387.588715322417
2035-02-23 10:00:00,7697.39696795428,5145.053731084731,601.2952607202114,4624.600529341379,1363.9746572615888
2035-02-23 11:00:00,7396.424098797795,5055.536464468555,596.1547506893113,4553.493093140938,1365.0428515986305
2035-02-23 12:00:00,7451.474353934423,4929.530263402655,587.6541817142971,4563.667346393746,1286.597355896402
2035-02-23 13:00:00,7512.902981010066,5108.098892692464,600.5600961021776,4528.223167345815,1265.862565658767
2035-02-23 14:00:00,7460.642628753098,5137.156902579807,577.421122783925,4601.66460753254,1279.907538501776
2035-02-23 15:00:00,7506.3075613015235,5103.484972213674,614.633040056704,4510.106232653666,1287.6130723177043
2035-02-23 16:00:00,7656.984899794383,5365.096704031015,625.7572433554569,4662.136256875638,1351.3830219295053
2035-02-23 17:00:00,7622.167499135001,5462.1971826975305,655.1405765086763,4916.006696319294,1414.793131051973
2035-02-23 18:00:00,7665.967171114796,5646.4831536771335,693.2840545731365,4997.080588380723,1460.5641991862435
2035-02-23 19:00:00,7625.313077872144,5641.521107199574,713.0530755289387,4877.89320009681,1465.464211118078
2035-02-23 20:00:00,7809.345906630439,5523.815702330349,705.6537284901765,4957.167945654303,1464.8477400368622
2035-02-23 21:00:00,7509.193276278434,5278.134700686664,673.829753112676,4726.368322527364,1401.8429724882783
2035-02-23 22:00:00,7240.246115601984,4964.093582055143,598.9368417958342,4520.316486556104,1252.8514112550693
2035-02-23 23:00:00,6665.616276203554,4639.607091780514,542.6581198772647,4403.422308923761,1083.4086378545594
2035-02-24 00:00:00,6079.9696455062285,4322.363906933933,514.0908451086333,4262.197059709912,955.6719482188072
2035-02-24 01:00:00,6013.7821086270815,4370.972443451919,503.8602040868364,4189.343871904684,918.9752374460988
2035-02-24 02:00:00,5674.324332524482,4318.460797331782,489.26210224050766,4127.879532306057,899.9216864338301
2035-02-24 03:00:00,5807.370485919061,4276.28995633487,501.9237696008222,4115.916186379681,873.2132836726078
2035-02-24 04:00:00,5965.2718414201045,4454.034420687303,506.6125712586999,4049.5775732973434,892.4466840566953
2035-02-24 05:00:00,6087.62148892178,4779.27211845064,542.6832603632249,4321.624684037836,940.5092459747304
2035-02-24 06:00:00,6213.397373897025,5027.462077094648,605.650409036005,4603.869807058822,1095.7422383216874
2035-02-24 07:00:00,6514.106999295628,5048.007021917426,602.1078411005117,4567.847615115282,1285.6650568792854
2035-02-24 08:00:00,7010.793994738324,5175.777067258681,604.8091238512641,4646.880478436331,1324.138335364889
2035-02-24 09:00:00,7164.303125579952,5160.367900215639,583.3656813940954,4639.857452017718,1369.6655172944986
2035-02-24 10:00:00,7419.444923242288,5027.655411554979,598.2738226174889,4667.2428659083225,1333.0298090490385
2035-02-24 11:00:00,7254.514715430069,5032.957009147925,589.7057620831093,4604.881629041211,1324.687323077873
2035-02-24 12:00:00,6959.796025945961,4964.495210314117,586.2332815118192,4555.572001478127,1285.033929605195
2035-02-24 13:00:00,7138.77014040156,5060.985184001481,586.8137124879515,4489.297391270526,1278.2513107035302
2035-02-24 14:00:00,7242.226983414258,5128.9271809561005,589.1499986509612,4470.94213475226,1274.053425634969
2035-02-24 15:00:00,7230.315207378991,5096.946728715019,593.4704996778432,4579.35259151275,1297.3044022946374
2035-02-24 16:00:00,7333.779319471192,5319.769199534385,624.6121652682504,4632.546275059656,1340.1913303549106
2035-02-24 17:00:00,7293.81379786514,5491.910216816246,678.5498315184599,4795.374768716032,1396.583464021934
2035-02-24 18:00:00,7360.147131821895,5492.847817473256,690.6179802703688,4912.12666189118,1437.631697927499
2035-02-24 19:00:00,7436.245291349946,5599.525070461099,701.2932730869898,4935.194017796121,1466.8802998370645
2035-02-24 20:00:00,7296.498852208572,5464.259466377766,703.6771893702166,4782.825951910163,1468.8994085630902
2035-02-24 21:00:00,7060.983841521357,5124.005391639751,656.2975807679617,4791.098840521334,1396.9985989424738
2035-02-24 22:00:00,6904.473574712107,4816.3033048666975,599.5654712730002,4560.788712771564,1257.9987347170409
2035-02-24 23:00:00,6357.085767769856,4477.724580598772,544.8840369399757,4380.936334868457,1066.241289900905
2035-02-25 00:00:00,6257.268150662445,4490.611151022163,522.2511730173919,4219.253859876983,978.294889419222
2035-02-25 01:00:00,6175.156902678001,4362.211275774137,500.2155314141669,4175.146207043005,922.3712742145506
2035-02-25 02:00:00,6104.291132315427,4319.629520747099,501.0497389499466,4109.757875796144,895.688447748225
2035-02-25 03:00:00,5987.503871384512,4408.16973640783,491.2277847034604,4090.720644163735,883.3560347438407
2035-02-25 04:00:00,6036.03936038503,4525.204353422118,505.51202074128327,4184.316209923532,906.6994658645626
2035-02-25 05:00:00,6281.469591129963,4812.589041100012,545.502189956251,4304.201845738986,953.876190351962
2035-02-25 06:00:00,6524.209848351337,5132.379811734111,602.0000453503974,4597.618625097855,1118.0669086964117
2035-02-25 07:00:00,6681.169394948935,5085.905268937124,606.3898266526529,4668.112894448368,1279.895672978677
2035-02-25 08:00:00,7275.922750640389,5190.143829934514,610.8793229878836,4549.660744524341,1327.9627963286584
2035-02-25 09:00:00,7382.36591446118,5148.368265646748,599.2846016210638,4738.156032039745,1357.3655796473704
2035-02-25 10:00:00,7488.90373492794,5168.738875889044,600.8524631333366,4731.7407864799525,1368.453912347384
2035-02-25 11:00:00,7505.441777182254,5012.19264220378,611.3787732287049,4549.765328453579,1361.566431880254
2035-02-25 12:00:00,7402.816580228597,5008.401299592711,582.8255710650606,4600.027570710539,1292.8642063985717
2035-02-25 13:00:00,7500.563153692098,5065.069642637264,594.2578711283602,4585.8417544351205,1273.0660532763775
2035-02-25 14:00:00,7421.384726628856,5010.844178024938,587.4201425311578,4547.468330327608,1263.156827233199
2035-02-25 15:00:00,7497.147328045231,5240.060120025079,609.469506389297,4474.635045883748,1279.8880431215805
2035-02-25 16:00:00,7629.02182204435,5364.274389386278,617.82885547185,4747.488020857913,1345.4400865929335
2035-02-25 17:00:00,7786.372165061546,5476.807879046018,668.5171370272358,4886.703542108744,1414.034989056622
2035-02-25 18:00:00,7745.3444864639905,5668.902224615458,685.9494585688615,4933.710797409262,1450.3119869185052
2035-02-25 19:00:00,7645.839857367593,5609.07776987638,700.266669525398,5058.801552414769,1469.4013486259594
2035-02-25 20:00:00,7646.331097457061,5528.619563961637,701.0258738302472,4797.669560203335,1450.740558402016
2035-02-25 21:00:00,7487.467883184902,5293.450534057368,659.7989926623156,4740.015051001742,1388.0185077134754
2035-02-25 22:00:00,7123.811630855632,4933.536438963459,595.6139234959437,4585.303478951499,1251.0462128556946
2035-02-25 23:00:00,6561.691794322279,4652.915349442557,556.6448461684065,4419.92143299726,1083.2800414560315
2035-02-26 00:00:00,6323.6847472889895,4459.5189978439,513.311556089401,4296.438877117826,996.2840422200078
2035-02-26 01:00:00,6251.8419319978775,4408.338351371574,512.9233010342757,4214.845389982724,929.4215035566216
2035-02-26 02:00:00,6177.229660248148,4323.785202819694,494.85476266271405,4135.677564458479,908.4456104230072
2035-02-26 03:00:00,6099.717023748806,4467.980366924468,501.3581838569045,4165.731237825115,898.7639536702516
2035-02-26 04:00:00,6105.894565488247,4501.307205872541,512.2116155041602,4193.379228121707,916.4522166844016
2035-02-26 05:00:00,6274.872502998151,4793.56967075051,549.1832292619658,4314.259283309913,945.9171029422572
2035-02-26 06:00:00,6522.908753364583,5203.609045770763,607.8719768917261,4592.887484354127,1110.0278143893413
2035-02-26 07:00:00,6709.505433562845,5193.530290627516,602.1176583923536,4620.550278290459,1293.510101527168
2035-02-26 08:00:00,7420.217025564051,5268.3418104251205,603.4668703086221,4597.477889717597,1347.356133951239
2035-02-26 09:00:00,7578.102296895209,5229.752785989976,594.7079682966292,4669.282388968309,1377.614312730115
2035-02-26 10:00:00,7771.402801046887,5271.381013234952,597.4270979711898,4659.839903966747,1363.3172071359345
2035-02-26 11:00:00,7591.613172786561,4994.494971034294,596.8212611323265,4563.734212751083,1354.9243160431638
2035-02-26 12:00:00,7394.034028539292,5043.386946624436,597.2699673835635,4533.530755158937,1309.5540050525549
2035-02-26 13:00:00,7510.711002924755,5091.614946182723,593.8025036975496,4510.467796225402,1293.2091290899364
2035-02-26 14:00:00,7480.377536586523,5078.495838678716,591.0884905264367,4512.097972239912,1306.2831416973904
2035-02-26 15:00:00,7593.5468021973475,5192.40726601652,608.4753964232788,4643.910539339404,1277.4219112647818
2035-02-26 16:00:00,7694.461894869989,5303.3909109632605,632.1288911693247,4610.685684474487,1357.2700685450852
2035-02-26 17:00:00,7710.304490528153,5514.109003592791,667.794146795415,4832.100188952169,1396.4344260529745
2035-02-26 18:00:00,7649.225123942985,5678.022045388538,703.6022644308598,4889.790846395552,1432.2645334138135
2035-02-26 19:00:00,7758.071408875425,5700.685363691355,708.6434951510166,4978.929301852986,1487.0168087228556
2035-02-26 20:00:00,7846.172833565445,5597.54341399126,701.2220661473324,4962.06700965205,1454.9661062971236
2035-02-26 21:00:00,7546.337325234158,5165.145796589017,672.8626528995071,4729.260454549418,1417.0825748403888
2035-02-26 22:00:00,7144.764680124007,4890.433999371453,589.1157000757778,4508.135922050455,1254.7240690987308
2035-02-26 23:00:00,6706.491647641295,4567.61323247519,543.3191944249144,4315.675436569146,1089.9385779228223
2035-02-27 00:00:00,6269.193757989942,4451.090542361405,521.4025087853565,4206.663990796437,975.7599803644432
2035-02-27 01:00:00,6147.872327063177,4289.9579817786935,507.9573796784576,4168.068234539222,913.1564805446036
2035-02-27 02:00:00,6150.376486879835,4408.887966253356,500.3001761952254,4176.862734374147,901.2513489132556
2035-02-27 03:00:00,6053.423023918295,4417.250195268175,502.6415478391356,4178.660599250545,910.3476307302234
2035-02-27 04:00:00,6083.853977678007,4536.81125147247,502.0766121516379,4154.444720787879,916.2558535772264
2035-02-27 05:00:00,6258.48744115606,4858.372512648665,541.8094622873867,4422.840170305328,945.626210925202
2035-02-27 06:00:00,6593.469738632331,5138.667792697108,594.1270395435014,4557.88945286731,1122.0082842463978
2035-02-27 07:00:00,6823.40293475981,5133.844981602542,623.2382029585626,4549.333302892574,1294.3844867293642
2035-02-27 08:00:00,7296.57049914668,5253.652773040246,601.0910144938981,4594.764650828107,1351.119011579814
2035-02-27 09:00:00,7592.674096996919,5168.955370416322,601.42929198351,4708.529552817098,1378.597632755164
2035-02-27 10:00:00,7694.274063263553,5216.81393851594,598.1224920634102,4660.918604260111,1367.9612905220413
2035-02-27 11:00:00,7605.047885709532,5138.174850349574,601.8242165673869,4655.252991671684,1381.414850162381
2035-02-27 12:00:00,7367.208850322572,4971.403437649139,588.7054908888825,4508.143353383445,1320.9044680643312
2035-02-27 13:00:00,7574.563744082561,5020.490569086852,595.7644294910889,4656.781759865186,1302.4405077606975
2035-02-27 14:00:00,7621.785448185668,5029.069715051488,591.0156718968652,4574.029290534281,1287.5005884524655
2035-02-27 15:00:00,7648.780979128722,5129.880336544556,602.5994055353957,4589.628141632053,1322.861087462203
2035-02-27 16:00:00,7484.797309798313,5434.642758452629,622.6138165435715,4707.626783590592,1354.160215531722
2035-02-27 17:00:00,7720.753870256116,5544.415299495214,682.3870290063738,4988.835414919583,1432.9723983409765
2035-02-27 18:00:00,7727.047860026983,5534.752534917477,682.1492876405831,4997.959012377753,1481.3768865439758
2035-02-27 19:00:00,7812.779910691174,5600.416696756888,702.8048781158684,4986.897030762827,1468.4722757798284
2035-02-27 20:00:00,7956.976931674116,5654.133709894121,699.824584099874,5020.767568295125,1444.8663401224987
2035-02-27 21:00:00,7581.213421694904,5259.967388342448,660.1616700958881,4869.218159770999,1412.4111036910751
2035-02-27 22:00:00,7118.343096006179,5004.705216826848,608.1245918799642,4544.430530261303,1261.9586393389163
2035-02-27 23:00:00,6692.073145295358,4588.783220166072,546.202059485625,4400.119631557181,1109.6164955443903
2035-02-28 00:00:00,6430.635209055154,4482.023435328624,519.8171961638822,4188.169047451717,977.4954368730724
2035-02-28 01:00:00,6221.936653996256,4443.970024740866,509.86548604510017,4138.143426254601,921.6514623672984
2035-02-28 02:00:00,6079.597920240829,4360.689577302443,496.3303506096015,4070.9914796894655,893.123980114583
2035-02-28 03:00:00,6141.861942298407,4359.104536739984,499.69944357977255,4135.023080791368,898.3042346833704
2035-02-28 04:00:00,6217.739423920687,4493.511162211468,505.0104422786374,4128.327626238713,919.8972933970203
2035-02-28 05:00:00,6355.451066075966,4775.685998434286,546.8710897161554,4347.551066281728,960.1372200696946
2035-02-28 06:00:00,6658.012233097936,5166.31984958903,605.6362262998404,4540.484829094064,1109.0303663819095
2035-02-28 07:00:00,6841.820749133564,5131.594795042077,610.8271309423292,4668.811480043225,1277.0417893606186
2035-02-28 08:00:00,7238.957833983431,5224.3945834391325,602.8763869006581,4686.464413984511,1346.3856406275158
2035-02-28 09:00:00,7638.166298250164,5278.900869617632,591.4937664197098,4762.235953627002,1376.80191777068
2035-02-28 10:00:00,7468.967560521497,5199.565956498183,604.6627620688431,4693.37258423426,1379.4351614413292
2035-02-28 11:00:00,7710.544171704538,5056.200743869589,602.7186777764414,4678.173104688704,1355.642010247792
2035-02-28 12:00:00,7467.499483297099,5067.206657208259,591.3336879406562,4515.710844726522,1312.342322537163
2035-02-28 13:00:00,7473.976077089454,5035.939381166791,596.2745169791841,4623.436827445102,1313.9862688666262
2035-02-28 14:00:00,7697.644725687439,5064.011512725818,594.596482723176,4595.521398774658,1298.8117631501118
2035-02-28 15:00:00,7640.939100749008,5195.0336408307385,599.1560002206721,4641.458906204816,1306.3340658580405
2035-02-28 16:00:00,7599.277345740345,5333.371229663162,631.9040077940209,4711.881632819244,1354.9391266077084
2035-02-28 17:00:00,7835.134285347419,5511.408657592863,675.962561698893,4879.807155540002,1454.900721251782
2035-02-28 18:00:00,7804.484493169841,5556.044295327055,693.9127805150487,4956.868073431047,1470.6385050133913
2035-02-28 19:00:00,7781.271719918168,5712.307529770087,708.9622656752155,5039.047236555742,1462.233720005545
2035-02-28 20:00:00,7775.093211859643,5525.164004347654,697.0109331480779,4852.000186637981,1457.262655793358
2035-02-28 21:00:00,7534.418226338858,5276.776185666103,655.6758316671612,4786.277768748848,1407.1865595305835
2035-02-28 22:00:00,7139.937287911682,4951.097715167643,600.3903991080456,4577.658748786365,1272.68029171134
2035-02-28 23:00:00,6659.142090212756,4639.065478347347,544.3294807381398,4402.743870407002,1072.1646137318626
2035-03-01 00:00:00,5742.222060366249,3991.927245299219,460.8774466013922,3935.6007468785474,915.4643457567342
2035-03-01 01:00:00,5748.874893439541,3942.583432386849,455.68137986956657,3904.0750756961215,853.6711980141694
2035-03-01 02:00:00,5599.523357855602,3871.742213402934,444.1245611431183,3884.037212662716,846.0292189735092
2035-03-01 03:00:00,5594.3974108495095,3896.3963036394407,449.7667129909475,3777.3554420167634,849.7857089127461
2035-03-01 04:00:00,5450.308259184191,4001.287058589736,462.4398418975993,3841.578975352932,852.8622813077448
2035-03-01 05:00:00,5833.1400584790445,4346.235124771317,501.38256971950375,4023.720761074191,908.9935559218804
2035-03-01 06:00:00,6040.684211384044,4603.95419756309,551.3179172706505,4217.074015002464,1049.1290490476092
2035-03-01 07:00:00,6238.518083696601,4580.0387544082505,540.5852743630004,4244.330574912454,1228.129549210124
2035-03-01 08:00:00,6569.746102956183,4651.588984209056,536.3213349828203,4327.688031108593,1280.903220411828
2035-03-01 09:00:00,6929.919643385944,4679.620777597413,534.1729729152227,4273.545008272666,1282.4061933631474
2035-03-01 10:00:00,6909.852540971311,4657.019539542676,541.0911750646621,4375.617417443987,1293.6030140613705
2035-03-01 11:00:00,6927.6691197678365,4543.838365528934,537.1512846522569,4180.970286698086,1286.2018089210376
2035-03-01 12:00:00,6779.80703274963,4405.010179665277,532.4332194558187,4166.9057782555,1240.224298157236
2035-03-01 13:00:00,6795.543669755674,4570.048105250372,539.0407254904968,4259.16845889764,1215.757286043396
2035-03-01 14:00:00,6833.215448102748,4568.827067421698,534.7868548674794,4269.78956512567,1216.10241450096
2035-03-01 15:00:00,6921.818694293893,4679.890374455625,537.4239469249118,4297.412840833391,1230.3433743612434
2035-03-01 16:00:00,6991.237872015716,4711.0157107654695,559.6904841478614,4318.055898085919,1278.5047637520522
2035-03-01 17:00:00,7059.162670729179,4890.61541009019,595.6959080649409,4512.807564151866,1353.1079560374303
2035-03-01 18:00:00,7033.840871225556,5070.14118637658,612.8849589065784,4583.130248688683,1379.821117994902
2035-03-01 19:00:00,7221.147812438907,5089.088666352264,632.2363649078757,4517.285617304583,1362.0762244143589
2035-03-01 20:00:00,7170.6632377442575,4984.05611287139,626.0449138848412,4599.746882690339,1396.6485618327567
2035-03-01 21:00:00,6913.102857026003,4696.427506687352,599.5814852124878,4445.261762985882,1322.3295688026935
2035-03-01 22:00:00,6491.913651817895,4393.878223545599,538.7737113672541,4289.412909737198,1198.7613431022098
2035-03-01 23:00:00,6040.744477371974,4204.223242417969,497.31821147660514,4007.563433813867,1024.8142253946896
2035-03-02 00:00:00,5836.404320615814,3956.313509826119,468.5656114067711,3908.531003150357,932.3827833739824
2035-03-02 01:00:00,5658.050372210498,3892.920799996637,450.5329799014763,3806.316608195213,866.5553640209533
2035-03-02 02:00:00,5597.414856988301,3883.952162110918,447.3887867397538,3819.5303202740993,854.7595758300666
2035-03-02 03:00:00,5565.067536654468,3929.905726207293,440.9491245118535,3793.2783437024914,847.9646458647835
2035-03-02 04:00:00,5565.063586643609,4098.3291587367,451.4447112396155,3879.064667478163,856.9168155699558
2035-03-02 05:00:00,5745.044134816832,4403.870470192757,502.845469943173,3980.904488443936,885.8806967023703
2035-03-02 06:00:00,5971.416174865891,4582.165368436851,535.2800558808308,4194.355612043755,1037.809175330817
2035-03-02 07:00:00,6024.990166628028,4666.857138922964,537.4889833223475,4337.215111668731,1191.6967066485538
2035-03-02 08:00:00,6633.712644065196,4673.382709756835,548.1202982197867,4301.984295661173,1252.487606499248
2035-03-02 09:00:00,6931.789926149961,4777.829070434521,539.4203551259625,4335.032088597906,1280.2648536239844
2035-03-02 10:00:00,6823.293748836676,4609.550047233412,540.2098968112565,4290.979338406243,1271.427905069242
2035-03-02 11:00:00,6779.524431882694,4567.13957327836,530.1976031758267,4337.197383724464,1254.0181354972997
2035-03-02 12:00:00,6707.120820330162,4405.915425987936,524.4322868192689,4211.377686722439,1222.8739544072446
2035-03-02 13:00:00,6725.562512038071,4425.797425392316,529.4304509579446,4325.324871782316,1179.3717103883257
2035-03-02 14:00:00,6861.536289221982,4520.239711261346,531.6139518130474,4210.883376500615,1193.7214444303795
2035-03-02 15:00:00,6825.80813713033,4675.960296258626,532.9269525185476,4217.746642335642,1200.4956107109776
2035-03-02 16:00:00,6975.805992970283,4726.513825867194,557.311636053322,4345.18972782361,1282.10108123463
2035-03-02 17:00:00,6976.667076394475,4939.415009096079,601.4394431718009,4508.290554127832,1310.0199453923408
2035-03-02 18:00:00,7035.192541853948,5061.291218465191,630.6469657435448,4550.963735382079,1400.6395006654084
2035-03-02 19:00:00,7021.0548099877415,5153.307159343566,637.3838429697279,4617.289835649077,1401.914553566421
2035-03-02 20:00:00,6965.797631347459,4932.202823248847,637.1431239725723,4510.617255324513,1354.131092829789
2035-03-02 21:00:00,6805.679264447575,4741.174921316743,596.7209891926129,4402.357903289392,1327.2587054121843
2035-03-02 22:00:00,6426.989461261656,4387.710119239662,534.1174396487653,4153.146467708987,1161.727441923652
2035-03-02 23:00:00,6074.120800282445,4154.823880544425,496.0829138349436,4054.4181879937687,1011.8599316522298
2035-03-03 00:00:00,5517.372868466489,3906.954684234192,464.5384259610412,3835.107031184104,900.3388274196193
2035-03-03 01:00:00,5419.657622232036,3815.085291929315,449.1713308793948,3884.524526961548,857.5810125247729
2035-03-03 02:00:00,5380.101518985435,3843.634842023289,447.7869403293405,3740.7413884226135,854.4051249670691
2035-03-03 03:00:00,5283.592037253646,3880.562212238647,442.6479430558655,3841.125409142359,820.03819786842
2035-03-03 04:00:00,5403.3040834972935,4018.899660733424,458.17459819572986,3899.092167606718,849.2673984259611
2035-03-03 05:00:00,5572.247341910819,4355.668824136465,485.0992968887678,3987.681830656468,891.2166238275416
2035-03-03 06:00:00,5778.983362495012,4478.129007086899,543.388004048027,4247.42074299704,1042.7943793442314
2035-03-03 07:00:00,5932.621650251135,4544.689126540222,540.0625841622708,4232.953569230557,1218.4416164329505
2035-03-03 08:00:00,6393.88821412434,4706.26912689027,536.3848333706436,4293.263141505623,1231.6112122072163
2035-03-03 09:00:00,6561.223586001034,4583.068987708354,534.1866085161087,4270.3649449158975,1279.3298264288755
2035-03-03 10:00:00,6652.788949323616,4533.354400663224,529.4167699805779,4269.373907924758,1251.5520702315348
2035-03-03 11:00:00,6625.217420737634,4541.540399523249,530.9504526052184,4228.055873508208,1281.065994059641
2035-03-03 12:00:00,6474.735840759758,4448.183250329312,523.2111373963128,4189.817320350311,1231.6448857521414
2035-03-03 13:00:00,6699.74721313343,4501.954208764355,530.0145075342248,4235.881859093707,1207.4139030033934
2035-03-03 14:00:00,6531.430602199894,4542.080946087071,520.5503258278195,4143.605709852312,1205.933896796406
2035-03-03 15:00:00,6398.7265429242925,4588.140726533243,540.4754746738423,4191.265353966884,1229.8866746657848
2035-03-03 16:00:00,6699.895074902725,4651.086995520168,558.1497739901482,4346.751377387395,1256.6051041951898
2035-03-03 17:00:00,6838.060723191068,4937.713990146607,601.3591114775301,4416.596163979769,1318.8734565418324
2035-03-03 18:00:00,6756.753758235222,4871.733476750253,629.0832495291564,4505.412465495932,1362.4359695384055
2035-03-03 19:00:00,6900.819248811546,4998.723320541089,630.007204409428,4560.906297278828,1360.4763235893142
2035-03-03 20:00:00,6831.376788970481,4954.26136373223,631.4597643863017,4500.160495188655,1353.5938514182742
2035-03-03 21:00:00,6590.505752052929,4667.396363561877,589.7464915533814,4410.467780684265,1303.3187318149105
2035-03-03 22:00:00,6242.781506316959,4371.752141384176,527.2799977749871,4066.479685985437,1198.8184418577555
2035-03-03 23:00:00,5866.089476533056,4080.105688186894,492.252808244766,4013.100472054791,1002.5446431294632
2035-03-04 00:00:00,5766.503636702664,3930.867619503671,465.9147819886406,3910.007192876789,906.123985520616
2035-03-04 01:00:00,5662.2372495829695,3884.572862919169,441.7673895345662,3807.576492394788,853.7669052163353
2035-03-04 02:00:00,5547.538852117354,3843.0831942086047,442.9602019253335,3809.987001857904,844.1559913864752
2035-03-04 03:00:00,5538.363067082169,3937.260891610539,447.0328005192204,3842.523548492009,838.3091008090846
2035-03-04 04:00:00,5632.472513635657,4009.2312403616943,454.14327065966006,3876.814050790481,855.2836450928553
2035-03-04 05:00:00,5710.957062337638,4320.158450834271,486.3815200210003,4018.3868325244425,889.0913630383594
2035-03-04 06:00:00,5986.201600156027,4549.150548563027,538.2741968924923,4264.382417024488,1044.9569548532638
2035-03-04 07:00:00,6234.911593159286,4571.560112888199,540.5649760219986,4321.206473515184,1201.2055968871748
2035-03-04 08:00:00,6591.082388564519,4660.819197299147,543.6622372070971,4279.938599839974,1260.1353232034685
2035-03-04 09:00:00,6830.364134998918,4646.975624641114,541.0979499803046,4311.139754764196,1286.0225558457323
2035-03-04 10:00:00,6910.783450896739,4594.889091730782,547.2748646724001,4334.693491738486,1278.5387744047202
2035-03-04 11:00:00,6782.012309783634,4556.206337688773,527.4649358260199,4289.70058383136,1258.9435584198031
2035-03-04 12:00:00,6675.403442569715,4512.863911437132,515.8739558157938,4133.643866656858,1236.8924704032115
2035-03-04 13:00:00,6781.481352781451,4544.504205232121,534.2010681155406,4247.165205665641,1205.408652726834
2035-03-04 14:00:00,6866.239485441313,4557.606729905225,524.4355485782436,4255.426394350754,1209.328535860249
2035-03-04 15:00:00,6748.543877042919,4583.783002863837,535.8285250155475,4203.686551810156,1251.4701072508442
2035-03-04 16:00:00,6913.498132087193,4734.526591722713,561.6894059086633,4402.07452073834,1283.0801708432746
2035-03-04 17:00:00,7022.101548136021,4940.58342299685,601.823564304176,4510.477315709048,1341.4576776110555
2035-03-04 18:00:00,7106.595873033228,4983.715418825913,623.5486371219005,4653.4306798689495,1352.267164075822
2035-03-04 19:00:00,7123.213847554631,4966.625775745771,635.6486509289102,4586.941415897564,1378.4113453674308
2035-03-04 20:00:00,7087.99734266078,4919.3890858917575,634.8379339818224,4475.460539179432,1359.4668260057929
2035-03-04 21:00:00,6804.00409440208,4654.8195588951285,598.2241841437013,4356.69659131267,1297.909014480212
2035-03-04 22:00:00,6480.6601942468615,4405.416894998138,528.8927442636007,4194.056320101031,1180.8897384851414
2035-03-04 23:00:00,6086.205899182696,4115.103536618011,485.3567001558975,4045.219034655493,1019.1690635171364
2035-03-05 00:00:00,5702.450549357616,3979.544760024499,455.66865464179017,3901.631561255032,907.1305944918216
2035-03-05 01:00:00,5622.009789785757,3833.794628706828,461.2139973654301,3860.698083775007,866.6750651148413
2035-03-05 02:00:00,5618.584768955477,3913.2250412184494,452.88497669281134,3833.682074909597,842.278055565541
2035-03-05 03:00:00,5628.426922652455,3952.4172066268857,453.3451130904795,3875.6816900357344,839.3334073344024
2035-03-05 04:00:00,5647.209614509552,4070.5938509621737,451.1629608455414,3865.86906521464,863.3878477979409
2035-03-05 05:00:00,5778.643918672798,4385.705495501391,488.342852746562,3977.4370028909134,903.355951823681
2035-03-05 06:00:00,6045.520207996974,4563.937280170654,544.6914525406567,4165.792985301995,1046.896997296128
2035-03-05 07:00:00,6223.964544345664,4572.105227230711,545.1354812583929,4298.733644806375,1211.8268654969145
2035-03-05 08:00:00,6642.0600337519245,4660.701979526056,543.017161352568,4274.379600568557,1265.9331591238556
2035-03-05 09:00:00,6945.556497803908,4716.82317249491,528.2391022693823,4270.911476058497,1278.8473991120195
2035-03-05 10:00:00,6949.996017850473,4669.749052553458,536.8700874144436,4263.024343433003,1288.4312537245878
2035-03-05 11:00:00,6840.119864707817,4589.021924372277,518.4373544204674,4258.717728613649,1293.8304672812671
2035-03-05 12:00:00,6685.248116709247,4468.44897392977,543.7577728169513,4254.471472649475,1222.4337371128215
2035-03-05 13:00:00,6856.602800348758,4567.375792659738,543.0775275311692,4248.136219494853,1221.6294387178036
2035-03-05 14:00:00,6876.674280034438,4528.131654465477,526.415558118974,4213.209515430332,1222.6172772772115
2035-03-05 15:00:00,7020.76773657135,4580.402512048391,550.0290313043195,4238.643040109127,1236.1617470881297
2035-03-05 16:00:00,7012.870250162059,4806.858084222525,562.692046196707,4382.033160294854,1284.5619806919976
2035-03-05 17:00:00,7238.22480974427,4926.964274820097,586.4236058034336,4575.74937279165,1367.2653652371562
2035-03-05 18:00:00,7028.648545033815,5037.636208634352,624.9961846031275,4602.014083634779,1375.9904674503114
2035-03-05 19:00:00,7217.430877902461,4988.961274327666,638.5976121978091,4592.513317489304,1368.5240472931982
2035-03-05 20:00:00,7173.273698023482,4871.070679156525,632.8223598816884,4484.89600942596,1386.8113982014556
2035-03-05 21:00:00,6719.662727640329,4700.691512320992,593.8218941674324,4424.002871079781,1325.3684033724326
2035-03-05 22:00:00,6557.538597286044,4421.419749513169,537.705515165612,4168.832382222873,1202.1466898757217
2035-03-05 23:00:00,6168.24038919486,4206.143656199218,497.1906675483624,4081.839639686697,1020.4109933013744
2035-03-06 00:00:00,5872.451583202267,3955.241326130308,475.9245195710294,3964.257066095648,925.8007595258712
2035-03-06 01:00:00,5680.584771730203,3862.0290960830102,444.38369751335887,3736.580236775111,871.5894114267032
2035-03-06 02:00:00,5641.890761766807,3931.9340170293663,444.38792727118215,3869.692017278821,859.1956857244679
2035-03-06 03:00:00,5505.82450166908,3907.20174210172,451.5614492057409,3757.588486888298,852.7076776274015
2035-03-06 04:00:00,5571.030516576708,4039.6558560865,453.7784886532708,3895.1725962951473,855.9392129967671
2035-03-06 05:00:00,5848.751019289027,4437.833698207728,492.1208300017124,4037.346606720548,888.135927347693
2035-03-06 06:00:00,5997.241645621391,4750.148065366627,526.5463373847185,4174.549804380404,1055.0858268962502
2035-03-06 07:00:00,6286.796223896547,4575.323919453557,542.2339493082494,4267.205323830614,1245.7709811350064
2035-03-06 08:00:00,6678.69666349757,4643.4292215839005,537.9755025991188,4341.898012626411,1277.842599432128
2035-03-06 09:00:00,6945.280661937069,4660.598313677785,538.0701822195821,4367.819015598676,1312.6650563345602
2035-03-06 10:00:00,7049.066920265761,4664.403164603295,534.6876512807692,4359.836712718967,1310.1495659869067
2035-03-06 11:00:00,6841.48821065022,4517.518379224024,544.1144832522725,4275.664104465225,1280.7232372618626
2035-03-06 12:00:00,6763.375579491242,4472.204706177466,528.1171943290963,4166.5439273109205,1233.9789596361388
2035-03-06 13:00:00,6854.271868818654,4472.305646715461,526.713421732514,4297.615186113169,1229.4085706554135
2035-03-06 14:00:00,6909.126193022395,4500.220995398384,530.9924368097836,4174.11971752233,1222.5080512416394
2035-03-06 15:00:00,6994.411461520755,4614.991068361152,546.2013605517293,4194.037318698188,1221.7644333018611
2035-03-06 16:00:00,6927.82657339163,4733.51419817615,565.3622403399874,4270.089256175052,1274.0858789221763
2035-03-06 17:00:00,7075.322457772048,5010.911014584661,586.4089747823576,4468.578495772745,1326.0535601858587
2035-03-06 18:00:00,7115.853582200221,4883.662820570273,611.2289757304461,4626.897788247226,1393.1969491499517
2035-03-06 19:00:00,7121.578368798401,5157.729085499812,634.8815784821678,4527.140514925197,1389.7811779701644
2035-03-06 20:00:00,7142.464931774218,4992.361053083807,636.6761592320271,4584.944321949558,1399.8813567228774
2035-03-06 21:00:00,7046.112688910187,4666.500767359612,592.9093431609026,4380.663288758669,1327.6680778228952
2035-03-06 22:00:00,6644.743269279596,4301.309108574888,538.1701129735054,4173.276709788025,1188.449708529785
2035-03-06 23:00:00,6189.324398488386,4178.157649381194,497.1045319226525,4003.609389934554,1001.7787450879264
2035-03-07 00:00:00,5787.54418682062,4010.550540856552,455.7289486780466,3978.57366634484,914.852717226958
2035-03-07 01:00:00,5593.3484337744485,3963.195923694071,447.9635509915304,3791.125341440867,875.4194843059563
2035-03-07 02:00:00,5638.515732696998,3921.594723897521,451.3294609508485,3842.6458528757767,839.0215124845571
2035-03-07 03:00:00,5607.46738343853,3934.026512963672,446.73831652193377,3850.609136508337,841.8771106975388
2035-03-07 04:00:00,5636.2906810487375,4014.706919196608,461.9845597512909,3876.981434154886,853.7147190414227
2035-03-07 05:00:00,5807.325711036401,4418.1300032044655,493.63627908218587,3982.1230757316735,899.289606566018
2035-03-07 06:00:00,6044.191791728125,4650.132946176232,531.1990003388073,4214.449746029067,1052.0268511580791
2035-03-07 07:00:00,6256.557561135182,4636.760664844436,533.8593772507692,4225.939597847219,1243.6808429378616
2035-03-07 08:00:00,6571.942933247039,4671.16217834653,542.7357867277941,4328.046234931243,1271.804500725856
2035-03-07 09:00:00,7124.116469279507,4746.995160069256,537.8042910228618,4297.95604286036,1284.7140305259952
2035-03-07 10:00:00,6942.483938031158,4650.423721040402,537.377394947609,4369.544028399246,1312.8885501513444
2035-03-07 11:00:00,6926.707160363017,4562.923623096854,539.5026396111251,4352.1700125147,1299.3370835160852
2035-03-07 12:00:00,6699.88648482361,4515.299896251408,524.9882140604159,4184.892228195178,1264.573991549333
2035-03-07 13:00:00,6811.420336661476,4564.469716398894,533.186358437256,4186.430684916627,1222.0285380764378
2035-03-07 14:00:00,6940.4985681578855,4527.687678843285,532.9034480687942,4251.659135403965,1204.2232934059173
2035-03-07 15:00:00,6891.322027315497,4650.939808341047,544.2960858288918,4263.498865131183,1252.073213976946
2035-03-07 16:00:00,7050.905595407628,4813.85316714144,555.7927857708415,4338.112395356546,1255.035859241157
2035-03-07 17:00:00,7050.420256979014,4996.513517948293,603.6632971116136,4547.244646655758,1318.8032851851856
2035-03-07 18:00:00,7113.907321770527,5055.51710068894,626.4833197714449,4598.04050972365,1394.6817948858495
2035-03-07 19:00:00,7119.016433895845,5081.306679268347,634.5560090307367,4628.655998424592,1398.9345091772177
2035-03-07 20:00:00,7119.25751284977,5077.407766955629,628.513716727302,4567.512661389025,1382.6457606663637
2035-03-07 21:00:00,6946.4404486261255,4708.383918509234,587.944227535386,4446.205699906638,1321.5566532063397
2035-03-07 22:00:00,6489.073092634537,4468.17935242287,524.5811880745603,4247.832734980463,1203.4807631643887
2035-03-07 23:00:00,6087.738820896853,4113.339108947537,496.5945793019428,4095.6002638776313,1012.6499610202565
2035-03-08 00:00:00,5837.56228741479,4030.994722036576,466.0955262474096,3918.123741250301,943.0807347583708
2035-03-08 01:00:00,5712.507550417398,3890.339613840275,445.3011408641551,3836.026288752515,887.6521251120712
2035-03-08 02:00:00,5580.9631524415645,3917.045751905228,446.2426309104256,3875.3208534226455,840.43461053205
2035-03-08 03:00:00,5511.643397879378,3913.556175850429,450.71384992848135,3766.729706741745,844.5144751934835
2035-03-08 04:00:00,5631.473179654939,4093.788687131661,453.817453119353,3903.964921786427,856.1329472198847
2035-03-08 05:00:00,5783.085027195103,4332.935007920907,488.05135452980994,3984.4197305967377,907.761959019395
2035-03-08 06:00:00,6112.488604621202,4690.173861604081,537.7542997206859,4198.002764341679,1061.1408679064405
2035-03-08 07:00:00,6260.166012030833,4558.9577250027605,543.1733406367164,4264.551270672004,1240.6744862381329
2035-03-08 08:00:00,6762.086803616095,4643.894997734558,547.2389687578298,4297.716574366944,1279.876715460643
2035-03-08 09:00:00,7010.730420641227,4685.901659791593,527.4042180737194,4271.230545300713,1324.632817093495
2035-03-08 10:00:00,6987.747956076495,4692.309927030008,540.1011006118143,4289.61756348324,1313.9266603257058
2035-03-08 11:00:00,6961.089692315262,4493.998004589575,537.3775822897086,4202.428616825829,1286.0339689283214
2035-03-08 12:00:00,6771.91152840739,4588.647821083002,530.2225804165018,4225.529280196758,1249.1210926751808
2035-03-08 13:00:00,6867.014970303504,4615.569442214473,532.4465868354432,4231.735199113228,1209.6977230532807
2035-03-08 14:00:00,7016.333878855468,4543.878295675399,530.1987031115411,4186.299743124524,1228.2104866943075
2035-03-08 15:00:00,6947.618682678907,4583.013036301608,538.9902546999122,4312.171434095784,1254.0919566701918
2035-03-08 16:00:00,7062.5285095698855,4903.340971717189,566.2533842612058,4369.4659390652,1314.1232046540506
2035-03-08 17:00:00,7081.103488962467,4919.700736826766,610.5138065460412,4480.845897859836,1355.0172773222966
2035-03-08 18:00:00,7122.563116753787,5130.141670413943,621.9389863387612,4624.199465230178,1368.5781796182457
2035-03-08 19:00:00,7211.656633028066,5031.842388268608,636.4964599510795,4620.864300997611,1391.8990341838112
2035-03-08 20:00:00,7050.754648275043,4992.14887392159,630.8183356756872,4487.666849478037,1373.042877986365
2035-03-08 21:00:00,6897.88370562562,4725.4259568167245,599.9750873445468,4425.707199741116,1335.2382709318758
2035-03-08 22:00:00,6568.462050312392,4468.817990936203,532.5930082654011,4191.597204859344,1202.9695734819716
2035-03-08 23:00:00,6153.887963618305,4149.921401790659,491.81746100702975,4069.263562971911,1021.4062670622264
2035-03-09 00:00:00,5716.780649353762,3959.477428630434,461.5606459428729,3981.438305382485,929.9865312003884
2035-03-09 01:00:00,5460.457638278819,3948.555019977625,445.45209020222353,3875.970471756572,862.2337403340767
2035-03-09 02:00:00,5579.394795321535,3983.031276408764,452.6975387899313,3780.722231242892,840.6360094526414
2035-03-09 03:00:00,5545.746135509473,3934.140958508192,448.9902997515856,3813.6952812623135,858.5682512325014
2035-03-09 04:00:00,5662.94454546081,4078.844473119081,456.9089060820081,3856.501539137695,860.5947615083106
2035-03-09 05:00:00,5690.481300018214,4456.171417287481,494.4550456341185,3983.935814054539,912.0696222163846
2035-03-09 06:00:00,5929.454025086932,4615.644265608142,543.112303673249,4143.371401429167,1062.600006791605
2035-03-09 07:00:00,6144.718959535507,4671.767946052256,547.8556638567849,4341.674241360974,1229.905990335478
2035-03-09 08:00:00,6687.412602835896,4657.818851207248,543.9247697373274,4291.046722332932,1301.5472172896964
2035-03-09 09:00:00,6834.273730711369,4732.03851465866,538.2689705371018,4361.420055795808,1276.6766243722082
2035-03-09 10:00:00,7019.367985605154,4535.557812438829,539.3375541526615,4360.343129490927,1327.3383304336166
2035-03-09 11:00:00,6854.596582351887,4596.759847656142,538.7009680239468,4232.47296315375,1280.8115817051578
2035-03-09 12:00:00,6730.391437639006,4520.762539170679,526.7880533411835,4160.307124098727,1224.2015702923577
2035-03-09 13:00:00,6862.756777129619,4611.135992027804,525.5979393348006,4201.522977187748,1198.3920012906276
2035-03-09 14:00:00,6821.670707379597,4499.094248070192,529.111216831058,4164.445243565592,1217.907342588039
2035-03-09 15:00:00,6748.354522358739,4614.936439757346,537.4973062489029,4242.961863413839,1219.1720276166177
2035-03-09 16:00:00,7044.067670230633,4820.499414358851,559.637778098066,4343.5591642499085,1288.807341354144
2035-03-09 17:00:00,7031.156964164664,5026.051303281171,588.6896363156667,4537.859010583691,1321.4497993852738
2035-03-09 18:00:00,6921.966373308574,5028.134065457745,623.3574687909206,4526.687937735468,1384.1503942350373
2035-03-09 19:00:00,7071.063774830519,5048.550491488596,643.3088118428986,4563.857188558704,1360.0374128710828
2035-03-09 20:00:00,6960.971286241784,5008.032915310131,629.9870503732534,4584.101288405936,1366.9118580826105
2035-03-09 21:00:00,6774.476519938953,4710.43091629526,589.3573097014214,4397.853897709404,1297.0859390251671
2035-03-09 22:00:00,6607.496735779669,4348.797831434885,535.1162478541771,4256.689944468225,1181.0749506764214
2035-03-09 23:00:00,6047.553740394235,4041.416511146731,483.9758004066864,4009.524800046813,1010.9191915124266
2035-03-10 00:00:00,5543.75026782485,3955.592074364313,473.1697140110258,3927.702786994531,909.5678838261066
2035-03-10 01:00:00,5482.748558225048,3836.162333263736,444.90441010970096,3818.1820111686266,851.855019674977
2035-03-10 02:00:00,5490.760348755265,3850.533856548071,446.8764501652428,3777.3285541313794,839.4601026086551
2035-03-10 03:00:00,5346.923581927593,3897.5301913608737,438.1156324430298,3802.546740444785,828.1683761350496
2035-03-10 04:00:00,5375.68121896863,3919.938788649268,450.3298985659428,3853.999032100356,853.9672222420807
2035-03-10 05:00:00,5609.9696442730965,4443.539304086489,484.6058997853507,3996.898744152473,901.648865795142
2035-03-10 06:00:00,5688.896104026758,4693.375929396549,532.7677998592814,4135.619466352202,1060.4713700626482
2035-03-10 07:00:00,5990.294605861105,4490.630845884889,534.3264861772644,4266.306222328337,1198.5102221380005
2035-03-10 08:00:00,6491.183534006858,4633.901113954556,550.2876048932677,4226.309300933965,1248.8624040916898
2035-03-10 09:00:00,6590.12162724031,4609.506198156261,530.2671971642893,4301.536253828341,1261.6058982024151
2035-03-10 10:00:00,6772.760523016703,4560.6885812131495,533.312444111567,4269.200738745776,1281.2817270266094
2035-03-10 11:00:00,6642.197906127746,4577.830766450444,539.6196714466979,4321.887724803068,1275.1122158590133
2035-03-10 12:00:00,6434.298009032826,4444.238048916514,525.0135825754923,4233.998562363914,1232.2899362106136
2035-03-10 13:00:00,6561.906557717176,4503.088678416367,526.5956142208167,4224.565311991463,1195.6177188816328
2035-03-10 14:00:00,6484.061720071355,4477.384311873625,533.8126808544895,4225.640928162551,1214.088024348507
2035-03-10 15:00:00,6707.753065659719,4569.346468902751,546.3681909912193,4253.014752732153,1226.3610764734728
2035-03-10 16:00:00,6657.773448458164,4802.983101020422,560.901691794893,4283.084064856664,1264.4962698646052
2035-03-10 17:00:00,6798.371918047748,4797.285075777684,591.6040812854059,4492.643572879898,1338.4786470406182
2035-03-10 18:00:00,6831.112612349953,4941.34811482994,616.3483698958811,4597.029296654659,1357.0227715709825
2035-03-10 19:00:00,6810.7810773594,4982.203527212589,624.8130535717164,4584.9623848466645,1377.541981115568
2035-03-10 20:00:00,6791.510237218152,4847.914936639173,632.0521672153359,4456.633596516532,1351.0080142673405
2035-03-10 21:00:00,6566.698773837579,4655.381761244045,592.9161790542382,4367.654408185473,1275.4061847247194
2035-03-10 22:00:00,6356.171102064701,4349.56138858476,537.6126220585006,4204.703159349268,1177.8679423665226
2035-03-10 23:00:00,5881.435249818902,4092.741442766702,491.7471234569811,4000.272644673831,1017.425306512898
2035-03-11 00:00:00,5735.911738681579,3994.728782988045,469.47830695939456,3902.2586513740034,900.535193457933
2035-03-11 01:00:00,5551.1175996570855,3903.82066916116,452.1473365246359,3858.908083053363,882.9795457824531
2035-03-11 02:00:00,5531.610066838803,3893.068301871559,445.2729611778228,3837.3071812449175,838.8298819186836
2035-03-11 03:00:00,5509.2732481332205,3842.753674228448,447.4067620701643,3866.031190755728,836.3584125466806
2035-03-11 04:00:00,5508.980903906653,4042.639726782799,456.5506238257546,3855.817322067784,860.6766065798682
2035-03-11 05:00:00,5690.958113487052,4387.433508077199,481.9333847019827,3904.629591398877,909.121776726063
2035-03-11 06:00:00,5946.475750471574,4634.250937832913,534.2561748665511,4223.254725314872,1043.4962888057928
2035-03-11 07:00:00,6201.179007006916,4563.143309913676,535.5957445717744,4241.244942151266,1213.2048338671543
2035-03-11 08:00:00,6570.529249584963,4684.917451212104,551.3742337334253,4331.144461004959,1300.943656136004
2035-03-11 09:00:00,6854.362203396733,4619.785674302128,539.6832544677197,4315.477997558847,1277.9389101023216
2035-03-11 10:00:00,6859.424684001316,4605.342116402785,540.1321253785017,4447.611925149151,1298.71407400695
2035-03-11 11:00:00,6891.932470136797,4615.042029901544,535.4949657671843,4223.3459312481655,1270.994717421655
2035-03-11 12:00:00,6658.270135455829,4498.757816498886,528.446901677076,4247.991799381733,1239.137857476769
2035-03-11 13:00:00,6879.101547173421,4558.9789104641095,526.3520577906281,4248.739495386231,1205.628951816791
2035-03-11 14:00:00,6925.863419395863,4551.095056394681,534.3367149526368,4303.70109881179,1210.136765716951
2035-03-11 15:00:00,7011.263011631989,4647.226553676645,539.909372213084,4208.435888428212,1235.3527014210706
2035-03-11 16:00:00,6900.653507767664,4721.173273168683,559.8927385457985,4334.556584672736,1278.096293449556
2035-03-11 17:00:00,7022.523358422372,4915.272838550896,588.8673358093956,4467.059661448395,1319.1339709499175
2035-03-11 18:00:00,6973.866953355815,5035.289869732183,613.5228920100186,4557.712527528151,1384.146474631838
2035-03-11 19:00:00,6991.181337252414,5075.323657162569,647.9028324435271,4577.628716984847,1337.4643955682236
2035-03-11 20:00:00,7128.606265340368,5077.229842914325,628.2202051026267,4553.287543872912,1380.3410035783577
2035-03-11 21:00:00,6811.065763644847,4777.59969813916,595.6301629107205,4400.566638823396,1291.844182174274
2035-03-11 22:00:00,6414.767812371717,4418.934823069233,539.8022377341565,4187.679115693984,1203.8217952001585
2035-03-11 23:00:00,6076.433549598242,4175.281326564187,490.3935414570379,4014.6095040942632,1032.51052479814
2035-03-12 00:00:00,5835.292611858052,4066.405299566097,469.7078201149461,3894.4396940436327,929.913775985178
2035-03-12 01:00:00,5637.1219225354325,3996.3270570577297,450.0712827428065,3902.685982665419,886.5832820875648
2035-03-12 02:00:00,5666.297138612541,3870.030861846192,445.3093909550533,3773.8850938501832,842.0925372147975
2035-03-12 03:00:00,5586.422577474901,3986.52335887839,449.8338312751172,3819.443294165522,839.5007260638245
2035-03-12 04:00:00,5605.439967330434,4104.756971810563,449.5266074580448,3848.238989372312,861.75423374734
2035-03-12 05:00:00,5840.942310007981,4304.96323253671,485.8476186982779,4002.127065591053,911.3618044723366
2035-03-12 06:00:00,5887.628935651684,4618.019705979174,538.7770714619069,4166.164334282472,1082.1659842821696
2035-03-12 07:00:00,6155.8341182582335,4596.379739535126,550.329164130242,4318.77876698581,1206.2620044453683
2035-03-12 08:00:00,6676.198636441284,4679.891809462002,528.1931434737278,4269.771257902237,1281.4489938533325
2035-03-12 09:00:00,6883.429513122019,4617.80630770406,519.8720538683637,4287.402511605437,1288.8486116184586
2035-03-12 10:00:00,6816.248627171978,4653.2961756002405,528.5829039830984,4336.45532315249,1290.2318908628415
2035-03-12 11:00:00,6951.559319629785,4569.504216564306,530.0610389340981,4239.284267325844,1279.8699050517887
2035-03-12 12:00:00,6708.47238465787,4491.029657975255,532.1716373162775,4225.905712326468,1215.4524211046166
2035-03-12 13:00:00,6857.777169020157,4572.511429520345,525.6670672066981,4205.260692282664,1196.5932181665628
2035-03-12 14:00:00,6922.532355786789,4531.05781935588,533.2752232002107,4241.603347928884,1235.717241654042
2035-03-12 15:00:00,6948.328939969064,4608.565967633491,537.9295278697173,4333.591150251538,1236.7134397742705
2035-03-12 16:00:00,7006.110144548356,4777.248059138379,558.6048893422669,4337.687449665084,1263.0842842746897
2035-03-12 17:00:00,6988.7042087056925,4977.736703745135,590.7738676741985,4454.681830391719,1339.3743293511056
2035-03-12 18:00:00,7102.139331726877,5133.275410352439,619.0474976050422,4634.1285702643,1393.0675385495713
2035-03-12 19:00:00,7133.941268375403,5133.960420472169,637.8913104589329,4632.127208598356,1388.6632736080114
2035-03-12 20:00:00,6920.428468955315,4996.130067291744,634.0115087043991,4592.843594958053,1358.9785933382238
2035-03-12 21:00:00,6904.30088595662,4799.034816739878,575.8661683877037,4357.315578340627,1337.8595451199242
2035-03-12 22:00:00,6541.381875143028,4464.383163849309,535.3432942313708,4183.269686117302,1193.4102072731755
2035-03-12 23:00:00,6096.712101165517,4210.854653719759,500.5177276552956,3985.030594011734,1016.5082513510232
2035-03-13 00:00:00,5785.92936485927,3928.04428468972,465.4225878719592,3971.684647821285,911.3954668837368
2035-03-13 01:00:00,5790.9117715784105,3887.3828937462176,450.9410702783767,3821.801446330653,867.277154631095
2035-03-13 02:00:00,5639.246964248886,3896.493974490384,440.4709430483933,3807.602002863062,862.8256571897837
2035-03-13 03:00:00,5614.8696010934655,3926.343767021815,454.5739174771389,3778.918276353654,852.8619836326852
2035-03-13 04:00:00,5613.43500093325,4087.901587700427,456.95433410040505,3900.4026987757297,842.6951397731058
2035-03-13 05:00:00,5732.100782652397,4422.218748508376,490.5025013363685,3972.038794974479,906.91904680075
2035-03-13 06:00:00,6055.527357579406,4600.271718300553,540.9182730942318,4188.662927384905,1042.6260698712604
2035-03-13 07:00:00,6328.723058915316,4633.661140385265,538.3345223094744,4341.833072571178,1247.954187549169
2035-03-13 08:00:00,6745.063254358411,4738.054145074527,549.8523161750463,4356.768497450525,1270.2074361442326
2035-03-13 09:00:00,7039.686135195445,4686.337939258237,528.4674050233988,4321.872069428507,1297.6782380426907
2035-03-13 10:00:00,6810.78437289415,4676.864706480703,538.8474319028775,4287.123128310061,1303.1847843380845
2035-03-13 11:00:00,6958.013061900639,4619.794956068275,534.3999449277293,4303.7718228939,1278.7522951302888
2035-03-13 12:00:00,6845.070600839726,4522.46013627466,521.8424927732262,4243.20201098181,1232.0603805286194
2035-03-13 13:00:00,6762.079586027563,4586.789226800227,523.4583284986501,4272.812935614845,1219.9700311413858
2035-03-13 14:00:00,7051.432391237751,4564.643479696637,524.182270831297,4195.310748240503,1220.787969417655
2035-03-13 15:00:00,7009.966309927538,4650.019962116981,545.8889189541909,4337.681154416281,1237.7179758669686
2035-03-13 16:00:00,7138.1159582423215,4752.342395869599,568.1125402499896,4346.388508675757,1267.608589078684
2035-03-13 17:00:00,6937.847509921697,5101.824542958337,607.7563846512443,4509.633678070839,1360.801903689698
2035-03-13 18:00:00,7227.131554553533,5015.894470439557,606.4468616937299,4577.562745213355,1367.4809699571697
2035-03-13 19:00:00,7095.308773050907,5035.105303874891,623.2939784544171,4562.295516221905,1372.076969418634
2035-03-13 20:00:00,7070.044018332398,4942.405791594738,623.7479855715154,4645.036869125869,1378.3532599140565
2035-03-13 21:00:00,6978.107309807417,4718.4401142278575,602.2096418384555,4397.836815711108,1344.9493608171624
2035-03-13 22:00:00,6511.891252783576,4453.8204193603415,537.4941462644538,4150.769716362286,1200.1240870917911
2035-03-13 23:00:00,6087.844961730274,4164.475858365863,490.4847259551879,3981.359975299404,1024.7077327340962
2035-03-14 00:00:00,5758.136177411392,3955.4392727493423,466.4963428957816,3897.20231698646,942.0285572206682
2035-03-14 01:00:00,5720.860754432081,3890.165998088388,444.7185628560155,3821.649322671428,874.422612874682
2035-03-14 02:00:00,5662.566237543625,3892.9464546831696,444.9076430778832,3818.8529557687375,852.7565174397174
2035-03-14 03:00:00,5552.122787029753,3962.227809759562,451.6465103083745,3825.0046161629625,844.5985841090454
2035-03-14 04:00:00,5588.454956518232,4099.446786452396,449.78209398463946,3894.2018953817096,853.6901161120434
2035-03-14 05:00:00,5903.844063916797,4430.670047275281,495.79864255439367,4012.561104001676,913.230964267959
2035-03-14 06:00:00,6058.1282587403375,4687.8040297022135,527.5471923658458,4215.366750180602,1055.2756436136438
2035-03-14 07:00:00,6266.054985380723,4639.280663374446,546.508616676455,4356.404346702142,1230.4020227069334
2035-03-14 08:00:00,6702.4389310795295,4747.946833014599,540.9117626814851,4328.978612007694,1269.4430496978523
2035-03-14 09:00:00,7052.421000299803,4748.330643049101,537.5539865563738,4383.799363512565,1318.084589057562
2035-03-14 10:00:00,7009.235352187578,4747.774694625348,536.4905298899567,4317.404276454506,1308.957870675205
2035-03-14 11:00:00,6910.880007125089,4589.351566786541,524.9726482790498,4268.132878389647,1300.458552766729
2035-03-14 12:00:00,6888.101838557491,4547.825103878554,528.7287240756372,4311.444040206574,1237.17789142545
2035-03-14 13:00:00,6919.580371234258,4563.0181411286985,538.613529695281,4205.791178728843,1230.3930448817432
2035-03-14 14:00:00,6956.766733094041,4599.829489022139,533.9244906135041,4219.253843416147,1186.8086954266394
2035-03-14 15:00:00,6803.600676731575,4705.609668179133,528.9928547445193,4262.463475555549,1224.6354088276073
2035-03-14 16:00:00,7024.883786624569,4820.383885079847,563.088363948403,4384.877242130291,1264.5701090451048
2035-03-14 17:00:00,7234.098663946596,4947.840317013274,600.5705614910411,4544.919042377581,1332.481505715356
2035-03-14 18:00:00,7129.863956912546,5044.802694145148,625.7809474387218,4560.301254081243,1392.6641198256823
2035-03-14 19:00:00,7107.771595572916,5077.563910659388,633.6748790068755,4571.663667334015,1382.597187583529
2035-03-14 20:00:00,7174.29469057327,4996.0711998152765,617.9228813673093,4672.810913612521,1365.9568564410515
2035-03-14 21:00:00,6795.73056833267,4712.203090226907,595.0838810341137,4454.672466200954,1326.7626546680426
2035-03-14 22:00:00,6602.645200937554,4451.788955074328,537.1070953927875,4274.433907654413,1207.818740257071
2035-03-14 23:00:00,6122.542433048548,4140.499316289376,480.47858930230086,4103.78008540868,1046.1366720034475
2035-03-15 00:00:00,5867.596846074693,4024.109786909588,464.7938027401397,4004.339426488452,925.1635627457604
2035-03-15 01:00:00,5707.57126306882,3929.4368842084095,456.6466239806617,3866.007676722944,874.3012750088135
2035-03-15 02:00:00,5648.436271882873,3876.062250054967,444.15655530463977,3812.574788785451,854.4165525231135
2035-03-15 03:00:00,5558.497128257786,3978.849732209139,448.48280311307656,3864.4321194512686,857.014236129897
2035-03-15 04:00:00,5587.010890193375,4054.701591872856,453.0940991384588,3873.24111238113,857.1319185344139
2035-03-15 05:00:00,5778.713310805038,4441.151999349909,493.9087092372732,3964.994724079393,913.6304195112884
2035-03-15 06:00:00,6050.11953312105,4673.584789403606,531.3682237275992,4267.656591530688,1063.4528924365004
2035-03-15 07:00:00,6300.074123255074,4592.479559115195,542.8413681979479,4318.611727966968,1216.8652165400583
2035-03-15 08:00:00,6785.481162765877,4680.042820776229,545.8427826993795,4353.676676433098,1286.1187264006617
2035-03-15 09:00:00,6792.327262677153,4683.76294175394,529.1842556392445,4348.006778252847,1311.4737558413085
2035-03-15 10:00:00,6992.306476140899,4618.1118913925,545.1473202266419,4389.830337886699,1303.706943364233
2035-03-15 11:00:00,6974.113436885359,4564.780289330663,538.8852843624205,4299.206109031622,1275.4734422353902
2035-03-15 12:00:00,6649.979173558091,4478.060460089878,534.705253270381,4247.630018357582,1247.8175965755438
2035-03-15 13:00:00,6920.562773609998,4520.31227040687,527.5271080764414,4222.976864961704,1245.290320722414
2035-03-15 14:00:00,6983.559558161358,4551.659667973861,541.9850824107403,4129.545766969119,1222.8592815464378
2035-03-15 15:00:00,6942.575245140147,4698.422849115946,546.0208199262006,4273.334177659353,1239.4718647927846
2035-03-15 16:00:00,7042.631979790161,4810.930701211512,566.2755145243243,4356.622655339489,1281.7948168810294
2035-03-15 17:00:00,7100.96388618764,4939.674771735513,607.6352735708712,4581.825474884118,1349.3951483827882
2035-03-15 18:00:00,7099.620402957707,5039.914372655923,629.1358438115169,4517.630166521723,1400.6121895131478
2035-03-15 19:00:00,7096.341669586769,5085.7861064004055,646.0070638997407,4597.128848717735,1369.0827286140627
2035-03-15 20:00:00,7103.661053081225,5054.704487843565,633.4409571952009,4557.65511724903,1374.2087579332183
2035-03-15 21:00:00,6886.6289636460415,4788.791696976775,593.7042092614306,4344.558418171318,1320.3768610301731
2035-03-15 22:00:00,6612.529761249634,4397.635768890698,537.3645092920526,4223.213881107498,1198.4159331322169
2035-03-15 23:00:00,6061.230381124728,4177.889962179497,490.8644892255072,4038.091804875646,1033.837146749192
2035-03-16 00:00:00,5740.684849798797,3961.949305101785,463.7320890771694,3870.3876716609016,915.8809318089664
2035-03-16 01:00:00,5691.735101243525,3956.7735104983954,446.0569664009001,3866.938245863127,871.2707110722148
2035-03-16 02:00:00,5664.015753143248,3832.243768487363,440.0937177498086,3778.7050096938624,840.7625069581638
2035-03-16 03:00:00,5577.668250205185,3855.147677348666,449.6761248818615,3851.762114667422,856.4035755171521
2035-03-16 04:00:00,5506.435863729064,4107.051702165157,453.7859420882148,3935.1309149889353,864.740501496503
2035-03-16 05:00:00,5707.733187254025,4355.305362369229,490.9939301464808,3929.767403486917,903.3518944839436
2035-03-16 06:00:00,6036.051868700955,4602.55760188096,541.620231253804,4194.421267798922,1069.2802185923556
2035-03-16 07:00:00,6212.076413850266,4622.980701922896,548.3608634230387,4331.579295831356,1222.3589162236617
2035-03-16 08:00:00,6643.224130506807,4660.988031417151,549.9984869741407,4242.729758619673,1283.87363458583
2035-03-16 09:00:00,6870.470690722932,4765.180088615864,530.4305134914312,4292.292120773921,1282.7841587065
2035-03-16 10:00:00,7017.459128197235,4700.842160327663,542.3104626284229,4262.1129479672845,1294.3594485525034
2035-03-16 11:00:00,6798.662531630001,4537.689599345374,531.4462854100555,4219.462220201651,1268.255255080295
2035-03-16 12:00:00,6751.539098766432,4486.967441080255,523.6689395599575,4225.857788150023,1209.4663329707091
2035-03-16 13:00:00,6719.918690338877,4560.655892580794,535.3547828449089,4248.906370039855,1215.3893022791876
2035-03-16 14:00:00,6971.583214539826,4491.006838556004,536.6324456017076,4216.696109823669,1231.4429175861628
2035-03-16 15:00:00,6961.620767106,4695.475544604901,544.6039771816373,4233.012373131312,1243.3822541799598
2035-03-16 16:00:00,6889.17145557607,4914.669744313588,547.2075387834603,4364.852668409112,1281.0452235519062
2035-03-16 17:00:00,7098.077072644411,4934.696766306575,597.5071997557498,4465.026130672866,1322.7704935794218
2035-03-16 18:00:00,7049.791134640384,5049.618045436981,619.033631366187,4538.7631739484095,1369.8029519908011
2035-03-16 19:00:00,7109.557506324602,5071.55042922017,639.9213588469602,4626.366925187367,1370.2174537902172
2035-03-16 20:00:00,7060.02668597899,4987.251637088724,635.2420518205126,4601.930972955945,1379.6787718415596
2035-03-16 21:00:00,6870.46770346089,4745.915637525575,597.6274095272842,4400.505316719171,1322.4988049493286
2035-03-16 22:00:00,6531.204558892513,4467.181107045113,544.9448224392575,4209.855920424958,1172.1831739624429
2035-03-16 23:00:00,6042.702571539382,4057.855594656753,497.5464948908274,4066.82638332894,1031.7120791664388
2035-03-17 00:00:00,5540.573804813457,3977.872355685024,462.2485340172028,3899.0288529574086,928.9144343262312
2035-03-17 01:00:00,5478.840232476869,3832.82554823672,450.86092120075807,3873.822647208812,857.8156388189021
2035-03-17 02:00:00,5401.780693499866,3848.447228498382,443.4702986954383,3823.1073172621054,834.0682699165868
2035-03-17 03:00:00,5332.891139372174,3888.5822569497855,438.10308491544623,3772.437193675927,841.5237346280835
2035-03-17 04:00:00,5436.347455658403,4119.250195583036,454.7710231328018,3887.233008204076,842.4328255682229
2035-03-17 05:00:00,5555.8985111423535,4345.3146600317805,486.0666758998153,3902.612515133007,900.0886953701706
2035-03-17 06:00:00,5752.527275435218,4650.34241113302,530.6653345719023,4242.590235902612,1038.5561486429938
2035-03-17 07:00:00,5987.568574153719,4625.818840742013,545.6864200315791,4195.322560357523,1205.099687281076
2035-03-17 08:00:00,6447.498480863106,4725.405033560474,545.9725338338155,4226.815963929884,1261.4503906940745
2035-03-17 09:00:00,6644.493621339385,4582.620740018326,540.311455394183,4299.726328630891,1275.5446555499198
2035-03-17 10:00:00,6605.171108155043,4637.9066332603,547.2475121080074,4326.296266447137,1269.437887807855
2035-03-17 11:00:00,6488.619566745023,4443.490022134248,541.2907808010084,4315.001788283001,1267.0728987253617
2035-03-17 12:00:00,6469.071879217763,4460.279893929219,529.0239459229891,4235.957711817443,1239.5740616228743
2035-03-17 13:00:00,6526.673961862389,4519.49160674682,533.8189633209281,4250.180554866209,1204.4843115606682
2035-03-17 14:00:00,6590.319051835979,4500.333481789958,519.8509575742802,4195.339400790533,1214.0211585505594
2035-03-17 15:00:00,6585.530340910516,4497.551534981526,532.696877864774,4142.979702314345,1232.5759424785192
2035-03-17 16:00:00,6779.69702573959,4695.250842340584,562.1962651494148,4303.493863077543,1269.7965775803798
2035-03-17 17:00:00,6810.332963325775,4906.138698915609,599.1923745371722,4398.451825487248,1335.1307857542286
2035-03-17 18:00:00,6806.4915856717325,4987.375483847813,616.5567929012598,4551.961808102563,1375.9029331934246
2035-03-17 19:00:00,6867.3877901874,5024.058102077234,635.4951879655772,4581.114692731286,1350.9746693645898
2035-03-17 20:00:00,6979.214059359394,4894.102324309111,638.9089587707555,4476.9128497103375,1364.243826876384
2035-03-17 21:00:00,6571.403714780183,4619.298808624776,590.6774022420427,4391.049848865417,1309.5333251620114
2035-03-17 22:00:00,6310.262559677203,4419.1113698509,532.0006096823851,4139.324521990657,1176.0838179650102
2035-03-17 23:00:00,5808.85338840387,4071.3855767841073,492.4465062785784,3981.926059949989,1014.7162224368528
2035-03-18 00:00:00,5755.257256289443,3908.2818846202663,467.31503448603655,3906.73116729432,916.101273695854
2035-03-18 01:00:00,5617.117845137698,3956.856866707077,452.42159292917086,3831.074375588541,872.118813718857
2035-03-18 02:00:00,5682.168787283975,3914.543026470383,451.5093622423199,3790.205077745121,830.025128123459
2035-03-18 03:00:00,5557.040787379955,3867.8108479663247,451.4071782657629,3865.357166594456,850.5285977221478
2035-03-18 04:00:00,5516.337114485814,4076.042191631888,450.3694467307874,3827.5869166368775,861.6896810734248
2035-03-18 05:00:00,5797.609116482954,4428.592182718832,497.0826181892018,3964.7406393870338,900.5598129980318
2035-03-18 06:00:00,5909.351684099487,4570.560995125256,535.4953201378559,4231.382961278765,1043.304860796144
2035-03-18 07:00:00,6113.672794481306,4573.252190318416,534.8567228146213,4214.817013844837,1246.5428657559023
2035-03-18 08:00:00,6710.0377073381405,4823.661826175434,539.4073437410913,4325.690064837405,1256.5741165152094
2035-03-18 09:00:00,6832.473781864061,4670.117855893651,536.0880063555257,4281.704327807745,1292.4550438159347
2035-03-18 10:00:00,6893.60245842097,4581.317674329966,534.6056653334574,4267.021000194588,1272.7535793683087
2035-03-18 11:00:00,6726.396476661147,4647.050295503418,527.464533721813,4284.010673393691,1289.2779221394894
2035-03-18 12:00:00,6836.748211353216,4495.905227444836,533.2682750239853,4243.982290707845,1230.7359496168958
2035-03-18 13:00:00,6832.993452236079,4541.64774505785,534.3804503056991,4203.911236660016,1214.9604549917349
2035-03-18 14:00:00,6924.037142912476,4499.340400866879,533.3997434071446,4195.523536602275,1207.211099770058
2035-03-18 15:00:00,6827.424720036355,4620.4248954730565,540.0437763234806,4275.1619367337935,1190.857912717469
2035-03-18 16:00:00,7083.191124435962,4872.36965362234,559.8610818155198,4363.153293270257,1269.8232010647912
2035-03-18 17:00:00,7016.072842189014,5048.674909333887,599.5408135507298,4523.376370975178,1333.5980164205391
2035-03-18 18:00:00,6994.1595066280215,5032.520815177955,609.4395153417258,4566.377795365621,1375.4161753410128
2035-03-18 19:00:00,7102.694262332774,5117.067129522731,642.8760363213,4608.548275349517,1407.805261476105
2035-03-18 20:00:00,7122.388027834478,5020.873835935869,630.7408787767787,4564.541977693353,1389.2656339209557
2035-03-18 21:00:00,6893.442228561128,4699.265271346078,606.546401698011,4453.665291195762,1320.4704384944175
2035-03-18 22:00:00,6480.123294489839,4445.154225086049,533.7045946848946,4150.791610483813,1196.617898319272
2035-03-18 23:00:00,6115.194579063667,4089.065562295614,488.9274974680841,3981.7096622453782,1014.5601754382012
2035-03-19 00:00:00,5859.315662262774,4038.853098801081,469.25600297677033,3880.220299808446,920.6535209754846
2035-03-19 01:00:00,5696.624927744592,3896.857258173069,448.4047265384519,3821.6666718888746,873.2771381573053
2035-03-19 02:00:00,5725.35647156119,3951.887343153645,444.9138836625405,3809.9080760285656,849.8746945820172
2035-03-19 03:00:00,5587.981444797368,3931.61423834696,446.7198806856824,3883.4479586259367,843.8215676088928
2035-03-19 04:00:00,5639.457029194288,4069.7525877978846,454.6836016268373,3896.4894733250926,858.7232946896899
2035-03-19 05:00:00,5803.794921805553,4384.273379272069,487.09204535731936,3943.753793782612,898.611332348011
2035-03-19 06:00:00,5953.664059080946,4679.915310277108,547.3359056815331,4185.44389479907,1037.257075136824
2035-03-19 07:00:00,6243.423272271774,4626.843133672097,544.8992850156885,4250.838482237884,1233.0083517305577
2035-03-19 08:00:00,6666.954397938468,4585.680051377815,548.2345808449722,4304.618040648322,1280.3192922981746
2035-03-19 09:00:00,6795.418394935282,4701.67409549,542.6774470247115,4335.390760445996,1282.6644022994135
2035-03-19 10:00:00,6905.713081687126,4580.814511093566,537.6237830052081,4219.458408657207,1244.3670228874191
2035-03-19 11:00:00,6967.698385285168,4586.378855974463,531.3883741158442,4254.659236542942,1296.829055807057
2035-03-19 12:00:00,6785.136513779952,4427.097069295765,527.0387446391975,4194.798077364355,1237.0064128002057
2035-03-19 13:00:00,6812.698310799241,4578.913798191539,533.075991221937,4234.071367667314,1213.0822420701895
2035-03-19 14:00:00,6997.42411367035,4476.560718005248,541.3711306128264,4170.860304071542,1202.575993498664
2035-03-19 15:00:00,6913.74327308016,4643.377275516121,540.2412794571806,4276.895201736469,1214.0667547912226
2035-03-19 16:00:00,6961.760772058815,4863.0763316984985,571.6137181500071,4322.146328241279,1295.5384684307762
2035-03-19 17:00:00,7166.92408906279,5010.195351704538,596.6779302442407,4467.406277073756,1361.4231362590265
2035-03-19 18:00:00,7092.2025706951,5028.668158176504,622.4258837139162,4600.4711171762,1386.8706847056808
2035-03-19 19:00:00,7086.41513388926,5016.847783336536,638.8413039287168,4574.6436631657125,1398.5587003214737
2035-03-19 20:00:00,7118.197522272229,5005.353665936588,629.439740270972,4507.397258474558,1390.427187948763
2035-03-19 21:00:00,6839.408972171419,4792.797377619976,602.2790436058305,4482.529761161853,1314.2321261976724
2035-03-19 22:00:00,6537.851572526594,4480.418773894289,539.2420529910903,4174.387935701355,1208.808456833941
2035-03-19 23:00:00,6193.14063878326,4181.54760948526,480.4531573570251,4026.6072855792977,1012.5907958227268
2035-03-20 00:00:00,5856.7834045354975,4013.37268414251,469.3607997063359,3917.776043893912,933.1020312014172
2035-03-20 01:00:00,5767.222428971581,3921.201009327742,446.162629149625,3867.094662409289,879.8616507618063
2035-03-20 02:00:00,5604.766955293469,3919.995891128301,450.82840838095154,3854.774274657794,857.8447692880868
2035-03-20 03:00:00,5692.98976532461,3924.844657080917,441.73444662488487,3872.437346587704,849.3480410246283
2035-03-20 04:00:00,5678.788349170382,4096.952011808343,451.7530533094085,3937.316432670923,855.6310463488545
2035-03-20 05:00:00,5818.501158557495,4465.3322639552125,493.2250412072052,3953.55989004772,902.1377975137668
2035-03-20 06:00:00,6013.002646797324,4672.3389178788375,537.3931398090643,4276.372688482966,1063.3683963435096
2035-03-20 07:00:00,6282.307002002473,4689.731553755751,534.8647059508868,4367.886114063756,1236.5175474598918
2035-03-20 08:00:00,6795.570780780902,4683.683638691644,539.3752146871751,4349.9213764509295,1292.0423682111702
2035-03-20 09:00:00,6950.093356985689,4751.679295692584,532.2372807660353,4274.965112783051,1299.616398785832
2035-03-20 10:00:00,7066.45251853808,4681.437597474542,539.8535902019987,4395.463733413027,1287.4780614589365
2035-03-20 11:00:00,6838.2300336295375,4630.296237397535,542.5541675304285,4294.417041258082,1303.1969914022131
2035-03-20 12:00:00,6739.7877822362525,4491.214498455351,521.4283980879457,4288.30583595645,1222.9735966249773
2035-03-20 13:00:00,6725.050010318852,4589.645104756407,526.8417680243832,4155.663146494594,1212.4727856068928
2035-03-20 14:00:00,6925.652163669231,4639.016354243664,532.4705161252602,4285.3792924464,1222.8603223871532
2035-03-20 15:00:00,6912.340872154938,4701.7199682177325,539.7861784292533,4242.241560676874,1240.0741344741868
2035-03-20 16:00:00,7076.405690628601,4885.584177229639,553.9172351873043,4419.697712082127,1265.4409572730729
2035-03-20 17:00:00,7024.016724074401,4939.178722426778,598.4799485774257,4412.401921555064,1348.413204445514
2035-03-20 18:00:00,7095.091554955719,5033.764733594266,627.6361034922724,4722.185649911391,1405.293437333536
2035-03-20 19:00:00,7092.736018763564,5166.015808991081,640.2806865847267,4582.035632098366,1398.241612098121
2035-03-20 20:00:00,7171.605818522744,5009.992408048381,619.2781796080579,4545.8724524085,1382.170833955886
2035-03-20 21:00:00,6823.952126421244,4723.586063030319,598.2962777557186,4448.052481412958,1338.3855556636854
2035-03-20 22:00:00,6529.757474039364,4363.427770391962,531.0070764561501,4243.095947250927,1217.795803146004
2035-03-20 23:00:00,6182.814163074089,4220.751914385834,487.6486763719996,4031.799616355353,1026.907510285596
2035-03-21 00:00:00,5856.298849111087,4087.387967249454,476.0524166469435,3911.250304932456,913.424132774323
2035-03-21 01:00:00,5715.824833986526,3903.711400756128,451.1989215779699,3830.299286261081,885.4274520579445
2035-03-21 02:00:00,5637.1641769080825,3867.765792528194,447.1950849680726,3845.97088902749,851.0579036242978
2035-03-21 03:00:00,5557.055238755043,4001.412480753409,452.83474010749774,3775.973425251548,853.8076225012862
2035-03-21 04:00:00,5606.795230073235,4065.974768309173,461.809040756433,3862.0094870575535,890.1546267156037
2035-03-21 05:00:00,5867.854118815106,4358.65483612256,495.1562952188565,3974.038093740811,910.4497439682152
2035-03-21 06:00:00,6121.484856236864,4744.473263778703,540.476497511092,4289.189080809795,1064.865031194891
2035-03-21 07:00:00,6253.07339998907,4625.239726041941,539.3919204462776,4314.687309518993,1214.878264591809
2035-03-21 08:00:00,6603.785458352582,4711.624347121555,548.438263233919,4283.618472443512,1290.2480117548905
2035-03-21 09:00:00,6882.719770789165,4658.82731333033,529.4294930531702,4383.958601401798,1301.2495049822578
2035-03-21 10:00:00,6916.149971092516,4680.357051331243,537.1277036674244,4262.479465825336,1307.600241532993
2035-03-21 11:00:00,6894.391960640236,4601.676445191242,541.4797151394071,4344.774580697093,1297.8102221527772
2035-03-21 12:00:00,6782.236036027853,4558.086894398994,523.1265233872341,4203.741246574105,1239.690091346664
2035-03-21 13:00:00,6841.287361519543,4598.317637260014,530.4296452916675,4269.276968120419,1236.0232860005294
2035-03-21 14:00:00,7006.930030936643,4574.847098085686,528.6506718055114,4242.605466579685,1206.375675670827
2035-03-21 15:00:00,6936.247754047835,4640.660031552229,538.6350493586887,4262.727062238487,1237.498109740387
2035-03-21 16:00:00,6872.9000787131135,4837.767706622719,557.457417468221,4372.5871469911735,1298.600143456636
2035-03-21 17:00:00,7183.977113368305,4874.407249693907,598.4110223270021,4501.585635977056,1320.6042555433498
2035-03-21 18:00:00,7086.345290930806,4978.398788465255,613.27547229932,4621.471376885568,1388.6240724707852
2035-03-21 19:00:00,7147.033883239456,5069.1534775866585,633.2609311450288,4699.394631987516,1395.483462823257
2035-03-21 20:00:00,7135.47349392453,4982.43147291163,621.3491214968367,4529.997175090381,1343.7464848161735
2035-03-21 21:00:00,6889.732404945937,4767.1677508999,599.3458211770876,4359.366183199124,1328.0410128901694
2035-03-21 22:00:00,6498.168041807516,4408.292561535981,531.4412416313197,4298.892793275304,1213.8804378387777
2035-03-21 23:00:00,6240.660664369487,4198.401186125758,500.04402868339184,4009.992737734507,1029.547857237317
2035-03-22 00:00:00,5874.585551981418,3998.418277381843,465.9778289179091,3859.9553818396007,918.7946509313036
2035-03-22 01:00:00,5635.846759914102,3875.6531998523046,456.4514611565532,3851.7262187744495,877.5194126764209
2035-03-22 02:00:00,5696.121674583398,4013.018293598327,445.5627615860452,3836.6821805370473,852.0197758926017
2035-03-22 03:00:00,5533.756895633631,3991.66329637046,446.68304345676273,3910.730361896989,857.5762295418451
2035-03-22 04:00:00,5654.633793947769,4002.7505278705457,454.38009198614,3896.430287538472,869.3211218578633
2035-03-22 05:00:00,5833.317238946481,4411.090022403185,488.40879808231824,4014.1259611283817,896.3781346043696
2035-03-22 06:00:00,5921.371050776591,4624.440408602943,539.0143430551593,4184.375932026018,1057.006818209349
2035-03-22 07:00:00,6322.998644180219,4574.3943773193205,549.7681266709578,4286.5327545023165,1241.480131650522
2035-03-22 08:00:00,6694.420567970177,4763.884928526662,534.3679611627027,4405.376535328889,1282.9960922348205
2035-03-22 09:00:00,6841.320933944392,4707.82161654733,540.0235470097476,4371.8764568132,1295.938139085595
2035-03-22 10:00:00,7015.655554258896,4690.42065290298,544.8833988393701,4277.060517911345,1299.2093253973217
2035-03-22 11:00:00,6924.569714751384,4572.152867847499,540.8423911236231,4298.256250016511,1299.168694870598
2035-03-22 12:00:00,6704.818630758198,4508.173707622256,540.7363396526102,4301.080433385772,1246.6745281763951
2035-03-22 13:00:00,6904.611446615984,4580.974494973397,529.3018884977716,4300.921171682642,1219.595624552746
2035-03-22 14:00:00,6951.254880639619,4560.310200704456,536.2908279875328,4230.735897466453,1218.1570638267394
2035-03-22 15:00:00,6883.798203732575,4764.391703055368,532.6035449684491,4293.179328218381,1236.5357538957594
2035-03-22 16:00:00,7091.345185328479,4768.079882925234,558.0563476888091,4432.426418250894,1277.8471497163953
2035-03-22 17:00:00,7007.838200627823,4995.421227513,598.8379433377326,4640.103879435948,1340.3708131322176
2035-03-22 18:00:00,7041.7863429234485,5104.124229369295,617.5046178813925,4595.6005238065,1374.2252293169431
2035-03-22 19:00:00,7304.732706593897,5157.520539672561,645.8943630946777,4575.366422744754,1363.6474085491318
2035-03-22 20:00:00,7035.828099336548,5068.4863255727805,640.1046137059312,4668.005248317652,1399.496117320648
2035-03-22 21:00:00,7007.384357174227,4797.936266746944,593.8954450528165,4461.607483249714,1355.8870319634188
2035-03-22 22:00:00,6544.685788566647,4437.838479381936,538.5405862521224,4265.244402293288,1199.2037450252378
2035-03-22 23:00:00,6089.3250690948535,4188.727856602323,495.1716973781805,3985.593939273783,1041.4180761254058
2035-03-23 00:00:00,5744.928278301868,4058.32260215657,477.1700343564493,3953.7876231348896,918.8753116799394
2035-03-23 01:00:00,5768.981774117809,3892.768246132732,451.0405966842766,3864.6307433574193,877.380318618681
2035-03-23 02:00:00,5641.998326065134,3921.926750298629,445.6079268545763,3835.0056004119374,866.0626967850346
2035-03-23 03:00:00,5469.565888843022,3928.162601388591,451.5671445637505,3800.395558517721,852.3885422017936
2035-03-23 04:00:00,5651.246222778653,4107.488253113449,447.451427358786,3809.0297845318273,844.2440209794541
2035-03-23 05:00:00,5704.899960775228,4366.615641378554,500.14343840704754,3981.5088376469953,890.9058272039196
2035-03-23 06:00:00,5992.041710114138,4611.162256837803,542.5866077838934,4176.583203633943,1057.538322811007
2035-03-23 07:00:00,6272.281234269261,4654.898894213296,544.2271823768261,4269.166544706835,1214.133879914832
2035-03-23 08:00:00,6652.094619948334,4779.958804388468,548.0910770681896,4281.881573425553,1273.773747747987
2035-03-23 09:00:00,6934.885549838125,4597.864039281603,544.2118394804432,4261.149279354676,1292.931606036327
2035-03-23 10:00:00,6903.465476513459,4597.335177098245,533.5486518850312,4328.45903607233,1290.4140529340916
2035-03-23 11:00:00,6824.853337166848,4517.594038281674,533.1738704111737,4215.923650749182,1268.9556423206454
2035-03-23 12:00:00,6770.180860428427,4520.593411378244,524.9571861481094,4252.656154085018,1217.1973873206532
2035-03-23 13:00:00,6813.62997238305,4584.809965732276,535.3047469323817,4193.871442506821,1206.5430561624537
2035-03-23 14:00:00,6793.182605393668,4484.056282795839,530.5005118673873,4241.167615533396,1221.6068184496182
2035-03-23 15:00:00,6912.405022675253,4556.802773849528,544.0920040262765,4226.111777540872,1224.0737445976386
2035-03-23 16:00:00,6977.549620161849,4845.213568618127,558.735192613181,4317.928514599375,1260.8552859920026
2035-03-23 17:00:00,6962.286874493944,4982.04905851988,596.4536830326174,4556.88350770699,1335.6524911931842
2035-03-23 18:00:00,7153.427831112181,5018.332409156459,627.7775939106544,4475.564823223101,1375.9236889289512
2035-03-23 19:00:00,6995.465094769495,5146.516064708609,630.4957547237943,4590.118262063969,1363.248536198835
2035-03-23 20:00:00,6947.301157029011,4988.422892681785,630.4585511681232,4608.048001960606,1386.446832487418
2035-03-23 21:00:00,6803.470832563149,4714.612985362916,593.0454230803201,4447.923654634069,1306.9710066018372
2035-03-23 22:00:00,6440.020883147202,4302.5114618302,540.3326675133119,4268.925897264451,1197.629296611458
2035-03-23 23:00:00,6098.692006178158,4127.704702502918,488.09361053580096,3997.104377464684,1016.7487512907092
2035-03-24 00:00:00,5543.528419451082,3901.86392269439,463.7391585859445,3817.927913843877,918.0189657049832
2035-03-24 01:00:00,5421.117930652124,3817.787076585434,454.9616591654397,3803.247749149669,861.720793526752
2035-03-24 02:00:00,5383.313864483514,3856.972304413848,450.8692602263401,3770.949612837358,842.9995802705351
2035-03-24 03:00:00,5424.8668804719,3884.0004559487575,439.4509805564769,3814.597408417065,837.3645185422579
2035-03-24 04:00:00,5432.539855201481,3978.2740789953855,459.0381103137864,3840.1935543604914,859.0343494370936
2035-03-24 05:00:00,5546.719886002484,4352.587211819446,495.8534985282757,4006.339729742802,906.3025240902438
2035-03-24 06:00:00,5802.5718478051285,4592.974668956285,532.0397438013415,4166.577184196901,1053.9850295503104
2035-03-24 07:00:00,5979.322246508112,4597.634292144126,536.8054466452867,4324.468095385465,1193.8517234354467
2035-03-24 08:00:00,6472.594524143762,4611.861307185979,544.182622341025,4332.620947713572,1267.291265752911
2035-03-24 09:00:00,6660.59816278345,4706.4152758179125,531.7558030106019,4284.099103907385,1295.784692437381
2035-03-24 10:00:00,6705.480452450744,4598.125406781374,537.3012599428041,4261.994414606841,1279.4928685065267
2035-03-24 11:00:00,6706.310313350165,4395.252748221014,534.0295431951113,4315.479924414241,1281.2684465514394
2035-03-24 12:00:00,6442.531699472981,4479.727682389614,522.6650004245524,4197.007531107952,1217.6006632032868
2035-03-24 13:00:00,6687.375505462911,4441.00180694476,523.272417551571,4309.981818020268,1235.701281508578
2035-03-24 14:00:00,6679.971344922273,4491.486080928157,522.5572237992534,4144.379906818351,1211.65207073745
2035-03-24 15:00:00,6728.3007089976,4559.21889248829,535.7754145332788,4279.911354672843,1205.61254800179
2035-03-24 16:00:00,6637.769161070827,4689.82491711141,558.8317495798993,4287.982703245337,1252.3498956052017
2035-03-24 17:00:00,6922.981228003477,4919.377750192272,596.998528987009,4429.133928124899,1351.2190995336616
2035-03-24 18:00:00,6882.346289355859,4986.813930084366,619.4240109767803,4552.851316947532,1359.9645441706025
2035-03-24 19:00:00,6789.7266363583785,5054.731728358724,628.9647803596665,4621.275944682259,1357.0580914393329
2035-03-24 20:00:00,6654.175760705888,4926.86874683985,626.9286019727072,4500.010378948913,1352.6129187454349
2035-03-24 21:00:00,6615.179443746269,4648.993220362338,598.2960906758149,4375.286667010242,1322.361441939835
2035-03-24 22:00:00,6296.161248646534,4382.474147644257,535.7293615362012,4172.127273379669,1179.0926817024686
2035-03-24 23:00:00,5914.101640271473,4116.020123897798,493.99047785500335,3957.425855672247,1036.1544059576854
2035-03-25 00:00:00,5802.928232779922,4000.785087788776,469.0474769319264,3815.812998873704,921.5682897247088
2035-03-25 01:00:00,5724.227368392446,3963.18015412639,454.65588094031256,3830.2494816406615,874.9510863330288
2035-03-25 02:00:00,5598.811265872082,3889.30523575781,442.7038603280291,3756.531673603956,864.3241265649398
2035-03-25 03:00:00,5522.535800530703,3871.3566969694657,444.8256725162966,3849.950670700373,828.84902606943
2035-03-25 04:00:00,5603.791144861648,4115.006275431861,462.70229805850647,3835.597350421308,844.2701505629192
2035-03-25 05:00:00,5761.498035015325,4393.526927738465,495.3104119667652,4030.877877449755,911.208417974952
2035-03-25 06:00:00,6034.6015662091,4638.778958603036,545.5518881462434,4243.904073559127,1029.301964449455
2035-03-25 07:00:00,6077.86100004482,4586.481063024367,533.4593561814241,4330.368796035546,1217.844063848134
2035-03-25 08:00:00,6646.128663290256,4641.85345414811,534.6795127248272,4314.924262591381,1291.145520607209
2035-03-25 09:00:00,6968.862257020323,4673.138813586903,545.9742094383192,4270.535216637376,1279.4388120753235
2035-03-25 10:00:00,6963.875050256099,4663.010816299041,536.505201607596,4393.59842553306,1278.1196390439222
2035-03-25 11:00:00,6928.080237647979,4641.691830650164,537.1535700000962,4196.069386199686,1273.172798002351
2035-03-25 12:00:00,6659.565303459376,4508.907698731691,534.5998784139,4219.56583816304,1226.2678533352014
2035-03-25 13:00:00,6792.455688000867,4545.951787918104,528.0101452662241,4162.9366348640815,1243.2428005386018
2035-03-25 14:00:00,6939.008305399475,4564.479711291437,531.411257147019,4215.692660868102,1217.3613664128286
2035-03-25 15:00:00,6909.68822920584,4648.337320815121,536.2216462888077,4261.589550146628,1238.589050605302
2035-03-25 16:00:00,7088.696574128665,4720.231626350959,551.1483946233733,4413.555589144725,1268.947873241347
2035-03-25 17:00:00,7151.1040500722265,4972.6164859897335,590.7555648385421,4498.455058460692,1349.1663838465513
2035-03-25 18:00:00,7004.682568906291,5012.898216827364,621.7104799121144,4535.49804171198,1390.77248024824
2035-03-25 19:00:00,6873.942574417158,5092.227279715696,628.0995959661076,4621.8096658372215,1381.217990538584
2035-03-25 20:00:00,7120.811738580791,4920.508608110065,631.5752394074427,4556.261704963861,1369.7394103978286
2035-03-25 21:00:00,6777.466238488618,4689.981975867606,585.9445783146489,4372.895808452208,1324.9163754737417
2035-03-25 22:00:00,6490.090784081641,4436.028199630342,545.6737053654504,4256.962076845625,1192.8658895812412
2035-03-25 23:00:00,6050.87878508241,4112.907258327503,495.43819277335103,4044.492185389095,1027.43813043186
2035-03-26 00:00:00,5779.125057069392,3936.852939529768,462.5745772094863,3898.479460992193,927.6369277337284
2035-03-26 01:00:00,5675.923607201037,3986.7171558033087,449.8164855896521,3886.4129419179553,874.6421894662595
2035-03-26 02:00:00,5571.452699882473,3917.353920103899,441.7810798442075,3845.1181017621207,842.7072699496798
2035-03-26 03:00:00,5580.023903856647,3923.247850630165,442.2722294702596,3838.31410616307,847.829924563446
2035-03-26 04:00:00,5642.892487226812,3993.466836008979,455.7590036571452,3896.1365937457695,855.8198885167866
2035-03-26 05:00:00,5844.059174747996,4354.417132666528,489.4815635305779,4001.5448042819976,924.6783115632892
2035-03-26 06:00:00,6073.275837106949,4622.306736090902,544.8424364830524,4243.704140121553,1058.2006795315187
2035-03-26 07:00:00,6258.144087431971,4641.358749797667,547.5940567179105,4260.488251618151,1218.5327124622793
2035-03-26 08:00:00,6676.836277648125,4746.342666425394,534.5767111891772,4389.617583631797,1279.5624796093034
2035-03-26 09:00:00,7051.180088053796,4607.484780952232,532.1751790187224,4296.139778089173,1289.4937054277284
2035-03-26 10:00:00,7028.250913634787,4674.662077908799,542.9358007954762,4385.394014170768,1282.4394716334325
2035-03-26 11:00:00,6913.629397325688,4564.8510365403545,536.6545242023128,4165.751730301468,1287.6280026765962
2035-03-26 12:00:00,6732.748486109423,4533.207755930262,519.3851119171643,4283.857141665801,1236.734656921199
2035-03-26 13:00:00,6882.1698235247,4551.673391182447,542.3316661737072,4188.221495048843,1244.470750223095
2035-03-26 14:00:00,6884.266408605413,4479.863887627985,529.9110533793161,4160.229946730627,1213.7376983838924
2035-03-26 15:00:00,6941.454219456648,4639.031815739578,537.2390627674141,4271.255232668534,1243.6676098769458
2035-03-26 16:00:00,7118.412577962638,4813.487809643797,574.0822586159926,4365.734475462378,1287.9454434461318
2035-03-26 17:00:00,7101.72031335191,4972.270386987376,607.9043923955693,4483.799730185127,1339.5712127354504
2035-03-26 18:00:00,7095.797058795629,5075.294924925849,617.4074590394116,4606.186349678546,1385.2632866388187
2035-03-26 19:00:00,6935.748879425046,5143.940515064605,624.2234322538292,4476.134577266816,1369.910022180099
2035-03-26 20:00:00,7143.743201323484,5069.588347525731,635.0069470870925,4521.39717943869,1391.616130732917
2035-03-26 21:00:00,6890.929031815061,4734.641693133377,591.0886112832117,4389.441906549785,1326.6873442470328
2035-03-26 22:00:00,6507.323804892541,4469.937694846342,535.2786155324271,4186.121320225209,1213.0571088731624
2035-03-26 23:00:00,6094.642379076147,4214.27663817527,491.6448807834539,3994.4523241875504,1037.8264675102916
2035-03-27 00:00:00,5790.1186545380615,3983.596444968363,470.1753613318824,3970.7570043673104,913.1847349575356
2035-03-27 01:00:00,5703.546650947804,3887.4812049685975,445.6695968965626,3864.5874926937913,872.9428488099281
2035-03-27 02:00:00,5680.066914719272,3955.6697883012216,444.1398974684536,3806.043966343876,842.8368084157527
2035-03-27 03:00:00,5572.881734530222,3974.6161376703394,449.4819242334463,3834.19321395483,840.7519886035857
2035-03-27 04:00:00,5692.5991547576095,4037.657209555234,451.9522956173362,3913.8924881367457,887.1825329213858
2035-03-27 05:00:00,5806.888287094531,4412.02049041575,485.99675019503786,4033.7084195467783,895.6237805744922
2035-03-27 06:00:00,5908.481503369001,4654.504218956718,533.3211649065006,4193.771695249436,1065.4444165994294
2035-03-27 07:00:00,6324.705571081803,4618.979492053479,539.983561423621,4308.214808687696,1239.0331029041731
2035-03-27 08:00:00,6600.863232512607,4646.650652077691,547.419808031574,4299.252556411738,1269.311982678478
2035-03-27 09:00:00,6947.223563463997,4686.073416034684,526.0849560585299,4359.649185205086,1279.3554817914796
2035-03-27 10:00:00,6983.929177269836,4693.8649977459445,534.8174034005494,4343.117348032483,1315.9306506751725
2035-03-27 11:00:00,6852.434522007478,4562.386501600215,540.3195964105321,4306.33162959622,1299.4370515622609
2035-03-27 12:00:00,6692.84676139421,4514.829520053482,528.0550668801533,4249.298679044599,1254.9952370571298
2035-03-27 13:00:00,6839.662350591296,4505.979306671415,530.376962317267,4235.424779301943,1220.511399515938
2035-03-27 14:00:00,6962.206943156832,4506.814751792827,520.9703975452654,4174.375895990561,1241.8373647225455
2035-03-27 15:00:00,6927.182072936842,4659.936249034611,542.4370165596325,4217.317066532393,1244.9493345945311
2035-03-27 16:00:00,7133.454000130295,4843.061935225023,573.1639975099843,4404.098645931495,1274.392660318396
2035-03-27 17:00:00,7099.29345296008,4941.389882018318,599.2616563826139,4486.533050721089,1364.9987710356586
2035-03-27 18:00:00,7203.469465994941,5167.465954839231,614.4597416407291,4655.543040461385,1378.9092629962142
2035-03-27 19:00:00,7025.866811465159,5065.596875501078,637.012468293119,4584.560684677703,1406.630763692885
2035-03-27 20:00:00,7209.1906930461,4991.237385035358,632.0698852993423,4511.700337107379,1377.8226323243784
2035-03-27 21:00:00,6923.982750310292,4769.3489938521125,600.7148775342959,4477.463342301207,1363.516713897923
2035-03-27 22:00:00,6492.82650698626,4592.185180236188,529.8414131924578,4197.95756301363,1205.3942406345875
2035-03-27 23:00:00,6073.076982895614,4177.80974524496,483.4921721813382,4027.037135341546,1042.588934588781
2035-03-28 00:00:00,5898.631731600969,4006.228689699957,472.1971539017139,3916.255362370448,932.150082816206
2035-03-28 01:00:00,5713.389145506227,3981.043618406328,447.7329692223396,3884.973823137621,882.0818147319012
2035-03-28 02:00:00,5681.563153018427,3963.5178958155793,449.2621034862346,3792.171051194456,863.4999891564152
2035-03-28 03:00:00,5529.627373494936,3978.198414516692,449.401669791892,3870.253941813362,865.3171886132864
2035-03-28 04:00:00,5550.373580614021,4057.932340694768,451.4872778950933,3931.2851392459615,866.5253128632357
2035-03-28 05:00:00,5758.566315579539,4400.991746464513,484.7136620822312,3985.214711022423,915.1646626757502
2035-03-28 06:00:00,6130.033315816766,4636.608834666687,545.909021705439,4247.100972829872,1059.9643864175323
2035-03-28 07:00:00,6212.233969430409,4654.192960175906,549.8364752670955,4340.210593707065,1220.7668591558538
2035-03-28 08:00:00,6725.549068209042,4763.006933648141,551.7735590136996,4315.320696164589,1275.2965651249172
2035-03-28 09:00:00,6943.982075651696,4705.86582689872,530.1633362654935,4386.429654908541,1292.9171198980648
2035-03-28 10:00:00,7047.981776770826,4749.667823031185,547.8449792165394,4345.489921883536,1289.1742691244958
2035-03-28 11:00:00,6945.269240269011,4610.80507262778,527.9198487959144,4266.809591436479,1302.6954424854812
2035-03-28 12:00:00,6790.912220451036,4496.102441156159,525.7805660193029,4137.8175795983925,1234.44741910003
2035-03-28 13:00:00,6898.22226964048,4575.652325678568,536.3096191375449,4281.109032649651,1217.835410108128
2035-03-28 14:00:00,7146.220658557218,4643.718689613508,536.4343951186803,4265.639664213039,1208.413122469988
2035-03-28 15:00:00,7012.394840453338,4664.450541044097,543.5334968328215,4327.023934561527,1229.1681821038617
2035-03-28 16:00:00,7087.181918466924,4895.349333709786,557.0570012866132,4323.488594132576,1294.4911842679417
2035-03-28 17:00:00,7097.090427403403,5027.191372817868,602.2281545762172,4562.168643841691,1333.4206145588682
2035-03-28 18:00:00,7127.823725092182,5082.83848199756,623.5533012676178,4584.205751443381,1368.7272539654427
2035-03-28 19:00:00,7241.146853636177,5056.649082442735,630.0023982974138,4625.894540891792,1401.9787864275693
2035-03-28 20:00:00,7051.206007109405,5031.137070950032,614.2599178529649,4596.733799035097,1384.2418705480843
2035-03-28 21:00:00,6886.396735950638,4790.015142031661,596.4863744440942,4415.738568124614,1324.6370809426091
2035-03-28 22:00:00,6539.129894729723,4482.098303263324,535.5085722695601,4229.9339637635285,1183.398730294141
2035-03-28 23:00:00,6110.197760777874,4123.200941583762,496.8160771156174,4057.615810546217,1029.7828617941225
2035-03-29 00:00:00,5742.130328423476,4058.7123211688754,467.2831429757096,3844.528331907032,929.2995452371888
2035-03-29 01:00:00,5732.16387355551,3970.865576467446,451.4983439121928,3966.18961973538,885.8820533288753
2035-03-29 02:00:00,5562.325631000504,3900.4209853654265,444.18847350887705,3844.1916059566574,859.7233805133463
2035-03-29 03:00:00,5513.12519079425,3954.694836595764,442.798602869456,3878.970740031381,852.9671578417497
2035-03-29 04:00:00,5584.9545237683415,4110.200484233355,449.0759762214367,3889.374991307816,863.8608650038404
2035-03-29 05:00:00,5864.548782614799,4453.9082943192125,493.5155724873956,3944.788495687533,913.1768919198252
2035-03-29 06:00:00,6078.598231847755,4680.034908396628,539.3420123322325,4237.918873790881,1058.98758704322
2035-03-29 07:00:00,6285.770271362479,4685.328081321882,544.933886193392,4339.113826771163,1222.6515323767248
2035-03-29 08:00:00,6761.765663066758,4795.102675686122,537.1968212160012,4339.948255195704,1300.3040876021382
2035-03-29 09:00:00,6978.04366267107,4770.963245633125,534.7993352974216,4352.302215921543,1307.643928616897
2035-03-29 10:00:00,6986.224255302037,4744.130857151898,539.6182576254225,4295.487576235964,1322.8304067904824
2035-03-29 11:00:00,6939.521937452141,4630.8244754295365,536.5716394140342,4241.242362119036,1303.7086158229604
2035-03-29 12:00:00,6883.046909396809,4577.068496354959,529.1251788849713,4212.910473789122,1236.3173331750147
2035-03-29 13:00:00,6962.395554256609,4546.774811245126,543.1464177918708,4222.153115100969,1221.102159759193
2035-03-29 14:00:00,6876.799428110098,4554.834031786838,545.7032075647246,4325.690168244983,1208.5204764789114
2035-03-29 15:00:00,6941.942324319616,4692.250564253858,544.9807399236887,4339.750966051301,1234.6672306742944
2035-03-29 16:00:00,7058.517934113564,4767.709613772213,572.9830580642106,4337.1046136853765,1256.9374074492446
2035-03-29 17:00:00,7278.957858475472,4967.547163849224,607.6350347360337,4561.577805078041,1327.5244545921505
2035-03-29 18:00:00,7138.41443538792,5192.025936205902,625.9804540123816,4615.772616973242,1393.9509522725891
2035-03-29 19:00:00,7228.981460566548,5094.356659017343,644.7086499991993,4724.834706549853,1398.4080550381923
2035-03-29 20:00:00,7240.888562516541,5065.003543461417,639.0530339074872,4563.819012708919,1396.3912571396838
2035-03-29 21:00:00,7097.296853667009,4760.791684783184,593.9410661290779,4370.163579214425,1302.1177510134123
2035-03-29 22:00:00,6545.684859463172,4407.754891621187,540.4072005841435,4193.746879122838,1211.876391651365
2035-03-29 23:00:00,6075.310607130256,4197.378499973356,491.8258372825032,4032.210403514344,1023.6759008563128
2035-03-30 00:00:00,5764.55439634185,3957.222989458879,465.7878554358999,3917.7191724641534,922.7182706524848
2035-03-30 01:00:00,5640.43194465321,3963.1976212565146,461.0284825484643,3890.781606344632,864.899435600751
2035-03-30 02:00:00,5539.7484891644,3943.9765766486016,444.8587102225484,3866.6415296664254,854.991728582138
2035-03-30 03:00:00,5547.801943566041,3968.285759968347,446.8305849618647,3823.726155739349,848.9647479571893
2035-03-30 04:00:00,5650.783102589574,4100.161934574726,457.7515690943288,3889.807010155384,836.8823553977168
2035-03-30 05:00:00,5661.5114213086845,4391.629580895791,498.1585390107242,4024.496959285008,911.2321492809256
2035-03-30 06:00:00,5948.301282864195,4555.669189786848,537.3710312662203,4213.662426578451,1047.81617477717
2035-03-30 07:00:00,6189.53003053468,4593.611642519044,551.4860969886952,4387.723605726778,1226.2295285882835
2035-03-30 08:00:00,6582.835457126279,4695.255763081284,544.6769520868362,4324.437487470832,1286.076350025541
2035-03-30 09:00:00,6842.75212471364,4720.223489847075,538.2792778599614,4278.603039133652,1300.9843948872033
2035-03-30 10:00:00,7035.500499436929,4692.708674218991,536.6921035327882,4363.12879934255,1282.4836543327397
2035-03-30 11:00:00,6868.62503989515,4627.676004586684,541.7187793620704,4275.325710625211,1291.776492081736
2035-03-30 12:00:00,6703.648582725112,4424.098952387518,525.2844807811217,4159.532829080816,1235.9990647837465
2035-03-30 13:00:00,6872.373675619387,4674.072705086411,541.3796648136524,4164.225499142631,1203.063405423864
2035-03-30 14:00:00,6905.975133948061,4555.990020399961,533.8289562810821,4142.049945499231,1197.5729491598229
2035-03-30 15:00:00,6827.977882939191,4694.285799001097,540.4598593541214,4181.133660209642,1232.5668447989935
2035-03-30 16:00:00,6877.68420303563,4779.355488962486,563.8328346767329,4343.355146625141,1250.7892917884935
2035-03-30 17:00:00,7074.591144123724,4998.813886488445,609.4040454159186,4539.21779695513,1348.1788824845407
2035-03-30 18:00:00,7070.617705561954,5109.344071583391,624.5258316189464,4598.528476080896,1355.5690444660186
2035-03-30 19:00:00,6985.873128713018,5197.806360817327,645.147412337934,4534.152644671384,1381.858804829271
2035-03-30 20:00:00,7182.027710220174,5006.08330244033,639.7638446192824,4601.879151001543,1358.5864979335583
2035-03-30 21:00:00,6923.890822826466,4810.916258673356,604.7443669910547,4452.771918637611,1320.2258322815546
2035-03-30 22:00:00,6639.724827092156,4428.529713640284,535.5830967401678,4225.838726379177,1188.39923196402
2035-03-30 23:00:00,6080.442006306554,4170.880551834627,502.8432936300865,4062.695017993839,1009.6100929632072
2035-03-31 00:00:00,5529.072180192226,4048.820878763505,472.0699499779308,3849.334781837261,909.3542207356004
2035-03-31 01:00:00,5448.210912944487,3817.608654933062,456.1985049868479,3745.031320905579,882.0496657634408
2035-03-31 02:00:00,5383.863429750209,3840.8405806441697,444.2742807796633,3811.547873967996,851.077470574168
2035-03-31 03:00:00,5281.656093598512,3895.729626821195,449.6695061913839,3813.378967081126,832.1908960286922
2035-03-31 04:00:00,5459.239182649163,4102.036198934484,454.8437469233998,3862.4373541392174,835.3893197071388
2035-03-31 05:00:00,5399.956005973804,4400.76967521082,492.0911420834649,3971.941089993537,914.8272171747102
2035-03-31 06:00:00,5832.858228114487,4582.639457900669,536.9283326241074,4196.148526602534,1033.1281746772863
2035-03-31 07:00:00,6021.138517211374,4576.4668649535,543.1327392674049,4280.893829144881,1207.013717435585
2035-03-31 08:00:00,6461.35472904147,4692.1985803268935,539.2304865986896,4291.517436539349,1265.5396506058814
2035-03-31 09:00:00,6598.502856483252,4556.150209219495,532.2568051136169,4315.698878655089,1299.6730226176148
2035-03-31 10:00:00,6805.339542876303,4564.503240366395,537.4510571862726,4256.178340349136,1298.2209476031037
2035-03-31 11:00:00,6666.520986551855,4561.817474469021,525.4596427079573,4263.0259557716645,1287.5463596636675
2035-03-31 12:00:00,6474.156436739248,4420.216224570206,523.632294985797,4218.581351034283,1235.968150875192
2035-03-31 13:00:00,6625.2006383206735,4487.7425289945,529.7016728896322,4223.908908163884,1211.4400421563253
2035-03-31 14:00:00,6731.501040150253,4547.224912629882,515.4507925030138,4116.42328011572,1230.3961987874538
2035-03-31 15:00:00,6640.394010860173,4635.068681897946,545.3670983373968,4193.747470240391,1232.7216266239927
2035-03-31 16:00:00,6780.275284467577,4784.597027778252,567.62775487233,4339.8572995219565,1267.359860180914
2035-03-31 17:00:00,6841.758031018343,4827.302096344314,602.6287033998746,4525.393126604454,1340.9211485750438
2035-03-31 18:00:00,6874.210980305265,5038.506462583091,613.8237234405659,4566.267392176053,1394.2131531631137
2035-03-31 19:00:00,6926.677103035473,5026.513267456722,629.6597568705157,4550.892320252332,1379.077460527883
2035-03-31 20:00:00,6817.68229860255,4924.823170845196,629.561265738548,4429.046480367702,1391.1570526354426
2035-03-31 21:00:00,6578.255684244891,4638.253420726214,589.8017127003297,4412.667712994872,1312.6984883115797
2035-03-31 22:00:00,6380.834631037495,4383.780020213178,540.9450005579401,4187.105153624651,1193.0399993287426
2035-03-31 23:00:00,5854.198933195805,4106.115386345233,494.7251694555691,4018.7407732619695,1005.8617164697596
2035-04-01 00:00:00,5217.271379308582,3332.758628143071,401.9166219681825,3726.9775518377255,755.2575795220338
2035-04-01 01:00:00,5122.162083768494,3280.896188707095,391.7984392749634,3621.830282503192,710.8306985868819
2035-04-01 02:00:00,4997.475606867893,3213.9848809423806,394.8007020512921,3648.382604796196,687.9918108817523
2035-04-01 03:00:00,4968.846478312244,3293.541718460278,390.5614900476089,3583.0595793427456,689.4167860225507
2035-04-01 04:00:00,5056.699406759766,3386.1368672019103,394.7803242366177,3640.8220949814186,703.8478752543515
2035-04-01 05:00:00,5209.3834161158775,3648.75161714656,424.3831357882577,3767.4549671400446,743.4378275543413
2035-04-01 06:00:00,5366.569973819876,3846.834976695537,471.6150170185416,3963.8326958861794,867.62255265084
2035-04-01 07:00:00,5601.67897957972,3744.5801215298,472.8645926382532,4027.133633429532,984.8454053541712
2035-04-01 08:00:00,6039.861726977579,3915.182932664097,475.7829810457734,4095.621519623287,1040.7961174953566
2035-04-01 09:00:00,6084.431755105851,3924.4220549051097,467.2406963194895,4105.512278289658,1032.6361999094363
2035-04-01 10:00:00,6236.784566054033,3850.763652312504,467.87547329210383,4168.913227922396,1056.0765280879116
2035-04-01 11:00:00,6100.573828059426,3753.3504181173,472.4581333903967,4036.1400237465946,1069.3856843749588
2035-04-01 12:00:00,6081.914704564403,3769.790114986258,455.8664843802246,3966.0452903846494,1028.744414580974
2035-04-01 13:00:00,6092.001324486169,3752.653908484229,462.1528977932038,3983.378986773734,1018.2403206805154
2035-04-01 14:00:00,6217.475535976363,3810.060617660477,459.6234738408708,4048.8578503843178,989.5091543291958
2035-04-01 15:00:00,6159.127737198898,3837.1650445771634,471.7467199577625,4046.1438599385046,1004.3164268031474
2035-04-01 16:00:00,6301.358217083,3977.015885960383,499.3333700547285,4151.694118751842,1046.117911055792
2035-04-01 17:00:00,6387.43923825181,4166.45034366114,525.7708996218092,4257.54095037368,1105.657019011512
2035-04-01 18:00:00,6201.007437225237,4219.551130781498,538.5844621267371,4371.446524879284,1123.4366357637252
2035-04-01 19:00:00,6463.033179746716,4248.47714901108,567.5990965021988,4354.219966367484,1148.05654237037
2035-04-01 20:00:00,6348.227173166194,4094.0950526999663,553.4293359956353,4357.433424845583,1110.777684217008
2035-04-01 21:00:00,6250.019085074045,3941.771152594656,517.9118743208164,4131.619751193226,1083.2322008538197
2035-04-01 22:00:00,5632.194214773642,3644.431340162093,462.2973023566296,4040.0161477598754,993.7744410725512
2035-04-01 23:00:00,5397.171886510221,3419.441579546593,423.50929381675405,3800.352375615192,823.9093432096696
2035-04-02 00:00:00,5138.664091567504,3300.6354470998613,408.5277979805023,3758.781245505931,761.7575573065542
2035-04-02 01:00:00,5121.073900472698,3289.783739277856,394.7889398115385,3585.6864276315364,710.1782700591361
2035-04-02 02:00:00,5036.348747882646,3237.479831135932,392.8008896359684,3629.073140390393,694.8355696542924
2035-04-02 03:00:00,4959.169503344123,3302.8357809507484,389.315954161789,3625.3828461458206,701.1255425708806
2035-04-02 04:00:00,4933.175697290546,3438.063962466543,399.21093628797735,3606.194245312881,689.5312927137487
2035-04-02 05:00:00,5158.616601141726,3639.692682610127,428.1330679610594,3779.074285173632,743.0591149445531
2035-04-02 06:00:00,5404.278630536049,3844.047361706248,473.0552839741818,4006.8272181538346,876.5863057004839
2035-04-02 07:00:00,5514.961713531796,3799.8805649932815,478.0821929985872,4081.355314331725,999.794291867578
2035-04-02 08:00:00,6003.855303777583,3919.7707867098256,475.159484403149,4103.825555037665,1045.6806742190647
2035-04-02 09:00:00,6293.059259062475,3886.767040704213,460.4197247903078,4131.790379103893,1055.7947984834204
2035-04-02 10:00:00,6233.272779644038,3883.348007895192,455.98126630239295,4112.891557660548,1063.6920353457629
2035-04-02 11:00:00,6168.14216277668,3765.760015111867,468.41406393822336,4078.8266516978206,1054.0133977917228
2035-04-02 12:00:00,6012.8193126277565,3746.272119178525,457.87241620533126,4062.490046895812,1027.0844886514249
2035-04-02 13:00:00,6080.182392221369,3742.3043773196446,464.8708263542739,4011.103584855925,1001.2120001796892
2035-04-02 14:00:00,6187.592584476348,3739.5310162987175,471.04493009890666,3961.887714873792,990.6943368676028
2035-04-02 15:00:00,6179.690531223701,3872.171558619101,468.4617344629215,4012.9706529965856,992.71726019263
2035-04-02 16:00:00,6314.665837991782,4032.117662863647,487.49698140639504,4148.8907711517,1037.096477298384
2035-04-02 17:00:00,6335.432877170199,4047.9248432877744,526.3043701119343,4227.612402563338,1101.192444607571
2035-04-02 18:00:00,6298.295401143677,4207.679847482576,536.7893996952472,4367.758160838035,1135.180786334097
2035-04-02 19:00:00,6331.736002791762,4170.89960020745,546.7593014516345,4390.634141338122,1112.7645776385896
2035-04-02 20:00:00,6336.889162510014,4176.794209849028,553.2963406955779,4316.27705712075,1109.7025061780798
2035-04-02 21:00:00,6222.500379358512,3932.662384414336,518.4450696380179,4192.070524700433,1078.235035689421
2035-04-02 22:00:00,5864.197005980928,3633.176604194384,462.92816990888326,4032.452461091616,979.5696908675372
2035-04-02 23:00:00,5467.316980522588,3459.103315152901,434.12266919677546,3875.511418392969,845.0765152081658
2035-04-03 00:00:00,5198.889636941561,3382.822582908094,403.44651457300455,3685.8718051150754,756.3993083931961
2035-04-03 01:00:00,5078.368549693473,3269.6785488094006,389.8481442721464,3653.032081464593,715.1526634029201
2035-04-03 02:00:00,5021.233485768213,3256.118755777812,389.3991672527528,3673.2959378181695,702.0527542394744
2035-04-03 03:00:00,4957.58175856679,3291.468197867363,384.9526012806596,3649.551635691189,703.3047492452423
2035-04-03 04:00:00,5034.958926100661,3419.5609228956664,398.9133759733815,3699.5459179143,704.9396857030997
2035-04-03 05:00:00,5186.272695353975,3618.192652707631,429.8085927977829,3770.356166848417,744.9590664979287
2035-04-03 06:00:00,5394.848717506992,3836.3032596002336,463.2835313752416,4025.324225034968,859.5424690449868
2035-04-03 07:00:00,5634.32827736903,3892.100684078896,470.3614428078962,4090.76805973417,1010.1485886566804
2035-04-03 08:00:00,5961.779879356733,3855.506115626143,468.2086731025364,4086.826263510732,1059.5861980417185
2035-04-03 09:00:00,6148.305290452253,3906.672139748217,472.5940306224739,4124.581285283661,1063.4620329700158
2035-04-03 10:00:00,6301.89026727951,3870.576177778292,463.1623748061442,4055.4423267455504,1058.1360363809058
2035-04-03 11:00:00,6189.479445845693,3746.127453484441,472.273757192115,4011.853830341032,1045.9347685915218
2035-04-03 12:00:00,6010.583445033133,3757.946235281189,460.023988121204,4008.574953096813,1024.8451546812082
2035-04-03 13:00:00,6175.140753005641,3778.353876470977,462.1190233139559,3994.461799688947,994.5121819625672
2035-04-03 14:00:00,6150.465147444325,3772.813699940286,465.6561152522596,4028.261073236672,979.2992166283444
2035-04-03 15:00:00,6165.5329469199305,3857.1465744403854,476.57502282011126,4065.188887087094,1025.7106956199457
2035-04-03 16:00:00,6291.82541785145,3992.4742254885527,484.1074664418341,4162.411007897647,1032.2272162422544
2035-04-03 17:00:00,6416.123487540768,4145.260369083967,526.2452343363468,4196.421052927051,1094.8233783515475
2035-04-03 18:00:00,6533.595206823692,4183.59407253849,553.1469436363949,4383.288092429751,1146.99535927149
2035-04-03 19:00:00,6463.539506225027,4216.790429587987,558.7766917562876,4366.144192761765,1125.984170505663
2035-04-03 20:00:00,6407.1999085292455,4188.792542181201,547.750651967081,4269.416592006065,1129.2708181789892
2035-04-03 21:00:00,6230.955395229218,3891.496519117278,515.2020264795891,4182.950726239015,1095.329850124948
2035-04-03 22:00:00,5842.449900866783,3751.136121091124,467.4995980693632,3969.727777867456,983.2732459366448
2035-04-03 23:00:00,5541.167006958124,3524.530363491433,431.8271151546947,3827.315530194864,856.9994510419576
2035-04-04 00:00:00,5194.69340694802,3380.083463623361,401.66571530495423,3690.152049280215,757.9588847911294
2035-04-04 01:00:00,5169.193444292254,3262.0329141494885,394.0481150880639,3625.6524494290634,704.7838486935518
2035-04-04 02:00:00,5043.981384919824,3240.807811720309,386.70174611610713,3637.261435030684,720.2321642835612
2035-04-04 03:00:00,5029.009044369821,3277.9648454973712,393.9986373064776,3556.1303857170838,708.1103473325938
2035-04-04 04:00:00,5105.105082631355,3345.1503897414777,393.77081066988814,3742.987706568596,715.3361519452245
2035-04-04 05:00:00,5150.474402292701,3685.822898338127,428.8391598809347,3762.341272332874,752.2720537940588
2035-04-04 06:00:00,5411.849745464151,3875.783852604764,471.5281176501723,4045.212233800496,875.3017810353556
2035-04-04 07:00:00,5537.555181055987,3885.840503212933,464.443134696137,4041.051912171042,1021.3040545144446
2035-04-04 08:00:00,6107.842639514987,3899.0272637243575,473.05799298218994,4091.4115684950343,1057.1781485211443
2035-04-04 09:00:00,6151.111537862956,3865.523888259685,470.5573425693327,4175.853291696514,1065.5572725089255
2035-04-04 10:00:00,6246.89789022374,3915.9808986793328,464.8800119709413,4123.92308822428,1056.3838225306622
2035-04-04 11:00:00,6334.462078646937,3781.179834826592,464.6757223672093,4110.235120328875,1063.5740617954398
2035-04-04 12:00:00,6206.990288175657,3751.965350269081,460.543430134699,4004.1019552175208,1005.127261855677
2035-04-04 13:00:00,6080.208009985623,3780.568782656855,465.8774465519559,4019.506272702823,1001.7802621375592
2035-04-04 14:00:00,6271.532494054352,3813.4522221736793,469.7321061207909,4112.414095491307,1004.2521049979872
2035-04-04 15:00:00,6208.401662463095,3879.0642962216248,472.3870547094039,4138.356619022288,995.6393528975872
2035-04-04 16:00:00,6340.759848466009,3941.3071941806825,488.447729094076,4097.710439307555,1047.0432038289994
2035-04-04 17:00:00,6305.053799296382,4105.758247846183,517.8104167920194,4221.83976345711,1133.3672724006628
2035-04-04 18:00:00,6543.656310434184,4233.4129466223885,548.0377465441871,4374.366428957397,1125.84582640214
2035-04-04 19:00:00,6324.308759445315,4230.952299250485,551.8930375626534,4519.834980095995,1158.8367122800807
2035-04-04 20:00:00,6368.730240143386,4186.902134431796,553.4379696718837,4353.9038360467575,1115.850141568695
2035-04-04 21:00:00,6212.026957519259,3932.727429506339,513.0480712258318,4228.960639097255,1071.2348812653092
2035-04-04 22:00:00,5846.299082262057,3735.82892007108,466.2276028993425,3969.913989271936,967.7234263354068
2035-04-04 23:00:00,5496.8838305935205,3496.491545038245,427.3444509631239,3832.004986014696,843.6977725822468
2035-04-05 00:00:00,5207.0425955479295,3331.7519667650013,402.7335160347647,3737.635486343386,757.413851314278
2035-04-05 01:00:00,5088.82713576644,3327.6935372437674,393.9109943007039,3707.54009524436,718.9361751102067
2035-04-05 02:00:00,5041.783765437592,3252.4236679831824,393.1882365941808,3615.321248639461,693.5268898271537
2035-04-05 03:00:00,5033.349865470204,3273.344993377666,388.69447297283887,3705.9261109172858,684.5099779006217
2035-04-05 04:00:00,5035.532602224732,3430.3738866211656,399.23774249654974,3696.4185279981702,704.1489171042789
2035-04-05 05:00:00,5170.1429114281655,3654.74017672425,426.4064180178405,3797.217080517845,738.5051169565522
2035-04-05 06:00:00,5362.661936611806,3844.816853771397,471.2153577915755,3991.2697896211807,889.843096437656
2035-04-05 07:00:00,5575.539531213279,3810.820688053713,465.4429159693296,4088.4446209881703,1007.5043613795252
2035-04-05 08:00:00,5988.512469651602,3956.1803116130536,481.5856519278993,4101.244281274991,1041.207224300245
2035-04-05 09:00:00,6139.337774335675,3920.569854892493,476.9966975839533,4167.208769334528,1088.5825487161414
2035-04-05 10:00:00,6321.933416968245,3872.8803913167935,463.25092128075033,4103.3712034025775,1075.287672833755
2035-04-05 11:00:00,6192.467094010079,3848.669898481836,464.3640846938993,4040.939491266004,1061.8285308725508
2035-04-05 12:00:00,6089.525327027766,3826.591117067911,460.318203975619,3974.3055949834447,1006.3056485505462
2035-04-05 13:00:00,6180.948420563418,3853.420105954813,475.326176480133,4086.462375126859,991.5594583309
2035-04-05 14:00:00,6279.359940821913,3832.0546153668106,464.9840783024803,4071.107689517794,994.288285182916
2035-04-05 15:00:00,6268.233278764302,3829.735457439977,479.7998398141125,4085.8701725669775,1011.5683810020976
2035-04-05 16:00:00,6203.530263401579,3924.3493060607657,479.2199845953386,4161.9675166239485,1057.8135243518902
2035-04-05 17:00:00,6319.182189596332,4143.479757192053,524.6341732663132,4265.212874549043,1100.2954900774537
2035-04-05 18:00:00,6469.370678263318,4241.421446957283,548.4165313961962,4341.575073996135,1147.68910934717
2035-04-05 19:00:00,6404.568901324125,4212.201276680809,556.5006848761896,4317.319906649296,1131.676367968876
2035-04-05 20:00:00,6376.191957506741,4221.371109073268,539.6873175303724,4335.339236326049,1122.8467725397209
2035-04-05 21:00:00,6264.818641945326,3955.9553479776737,518.5356274445953,4299.606696552844,1096.3146250359985
2035-04-05 22:00:00,5865.278046615784,3694.926799100285,464.15121876909006,4060.177516524042,996.2247296117408
2035-04-05 23:00:00,5457.440753115391,3510.526178708335,429.3714562658077,3842.518114471082,847.4201168884483
2035-04-06 00:00:00,5173.68396325329,3333.367756481151,402.8381066298859,3661.5289550856382,759.7772632631688
2035-04-06 01:00:00,5081.627795345749,3275.277249245583,393.2955412437598,3601.5108243433,721.2898614403231
2035-04-06 02:00:00,5015.074886829776,3220.712809125995,389.5036373481333,3661.124716639818,694.9575069785443
2035-04-06 03:00:00,4957.97999406454,3254.9470057962844,393.9298118445774,3594.7089989045185,696.9277821247011
2035-04-06 04:00:00,4974.635736156197,3398.0526793834115,385.5434133634178,3728.4769892648033,698.3528426400363
2035-04-06 05:00:00,5104.80251886377,3719.29484809404,423.2313257956123,3731.798811646644,735.6669404791734
2035-04-06 06:00:00,5373.178855290656,3890.179938470947,472.6388139661,3915.884975061305,864.0441327215196
2035-04-06 07:00:00,5454.311039341219,3783.871344527847,475.3519772823112,4128.861869854037,995.4636752566752
2035-04-06 08:00:00,5987.006090773014,3906.9584041027088,472.65526703785554,4091.150309827497,1038.9483328228334
2035-04-06 09:00:00,6252.573143099913,3889.765841838329,467.5532124915623,4114.131195600919,1048.1828487722244
2035-04-06 10:00:00,6356.088363501566,3910.885711355869,470.1030090505605,4073.422475611793,1037.6333399147293
2035-04-06 11:00:00,6097.514209096647,3852.940927011096,468.3864463823218,4048.0348574156105,1033.3660181029652
2035-04-06 12:00:00,6078.937642393467,3739.781292203918,455.95182182757566,4049.796078839763,1007.2738882414324
2035-04-06 13:00:00,6039.229243421861,3833.646343152696,470.5733568485147,4032.801234232051,1005.5919918961132
2035-04-06 14:00:00,6049.503733986559,3819.806273846151,465.58695852941474,4032.2973572782944,1004.7829654733767
2035-04-06 15:00:00,6196.097532316802,3868.9748879901226,471.1915489944497,4014.551798894685,1031.9348213149497
2035-04-06 16:00:00,6250.980554198974,4030.215567866302,484.95819086041865,4191.131833175448,1041.8123006910992
2035-04-06 17:00:00,6359.497923502123,4126.323603615243,516.3062487315611,4276.521250921628,1099.7995612625984
2035-04-06 18:00:00,6452.510899605132,4143.084067793119,540.584141862969,4268.249543841939,1139.3475649825248
2035-04-06 19:00:00,6345.1132304803405,4231.666214646175,548.672296623378,4410.876091522636,1092.4419655972554
2035-04-06 20:00:00,6337.410692427379,4204.427983188275,553.2873536920315,4345.646448039301,1125.2999802013233
2035-04-06 21:00:00,6098.720539855844,3978.226290778017,509.5694281621938,4193.850601424865,1048.394329147352
2035-04-06 22:00:00,5778.451595845692,3698.1424012908737,466.38940363813725,4008.3734294228993,981.2596766296284
2035-04-06 23:00:00,5354.361084347466,3436.9529389883933,426.12611058006615,3844.110161917916,849.2933132446868
2035-04-07 00:00:00,4953.973474970539,3291.7358992041422,403.7802468486189,3781.428371965704,743.2663278295693
2035-04-07 01:00:00,4895.064747418516,3200.764240585345,384.9000482199981,3587.495508283904,707.5534527218402
2035-04-07 02:00:00,4822.7437577691,3237.881500791322,394.6159158614042,3556.750301548903,689.8659354908897
2035-04-07 03:00:00,4793.190543707274,3168.6609744783145,384.5183827073808,3599.255714479197,696.4056423213634
2035-04-07 04:00:00,4735.758183947224,3361.0638981206657,388.4702025850343,3620.092858611245,690.5873445894857
2035-04-07 05:00:00,5062.396792316206,3629.998554785761,426.4728923452568,3823.710131309848,736.4903578475638
2035-04-07 06:00:00,5190.623141105123,3800.786598973209,469.6667691281149,4013.616187509078,861.1421740078141
2035-04-07 07:00:00,5433.082149006676,3794.36137045747,478.5984912394489,3987.044695809504,989.3154885452524
2035-04-07 08:00:00,5810.415984539353,3898.185532669893,470.9584994378084,3989.072847371637,1050.026650447014
2035-04-07 09:00:00,5973.822051884304,3872.86281517591,461.7286623832335,4093.969235558502,1066.907756439933
2035-04-07 10:00:00,6026.496757443094,3803.036235847527,454.1276562314107,4058.263302458538,1049.9292853315185
2035-04-07 11:00:00,5906.253751807093,3774.8476283589794,466.2721597404691,4051.959377721553,1040.1803995317052
2035-04-07 12:00:00,5753.198386538061,3673.9685949632767,457.21059304634986,3977.8688565116986,1016.6846863559228
2035-04-07 13:00:00,5889.502500019006,3741.568603492348,462.2085201368244,3974.406183625499,990.7866070148618
2035-04-07 14:00:00,5962.24074590823,3793.3767970861063,462.4712276937091,4036.5433958634662,986.9037682213622
2035-04-07 15:00:00,6019.635359542139,3777.523220224514,470.49891602454215,4069.382269768709,1010.7496380797742
2035-04-07 16:00:00,6094.771476841507,3913.288857869972,485.2558967221271,4175.353956059061,1031.8157352761614
2035-04-07 17:00:00,6127.24260690093,4122.60053159062,523.6306627899178,4224.194217837455,1087.9526521060602
2035-04-07 18:00:00,6164.472106734175,4148.30335079337,533.5395667721749,4307.194973648128,1124.9999130111264
2035-04-07 19:00:00,6218.616874674525,4159.854400975875,549.086219765552,4275.048697636837,1121.3999721824557
2035-04-07 20:00:00,6066.044409073089,4078.160130850609,541.1427407128525,4275.297239744723,1126.4921771782535
2035-04-07 21:00:00,5969.406586591281,3850.676691519443,515.640357938579,4162.832418308811,1066.4348920579882
2035-04-07 22:00:00,5581.905025907857,3637.437339740743,466.6394459987816,3977.690223971658,969.1009173139798
2035-04-07 23:00:00,5164.593511179067,3427.9910738940143,433.0062177974234,3807.134809707229,840.7403194537914
2035-04-08 00:00:00,5168.579400601447,3287.9645098714677,401.6766130452992,3690.593909786765,743.7495615723129
2035-04-08 01:00:00,5003.699225967642,3244.3555721921844,388.3165022202628,3710.0123209448657,719.0135960686155
2035-04-08 02:00:00,5053.772068334251,3255.0551373409,385.0694693734749,3622.1760879554886,694.806235722498
2035-04-08 03:00:00,4924.941195079614,3246.996513021022,389.07941824265066,3656.373711759263,694.7181155455191
2035-04-08 04:00:00,5013.599888339525,3401.8873115986457,402.4309202983634,3654.260570946677,708.9800878369745
2035-04-08 05:00:00,5101.385385826337,3645.279307807688,423.2184141964781,3792.270906443073,744.1292922319657
2035-04-08 06:00:00,5318.931971907808,3843.389693144122,463.557959093856,3974.518130671467,855.2190760751051
2035-04-08 07:00:00,5571.57804708374,3890.874089581457,472.8771686473998,4081.249237955572,1000.939582802086
2035-04-08 08:00:00,5869.7185734357,3909.309557077868,476.0173376648118,4096.581692115909,1024.8989519626173
2035-04-08 09:00:00,6039.664037466823,3826.873240866066,470.7187508401048,4091.0674286779968,1063.256488920836
2035-04-08 10:00:00,6188.269990652408,3891.243217753416,471.4291967490454,4099.11262931098,1054.8574702379103
2035-04-08 11:00:00,6197.753794165102,3805.622501421318,462.28309375604175,4081.0905880144655,1065.3846536706642
2035-04-08 12:00:00,6050.416366057396,3791.122036208221,451.6945487189742,3981.271188166574,985.1135965709476
2035-04-08 13:00:00,5998.665747089667,3768.9838361021793,465.5294824278952,4029.088029793721,991.8787470369188
2035-04-08 14:00:00,6144.53574922829,3786.366843019249,462.1371995864159,4040.560130750344,996.0788202374262
2035-04-08 15:00:00,6194.143378398855,3879.477181122869,471.1266114920257,4120.54943956486,1000.59160007442
2035-04-08 16:00:00,6202.982240076833,3987.5209615496,480.91919866569793,4184.098210984087,1029.1124994917966
2035-04-08 17:00:00,6231.732158948414,4073.5398041095664,516.8546176638463,4325.418043864823,1126.5933039830036
2035-04-08 18:00:00,6259.382649902307,4153.349313712359,545.9408234111204,4342.492940915487,1142.755598886629
2035-04-08 19:00:00,6336.426337635174,4220.330377601144,549.7999788818418,4370.5971132110335,1123.51496637083
2035-04-08 20:00:00,6287.196465511664,4137.100974132434,550.2707196699089,4332.254941320553,1110.6273410595093
2035-04-08 21:00:00,6121.498403605206,3926.644678290261,509.5135945340264,4234.0468204850495,1085.1662468839943
2035-04-08 22:00:00,5813.41174763523,3690.272374240847,472.3658864699448,3931.353110061262,964.069282956296
2035-04-08 23:00:00,5367.375745222883,3450.887853542052,436.71769580659,3805.749572116746,848.0565421032029
2035-04-09 00:00:00,5260.260082813985,3249.8016443374245,401.2666139053486,3724.547846966456,743.9730051910783
2035-04-09 01:00:00,5193.207411527814,3293.972389318189,392.4811075139925,3735.608190240791,722.7811349622833
2035-04-09 02:00:00,5038.893042527546,3260.1748686764786,392.1107190693786,3658.979839080338,687.6032055992363
2035-04-09 03:00:00,4980.77812580409,3291.106115621488,393.092084611076,3624.569594387255,695.4010538776566
2035-04-09 04:00:00,4990.582866078194,3388.325392171046,397.2720925017509,3682.264577159983,710.8923357360833
2035-04-09 05:00:00,5136.092904626993,3677.152460802135,427.9036085337643,3809.589331903873,741.7233653999823
2035-04-09 06:00:00,5420.108608036231,3878.323897648641,482.5955769367208,4041.9945818421047,865.1907942949017
2035-04-09 07:00:00,5587.396061394098,3806.724891413164,474.9512797717312,4083.878748402613,1010.2077857079744
2035-04-09 08:00:00,6043.080222720489,3887.119175104925,467.8818911870444,4142.062709098428,1049.3547913862776
2035-04-09 09:00:00,6106.723049150469,3829.291998109103,466.32737643596505,4160.917670591978,1064.6400191267965
2035-04-09 10:00:00,6306.462421314509,3888.499600455022,467.9359108465931,4036.809140620395,1045.9748268003127
2035-04-09 11:00:00,6117.165704503923,3796.3827509209095,474.06436759282144,4060.607097085786,1063.3152872037488
2035-04-09 12:00:00,6100.878635430563,3753.3980685520287,460.6142720083426,4044.3144801779567,1011.6756845692208
2035-04-09 13:00:00,6117.335731456362,3794.142836657712,464.4692288151353,4053.6037136099694,984.864753928426
2035-04-09 14:00:00,6168.994087216332,3772.838839741657,464.3760760566571,3963.4887184406575,997.8184650141692
2035-04-09 15:00:00,6148.103727419408,3882.950012799384,462.3259376620524,4086.588449161363,998.7801670229176
2035-04-09 16:00:00,6323.939271950917,4023.61403880072,484.0446230354056,4085.726404047258,1037.4814846944876
2035-04-09 17:00:00,6286.853680591823,4100.7152312737,518.9677166413561,4255.035242699731,1105.1061012506402
2035-04-09 18:00:00,6409.271726627298,4206.543041787066,541.1081533375898,4348.383882657494,1129.4311650622512
2035-04-09 19:00:00,6346.922942355634,4327.610384200348,556.1944504339019,4314.327808971875,1108.9266029345738
2035-04-09 20:00:00,6426.433101618388,4072.3081871272425,553.6907217975693,4281.848013250584,1134.7466841364333
2035-04-09 21:00:00,6175.266388200177,3968.566308048202,519.4663101027202,4195.982987570025,1076.2148569264068
2035-04-09 22:00:00,5930.651107904411,3638.0855526118894,468.7132540689153,4005.67134297506,981.8533798373188
2035-04-09 23:00:00,5419.798693871422,3473.1438227108065,439.6539347813896,3794.3965035987194,833.4549000727026
2035-04-10 00:00:00,5195.091310706238,3322.349439182153,407.1193655186988,3711.200289399036,763.8169838660067
2035-04-10 01:00:00,4991.514817058987,3269.102809694769,396.16303437574607,3675.4291845609546,716.9636033690183
2035-04-10 02:00:00,4992.465280936614,3217.632915726163,392.3563342445379,3649.8920491001536,694.4987882659764
2035-04-10 03:00:00,5035.4419597048,3272.86011490738,388.2644215604016,3684.654356773532,699.9577885713098
2035-04-10 04:00:00,5008.471357920275,3361.532940451404,401.0265842031589,3662.2522199984287,713.5777888592752
2035-04-10 05:00:00,5179.159979452647,3729.554982946861,431.0899102412898,3860.931357958189,741.753287481805
2035-04-10 06:00:00,5367.048064371918,3923.625373637079,466.9551684377458,4059.719815384079,865.7853309610528
2035-04-10 07:00:00,5644.03265083551,3891.827583401938,475.6266667574519,4109.68122381501,1029.201213235171
2035-04-10 08:00:00,5949.383193969506,3937.599001276672,468.1492729011061,4150.051597027581,1060.9728405771243
2035-04-10 09:00:00,6187.768985149543,3872.8598425457194,472.6225977284244,4082.6818315411992,1062.060539687835
2035-04-10 10:00:00,6294.711588563855,3840.775101103903,468.3566001454084,4163.693604098648,1071.3615599454474
2035-04-10 11:00:00,6299.926194329764,3814.5680814032025,457.8857777358296,4103.173030651632,1066.6880245198902
2035-04-10 12:00:00,6100.491788631198,3789.669937018335,456.1975098571222,4020.913239465556,1009.225258040931
2035-04-10 13:00:00,6161.608633170441,3721.584179630796,465.8348737898286,3982.8787116633976,1010.3096629175672
2035-04-10 14:00:00,6155.141759419357,3845.905708761344,467.473587152909,4030.725962121277,1012.4663648710624
2035-04-10 15:00:00,6391.211437778493,3918.394346366757,474.9623374469185,4056.4616514555896,1029.738874577124
2035-04-10 16:00:00,6262.623121356944,3941.074593512283,490.1786640833181,4085.468901844434,1058.5154195250984
2035-04-10 17:00:00,6444.2037385643325,4106.130753842975,527.4396848672898,4218.308270847228,1097.1201438538776
2035-04-10 18:00:00,6380.46028059467,4266.101793718202,544.1760338172112,4344.219047046723,1147.5628494276996
2035-04-10 19:00:00,6315.905407251362,4217.588101154097,551.6269918354792,4378.586507142405,1150.4164671414644
2035-04-10 20:00:00,6425.457472738603,4197.684589885831,535.8194889366137,4352.102553206994,1132.1422814619038
2035-04-10 21:00:00,6138.089216958157,3922.895155847682,511.4137097258364,4214.984078844867,1099.0745065260935
2035-04-10 22:00:00,5837.305372512763,3656.923797186068,468.465579367037,3945.634617779617,987.245206307755
2035-04-10 23:00:00,5571.680120452159,3390.0830142038985,427.70624613362,3733.188868355775,841.8309180305298
2035-04-11 00:00:00,5187.150106027968,3358.28749075894,399.3238440533544,3684.220860542274,758.4044656957464
2035-04-11 01:00:00,5175.876538906368,3213.31736505868,400.81188633982265,3722.172193472041,721.8221970307844
2035-04-11 02:00:00,5083.452414045945,3300.6222866871067,389.6413021678734,3684.143725381352,698.1009814525755
2035-04-11 03:00:00,4940.929004767591,3256.518416594912,392.7815301044986,3632.377785048699,701.5081674737921
2035-04-11 04:00:00,5037.691084319518,3355.690608260344,393.0709305545615,3708.226632436714,708.9760649813455
2035-04-11 05:00:00,5262.069405298972,3758.814935018655,432.04030148205067,3806.3332897416913,740.5405259414485
2035-04-11 06:00:00,5377.661416833506,3855.537050538564,467.518752969376,3999.738660712823,870.7866735134347
2035-04-11 07:00:00,5588.420731473896,3936.5524989346336,480.0821848454171,4082.799804814556,1007.7329838525436
2035-04-11 08:00:00,6008.889747697947,3889.256067075136,469.2276288092836,4122.08101951174,1077.1027791737542
2035-04-11 09:00:00,6355.616254622786,3942.3489290603056,471.3557163433437,4099.465467920656,1076.8559700666565
2035-04-11 10:00:00,6160.617765913618,3930.5276447047527,469.0428415696956,4067.920899410212,1060.0748661132495
2035-04-11 11:00:00,6192.906217113992,3809.316397126264,467.6462236124223,4038.0981996820674,1062.9012382671372
2035-04-11 12:00:00,6148.091706320775,3707.520170984556,451.8338569204213,3976.545592798917,995.1471763888558
2035-04-11 13:00:00,6153.614281926167,3784.626581146578,468.250554093692,4046.786810475849,1016.5187787964804
2035-04-11 14:00:00,6178.107251471996,3790.658926454262,463.9598708081272,4035.873971404974,1002.5569066519098
2035-04-11 15:00:00,6309.521872441021,3930.282985005391,455.3728990669923,4059.936380637632,999.7428195351868
2035-04-11 16:00:00,6269.946308280315,3956.2970887600586,489.78012026882425,4119.413101427306,1055.7666770762028
2035-04-11 17:00:00,6486.160324654106,4225.4812760822615,527.3704247871322,4238.162126437008,1110.0645278025174
2035-04-11 18:00:00,6426.950041591906,4256.495180927194,534.2135603028004,4312.101847990482,1146.1924956977996
2035-04-11 19:00:00,6382.784992379244,4303.256867700745,558.8088066372479,4330.877528687341,1135.9159490322545
2035-04-11 20:00:00,6408.550316386076,4071.0955056091434,544.295212439195,4390.891463870627,1144.673006653816
2035-04-11 21:00:00,6290.288421923353,3882.155456769929,528.05914261803,4213.018876220299,1077.1257154618104
2035-04-11 22:00:00,5954.786168113269,3728.500319829535,465.6152650409086,3955.4826977094,985.0404747473294
2035-04-11 23:00:00,5514.417982814572,3490.5988781947976,430.6422054652541,3826.920890240664,857.1015883360205
2035-04-12 00:00:00,5269.894479512871,3309.0410530144486,412.4176207902751,3746.09786880406,762.558468094432
2035-04-12 01:00:00,5136.032965398116,3224.040440454567,396.1271010498489,3704.0021626595,724.3709055872156
2035-04-12 02:00:00,5107.916296552223,3233.8593843103345,395.1387262670073,3648.549310960547,699.7597736435214
2035-04-12 03:00:00,4993.574561797749,3324.809244697176,388.7988044098649,3672.6988104878287,690.4364140655815
2035-04-12 04:00:00,5058.571068210762,3431.9924166488604,402.4301996435972,3646.996696899495,703.6096027405749
2035-04-12 05:00:00,5194.663575722453,3640.3913233967633,427.5110855439066,3862.416551749515,753.3553549308238
2035-04-12 06:00:00,5376.150282986763,3884.3546876921646,468.59704855310457,3963.772838575729,875.0743141680698
2035-04-12 07:00:00,5628.431499321607,3907.15291835372,473.7443986802609,4093.2521323498,1019.3635114807026
2035-04-12 08:00:00,5954.771765529308,3906.588978856581,472.4114955721737,4078.7481885592415,1056.927371754933
2035-04-12 09:00:00,6227.399618180565,3838.730754967866,467.0134591456836,4108.187441264092,1068.68270945928
2035-04-12 10:00:00,6318.403497705996,3916.138525978967,464.28197379595855,4081.9493362019225,1052.2848829681034
2035-04-12 11:00:00,6152.824178757685,3812.5011402948153,463.0310313691472,4058.9209152975855,1065.4947468951373
2035-04-12 12:00:00,6024.223957032007,3757.9831617318464,457.1788681386468,4021.0377936300247,1012.9433565226368
2035-04-12 13:00:00,6169.823182359369,3848.241024169019,468.6634819133335,3991.121191217126,1015.5197209886068
2035-04-12 14:00:00,6331.061343632619,3789.4946542409134,462.4832474272047,4014.326335903429,983.921088307546
2035-04-12 15:00:00,6294.440554015551,3860.443327808057,471.8046292395351,4088.040061999669,1015.9744801222026
2035-04-12 16:00:00,6339.904728602568,3979.598493259344,492.0826273598883,4109.636252666869,1066.6853153101292
2035-04-12 17:00:00,6458.68204878671,4200.271616202583,532.0374314007778,4303.197766430906,1122.4719269551867
2035-04-12 18:00:00,6347.28860015076,4167.568600274574,540.3082308305956,4395.493030139645,1122.4123284784205
2035-04-12 19:00:00,6410.545082072333,4224.194323484792,565.1482304600426,4414.099115025263,1148.181763170308
2035-04-12 20:00:00,6363.974196694529,4114.322098473894,547.5826152681717,4319.853365058917,1139.1079256468763
2035-04-12 21:00:00,6256.5064732044975,3919.884825676242,511.19397233385337,4174.984258547547,1075.8207314970025
2035-04-12 22:00:00,5809.437456478836,3687.9122622455657,467.8346795449903,4041.715069122429,973.8691736181436
2035-04-12 23:00:00,5470.624503885137,3494.5316951675904,431.2457059969887,3838.620006252954,855.5913337038015
2035-04-13 00:00:00,5257.57629642254,3331.0256078639486,406.1899306915779,3697.037804744378,750.0307719968228
2035-04-13 01:00:00,5163.798986055523,3303.0543740734443,387.9530560843508,3620.595127129706,713.1101003717513
2035-04-13 02:00:00,5086.00153745049,3274.455060433136,390.5137495278717,3618.570741498505,698.1390708119434
2035-04-13 03:00:00,4885.641338648821,3279.134389989745,390.1248982925866,3598.7571944791853,699.6046847812135
2035-04-13 04:00:00,5061.7616362515255,3383.333699177413,394.1300396717208,3661.623662067191,689.3826500098004
2035-04-13 05:00:00,5143.946302637075,3700.553854939531,433.7033824511887,3758.6849143304566,750.092709357328
2035-04-13 06:00:00,5399.003907358208,3826.171681515831,467.6657378193001,4042.665356499668,856.2202553955085
2035-04-13 07:00:00,5612.042837324921,3881.592071176768,478.0819769668623,4050.252265255989,1001.665992873924
2035-04-13 08:00:00,5874.18805707412,3918.661080377493,474.9380552644958,4066.882478630571,1058.5933638565598
2035-04-13 09:00:00,6131.40261150124,3874.765509522872,470.2372525745672,4122.25161616482,1039.4678162979108
2035-04-13 10:00:00,6229.626103375435,3825.4678877968463,464.1412775437938,4072.720992005089,1056.415456488577
2035-04-13 11:00:00,6206.535233386435,3821.1706435227975,469.8273015594887,4022.4369730929257,1064.9163071579785
2035-04-13 12:00:00,5990.260479705447,3771.722184015199,463.7476728753134,3954.454877174423,1007.75309839615
2035-04-13 13:00:00,6102.5852385097605,3754.136724110321,468.086945135948,3974.396329587122,1000.9174009293608
2035-04-13 14:00:00,6169.135018195314,3716.2604154838473,463.9323398256991,3938.073411858109,992.122598537719
2035-04-13 15:00:00,6143.1142572629005,3868.3608098103023,464.1214464319123,3989.672249302004,1007.7465654480036
2035-04-13 16:00:00,6346.803956850594,3957.88727277666,482.1145949615138,4092.498546127869,1057.875736024844
2035-04-13 17:00:00,6266.461088230249,4135.667685219168,523.4877115617312,4248.895266923822,1095.5735935352388
2035-04-13 18:00:00,6336.484350420794,4255.390138018289,540.031755407545,4319.292894207373,1116.8651157935244
2035-04-13 19:00:00,6316.292721244509,4249.915779139914,554.3981078837529,4295.361642599114,1132.5752848543805
2035-04-13 20:00:00,6345.167397279313,4142.489332753378,543.6742497524523,4306.478738746062,1114.4877251953376
2035-04-13 21:00:00,6090.601063983128,3958.40953467638,514.0599796610211,4208.152112204479,1076.7443654740812
2035-04-13 22:00:00,5813.519716483679,3723.3546923014096,463.4262883087129,3944.428614122863,978.9476916592253
2035-04-13 23:00:00,5477.848721464382,3379.372734539788,430.3929267611144,3819.6567159276456,844.6662901249557
2035-04-14 00:00:00,4922.623316293218,3285.7793356587604,405.06389358857615,3712.5548713632975,746.9188296778156
2035-04-14 01:00:00,4925.776413149844,3233.1785795140886,391.9417464517713,3633.206468598044,711.2507235541683
2035-04-14 02:00:00,4907.947264861698,3119.046407548522,384.95660183196696,3626.354194014136,687.1944366243579
2035-04-14 03:00:00,4914.000625052699,3243.562864395012,386.6901684499694,3636.282010204729,703.0697057809097
2035-04-14 04:00:00,4821.236273560846,3304.2669308946583,394.4702748864377,3713.965751485989,698.5227903558077
2035-04-14 05:00:00,5005.1851288839935,3535.588774801318,431.7641767168475,3780.106502466138,730.3773181681828
2035-04-14 06:00:00,5190.84295903509,3782.635850894031,478.6024638295628,4060.4541257272735,863.2268893961599
2035-04-14 07:00:00,5498.037408895103,3855.334353603821,473.2795064296296,4038.89472158756,1013.0263500459406
2035-04-14 08:00:00,5685.787323962753,3891.0447448487503,476.6074131526189,4036.411593149314,1046.7886147525314
2035-04-14 09:00:00,5961.473638530604,3855.876050540146,465.3576063546899,4161.2446878846,1052.464040635013
2035-04-14 10:00:00,6019.96472882239,3887.673251606166,465.74092237576633,4000.449779368291,1052.244477578461
2035-04-14 11:00:00,5857.440688011074,3818.6633407085774,464.5705586684415,3971.118411643161,1056.2412939022252
2035-04-14 12:00:00,5778.849647587096,3669.655800553115,465.7171974776381,3930.3520551871793,1035.787503889206
2035-04-14 13:00:00,5965.590511060573,3745.4066650432674,458.531379997277,3986.238460724035,997.3524388021398
2035-04-14 14:00:00,5804.139189764485,3717.0844505890695,466.9215151977998,3997.0103592968503,1012.557788974746
2035-04-14 15:00:00,5917.944256873967,3823.749554519316,463.6449482873509,4057.796932521454,1013.3232091758156
2035-04-14 16:00:00,6033.681731701283,3920.899528925269,496.10399643804783,4084.64308790178,1049.860951247395
2035-04-14 17:00:00,5990.498869567228,4144.086409208712,515.441902863774,4218.175168271227,1095.060577981981
2035-04-14 18:00:00,5966.67921909129,4143.865275455323,541.4665794277769,4276.949466773216,1156.1480391786022
2035-04-14 19:00:00,6085.743718860065,4217.414115373366,555.6668892447705,4287.050776616111,1112.6117179578823
2035-04-14 20:00:00,6020.4894421414,4191.772636235105,542.742058284526,4321.534305277107,1128.4856527110956
2035-04-14 21:00:00,5996.164310676074,3896.373193213288,511.8974459435133,4168.8309889281,1074.7959050977288
2035-04-14 22:00:00,5565.402249045929,3664.920642313067,462.2228037364749,4039.878932878645,956.8141626918418
2035-04-14 23:00:00,5251.466998123119,3407.539094163377,429.0075553295657,3775.6510923831465,841.3696851756425
2035-04-15 00:00:00,5240.451766383616,3358.0475428471173,404.4767144749964,3758.343766819911,766.1936432550215
2035-04-15 01:00:00,4992.018471581154,3252.5643343754923,391.7910940002459,3606.717871472903,704.1175464094056
2035-04-15 02:00:00,5002.174750582955,3243.4300749577105,390.2559983830904,3640.0793396975337,690.2376452941597
2035-04-15 03:00:00,4988.51992107322,3267.020325732493,382.9932762306556,3645.729601005117,678.0803975862655
2035-04-15 04:00:00,5069.008633057031,3345.1379261158777,397.6163359877417,3646.1705618666833,710.0214620961851
2035-04-15 05:00:00,5173.163243703005,3639.376074595526,424.0083896677401,3778.6700780788856,739.1913142341227
2035-04-15 06:00:00,5428.327885057284,3815.627484818349,466.2073834172692,4033.676578378992,874.8949321829033
2035-04-15 07:00:00,5590.627517741855,3908.7029540872672,466.5796283278161,4040.820727031558,1020.5373731817244
2035-04-15 08:00:00,5987.912761216287,3896.660841308977,475.4076976236279,4028.61111238128,1055.162474057678
2035-04-15 09:00:00,6153.072475510216,3919.588289612178,464.15731070701673,4111.068267381171,1079.5345884966416
2035-04-15 10:00:00,6247.537071430754,3941.594725073876,471.390635072424,4165.855288086352,1063.494883602826
2035-04-15 11:00:00,6147.245353615286,3789.3779246256377,471.0422034626578,4064.446028424414,1048.675421714117
2035-04-15 12:00:00,6025.393756802694,3776.107674976699,459.7539747399736,3937.0655247751297,1001.6931999435112
2035-04-15 13:00:00,6089.972128198112,3808.3431866403,460.8306887584821,4029.054051360473,1010.474615614552
2035-04-15 14:00:00,6192.780187617997,3775.471158112625,457.9209718878684,3994.433605321906,1000.8300100130268
2035-04-15 15:00:00,6181.968636197448,3847.367532028101,468.2983295708924,4080.481204622512,1007.401088925708
2035-04-15 16:00:00,6204.485619655035,3966.475332680929,492.1301579601106,4125.090460011161,1050.9966668386694
2035-04-15 17:00:00,6230.978508970114,4080.083844089876,521.3124425480221,4318.839101619065,1089.8298230529886
2035-04-15 18:00:00,6274.87693353833,4220.497216929749,536.5470390437513,4320.536742400545,1144.373344390357
2035-04-15 19:00:00,6417.12621577585,4215.658075378363,551.3709392176771,4344.314252972612,1115.8106336293656
2035-04-15 20:00:00,6275.2677426908085,4194.9623598511225,549.3373024775988,4312.843613677934,1112.314600064676
2035-04-15 21:00:00,6212.724970243673,3927.355983450205,523.5630909757577,4231.015702133572,1081.3764514144598
2035-04-15 22:00:00,5779.115478770538,3747.668331949597,462.8221716465689,3977.743647962345,964.3182588092618
2035-04-15 23:00:00,5299.094306626442,3433.985616747665,431.5209870326696,3847.425636171234,844.1736575246355
2035-04-16 00:00:00,5165.063884158825,3280.760849060728,409.51021649968095,3647.8797631526168,751.7955365700966
2035-04-16 01:00:00,5119.3957456318285,3268.504701240696,393.8757975790955,3697.3478711062926,723.5122253990645
2035-04-16 02:00:00,5117.430695970199,3224.57914040794,397.26917253798496,3715.8507105618673,702.7156077389382
2035-04-16 03:00:00,5056.347999194492,3328.1961068550704,388.81057419053366,3587.91221224446,691.4477626796217
2035-04-16 04:00:00,5147.93497904939,3344.4720001829405,397.0679661097889,3596.0638108745434,696.2669597134707
2035-04-16 05:00:00,5170.695332101057,3568.744164403042,433.7144315099698,3813.518077531202,736.980929158178
2035-04-16 06:00:00,5485.517723312949,3832.027900984879,471.1637342821473,4048.724711432212,876.7118559143124
2035-04-16 07:00:00,5531.009953219838,3884.021269836189,475.51243305092936,3976.255429959696,999.9895546747202
2035-04-16 08:00:00,5950.960202549062,3920.345471590477,473.7066745551171,4061.364136374496,1054.7619896061444
2035-04-16 09:00:00,6116.202830828318,3926.4815416804686,464.25119159593936,4162.928091792794,1076.3066837653084
2035-04-16 10:00:00,6281.847440857192,3892.6429074374696,467.1079013019248,4090.600089015389,1045.9063837222338
2035-04-16 11:00:00,6164.911831078473,3823.7565160983872,468.78233777142407,4064.6324837658735,1052.6242745135337
2035-04-16 12:00:00,6109.455397797489,3774.101319063677,459.3142830772695,4099.94759455494,1016.934893433584
2035-04-16 13:00:00,6198.146883064631,3819.865337541909,466.6222918752296,4005.05388272336,1011.1716026519558
2035-04-16 14:00:00,6122.491629672056,3850.897789522088,468.9120773150304,4051.333731392641,987.3028798059482
2035-04-16 15:00:00,6356.831810275414,3814.5186588263487,463.89691441055214,4014.8055340136857,1018.9065423411494
2035-04-16 16:00:00,6349.539169454353,3938.666455260698,479.4034204839559,4164.297890368771,1055.2104658389976
2035-04-16 17:00:00,6319.32853030656,4191.94190059679,522.8312618072696,4319.951105160184,1105.328943466254
2035-04-16 18:00:00,6341.323984510304,4224.565512127255,548.2831108509599,4355.9452150003135,1143.756842915476
2035-04-16 19:00:00,6456.383699262873,4195.108824273236,557.2916572677505,4394.764729689541,1146.296791381606
2035-04-16 20:00:00,6361.847624790817,4213.40157428215,548.0790157679676,4268.3164448908765,1134.4118319871534
2035-04-16 21:00:00,6178.477001939083,3972.485830947078,516.7245588433527,4191.404504600916,1085.8470342662113
2035-04-16 22:00:00,5875.662078414919,3662.5273037964166,461.3426800252789,4075.253530227864,978.3021034103529
2035-04-16 23:00:00,5512.923032505715,3462.8083684985268,433.6708649233967,3841.733479395656,836.81165331774
2035-04-17 00:00:00,5255.505728618215,3357.305956030268,409.37827514571046,3715.374976078308,764.7878496063987
2035-04-17 01:00:00,5175.546697151,3267.631869094995,393.9964033414527,3662.028386461595,722.0777064849558
2035-04-17 02:00:00,5080.556676918057,3301.285792671551,384.2795984941514,3617.136527878553,689.4032947891866
2035-04-17 03:00:00,5093.2052199670325,3235.093610583795,387.7066972758159,3626.8801222528023,707.597714638638
2035-04-17 04:00:00,5075.482585950304,3375.0624696827194,394.9120653912592,3648.1892179547194,702.2994807530567
2035-04-17 05:00:00,5222.025512760053,3672.6685395802783,432.0391132132824,3779.665697447832,751.8091781631837
2035-04-17 06:00:00,5359.697927939727,3847.024638949841,469.1200469470623,4086.359421052964,871.0160992589398
2035-04-17 07:00:00,5668.736050775911,3893.210269286883,474.35955709037086,4193.315358520172,999.6743055176538
2035-04-17 08:00:00,6039.499938650944,3915.224776226036,473.58482979976833,4071.13017010345,1055.1033816506938
2035-04-17 09:00:00,6259.279127123614,3978.820059847794,464.4306120077891,4126.520842799995,1081.7871861394883
2035-04-17 10:00:00,6202.361269177323,3825.321341453324,469.6161653627405,4100.883232958738,1072.743249471299
2035-04-17 11:00:00,6196.781155535688,3858.008545865966,468.2523795633074,4125.843553735267,1055.5530057141923
2035-04-17 12:00:00,6004.447635883703,3784.502662939064,455.9243155782308,4006.235459729905,1018.0231344526132
2035-04-17 13:00:00,6312.06501091604,3833.6689775478935,466.565016832396,4029.7557146261374,1002.9376795819412
2035-04-17 14:00:00,6291.901160668092,3765.0837361807953,467.50257366304845,3997.539174642048,1013.5180618078664
2035-04-17 15:00:00,6157.5285967286045,3855.684227650363,467.49762241061535,4060.785942684184,1015.6586576929518
2035-04-17 16:00:00,6254.034107970915,4031.2756119838873,488.80684214952026,4204.399781422016,1065.4955850184667
2035-04-17 17:00:00,6427.3450652404845,4165.42776464639,521.4998219406385,4268.487917250112,1127.291261338557
2035-04-17 18:00:00,6351.999261137471,4243.748876192612,541.653023601412,4345.647828273531,1138.972587863038
2035-04-17 19:00:00,6479.846209597244,4246.323966178748,551.9533861978225,4353.64092277635,1147.1312280149991
2035-04-17 20:00:00,6371.929906656407,4180.850014849423,546.2629313149105,4353.474114824692,1136.4417423183927
2035-04-17 21:00:00,6291.939168606358,3965.208980749372,514.3395531548662,4272.82728027666,1103.0262187940862
2035-04-17 22:00:00,5941.541857485447,3650.627508016091,470.73559023147584,4029.184823582432,979.7174608242948
2035-04-17 23:00:00,5485.423094947991,3498.4464507724,425.20918877539833,3838.120037165027,854.7980802163154
2035-04-18 00:00:00,5212.529489703611,3377.775665227314,403.5907577048166,3711.47813192378,767.3878029829589
2035-04-18 01:00:00,5122.486380212317,3242.643556367112,389.4427803894105,3678.425045439508,716.2904969000521
2035-04-18 02:00:00,5001.353005672927,3257.370612700133,389.8321409992586,3645.415441419728,698.0202129029767
2035-04-18 03:00:00,4931.107803071055,3318.5856901625957,388.8855090930538,3583.0388742966547,702.7127308499182
2035-04-18 04:00:00,5087.282546146782,3395.607360489476,390.5587243023761,3699.748513804058,705.8050902708437
2035-04-18 05:00:00,5136.686116306397,3708.741909574397,425.648062031307,3848.248598827284,739.205674285212
2035-04-18 06:00:00,5400.866267652207,3881.183984567677,469.9416716095223,4050.6708580386735,871.8835457426818
2035-04-18 07:00:00,5581.316409504919,3840.582668438453,474.16720005772834,4080.393097570154,1021.8490534060109
2035-04-18 08:00:00,5998.999846001861,3887.3172086994,467.9264131892149,4044.443053376981,1037.917360979798
2035-04-18 09:00:00,6249.369060035109,3968.926993964108,460.3476003502611,4093.114763234141,1064.9444669904296
2035-04-18 10:00:00,6271.00145581792,3843.0964742056303,466.47786476355947,4189.999731524042,1078.937374575122
2035-04-18 11:00:00,6121.670598698588,3870.4549541585766,469.5582581751279,4111.159667614692,1074.9617117980388
2035-04-18 12:00:00,6063.19944367573,3654.7500212469886,466.1290087890249,4019.313151226312,998.6185851779734
2035-04-18 13:00:00,6203.760714604485,3848.9413467351496,464.97390049898326,3987.955943493388,995.954831084626
2035-04-18 14:00:00,6163.679315592064,3736.911200432733,459.5228357511681,4036.303539737935,992.721930292527
2035-04-18 15:00:00,6201.811853515945,3905.679640599896,473.6319750271063,4075.803845038233,1009.201549535386
2035-04-18 16:00:00,6335.571299234958,3978.5076894110734,483.3427532517485,4222.850248740678,1039.606776040165
2035-04-18 17:00:00,6355.303369429347,4127.4116719451295,527.6120970267834,4260.221563928172,1104.3666627129978
2035-04-18 18:00:00,6396.319833142693,4229.090772443345,546.0759790053687,4424.450446813071,1134.2569981185893
2035-04-18 19:00:00,6438.434283231652,4289.573616583226,554.1239753355196,4384.977361502661,1137.4671138796002
2035-04-18 20:00:00,6445.515006783672,4241.740026786722,542.4225375224771,4330.975182464273,1157.405566598772
2035-04-18 21:00:00,6336.804375976487,3961.491593093117,524.565866675773,4229.866870933054,1066.4260282079197
2035-04-18 22:00:00,5939.552615942831,3651.964741564549,465.5847077031329,4010.156842711165,998.5263660319574
2035-04-18 23:00:00,5502.438883193904,3478.7143254822727,427.5993096079554,3766.398134075112,825.3506553770151
2035-04-19 00:00:00,5293.834854932364,3284.680700667468,415.41512903605377,3776.505657097484,760.6950527517206
2035-04-19 01:00:00,5081.190360072225,3290.078086630832,402.4998526427536,3637.764202711699,723.6890174651575
2035-04-19 02:00:00,5020.005208690532,3264.316306254847,392.0291241897749,3621.451303555544,704.857045799568
2035-04-19 03:00:00,4974.231132367784,3337.169366063487,390.2812286799689,3669.011013460663,699.946681904447
2035-04-19 04:00:00,5001.121510967648,3387.435532297078,397.12541138980754,3697.204388995363,706.9439532266249
2035-04-19 05:00:00,5159.474791597461,3678.447914777332,426.8337256850687,3824.81201721713,744.115452817069
2035-04-19 06:00:00,5463.241321445165,3822.6134133269143,472.2707255082239,4002.403729619103,863.5932696084361
2035-04-19 07:00:00,5607.088947809077,3896.2038079124686,476.81479760334696,4079.076885877543,1010.1865388258176
2035-04-19 08:00:00,6091.426679752128,3904.613324139799,468.8135337678677,4122.912769694268,1028.9847330996736
2035-04-19 09:00:00,6198.831384320087,3877.850253234856,469.590395664208,4147.662642414988,1078.2875460796663
2035-04-19 10:00:00,6357.255323129924,3857.677142021884,464.12295780650976,4113.157467712174,1061.1340868720815
2035-04-19 11:00:00,6195.589627158142,3830.110732952657,463.7544375635694,4014.785548241862,1045.5612704933003
2035-04-19 12:00:00,6070.305405247014,3772.2577554597992,465.9190280515591,3976.6782040287194,1021.6083373548636
2035-04-19 13:00:00,6173.673206325849,3782.0578145697546,465.8107782924087,3998.045300286855,1020.7278705173072
2035-04-19 14:00:00,6193.016306903266,3842.8203700116055,462.6837903008757,4029.542456424797,1007.539267402574
2035-04-19 15:00:00,6311.930722916454,3936.400874674712,466.75504735824416,4059.947954482514,1019.3005264363968
2035-04-19 16:00:00,6340.407721559606,4045.300918788427,486.0406937032387,4193.271676920563,1049.1586242926824
2035-04-19 17:00:00,6414.252993998939,4164.906495646084,534.8842566091867,4227.500898671157,1104.9141264396137
2035-04-19 18:00:00,6398.242755515515,4173.214936450197,539.1110873398947,4461.231027166888,1139.4906168755383
2035-04-19 19:00:00,6504.10648327643,4263.886085820121,559.1557135732908,4274.242654427209,1136.1773883505798
2035-04-19 20:00:00,6401.423839402743,4176.262469551355,547.5665852490367,4299.551271322292,1152.1766198133944
2035-04-19 21:00:00,6322.227663567112,3983.712937816869,524.5790965893194,4224.605111233772,1088.5168631741071
2035-04-19 22:00:00,5824.544830212951,3628.6883098343446,468.7180924269175,4067.025807513048,994.0123440072174
2035-04-19 23:00:00,5583.104946202244,3471.0737063576616,426.0683331606704,3854.197306602856,847.3199838271845
2035-04-20 00:00:00,5101.451074307052,3274.5981325200896,407.9345529819606,3725.301198056253,757.7059333826485
2035-04-20 01:00:00,4993.51937260773,3267.3845920666504,398.21898182080537,3662.281003416513,700.9906589055925
2035-04-20 02:00:00,4954.296674969962,3176.643225260368,394.8715172729796,3661.6161847218136,693.2085796067422
2035-04-20 03:00:00,4963.6857145543545,3233.7278711880376,389.485464008452,3686.16300374596,701.2460811698759
2035-04-20 04:00:00,4942.608752127479,3388.669161118956,400.64830726633016,3639.115552510747,704.4186638542571
2035-04-20 05:00:00,5119.418520205828,3710.3216570536183,436.6034308733313,3813.287714321063,746.3640231602437
2035-04-20 06:00:00,5286.10809540418,3853.6313236951855,474.2208487022774,3963.070362184908,864.6750658851688
2035-04-20 07:00:00,5473.009634881342,3871.522286013879,463.015938149716,4057.925352472928,988.4529546158948
2035-04-20 08:00:00,5891.889046489477,3952.1636661808097,471.05312466128953,4004.721344960754,1049.294309311484
2035-04-20 09:00:00,6206.984564602531,3929.661093827977,477.6621124870678,4078.384412124018,1078.500538692968
2035-04-20 10:00:00,6370.209266741941,3830.613979146384,468.03596496598414,4056.318928831179,1042.6768445276855
2035-04-20 11:00:00,6092.408062046641,3818.446220854078,472.502440834084,3988.9554035132414,1053.812580434879
2035-04-20 12:00:00,6135.818515486566,3765.100364726495,444.3342498202142,3999.800122883208,997.0240274862643
2035-04-20 13:00:00,6078.262696500751,3834.4948898522566,479.9863167441258,3956.546200580016,997.1841511896577
2035-04-20 14:00:00,6223.38796713348,3766.766810038797,457.2844853730791,4044.711038075808,993.235786039234
2035-04-20 15:00:00,6177.492801950043,3801.459359584459,471.0673304749815,4060.80193173564,994.1270176503824
2035-04-20 16:00:00,6150.366422923311,4046.853397162284,481.38017201673136,4157.50477982674,1050.7241969960637
2035-04-20 17:00:00,6483.096107241888,4207.61803530978,520.2840900007349,4336.671986343438,1117.0612069913732
2035-04-20 18:00:00,6323.322423521392,4148.687705691272,548.3022749488977,4295.766209477903,1129.8346463212588
2035-04-20 19:00:00,6345.521943259904,4231.632762712397,554.0934697372386,4376.399107612926,1122.3062251785009
2035-04-20 20:00:00,6351.7277624497365,4194.672704305312,552.7824123128783,4382.185210587157,1115.1229622338726
2035-04-20 21:00:00,6199.906986400285,4001.002046430036,516.5563333400511,4222.857699614431,1085.8854610468995
2035-04-20 22:00:00,5852.868128341919,3752.954295341546,467.8838736053796,4013.764913257139,984.4095750133
2035-04-20 23:00:00,5470.84099123779,3495.515988251097,431.6757616366008,3861.884515209408,857.4533416588448
2035-04-21 00:00:00,4968.008284950327,3315.565020358984,405.20901097067633,3725.660237294757,770.0288042267878
2035-04-21 01:00:00,4896.5705883749215,3250.376094307147,386.1315787693196,3583.6862224991487,710.9207396527579
2035-04-21 02:00:00,4852.847035364414,3221.864176392065,391.01848761137006,3568.2412778609746,704.1004995788984
2035-04-21 03:00:00,4768.3063101465,3219.257191124956,392.0284986131623,3671.5645056607054,691.5144694003492
2035-04-21 04:00:00,4827.425506862728,3297.4560625017843,394.09465738088784,3592.301420189908,709.2498055728948
2035-04-21 05:00:00,5077.062559488875,3662.167194535585,428.6699647334648,3726.9839313598286,742.9867313018158
2035-04-21 06:00:00,5172.99861968908,3838.115725718874,472.7232764725658,4033.9360320793785,854.0958136140891
2035-04-21 07:00:00,5398.251259250835,3826.9181600247234,472.11920415406746,4059.110673530906,1013.1107898081448
2035-04-21 08:00:00,5757.538609827485,3853.099412051245,471.3538139705152,3976.929244284343,1043.7377030095847
2035-04-21 09:00:00,5963.261821636491,3836.7885453101694,463.5044254611664,4054.270903115484,1066.3341362025844
2035-04-21 10:00:00,6030.958877017547,3920.792049090333,461.8513780222904,4031.4360544029887,1068.2200682978876
2035-04-21 11:00:00,5984.528049488313,3743.135866926158,473.4092953588112,4020.760787704715,1042.3743662765391
2035-04-21 12:00:00,5744.428147201821,3736.7414263017504,460.6212501602362,3950.797641389209,1015.0299112822976
2035-04-21 13:00:00,5797.669055762987,3773.580112713232,458.9779195542661,3937.709213624749,985.9081098996847
2035-04-21 14:00:00,6020.813365738435,3751.441987590952,463.61218503658495,4048.1528857460858,993.8584953719024
2035-04-21 15:00:00,5949.484081269356,3891.603310200982,469.45835740151534,3974.324046003783,1010.0242436714444
2035-04-21 16:00:00,5997.979230219053,3976.735791780851,495.51869395787264,4092.663807687228,1022.6494208788184
2035-04-21 17:00:00,6251.369127487848,4051.121981721519,522.6807299852642,4188.883784314626,1101.2483578616575
2035-04-21 18:00:00,6180.094293085421,4192.86229966607,542.8077395012045,4334.533601527055,1130.6286954883844
2035-04-21 19:00:00,6101.466236917905,4247.465062857769,561.4013393240359,4361.8897936882495,1135.6218080131407
2035-04-21 20:00:00,6133.866524132714,4162.4973234033805,546.437194279852,4309.160113027495,1135.020102881893
2035-04-21 21:00:00,5934.748216707284,3981.5856004832126,518.9589201720225,4113.724485907424,1079.3039850398493
2035-04-21 22:00:00,5597.99338182293,3678.911847990638,463.5570090689033,3981.962448705062,967.6991150296908
2035-04-21 23:00:00,5174.034671315948,3354.7861878090503,430.2425503303095,3798.145066789295,839.5773709224369
2035-04-22 00:00:00,5209.801814427473,3426.439719014532,408.7646419225963,3752.6196539741927,749.9976302052552
2035-04-22 01:00:00,5142.698206273368,3329.1893246179347,396.1443546899844,3696.8141770434313,720.7927501887362
2035-04-22 02:00:00,5068.385470207943,3260.226002272695,389.6721685467084,3633.757938103468,693.7316034745282
2035-04-22 03:00:00,5057.619453142343,3303.2619480052203,384.02105774593656,3662.252564059153,689.0775060916716
2035-04-22 04:00:00,4998.991511263271,3442.024061964342,402.93794192708543,3720.57350785057,702.6672579911033
2035-04-22 05:00:00,5205.591134934794,3662.9516195702186,426.906317366813,3785.1501913415327,744.2234177538569
2035-04-22 06:00:00,5377.303540246841,3925.245129594252,464.2929077701537,4009.572956794239,865.3459505075269
2035-04-22 07:00:00,5605.498304545721,3872.8520264512986,472.6773104432564,3975.0855968700544,1002.9862331392636
2035-04-22 08:00:00,5947.305040378221,3943.451480851402,475.00892161078974,4095.74105634314,1050.7527993619851
2035-04-22 09:00:00,6166.005452371868,3894.485412774873,465.4779222086305,4120.902988052342,1052.5473232650972
2035-04-22 10:00:00,6281.302706267652,3901.7223980352665,465.4487679919712,4109.159506596638,1041.458027526586
2035-04-22 11:00:00,6126.658722919629,3736.399548153435,469.8941061771332,4059.721940499718,1064.4227235339722
2035-04-22 12:00:00,6190.82244119,3759.466165816706,455.66353976735337,3964.4815914675314,1003.4957066022332
2035-04-22 13:00:00,6135.3932558836605,3822.596445054459,463.076010208778,4049.791322393358,1000.2110801077392
2035-04-22 14:00:00,6239.168346163621,3901.718546624652,457.6462932526812,3962.128841067331,1007.4377504339648
2035-04-22 15:00:00,6183.6189981964535,3879.4568853338583,473.1650152608029,4023.7889652783047,1028.738606311538
2035-04-22 16:00:00,6425.148227664758,3935.033839068577,488.1411711103958,4176.45972960831,1071.244093694119
2035-04-22 17:00:00,6409.390379637706,4116.278990212726,527.2959636205212,4356.693444889397,1085.661095011783
2035-04-22 18:00:00,6257.244975171948,4139.047093416324,530.8822300143194,4352.665540957324,1147.7901846700406
2035-04-22 19:00:00,6418.415167344153,4259.670130666184,554.6081238584358,4361.833493625781,1125.896321137056
2035-04-22 20:00:00,6286.460362291491,4157.271739377083,543.5321083518977,4367.017881245608,1146.188676369992
2035-04-22 21:00:00,6177.692134234542,3858.796984802252,518.1542764477471,4315.764204040742,1070.140610192391
2035-04-22 22:00:00,5860.31373179531,3666.563548875842,466.8547777562959,3899.197282391114,997.8512237387172
2035-04-22 23:00:00,5360.590801163776,3436.4085135508367,432.156406973889,3803.128664516804,828.9607736669885
2035-04-23 00:00:00,5147.353977996441,3275.660290256638,406.2551279207607,3736.129438798432,774.3042673216498
2035-04-23 01:00:00,5096.540439932018,3238.986924790625,394.92126891638,3670.663862442496,718.878405086691
2035-04-23 02:00:00,5108.654703126706,3219.317833587917,389.9493292184928,3612.8823410176665,704.138757493812
2035-04-23 03:00:00,5064.103126152598,3265.019440207629,393.0645060738111,3616.2094842138376,695.3055143337217
2035-04-23 04:00:00,5069.168318125715,3386.990055085648,397.9593536095457,3654.1799718458833,709.510674679162
2035-04-23 05:00:00,5220.340845118025,3702.378413330973,426.9335716476969,3725.720513898205,741.7145870741398
2035-04-23 06:00:00,5334.030281090108,3868.983787683464,465.88649679533273,4038.0297365499327,859.0882557755739
2035-04-23 07:00:00,5781.730237152958,3926.971430675869,471.1538010133483,4068.899122708556,995.4869900788804
2035-04-23 08:00:00,5959.907102108634,3919.1007158505513,464.57272855590594,4082.295493646133,1053.6273804766429
2035-04-23 09:00:00,6259.86206079769,3862.272858126172,467.5100203115874,4073.403780305454,1069.285285974209
2035-04-23 10:00:00,6347.71231964459,3893.941176761601,468.1219521026706,4108.841927751845,1066.736552317018
2035-04-23 11:00:00,6254.013338762505,3826.786681316807,460.8842779794464,4056.138340325067,1047.2422694176455
2035-04-23 12:00:00,6095.726643908164,3817.3734009462983,453.7567130284357,4049.50461325029,1011.5306250276864
2035-04-23 13:00:00,6213.575437328595,3787.390544218272,470.9600292400799,3994.4262460957234,1008.3203629116098
2035-04-23 14:00:00,6249.887038392691,3800.7108373807305,475.07449398993,3981.805250184244,998.0360036089764
2035-04-23 15:00:00,6297.875883058964,3863.807699813769,474.9074784493272,4065.9072873560735,1015.5359493941882
2035-04-23 16:00:00,6275.000244108109,4000.505871494922,492.16263543599496,4101.279119230996,1049.0101950197352
2035-04-23 17:00:00,6387.337038456552,4168.085035199847,526.1765041324941,4267.662888324032,1117.8214100528064
2035-04-23 18:00:00,6408.378089678018,4259.057706891167,545.2388374588746,4354.562925873932,1133.4502604049187
2035-04-23 19:00:00,6367.334266717115,4277.121572906073,556.4752269221729,4337.665595801388,1126.1416943156603
2035-04-23 20:00:00,6399.12217481041,4228.948280470322,546.9369006556032,4346.2640594542,1132.9723865221374
2035-04-23 21:00:00,6253.479575274806,3983.7965329160047,527.4825718175041,4210.392894663965,1091.5859452807144
2035-04-23 22:00:00,5890.629184955091,3683.212391527893,473.5478055482885,3987.9553772844174,973.0154456098716
2035-04-23 23:00:00,5512.978085851896,3506.693923383998,431.115034082225,3912.262857473104,841.4361754809066
2035-04-24 00:00:00,5276.878338008015,3352.3000259833666,403.7614795426521,3658.9400556971855,767.7093853047558
2035-04-24 01:00:00,5163.37948051028,3264.579065244023,388.2516586348161,3708.385689142404,729.7677717207346
2035-04-24 02:00:00,5122.40438987071,3242.307744316718,383.7111677502445,3691.782178680384,706.582073645818
2035-04-24 03:00:00,5078.352217767016,3299.73077348773,387.5467946820006,3657.22495434732,708.0931938323702
2035-04-24 04:00:00,5016.234767237525,3399.581544313655,394.853634998503,3696.2985882152248,703.1889888447099
2035-04-24 05:00:00,5316.387993388071,3699.052658202048,431.0855807414442,3860.5458315238566,753.366534409476
2035-04-24 06:00:00,5400.287460691605,3941.112048132333,471.9851639173272,3986.60232688596,880.7017565400157
2035-04-24 07:00:00,5672.3419352613855,3892.599393133568,470.83565952633336,4064.69387569312,1000.4900399586044
2035-04-24 08:00:00,5897.858586597832,3948.482755589921,463.6982331857499,4168.822639211368,1047.6803616600023
2035-04-24 09:00:00,6180.829952933158,3963.7005068073854,460.78711232076085,4154.206758158406,1077.2671934804582
2035-04-24 10:00:00,6346.06975006526,3928.38512488215,468.86101363476695,4103.266165461863,1053.151591323608
2035-04-24 11:00:00,6182.757129740349,3787.281255180638,464.8256057442214,4100.770962079559,1056.1220338558928
2035-04-24 12:00:00,6145.463399776983,3776.46240359746,462.6931668068125,4002.1999765401406,1022.6021598388186
2035-04-24 13:00:00,6204.625078551733,3743.223877469836,466.4245136886871,3966.533307057912,1009.5695877482548
2035-04-24 14:00:00,6291.470478824151,3758.605495148364,468.0110293112267,4063.25623913463,989.812419235036
2035-04-24 15:00:00,6220.680190260484,3859.881472488184,467.4550313043644,4055.9293452922434,1032.7796512530963
2035-04-24 16:00:00,6295.340614172431,4033.1545316173615,493.51339146112497,4067.13780290498,1054.0480464087325
2035-04-24 17:00:00,6394.522586780659,4163.679993850072,532.5220340655102,4298.4560231802425,1123.189732808812
2035-04-24 18:00:00,6456.968019938722,4195.4345484345495,539.7087087842743,4397.779413032549,1148.6689400606156
2035-04-24 19:00:00,6407.428722509307,4305.933376636327,553.1441715134264,4422.2737428685705,1133.0924537971475
2035-04-24 20:00:00,6420.887650823336,4187.337246383187,551.8781451932055,4425.98583717525,1143.2588817881715
2035-04-24 21:00:00,6066.470126541534,3939.923516725448,512.8982224964177,4185.958639236651,1110.552719525265
2035-04-24 22:00:00,5807.026579727549,3712.634344635194,465.4317485189768,3980.374705797109,992.8631585178216
2035-04-24 23:00:00,5496.96255290524,3439.985753857104,432.8019825910784,3819.962726002953,856.7073559249947
2035-04-25 00:00:00,5322.981295958185,3356.9007779298395,405.35589578330143,3701.117305618543,749.0405726485345
2035-04-25 01:00:00,5132.188142296837,3241.0837357966934,392.3843684874807,3613.22750846157,718.4167722728096
2035-04-25 02:00:00,5123.257621475074,3277.998868201007,386.832629932005,3671.9489657103504,699.2369820896356
2035-04-25 03:00:00,5054.079799788837,3371.199217352404,386.9818834535637,3716.794735969213,697.3354972066464
2035-04-25 04:00:00,5003.218351353555,3377.1958399383625,394.12013750448006,3653.923728756427,717.6510306020365
2035-04-25 05:00:00,5224.606277009646,3724.343017937452,436.28259959000553,3777.010528055816,760.6569977252066
2035-04-25 06:00:00,5449.355953478793,3909.538715695377,465.3047542485634,3973.879263317971,877.6598714086053
2035-04-25 07:00:00,5662.197353155773,3865.8573150122543,471.3365255177774,4052.7554578484055,1014.637010005043
2035-04-25 08:00:00,5943.995148664914,3958.7770815654753,471.9882367509828,4174.2219258254645,1071.2121653834429
2035-04-25 09:00:00,6294.728158847204,3943.05705375485,468.5913814405404,4017.7594497906994,1087.2372186059558
2035-04-25 10:00:00,6263.497691063418,3934.9710543437377,471.5525982289733,4136.2962562094,1076.316676796306
2035-04-25 11:00:00,6227.600259296823,3824.944298828492,470.635838851847,4076.8845542969766,1059.1327536868112
2035-04-25 12:00:00,6070.52347428704,3758.837373297543,466.4954477783025,4043.326047539557,1027.1883694441826
2035-04-25 13:00:00,6064.843123479278,3809.303875994295,466.7369226959962,4006.2136905079,1008.5037008348876
2035-04-25 14:00:00,6128.966861230355,3855.6635795010793,468.42867900432486,4078.606728643047,1010.1310847634708
2035-04-25 15:00:00,6251.662600469958,3866.4573061309593,467.2281950027962,4056.1693862640086,1020.3100908192516
2035-04-25 16:00:00,6323.989571387043,3997.4181094969854,501.0153568988605,4030.236016757807,1056.261218121939
2035-04-25 17:00:00,6367.81286367747,4202.282399831328,528.390397745,4262.716419164133,1114.3484853560933
2035-04-25 18:00:00,6439.320311371109,4266.824812964999,541.132640448553,4323.279141390932,1143.263272882382
2035-04-25 19:00:00,6414.882906414784,4282.3523293295375,565.7159191303878,4389.286447459396,1153.842655734528
2035-04-25 20:00:00,6442.952421109691,4129.730342164813,555.8482529975296,4330.928905808433,1157.79355004173
2035-04-25 21:00:00,6203.493797473537,3965.603746167855,514.5135828827416,4213.646988557363,1101.3808520295302
2035-04-25 22:00:00,5952.465185409075,3796.37608679484,464.7639541702425,3917.090446119441,997.2526437396228
2035-04-25 23:00:00,5552.753774048917,3416.3609406567093,434.3766950226975,3869.718806325392,853.6758138200366
2035-04-26 00:00:00,5288.466348954327,3370.281177646757,412.7559107961094,3727.248173238164,766.0332055597208
2035-04-26 01:00:00,5145.954832384738,3297.493686234711,392.0071688318125,3729.2598381530593,739.7938539029465
2035-04-26 02:00:00,5015.357188011311,3311.0699899886795,386.11847522766254,3628.197575635245,703.4967669761355
2035-04-26 03:00:00,5137.768784552583,3276.271307336596,386.2967876989219,3669.447203724675,698.4098960160353
2035-04-26 04:00:00,5137.542156432054,3409.7932116507486,396.8819517460631,3689.640174238316,707.7005272349854
2035-04-26 05:00:00,5207.955071096097,3643.513318016874,435.6259808318479,3747.069720818075,749.3332643291715
2035-04-26 06:00:00,5431.034868362689,3875.723500479376,472.870836920311,4064.113497376061,884.0926872471922
2035-04-26 07:00:00,5624.647225737731,3860.8120010774223,479.1498449625718,4127.829411485325,998.3987722620572
2035-04-26 08:00:00,5965.465754746658,3891.521260619261,471.1435717764664,4034.8474706362176,1049.8995555505733
2035-04-26 09:00:00,6310.179249478124,3888.2117849682063,473.1013180773902,4067.8355757208274,1066.6569448927542
2035-04-26 10:00:00,6244.257106126815,3885.5074989848536,472.23808733104886,4087.4441932313903,1057.1148417825425
2035-04-26 11:00:00,6150.999906191557,3769.321651871859,465.63952997431386,4078.025559102856,1079.6188797877182
2035-04-26 12:00:00,6053.192394045093,3844.1978136149824,475.3754272680577,4063.276034128573,1032.2387302861616
2035-04-26 13:00:00,6249.233585506249,3839.872530248954,465.39773511760353,4061.1177907374954,1010.6773868310688
2035-04-26 14:00:00,6318.756611003168,3819.373769586077,466.6864554949025,4012.415476621491,1008.1735668675674
2035-04-26 15:00:00,6222.171878414508,3920.5837434506543,474.9011949731535,4026.50257292638,1029.232689563105
2035-04-26 16:00:00,6297.9770680781285,4034.4151011801255,491.6566091438119,4231.48541033605,1045.0586360556451
2035-04-26 17:00:00,6415.48855033295,4162.510643129592,525.7235891075392,4256.346095935572,1123.192766185463
2035-04-26 18:00:00,6399.558070830563,4194.125797115278,546.2086937411418,4353.152368716363,1150.365268461749
2035-04-26 19:00:00,6470.493792516206,4284.120934301295,561.671457887943,4465.36508859618,1143.3568932714566
2035-04-26 20:00:00,6448.671044953821,4089.7738773460287,557.4811156340854,4383.203160379698,1140.6240229389748
2035-04-26 21:00:00,6328.798325331786,3999.0273172784136,519.0217114413543,4132.572925580863,1102.7353773817758
2035-04-26 22:00:00,5968.715579561509,3715.405679907097,478.86534544109617,3993.8813277595673,987.6698757882896
2035-04-26 23:00:00,5498.719328199938,3470.147975762669,430.7209871436094,3823.125229648616,861.1560316412753
2035-04-27 00:00:00,5284.789760151902,3372.953835321712,404.4699348522042,3710.53032158358,749.7496127657562
2035-04-27 01:00:00,5119.483613323949,3313.158651489467,393.45138966759856,3730.718704512343,703.6958856052207
2035-04-27 02:00:00,5048.431164447141,3230.633476753346,395.8944701375936,3628.6403800290345,695.2418133178901
2035-04-27 03:00:00,4987.361400808686,3284.0465120802537,392.5075341923183,3644.509345441179,693.4268922393396
2035-04-27 04:00:00,5062.632949446708,3390.1683123763382,394.2877182466532,3674.691135418258,690.3783357147997
2035-04-27 05:00:00,5220.386056046125,3621.921577694556,441.5208576648631,3780.747845699325,740.0743064895041
2035-04-27 06:00:00,5350.440052593772,3867.4026755889954,471.2220469771662,4036.3373849392224,855.2023479896641
2035-04-27 07:00:00,5652.870763382201,3825.203266467687,485.5908506783469,4036.086323099641,1010.8100134961152
2035-04-27 08:00:00,5856.093679328941,3923.378401331452,467.38980455535,4123.596847410823,1051.7845285708736
2035-04-27 09:00:00,6219.558544686362,3898.4554199230433,473.3898894638588,4071.490325007347,1061.6632929911686
2035-04-27 10:00:00,6187.502320978783,3855.945361623775,469.5834958727417,4099.051926447628,1077.0620490589122
2035-04-27 11:00:00,6152.247130824448,3894.62252495224,465.2079829806703,4032.418279419207,1052.1285679808288
2035-04-27 12:00:00,6122.37057064597,3740.316090985592,457.7573992921144,4105.320685614496,1021.680039055019
2035-04-27 13:00:00,6099.178374311148,3782.978919077627,465.099444059744,4018.940660330167,1004.5457043816295
2035-04-27 14:00:00,6150.707247049752,3823.5847954538135,468.3278940585101,4066.1453963645695,1007.1920911718828
2035-04-27 15:00:00,6193.725268299285,3835.7979562105793,472.85855576406254,4031.086395419338,1002.4396343390856
2035-04-27 16:00:00,6154.361516816336,3948.627921657786,488.84590643743655,4144.513752470557,1041.6187762441282
2035-04-27 17:00:00,6248.485026464467,4153.395860534096,531.673548904729,4238.458029726325,1110.4338114168602
2035-04-27 18:00:00,6370.441314578595,4247.184462038572,543.888083989282,4375.218463613037,1127.8456986036292
2035-04-27 19:00:00,6286.746111508106,4209.2655883323005,554.6081991536408,4381.923383237436,1133.4072749149125
2035-04-27 20:00:00,6489.479940593068,4174.558079596068,552.434358208133,4425.62705145303,1142.3776293173387
2035-04-27 21:00:00,6167.230108750252,3949.8599617300006,520.4728792970661,4220.268154959592,1079.6983784225831
2035-04-27 22:00:00,5859.773790515598,3673.3745738916023,458.91074754292544,3964.2738549095448,981.9634146184138
2035-04-27 23:00:00,5501.489281552916,3480.6285934840844,432.4701393633096,3780.40044972342,853.8711726812522
2035-04-28 00:00:00,5092.808517774958,3315.7910157794217,409.3800923695539,3686.5561490110017,751.407906011847
2035-04-28 01:00:00,4899.8831853184665,3181.6733523578077,390.5972496716313,3576.1226967189464,711.5947976522855
2035-04-28 02:00:00,4778.244634584215,3239.5187695377663,386.6289865514369,3634.0522370625104,703.0361750858033
2035-04-28 03:00:00,4816.105354435343,3233.4091773647447,390.4477504744184,3605.335010262575,690.6662612810136
2035-04-28 04:00:00,4759.278026147377,3342.8354821431644,402.3650147052907,3627.2107430951455,705.8647576879922
2035-04-28 05:00:00,4911.917426561007,3608.893537099314,430.5161290283234,3674.612933767472,753.5556664769672
2035-04-28 06:00:00,5182.317696870898,3748.5374028314286,473.39884224871935,4000.498803192363,880.5988904625268
2035-04-28 07:00:00,5408.571259202276,3822.67737400896,476.45258961657066,3985.126874392722,1010.3940111838558
2035-04-28 08:00:00,5742.717539172799,3955.595164808048,468.6164718330485,4109.071111196659,1032.132897187911
2035-04-28 09:00:00,5891.3831143995685,3874.4935410548496,466.5442711929992,4107.703697813607,1033.0940350510875
2035-04-28 10:00:00,6023.723858814872,3860.962900542651,462.8832046426424,4002.6699351026577,1040.6639530466964
2035-04-28 11:00:00,6009.105194810784,3776.4729451308986,465.87658198231617,4112.778969891428,1045.811579737524
2035-04-28 12:00:00,5853.111287645804,3739.942144407571,462.3207520605045,3962.009462305336,1023.0624405804518
2035-04-28 13:00:00,5927.44240535227,3721.543601310432,460.2195971779908,3968.387165411563,988.1497705309488
2035-04-28 14:00:00,5848.822495133912,3741.569938003793,462.6636027473298,4007.9911711132886,990.8328809342902
2035-04-28 15:00:00,6014.222296657107,3791.764469464325,462.68257140305377,4055.697830273616,1013.9443874374126
2035-04-28 16:00:00,6025.179897202564,3979.0057668211775,481.37141321078514,4153.710360026781,1047.074783130859
2035-04-28 17:00:00,6194.432225163653,4070.259602297562,530.430974858217,4296.494268337461,1118.4130864209603
2035-04-28 18:00:00,6110.349876269934,4257.828837523244,538.1995356596016,4368.422515318626,1109.432564401952
2035-04-28 19:00:00,6115.77177018003,4164.40057421742,552.1453898494252,4377.085556676328,1137.6518767283967
2035-04-28 20:00:00,6026.173549248846,4181.511284043952,541.2161943567231,4321.555709578359,1153.1197838910894
2035-04-28 21:00:00,5918.269859039277,3942.134130941987,516.3912782361028,4196.927057192847,1077.0664074072683
2035-04-28 22:00:00,5708.238838833998,3672.080138279245,466.238155930388,3938.042338976232,975.9731369415304
2035-04-28 23:00:00,5277.714420876487,3445.910533375437,421.410065143374,3890.744844330889,832.7130460665205
2035-04-29 00:00:00,5185.599095414756,3377.499281065573,411.94692347119,3715.778242383453,756.3644818187369
2035-04-29 01:00:00,5065.789181341922,3259.5639450159,392.82905938601385,3676.006282636442,713.1055320393166
2035-04-29 02:00:00,5094.649290319484,3272.8842974846075,395.42924645187503,3633.854224057284,702.4446515553939
2035-04-29 03:00:00,5066.075652962952,3295.7335955531034,388.1045759181295,3620.453622880409,694.9815292606954
2035-04-29 04:00:00,5031.2555998536845,3360.029590217337,393.7904285444813,3611.31029099462,700.8859556823724
2035-04-29 05:00:00,5194.811250285559,3671.577551350564,430.6697180060394,3785.131936185808,744.3689226113404
2035-04-29 06:00:00,5514.119158101655,3883.352367599149,479.6950103759603,4019.4336487829487,868.4622466994995
2035-04-29 07:00:00,5518.225587907795,3794.617275822731,467.3717834908159,4103.289987389982,1007.4023900636466
2035-04-29 08:00:00,5975.570940911232,3849.205456701564,467.7461666499861,4072.121834999997,1061.604408876239
2035-04-29 09:00:00,6142.92177972918,3884.132650723041,469.89734880783794,4198.019459399177,1054.3729978509814
2035-04-29 10:00:00,6268.225710715851,3804.308215630309,473.6388379062968,4126.601189236457,1062.1302801526765
2035-04-29 11:00:00,6183.029050344794,3830.6552176803466,466.84255406748696,4142.884640739919,1035.4311209949842
2035-04-29 12:00:00,6128.811819967833,3785.974880228188,465.6406789324326,3966.995104848879,1037.4839834074344
2035-04-29 13:00:00,6201.277306334126,3780.7228787525632,468.8739684016293,4004.03128695055,1008.9993504883528
2035-04-29 14:00:00,6178.938646680389,3754.614427543314,459.7901107086508,4013.012888153615,1001.819411912677
2035-04-29 15:00:00,6168.619506788647,3890.847415718831,461.2585691946476,4006.271825626825,1017.2358037809096
2035-04-29 16:00:00,6309.398979544816,4024.303246188296,488.3901691504596,4236.009145628627,1050.5973639054648
2035-04-29 17:00:00,6463.452756318017,4198.1689544278925,523.0070962195742,4220.428696326238,1122.3865311144505
2035-04-29 18:00:00,6438.165039536752,4246.426221135968,546.9109184380111,4291.123142133219,1139.1363966199458
2035-04-29 19:00:00,6335.396169663862,4312.02470216731,553.6335031134413,4365.561759620802,1114.3034612783235
2035-04-29 20:00:00,6408.489371670474,4164.619853749167,539.7976643276913,4360.457878606503,1128.0822257917614
2035-04-29 21:00:00,6272.195537148397,4031.104579160514,514.000212449265,4270.700594562215,1086.690430182779
2035-04-29 22:00:00,5862.868098849187,3672.825707552038,470.3796375626772,4016.0897903766686,997.955111405244
2035-04-29 23:00:00,5446.963294702543,3439.498858142425,437.19750740391726,3764.4920529246433,857.4919948809502
2035-04-30 00:00:00,5149.020160639302,3361.9796529693285,410.3978910889101,3737.99686105137,752.8790855837848
2035-04-30 01:00:00,5146.54392908526,3297.223787021589,392.9011360654581,3632.331484055724,714.9874967432463
2035-04-30 02:00:00,5021.313153965564,3259.8552652527355,391.5190779401697,3622.461580826872,702.9468409305412
2035-04-30 03:00:00,4992.413939463582,3276.374483808085,388.0432547425448,3632.00251286258,701.1909597319111
2035-04-30 04:00:00,4947.097191023364,3420.947944955764,398.3173709040777,3711.714560060951,705.0708855145448
2035-04-30 05:00:00,5207.983878941146,3656.33610794387,435.44778569807227,3765.521087162104,741.767543320184
2035-04-30 06:00:00,5399.41775951541,3922.601523193523,474.887386309532,4030.573919194089,865.7363403798412
2035-04-30 07:00:00,5584.143261837299,3850.135045563603,480.4842397257805,4061.991695506397,1008.8957212769365
2035-04-30 08:00:00,6022.395846564062,3930.254021229117,473.7376926551486,4106.429789453122,1053.9518003475596
2035-04-30 09:00:00,6316.650771739906,3844.068906742795,473.2546976655233,4053.5096023241217,1066.2274605794798
2035-04-30 10:00:00,6365.820354523869,3879.050283402498,474.7201953100624,4122.870200706797,1060.13109011725
2035-04-30 11:00:00,6202.225047157308,3842.541971236138,469.1659711222155,4021.3589822184754,1072.5856967130635
2035-04-30 12:00:00,6089.188038296198,3771.786109491392,459.307501170226,3983.039376637056,1027.7531222820555
2035-04-30 13:00:00,6167.1634999657535,3775.798160227175,466.1805399872516,4016.6426074046312,1002.1039141558444
2035-04-30 14:00:00,6183.656594092475,3774.855310429247,467.5794622165157,3995.497915630048,1005.834953442444
2035-04-30 15:00:00,6329.415167517716,3907.268901864888,470.1593729963652,4072.663269688549,1024.8618949925751
2035-04-30 16:00:00,6308.495335272975,3996.6094674528367,483.8498785393323,4141.864748532109,1041.7208860698222
2035-04-30 17:00:00,6375.224067610103,4236.366562030052,518.1682693824287,4270.502630442029,1107.9495627180036
2035-04-30 18:00:00,6435.902566415376,4228.098794176882,530.5352597150388,4359.334062039591,1120.7772190832652
2035-04-30 19:00:00,6445.235245984229,4191.994129016565,539.6038109533863,4367.884664753371,1135.104875354272
2035-04-30 20:00:00,6354.985278516024,4215.292314470362,541.7610842398299,4312.107477857457,1118.160560559669
2035-04-30 21:00:00,6221.531969454058,3935.9474394586023,518.7461071610444,4193.94227375752,1089.151299300775
2035-04-30 22:00:00,5845.656972995689,3643.640539985218,470.5374037570174,4036.526097661009,985.6625385679056
2035-04-30 23:00:00,5487.448286931695,3458.9422397990397,430.6618287564038,3782.175122805847,849.2428522439145
2035-05-01 00:00:00,5031.85698031071,3148.0657578983987,370.6124384869386,3821.639068218087,740.8567226076733
2035-05-01 01:00:00,5030.615053065714,3061.7625459907213,358.2286751045521,3732.073105081103,703.0269150384745
2035-05-01 02:00:00,4912.868052506392,3079.9004899582164,355.3864901030221,3741.509177654053,693.1392796339416
2035-05-01 03:00:00,4839.590111096598,3106.516507279037,360.0598652500672,3737.282941020844,694.6662602453652
2035-05-01 04:00:00,4883.736787044984,3176.677017536949,361.29648892286383,3751.55868394868,699.1536375749445
2035-05-01 05:00:00,5118.536943168953,3468.236648477616,395.1986434190253,3909.644737863528,737.3646684878123
2035-05-01 06:00:00,5248.018482665131,3639.0153844656975,429.1005663036404,4123.48667656537,865.9006870541023
2035-05-01 07:00:00,5408.504329863242,3693.3010876653775,434.9107458159722,4183.897952264418,994.4955294224114
2035-05-01 08:00:00,5677.418016380332,3722.512883456266,427.1242092834681,4179.344106642309,1042.8907750736057
2035-05-01 09:00:00,6022.396733500102,3639.362894968435,421.26651494045433,4274.36821079294,1044.7917912520509
2035-05-01 10:00:00,6086.103305965165,3695.089730258502,428.618835589196,4290.115971039793,1049.8539756751622
2035-05-01 11:00:00,5990.352062066561,3580.6112154801326,429.46926872917993,4105.011356064126,1067.2914189500516
2035-05-01 12:00:00,5919.2939694906345,3553.0843412633853,422.8167118021016,4155.2054237512175,988.9364582761508
2035-05-01 13:00:00,5987.332985023704,3625.0392687015137,427.4678551871557,4087.637190106275,990.0467479852086
2035-05-01 14:00:00,5933.011244999065,3566.5864585815216,425.0805276610859,4076.034542404875,985.973531315282
2035-05-01 15:00:00,5989.025330775272,3737.578347265284,431.23940429279577,4238.048619881635,987.9598319211302
2035-05-01 16:00:00,6046.900785281204,3767.7223293792986,448.39957201099793,4365.210954313683,1042.8180483087167
2035-05-01 17:00:00,6127.338367936801,3935.030996012636,473.4811379116345,4349.037322435492,1077.0258645864342
2035-05-01 18:00:00,6160.321202723091,4023.226356683443,498.5244013812056,4508.965331688331,1099.9382081583535
2035-05-01 19:00:00,6195.537654035766,3954.4781430824814,508.72127199652783,4483.116870269903,1099.2027973731122
2035-05-01 20:00:00,6134.656403256015,3889.006422853789,495.1495455706007,4432.840976215796,1119.419712844436
2035-05-01 21:00:00,5880.198970754593,3706.975263181003,473.2748252950574,4279.446574853525,1085.4340031649965
2035-05-01 22:00:00,5746.344809000094,3473.244874319441,431.9095795661305,4137.392837206317,981.3932374383992
2035-05-01 23:00:00,5372.791792903991,3289.085633240065,392.0708663176244,3911.109164700527,827.0716387551231
2035-05-02 00:00:00,5002.797585355767,3175.27802833692,368.1228413113885,3767.955495004785,751.2468970682344
2035-05-02 01:00:00,4947.372503539665,3056.939297932849,360.06400432822954,3742.71209860011,711.3352152128932
2035-05-02 02:00:00,4901.73078488747,3054.100985707356,352.18774238575014,3816.074610593456,682.3263088663617
2035-05-02 03:00:00,4819.506835698649,3083.699817303027,357.94658980375965,3815.00082120665,691.5430744147588
2035-05-02 04:00:00,4839.11283807886,3180.0499257638016,361.1022437863308,3724.489154213328,689.070642386527
2035-05-02 05:00:00,5063.147120364261,3413.4791403030995,393.90788030648383,3914.382987976109,728.5756050138876
2035-05-02 06:00:00,5126.607076622483,3674.9578897478777,426.6752661184419,4170.873176992581,847.5522299100048
2035-05-02 07:00:00,5493.368715164792,3605.61930279527,433.95241481880765,4188.000896735669,966.4814330259388
2035-05-02 08:00:00,5848.638031854997,3677.9604551167977,427.3312986062398,4246.9820526486565,1041.7458290452832
2035-05-02 09:00:00,5916.977799557886,3738.5528527860783,427.9447726557736,4269.399488612333,1037.6690752854156
2035-05-02 10:00:00,6095.062032488516,3644.6490636417234,423.6193516963895,4217.722079618763,1036.1812571289884
2035-05-02 11:00:00,6037.686000811743,3576.899801005357,427.2305573545207,4262.55539588879,1023.9183505421588
2035-05-02 12:00:00,5931.270841062461,3577.382055159824,412.7110929677505,4121.8552579754,992.1634750802292
2035-05-02 13:00:00,5941.931068033168,3546.5375000400486,427.63725411137176,4116.874120103391,984.243679652844
2035-05-02 14:00:00,5985.102247160997,3527.8426989625245,429.60915057823263,4163.42976296566,992.307084410162
2035-05-02 15:00:00,6049.5420124596885,3686.8815724836295,432.90548756382407,4155.381777983317,999.0051272753172
2035-05-02 16:00:00,6122.278881470026,3793.004364296928,450.3706567313246,4332.061051062825,1039.6794723079356
2035-05-02 17:00:00,6243.404383126126,3918.20265826372,480.4618105144974,4484.867341216997,1057.7610209248826
2035-05-02 18:00:00,6184.679450257075,3998.337454379405,494.68694092224894,4470.895032470206,1102.4776884289604
2035-05-02 19:00:00,6154.444709579487,4021.542356489161,494.8657662916856,4484.301474131515,1124.7626242749798
2035-05-02 20:00:00,6184.560412629902,3934.647268167326,498.9860215172447,4506.122468185366,1112.3443243449078
2035-05-02 21:00:00,5903.983770082982,3710.675223366261,473.7593293483304,4351.169909756115,1063.3701421943986
2035-05-02 22:00:00,5745.88992127419,3446.9702288839326,431.5374600487103,4085.5554403903134,951.493097794136
2035-05-02 23:00:00,5246.13551340906,3247.577894304889,402.1023064693989,3885.202270379972,829.7578055843672
2035-05-03 00:00:00,5014.327659578729,3129.838612378768,372.406105558954,3811.717957486026,738.6618234292558
2035-05-03 01:00:00,4949.870382380052,3060.91071018215,359.1216416695399,3789.017539671743,699.3048400476752
2035-05-03 02:00:00,4815.984268953782,3010.6698749301977,366.0153166113014,3723.313294485408,683.3926167316621
2035-05-03 03:00:00,4859.992900191858,3147.2296125351168,359.54916583917856,3723.246111233836,682.7875519339782
2035-05-03 04:00:00,4886.467842020228,3177.95145285815,363.5132037970345,3692.653431365794,689.4083792487131
2035-05-03 05:00:00,5105.995690999502,3486.568069732037,399.65431359598176,3920.6047400153134,736.61545824223
2035-05-03 06:00:00,5236.919305508983,3633.727632396585,431.72259906736457,4183.3987143154645,863.2484058426113
2035-05-03 07:00:00,5553.389330941554,3636.536465388016,442.9624749730051,4119.643375354883,984.1663685974148
2035-05-03 08:00:00,5917.437787337667,3686.024078763175,433.4660654401636,4269.008309123868,1021.9266731700956
2035-05-03 09:00:00,6063.343458020122,3716.523776361901,435.1992678863805,4195.467139148365,1059.806908174913
2035-05-03 10:00:00,6076.391006514084,3687.402465949024,430.4628333561136,4215.79992050654,1024.1225663518337
2035-05-03 11:00:00,6109.596807453523,3609.701446269265,427.3559701489508,4182.5962465153625,1045.724869206999
2035-05-03 12:00:00,5984.893947639258,3521.802290504475,414.3571880568858,4048.426465065317,990.2416283724218
2035-05-03 13:00:00,5951.367767728811,3560.1746521400487,432.0476128442256,4090.8630374438058,979.0919124953804
2035-05-03 14:00:00,6049.7583845692825,3557.086982670869,431.2591010176745,4130.099437130927,978.0474033700792
2035-05-03 15:00:00,6060.365621195546,3635.420576886088,435.288425202049,4216.872992701418,997.4926060187864
2035-05-03 16:00:00,6051.079286741443,3746.7154045210914,452.8176805692612,4322.279229838301,1014.1914077062193
2035-05-03 17:00:00,6224.1239825554185,3930.896693928237,480.4070562816327,4361.330355431389,1092.2284976478782
2035-05-03 18:00:00,6138.200621501024,4018.0998718671694,500.3464877244008,4474.742539805507,1118.0590912415491
2035-05-03 19:00:00,6211.725843409604,4070.381823318922,509.4393604753422,4474.357187966388,1109.6616881643845
2035-05-03 20:00:00,6127.921409207525,3993.070079008903,509.1509147990842,4401.897215322403,1110.1944341562626
2035-05-03 21:00:00,5928.873056629142,3687.995352808925,480.7079924879425,4360.164948028106,1065.0490005202953
2035-05-03 22:00:00,5703.688259463921,3485.5125139540646,423.6442399004181,4118.281272144947,971.8136032942776
2035-05-03 23:00:00,5182.752750712086,3249.9315929666336,393.60000680671504,3940.760434015642,819.7975574754132
2035-05-04 00:00:00,4961.2278136347295,3102.879326471759,375.2784925554442,3820.457248686515,733.6876924913205
2035-05-04 01:00:00,4876.078799040842,3127.573582828657,355.8017572100132,3759.041924321629,713.4007752307958
2035-05-04 02:00:00,4733.443695282348,3050.037022869052,358.1118960789229,3743.008036487702,681.31657520566
2035-05-04 03:00:00,4697.693152791943,3130.479464544552,361.2079229020408,3719.6468962143854,676.0248622107575
2035-05-04 04:00:00,4777.857940350315,3156.3912838856268,360.9968935352293,3766.3611791530775,689.3051784966736
2035-05-04 05:00:00,5083.46407200908,3415.0814560228005,395.5305217469049,3901.0429322956966,733.519960649063
2035-05-04 06:00:00,5125.760663268714,3607.562718978096,435.3949742326638,4060.6846408780807,836.408492018914
2035-05-04 07:00:00,5454.363282341684,3630.757299790855,437.4699024211436,4214.047432761468,978.7958478805132
2035-05-04 08:00:00,5755.717192366883,3721.199539965752,436.2100168815992,4206.057487212969,1025.359931553228
2035-05-04 09:00:00,5886.01838571661,3654.44288382974,427.389046217746,4231.852563120237,1044.0128400863146
2035-05-04 10:00:00,5890.145528491392,3693.4273613990895,445.1332758674671,4180.608832019605,1013.786857265998
2035-05-04 11:00:00,5950.100484312628,3691.445151679226,430.48613467175545,4088.949138730413,1037.3471645886502
2035-05-04 12:00:00,5853.106773227353,3548.1194281194857,419.7382225469409,4080.461487475232,1000.890268954797
2035-05-04 13:00:00,5936.705919280473,3597.9810395803743,424.66461756597454,4149.42780809723,989.5534486646249
2035-05-04 14:00:00,5917.835023889295,3573.836638398945,434.74563595607407,4154.133424833788,969.4211101125336
2035-05-04 15:00:00,5977.075278536991,3626.432261734925,428.3748889508825,4196.020465091286,983.7822145040792
2035-05-04 16:00:00,6018.478356174595,3772.394084909744,445.6996163233298,4249.088742236071,1032.3660492847998
2035-05-04 17:00:00,6168.12321601289,3963.169373329833,478.276851221141,4386.043620739084,1056.8193483097562
2035-05-04 18:00:00,6094.051983043224,3917.427190997677,499.22963912140006,4518.812621652426,1095.7766845523854
2035-05-04 19:00:00,6094.014365483716,3940.3560691554026,506.82445073773056,4476.907581352398,1116.0259503592358
2035-05-04 20:00:00,6087.493996653225,3995.441674119087,504.9263049934437,4442.539178416763,1121.349057578483
2035-05-04 21:00:00,6030.941753365545,3732.295335266315,475.79332059494976,4334.22121971787,1045.773673600601
2035-05-04 22:00:00,5702.419499814895,3417.970496581578,435.78862758657993,4158.915352996416,955.057033333254
2035-05-04 23:00:00,5221.899552672386,3219.6099900475724,395.2394358077496,3909.782530669779,817.1692516787574
2035-05-05 00:00:00,4888.543620880616,3069.77582535453,373.9581630663724,3785.809794136726,730.0232703538459
2035-05-05 01:00:00,4749.646755189725,3027.785577436741,360.2795622175306,3757.51407759103,696.3405148846723
2035-05-05 02:00:00,4626.142932500548,2968.594306455782,357.983963680155,3648.332531314148,671.0606940904238
2035-05-05 03:00:00,4645.120828096917,3068.0034116798424,353.9145807186826,3703.319342294865,685.897617984686
2035-05-05 04:00:00,4678.473452209137,3148.6782284485303,360.9324463076199,3767.8756393195135,680.1716422672995
2035-05-05 05:00:00,4762.751488435498,3401.305370821368,397.6541897929446,3863.011614188405,718.793209739161
2035-05-05 06:00:00,4958.8156595338905,3593.6100183734197,422.5576644402192,4069.777597254521,848.3538386649769
2035-05-05 07:00:00,5119.603895237087,3608.522952874684,431.633990467852,4100.5464907768455,949.5912779312245
2035-05-05 08:00:00,5461.1498897241845,3676.2427980197463,436.7149258942949,4218.151753119108,1016.71630639922
2035-05-05 09:00:00,5633.36314863819,3648.711907142283,433.5451501731113,4207.8201864035245,1028.4688327612805
2035-05-05 10:00:00,5787.392901396309,3626.5795703715394,422.7240582266225,4190.3792379755405,1030.503756255402
2035-05-05 11:00:00,5764.598669568687,3560.1449990040014,426.42614276952366,4164.531629831667,1026.772753214722
2035-05-05 12:00:00,5738.959381965742,3511.2774542632774,411.7149966821051,4020.85566920984,996.0029204272112
2035-05-05 13:00:00,5762.568415534767,3576.464607051174,419.8549353837586,4105.069094093603,983.7969130333976
2035-05-05 14:00:00,5774.404842982121,3568.094017495004,427.2567424480093,4005.88278598726,968.7501626804022
2035-05-05 15:00:00,5673.437929033322,3607.0724368385686,439.0171662188853,4258.567055752136,981.361386909304
2035-05-05 16:00:00,5725.891301735366,3723.178279194854,450.0863320745504,4248.491700013932,1036.4610249245466
2035-05-05 17:00:00,5866.911531938556,3951.670842347625,478.4271647353526,4362.033955476409,1054.2186274794626
2035-05-05 18:00:00,5894.0067096173725,3923.372696975972,498.7504810264947,4361.772859445432,1085.0272560813676
2035-05-05 19:00:00,5890.650651273987,4006.9431401717534,509.7294150091505,4466.750711713175,1105.2075436271127
2035-05-05 20:00:00,5980.1537443434845,3805.95203129036,504.1470452466846,4391.743757228855,1098.1216142385715
2035-05-05 21:00:00,5749.141638912218,3750.232803439936,480.12737557916967,4312.693995295129,1037.2808213866697
2035-05-05 22:00:00,5399.304577864491,3445.196395519737,432.6186008096804,4100.8935687277,949.6359543335818
2035-05-05 23:00:00,5139.5652052161095,3215.7937377446515,395.8154678480952,3842.362867343027,819.6415066629811
2035-05-06 00:00:00,5071.857218379329,3150.755079409562,368.4677838299843,3770.80419568413,736.3906024270483
2035-05-06 01:00:00,4917.294719630437,3045.5403929721147,355.08851225844165,3849.3719445066295,700.7001288797107
2035-05-06 02:00:00,4809.486304508757,3031.830125001605,355.42479880670527,3794.177106430973,688.6696254441381
2035-05-06 03:00:00,4802.717851908332,3077.701598690921,353.7751662896297,3761.857502470066,677.5201624653243
2035-05-06 04:00:00,4830.556726188059,3188.0910237257444,365.2043118792057,3801.142786163399,684.0247631465548
2035-05-06 05:00:00,4922.621075298589,3414.0212727924463,389.7564448844337,3927.986761691584,736.5590431049178
2035-05-06 06:00:00,5243.235747512996,3606.961996262213,423.6495814289464,4167.76230646318,840.0451407125927
2035-05-06 07:00:00,5420.138910411477,3603.2295278501697,431.8704867818389,4158.998071555131,981.8761609749806
2035-05-06 08:00:00,5825.9320362423405,3698.409787169233,432.4673719840938,4227.836544500194,1032.6925114784651
2035-05-06 09:00:00,5964.730003485664,3693.65534456784,426.5319696035314,4115.3373704364285,1039.2214199361274
2035-05-06 10:00:00,6065.833278959693,3647.200975025739,424.5968146358387,4240.808599375512,1053.1357026573455
2035-05-06 11:00:00,5865.698470034518,3608.267901863021,430.0071779216608,4172.481283542757,1031.049856190995
2035-05-06 12:00:00,5831.422766749294,3522.267378108161,419.60600701082615,4149.581221571214,996.9144667339572
2035-05-06 13:00:00,6021.887341368006,3624.881749505334,426.93844189218765,4012.908634469483,969.4955242767858
2035-05-06 14:00:00,5945.457275173053,3597.236677917709,423.05925526865497,4117.058781836186,970.6946110782789
2035-05-06 15:00:00,5989.360166298038,3626.2327408551287,433.6836099293344,4149.846715804429,973.0163169987412
2035-05-06 16:00:00,6064.889196125434,3772.675285178465,445.033749349177,4284.800267886347,1014.4388189115492
2035-05-06 17:00:00,6053.284448301564,3876.354027208156,477.6649093573452,4408.323868787816,1089.3300802932345
2035-05-06 18:00:00,6121.611358741202,3984.1926785411706,498.80229197034737,4463.191592343479,1105.369563064624
2035-05-06 19:00:00,6139.842400092228,3930.43251642524,510.6116399976426,4423.867893974606,1102.5861905221682
2035-05-06 20:00:00,6152.816763953676,3938.019617291668,506.9549360230002,4414.764923088167,1102.4764325711783
2035-05-06 21:00:00,5989.425301223945,3721.674913223186,475.016808812588,4353.971252003314,1065.6172153356165
2035-05-06 22:00:00,5657.550136456062,3500.7589162242825,427.0112567469565,4115.683443887554,968.9670775496407
2035-05-06 23:00:00,5259.819384822701,3293.240585601733,394.24057667288514,3951.03889667733,833.8795107569607
2035-05-07 00:00:00,5059.738817993334,3204.102880618211,379.171972214688,3798.874266680752,746.6505359482142
2035-05-07 01:00:00,4925.413843688506,3028.760826574043,365.1278579066092,3813.205453573699,697.4933374114361
2035-05-07 02:00:00,4860.154498067847,3010.678848586879,363.3083596615036,3767.682905775118,687.7721512131177
2035-05-07 03:00:00,4773.548459721643,3091.1937004440183,359.15421139341817,3683.962181327289,681.1477475330732
2035-05-07 04:00:00,4875.533420078672,3179.963829810634,368.0756361568996,3804.978300485398,678.7861050689861
2035-05-07 05:00:00,5012.911550690512,3403.078729004495,390.677181806208,3857.883890298607,716.6767806699326
2035-05-07 06:00:00,5204.216048780978,3655.252817383188,432.25344857137344,4064.5436204812927,854.9154742573165
2035-05-07 07:00:00,5500.847431564783,3659.254260895584,428.7394493344756,4216.896117842731,980.7429997841048
2035-05-07 08:00:00,5782.095762080717,3678.5022978965385,435.5646361055573,4219.027282236355,1019.428108675172
2035-05-07 09:00:00,6072.394437957565,3691.407264774983,428.6451514934684,4297.706183560135,1058.915040026058
2035-05-07 10:00:00,6086.542280437792,3662.1686710353047,423.6816302401461,4167.305679963644,1038.5333173967629
2035-05-07 11:00:00,5858.851111577177,3586.539908332408,422.5276114124826,4188.027802372461,1033.1384758956706
2035-05-07 12:00:00,5950.6867873050005,3560.764079314976,425.97077772374985,4093.7627238023865,990.461696563046
2035-05-07 13:00:00,5919.000699751503,3542.7628161069533,422.63475248412607,4132.64782695478,976.6587493186948
2035-05-07 14:00:00,5979.6194615579925,3582.325729828084,426.1338164369183,4102.879723510209,969.6675259743746
2035-05-07 15:00:00,6004.900036763323,3661.73270788872,435.0626313410369,4233.141230468781,984.9626071048432
2035-05-07 16:00:00,6157.60682164956,3730.1237897432216,450.08797108670257,4311.964155519551,1016.1663013286212
2035-05-07 17:00:00,6139.83196389037,3978.8048019945545,476.633443798361,4432.784165544868,1083.10870523347
2035-05-07 18:00:00,6163.001200167378,3949.1282828548287,496.0471102494005,4434.154145421233,1097.412575714941
2035-05-07 19:00:00,6217.7583412273925,4035.932638702117,507.4904970577088,4509.969034104387,1103.1970288720938
2035-05-07 20:00:00,6200.995771018577,3952.711735101024,502.6187914214542,4489.561263880182,1111.8358819211244
2035-05-07 21:00:00,6086.414818219291,3764.497746018303,481.7856082431854,4294.84205028327,1076.8828012112604
2035-05-07 22:00:00,5664.691172731745,3490.865140278996,425.3679478219135,4122.073027354371,958.0723810562338
2035-05-07 23:00:00,5328.137293927371,3299.239064687679,392.33721810425305,3903.742798162606,825.0946187069233
2035-05-08 00:00:00,5088.387039689018,3163.244612737669,376.2983496967091,3817.236735556711,751.1631764757456
2035-05-08 01:00:00,4946.081185964097,3085.105295272232,352.89886463516405,3751.0398659483617,697.7548550311845
2035-05-08 02:00:00,4868.875037412344,3068.728491029457,361.87019766294463,3768.801964039082,679.5774817349748
2035-05-08 03:00:00,4876.743343335601,3138.894986736978,358.68647373306464,3659.024764821496,688.6789458528849
2035-05-08 04:00:00,4862.669544779425,3178.447601047189,359.70286745663907,3795.241729530621,690.1784262803002
2035-05-08 05:00:00,5023.747486850986,3467.211951834647,388.3028895058842,3894.330541853553,743.3670638056446
2035-05-08 06:00:00,5244.107514146112,3723.181927922205,430.8661608727512,4082.399227348228,855.1711486605935
2035-05-08 07:00:00,5492.1034173692215,3695.9694341491218,428.93479586318114,4142.6968144613,987.8414901915712
2035-05-08 08:00:00,5676.714548377194,3631.645405913654,433.13072358672616,4214.838885110943,1031.4403969051018
2035-05-08 09:00:00,6154.87760545204,3633.9442215636886,427.2154328526432,4231.198462102194,1047.7032555531216
2035-05-08 10:00:00,6146.379160386043,3661.083562895285,429.77565956270166,4234.814091489373,1044.927263857055
2035-05-08 11:00:00,6039.233398910934,3607.9512800050175,430.6102099014991,4163.553213934667,1026.499396553994
2035-05-08 12:00:00,5857.688216192129,3577.122234994365,424.5204092613865,4124.621618082242,991.6621539629994
2035-05-08 13:00:00,6047.898380134759,3544.573409244911,421.9608667828524,4156.973711485595,1009.166154298856
2035-05-08 14:00:00,6045.586504379605,3598.3402773127423,428.2520217785968,4172.86551641401,1000.2387511440608
2035-05-08 15:00:00,6049.603677105829,3634.9456926732746,436.4114966731339,4196.611024704523,995.0422294144392
2035-05-08 16:00:00,6028.185982963498,3848.586053794029,455.3884005047479,4372.603205864765,1037.0983109787908
2035-05-08 17:00:00,6225.1613894136735,3935.3697055114512,485.6997148830345,4361.388464230396,1080.6216110457558
2035-05-08 18:00:00,6169.187209742344,3983.151302671432,497.67211103848206,4480.054699191914,1129.377987358055
2035-05-08 19:00:00,6375.699737521255,4021.225655072882,516.2076396498419,4546.199934343832,1124.406930552966
2035-05-08 20:00:00,6211.993266310492,3920.139659733171,504.0265113128748,4488.146248170127,1107.217656769005
2035-05-08 21:00:00,5953.077026812196,3734.647501779461,482.28964926275125,4301.599378372138,1062.0306502021035
2035-05-08 22:00:00,5762.700327454206,3444.5987690640886,434.5673971017352,4190.0496427888265,972.7553963894388
2035-05-08 23:00:00,5231.882330630874,3258.956079276815,397.66021215664017,4057.775464447928,832.0096549238827
2035-05-09 00:00:00,5046.281670404012,3149.077348640322,371.6666656989992,3863.969317931794,747.2874063973405
2035-05-09 01:00:00,5024.502731069239,3129.294915311269,363.8235663287257,3779.323788236193,704.9786516536706
2035-05-09 02:00:00,4868.149135387153,3067.0671630698107,356.6579644812862,3748.2901763655914,678.4630659529611
2035-05-09 03:00:00,4854.732131042424,3144.362291168669,356.76931861933167,3758.162116521888,689.3818029988129
2035-05-09 04:00:00,4900.134229618023,3253.043126387965,368.379108095388,3826.495169332652,691.2300175684891
2035-05-09 05:00:00,5076.500669220373,3439.9147459241062,393.2791593138312,3939.137380094835,726.7494841037272
2035-05-09 06:00:00,5250.6941742780455,3641.976402515564,434.1739583357713,4215.038645248064,848.0241730465519
2035-05-09 07:00:00,5471.6518922251535,3628.827547373974,435.4074081478727,4194.767542572138,985.4320362404424
2035-05-09 08:00:00,5827.717808919807,3728.87057507376,429.8226605278674,4218.588377916863,1032.5966973585637
2035-05-09 09:00:00,6145.078456225478,3708.93148809323,425.9699050355919,4196.838829653001,1039.5386180432783
2035-05-09 10:00:00,6094.569078728037,3652.068521809269,425.0976207506921,4335.767746039726,1037.4855544472466
2035-05-09 11:00:00,6114.50415811006,3581.823219825657,431.0158966754144,4265.415389210867,1030.6970929689037
2035-05-09 12:00:00,5834.237532286921,3560.2475608759587,422.48499946922885,4096.097526586103,1003.0728140246808
2035-05-09 13:00:00,5988.963790158393,3615.08289493385,424.0179279828487,4127.537435674887,976.2913938542024
2035-05-09 14:00:00,6072.767922536302,3528.1985218608665,428.09520456249294,4091.6928749671047,979.1839426865253
2035-05-09 15:00:00,6043.441350331009,3649.12071458874,437.18196642090726,4178.678522840845,984.0829800290528
2035-05-09 16:00:00,5993.195274388921,3756.307035118384,447.1382993169797,4291.548114550619,1031.850465519731
2035-05-09 17:00:00,6203.162885286525,3998.6406286433607,471.749738377109,4435.047129150054,1075.432802472836
2035-05-09 18:00:00,6152.984142489406,3997.769139848199,487.4698727867344,4506.113991184478,1111.6712387998907
2035-05-09 19:00:00,6192.202738110241,4007.9504085340113,510.9715533085821,4491.6061644415695,1131.5464634445505
2035-05-09 20:00:00,6216.219389011068,3978.3476170407394,501.1456284097921,4490.845176404649,1085.5884792183767
2035-05-09 21:00:00,6090.189307471161,3732.478417905365,475.3358543945524,4337.632859010647,1061.4870117609255
2035-05-09 22:00:00,5730.4075032075525,3436.8969677068844,423.7602947125416,4166.083617913464,966.2937832921224
2035-05-09 23:00:00,5289.581660118183,3331.322873630532,391.1611250259895,3967.655233723981,846.7890090683175
2035-05-10 00:00:00,5078.356359517023,3144.2491913526483,372.4104232233368,3794.07342680974,752.6777655515147
2035-05-10 01:00:00,4955.033651226915,3055.0058137894216,367.1320902690197,3807.0268546995503,713.1794947540936
2035-05-10 02:00:00,4859.294611140467,3064.1570459354257,362.2506929233011,3760.3991966085136,680.7639712782335
2035-05-10 03:00:00,4794.211985140175,3141.064785892276,363.18522452188233,3748.309014792735,682.3595476119835
2035-05-10 04:00:00,4891.51861934262,3241.004912315187,367.2446868898387,3745.508112557872,698.2082681782647
2035-05-10 05:00:00,5122.005060487681,3440.8117406876754,396.08861942994565,3899.960335261744,720.5379859182999
2035-05-10 06:00:00,5201.228864763377,3691.1523729735823,433.196448431516,4101.0362437382055,855.7676827364326
2035-05-10 07:00:00,5541.824084846971,3641.2478995522993,436.3173652054382,4207.624828967456,991.3563357085036
2035-05-10 08:00:00,5723.9189260721005,3760.029952612274,439.4929955429053,4187.265678990114,1039.5733139688928
2035-05-10 09:00:00,6022.628371882163,3708.049280691635,422.71198759914654,4189.937809897939,1060.7471094641237
2035-05-10 10:00:00,6064.936738132698,3634.365239622659,433.79545982336606,4238.191886755378,1050.0485895301651
2035-05-10 11:00:00,6011.216524433578,3619.214982605231,436.72973813454615,4160.8447795022,1038.905984840699
2035-05-10 12:00:00,5955.539971221117,3586.5751448033534,434.0716530651081,4063.426035733125,982.2798766631
2035-05-10 13:00:00,5978.1133207358935,3626.361167359317,434.077002729033,4165.630679009328,977.6166663748048
2035-05-10 14:00:00,6001.502727593347,3583.899799965285,423.7617391301174,4133.443883610446,994.1439099458976
2035-05-10 15:00:00,6060.745528693285,3654.857588735948,438.6849989435825,4077.1070226872657,995.9640123562598
2035-05-10 16:00:00,6303.7319925632455,3798.7607491328527,447.9234872530608,4243.982446626553,1024.3416694245088
2035-05-10 17:00:00,6112.911980949903,3919.695266117875,485.2371623323852,4346.061745045417,1083.0892718596867
2035-05-10 18:00:00,6069.647844563125,4015.163850668192,498.5303401576941,4457.47093882947,1110.9106858977004
2035-05-10 19:00:00,6210.141247798589,4018.0283744024982,508.1688860974339,4589.884437093227,1112.1835899007
2035-05-10 20:00:00,6147.623280099477,3990.513163300736,502.92356920951335,4546.870089139786,1117.3428485621143
2035-05-10 21:00:00,5922.315424820406,3685.743531164893,477.6078261745261,4258.509714002476,1066.1932478685044
2035-05-10 22:00:00,5703.962293336524,3416.067394733663,429.175605252126,3991.668365300962,960.0147120883344
2035-05-10 23:00:00,5273.560346289324,3280.1751268320427,399.1763856729544,3923.5122154083233,841.1106840207958
2035-05-11 00:00:00,4980.097167682349,3125.613223276985,372.3275773092006,3851.554499445714,741.4461382338897
2035-05-11 01:00:00,4819.4140364598925,3030.330925959748,361.6840324846556,3717.455763828479,706.6826301291917
2035-05-11 02:00:00,4847.357418283445,3059.5587869789347,356.3606106790508,3764.517481723107,687.0387061334757
2035-05-11 03:00:00,4827.055146327886,3089.636396249116,359.3215583347423,3723.471585625908,681.4831511588025
2035-05-11 04:00:00,4915.342205576712,3248.763707501914,367.1237044072304,3708.896904348745,678.1034688426261
2035-05-11 05:00:00,5036.979686477338,3527.947830556815,391.96939220680525,3850.265388477707,722.4429680899393
2035-05-11 06:00:00,5169.807041718796,3693.744118744949,438.57881722191627,4081.475721109097,842.6101107438037
2035-05-11 07:00:00,5318.728069003086,3611.989252788633,432.4376964114501,4229.702333646462,961.3239724345216
2035-05-11 08:00:00,5833.27519565774,3665.471644752868,437.0502967907649,4198.855895706567,1012.5370007886884
2035-05-11 09:00:00,5945.963576721674,3696.513489211805,432.61425629370194,4228.356967459748,1053.8447626501236
2035-05-11 10:00:00,6045.107453799282,3626.544606478044,426.6508758723088,4276.679155436969,1027.6313295500058
2035-05-11 11:00:00,6004.285965554903,3487.5267033550463,429.9699421563713,4179.844984383437,1046.1817298797685
2035-05-11 12:00:00,5901.699798517879,3465.7930383620323,416.5128313628634,4128.487781043107,981.6363670782996
2035-05-11 13:00:00,5881.542882117713,3622.476130132435,421.53049911874814,4113.393677562428,970.2858048010552
2035-05-11 14:00:00,5949.753437625339,3550.964279056754,427.3190215289328,4140.103009351297,965.0811853475732
2035-05-11 15:00:00,6081.001730482351,3701.4998624928858,434.1864153316415,4107.602048543422,985.6350900015216
2035-05-11 16:00:00,6085.512648051864,3683.721309605428,447.36096851746055,4274.423065482087,1033.343217494846
2035-05-11 17:00:00,6185.989419955586,3881.077695304794,484.2534356508165,4348.120691888091,1086.1521361742218
2035-05-11 18:00:00,6121.530810206159,3948.557856312308,490.30855326029257,4372.733065598075,1108.8549121676324
2035-05-11 19:00:00,6098.772482577433,4072.2375228703954,516.0217338568343,4507.330220288539,1109.9086408161195
2035-05-11 20:00:00,6146.167961589992,3946.334790912087,514.1563346690426,4451.1495135565365,1111.370836315113
2035-05-11 21:00:00,6026.781302987004,3675.7461409915354,473.3856466294736,4340.438641570065,1053.1404113248273
2035-05-11 22:00:00,5693.239427971983,3472.961563474364,421.5635578452456,4132.346620724373,951.5720135483106
2035-05-11 23:00:00,5294.918460744155,3220.524673853276,392.9460709581429,3948.42894480486,807.5378714800811
2035-05-12 00:00:00,4931.202553622926,3124.7818036477133,369.7855353209124,3772.893834028832,735.0153081947452
2035-05-12 01:00:00,4693.338339679881,3044.100360938567,357.3470425547994,3777.6493787211775,690.7655618725114
2035-05-12 02:00:00,4705.575308834932,3016.614667389573,354.8536745791328,3699.642505620384,673.6535799260014
2035-05-12 03:00:00,4637.305313667351,3022.592507336952,356.09213685412715,3682.209572315576,667.1317906743606
2035-05-12 04:00:00,4592.349044557837,3108.451548104145,363.7846302713042,3756.981731602822,692.2789355612756
2035-05-12 05:00:00,4804.17995778828,3412.4307043812314,391.0755708613472,3880.6888459994498,725.2185612446119
2035-05-12 06:00:00,5025.023911335999,3532.878203866747,430.3698842572864,4053.448729239161,841.564702701213
2035-05-12 07:00:00,5257.5963491181,3635.414489484289,430.8767924202645,4177.3255127422735,977.0242126998348
2035-05-12 08:00:00,5701.7154419878725,3653.614226887296,435.94673568731247,4167.224970376065,1014.0400998980696
2035-05-12 09:00:00,5660.928191529612,3693.947635884936,424.449835178138,4159.598701175832,1051.3820841897896
2035-05-12 10:00:00,5861.5766630675225,3614.732093878675,426.9754701956616,4149.589812649926,1048.3908670366802
2035-05-12 11:00:00,5751.290992896038,3609.066842328218,425.4046093297672,4187.821477183753,1024.4623904429998
2035-05-12 12:00:00,5655.533531279813,3456.4780861984577,414.768038187995,4084.174904491775,988.8189260791064
2035-05-12 13:00:00,5800.400908750841,3536.4410729022284,420.0725350672433,4083.714386262908,991.6644524271708
2035-05-12 14:00:00,5730.599959078254,3570.247748266662,428.0623619930024,4122.266061748066,961.6350746654856
2035-05-12 15:00:00,5873.031680403614,3536.7330349584417,429.0187910310464,4153.358207945462,975.034752569214
2035-05-12 16:00:00,5829.151666973089,3755.8543955904383,452.84892578075295,4173.595558633631,1022.3234169999488
2035-05-12 17:00:00,5907.161536659161,3896.762857237115,475.6834075521702,4338.91187062146,1082.531712881302
2035-05-12 18:00:00,5952.070506416653,3899.101908619433,492.942607099336,4506.82129467871,1105.4261984551772
2035-05-12 19:00:00,5906.316071138424,3899.78932624467,508.5567714860939,4443.286793306109,1115.804947572039
2035-05-12 20:00:00,5885.775418554567,3882.438784065429,499.7979636209699,4378.078624475262,1102.9699346151262
2035-05-12 21:00:00,5819.947059610464,3725.264532039588,473.50542418131306,4302.446389214431,1055.5617729940188
2035-05-12 22:00:00,5465.866100389231,3461.0289975137066,423.5339003099128,4033.8248118067527,949.1936710415328
2035-05-12 23:00:00,5015.489225635939,3278.1346866869585,396.2637845196365,3894.811602524484,816.157987208067
2035-05-13 00:00:00,4963.752270808066,3129.3960694071293,369.8194229095965,3822.646787961213,737.6920672143034
2035-05-13 01:00:00,4970.058633875964,3123.7370408312718,357.5322143475557,3735.50371412223,702.4801709637279
2035-05-13 02:00:00,4895.607688066486,3101.8655523112825,358.9059233400769,3768.878257074624,694.8402341039417
2035-05-13 03:00:00,4739.992144707298,3119.1794718941123,350.7974680249513,3735.127656256792,687.129457699675
2035-05-13 04:00:00,4900.954403915815,3207.785746768917,360.4495714256132,3796.279047909636,689.1650873420955
2035-05-13 05:00:00,5015.616075449117,3514.555744776742,392.67716415275606,3861.3193994478784,721.0536373445863
2035-05-13 06:00:00,5183.7682501762965,3586.246027789649,431.39825071011535,4160.476902541726,850.7773757300151
2035-05-13 07:00:00,5486.18289761325,3686.029828576374,430.2833073533824,4182.209538494741,992.0751779987318
2035-05-13 08:00:00,5730.230082270859,3740.190418734381,435.14819251567695,4226.312430548308,1013.0660000168268
2035-05-13 09:00:00,5934.296408069853,3641.576691204023,434.759627896616,4230.041858813058,1034.8433914521352
2035-05-13 10:00:00,5977.879562719314,3686.06234253827,431.37084941518265,4260.030026419288,1030.3382432480344
2035-05-13 11:00:00,5881.798096043342,3570.7005253911443,430.1693658216408,4132.882427664023,1022.2684978548764
2035-05-13 12:00:00,5823.329922429464,3495.6610449454374,418.3297422706698,4087.650963000471,997.516973138564
2035-05-13 13:00:00,5991.500600125416,3628.579288044624,424.1887099345082,4166.504905609803,962.6313048137572
2035-05-13 14:00:00,5964.660299150625,3589.337485346696,432.3500910376012,4057.69387272512,981.6599410530334
2035-05-13 15:00:00,6041.664845144423,3692.254032370953,433.9708268843586,4120.162741564781,999.4288954634632
2035-05-13 16:00:00,6072.922602384542,3767.2322863291024,450.5158648924444,4241.22152271205,1036.6016057973363
2035-05-13 17:00:00,6121.386181531977,3902.491077210066,483.4540563278186,4341.8468866446565,1080.8426481010474
2035-05-13 18:00:00,6183.172599463258,3977.234445389254,487.0325571323129,4431.163620227597,1111.911147253859
2035-05-13 19:00:00,6152.886395447388,3951.563799497125,503.7730708514933,4499.784140298705,1089.079202983689
2035-05-13 20:00:00,6035.267505430958,3949.9595069655743,510.0725756555482,4377.6207842096655,1113.5776411887257
2035-05-13 21:00:00,5948.222757118969,3747.569360533634,471.6204581386602,4305.533160171051,1052.010843492097
2035-05-13 22:00:00,5688.807106384636,3400.736695625988,434.2146344191282,4067.2992294711153,948.205100665002
2035-05-13 23:00:00,5217.4775583945375,3292.358455772135,394.692784463196,3928.899421051042,819.3314933662158
2035-05-14 00:00:00,5095.075306475621,3131.531847482065,375.47367347809615,3870.6351241457783,758.4580167048915
2035-05-14 01:00:00,4951.624652296385,3094.5443463714805,357.0213424252772,3735.7220120065367,703.9638276067188
2035-05-14 02:00:00,4886.761309469967,3092.480518836551,362.8183238750887,3787.22446957436,680.5827809310049
2035-05-14 03:00:00,4929.619801539985,3101.6716694468973,355.50042756186593,3690.512506532384,694.1430628527448
2035-05-14 04:00:00,4735.592595000098,3221.3883953927498,366.3093986805704,3728.501008041024,687.1958918154442
2035-05-14 05:00:00,4999.706137925099,3534.484251247752,392.1276951095296,3980.252336838881,726.2816006893291
2035-05-14 06:00:00,5252.776070209421,3685.749647390282,433.5460204478587,4155.445779615756,860.1704420085476
2035-05-14 07:00:00,5470.1186816509135,3646.575026304368,431.7496916823797,4148.048566367547,990.0241298255072
2035-05-14 08:00:00,5790.789007719773,3718.678250753912,434.3534522360852,4262.887225624172,1022.3244949554067
2035-05-14 09:00:00,6056.863069700056,3708.001319365896,429.63935846655016,4166.272664573689,1054.381976200877
2035-05-14 10:00:00,6047.478139201837,3629.8232340522354,428.9640268509567,4161.177886382536,1044.1544096244038
2035-05-14 11:00:00,6100.540595070807,3545.755261720104,435.5994510143821,4234.526743634038,1030.5485778195714
2035-05-14 12:00:00,5919.943955474645,3510.9968822908018,421.9670939965779,4119.74303283776,1020.951526098958
2035-05-14 13:00:00,5942.970332583666,3585.3472289422443,424.6115233031726,4164.375073436415,993.498207792834
2035-05-14 14:00:00,6026.925941882199,3581.7751481972755,425.1235959617811,4124.8809815178265,990.8941849985652
2035-05-14 15:00:00,5920.536172578486,3636.382346279877,433.52858680874937,4130.661730323626,984.2714734641556
2035-05-14 16:00:00,6123.172732129937,3774.6201107818274,453.03269780766703,4341.85339600412,1027.2775676437152
2035-05-14 17:00:00,6238.7311110956925,4033.332354092782,481.9699793812656,4421.553849026916,1080.9946815408748
2035-05-14 18:00:00,6083.673213172525,3948.6015899262234,496.3305404778686,4421.919054125714,1112.1685422997157
2035-05-14 19:00:00,6166.674722347982,4011.1817805746496,517.5270864377197,4522.727592071721,1108.6462878428326
2035-05-14 20:00:00,6112.766064518118,3967.209471666665,507.1514937645749,4527.17650191945,1119.3545333049549
2035-05-14 21:00:00,5968.40205847613,3771.817917866897,482.0645230517011,4350.298763865128,1060.0929838519155
2035-05-14 22:00:00,5723.9353585513245,3492.082576411472,431.4158171918175,4107.236416949563,944.0787864239006
2035-05-14 23:00:00,5278.093987040315,3270.1760119105597,394.6619321518128,3973.420718708964,827.3829296879763
2035-05-15 00:00:00,5034.32186584648,3165.761758339732,368.2622218206682,3803.8604391958975,745.3081080518261
2035-05-15 01:00:00,4924.419724465889,3080.9750997068586,358.8666889548538,3813.506104869164,726.2927779592775
2035-05-15 02:00:00,4796.456318072219,3069.5867306268,356.4007626234978,3744.791454168568,693.0568938724858
2035-05-15 03:00:00,4792.986709147728,3100.292207493207,359.97177253715495,3707.412612813716,684.6937811439659
2035-05-15 04:00:00,4961.708407298962,3178.574391804715,363.3806115099951,3777.70362547192,689.414527956416
2035-05-15 05:00:00,5096.586576041767,3440.430358963116,399.68776734858335,3943.6997661125615,723.8321904672365
2035-05-15 06:00:00,5235.714057130745,3647.526752261935,432.0025062043176,4137.128584848937,851.5510950465604
2035-05-15 07:00:00,5452.943883667311,3671.068323099083,431.9761930179026,4235.092657911052,978.9865449863014
2035-05-15 08:00:00,5858.883345387095,3638.847852682604,427.1367853507721,4212.962189284426,1011.850450808266
2035-05-15 09:00:00,6065.312414150032,3663.7213012621096,424.6186793454608,4295.707360297372,1047.8200515817389
2035-05-15 10:00:00,6053.7340484224505,3699.734860417808,429.80085440625766,4223.269896769315,1048.9319370507371
2035-05-15 11:00:00,6125.783801825498,3555.1154859045173,425.5743080978873,4201.6208706758,1054.8851214706383
2035-05-15 12:00:00,5849.549569287319,3591.0688760518688,425.96244281038406,4025.486851030029,992.69698021302
2035-05-15 13:00:00,5931.046310408024,3608.9070607425033,429.1403777789845,4103.2906239989015,979.5342341602752
2035-05-15 14:00:00,6015.689347685227,3588.656396866293,426.15691050937386,4113.210197184538,975.3057155202127
2035-05-15 15:00:00,6011.726759030896,3679.660309533388,435.65330495824855,4109.688610723307,989.5516492275584
2035-05-15 16:00:00,6029.049527659789,3727.1713300568354,442.5904787361784,4264.4984732354615,1042.1836183052544
2035-05-15 17:00:00,6223.578061397887,3883.809006866913,479.70008061150514,4390.043104071554,1081.1741187491575
2035-05-15 18:00:00,6205.694812928784,3971.159085256712,488.6472140840861,4424.68551853431,1136.0132519924173
2035-05-15 19:00:00,6223.890750908417,3986.033217863941,504.03951869929335,4440.830329639411,1101.830357064303
2035-05-15 20:00:00,6178.412235833927,3986.037621606069,507.5157285779181,4515.326826997566,1121.859502049501
2035-05-15 21:00:00,6081.22641696804,3794.998684646788,479.53882043355577,4304.23398298549,1086.673490433902
2035-05-15 22:00:00,5769.725926404763,3494.757957915712,434.5000188394965,4080.799865813762,960.4406354977208
2035-05-15 23:00:00,5433.690694398385,3327.0648152525955,394.1557061762728,3953.9347604155137,845.7373232849518
2035-05-16 00:00:00,5083.057188020875,3190.249654811482,374.4161547849313,3815.302392125352,757.1533036625874
2035-05-16 01:00:00,4841.276386862187,3115.3535807167887,363.3731635313642,3759.493661655872,700.0447052682961
2035-05-16 02:00:00,4897.199811569962,3053.286992108982,356.905707710497,3728.766758179861,683.2292061413692
2035-05-16 03:00:00,4873.400554484836,3107.501015561559,356.7138579039885,3720.772343982304,687.9268582937733
2035-05-16 04:00:00,4853.819578116406,3244.0961221375637,366.5468139141207,3829.571402439028,694.4011995996918
2035-05-16 05:00:00,5075.21277113309,3488.9477546494563,391.6972917542599,3886.88469385314,724.8744551903275
2035-05-16 06:00:00,5174.1966800516975,3706.740697577578,431.1178466140745,4153.44731583193,853.2734533328987
2035-05-16 07:00:00,5510.608506211448,3674.488017315823,427.9070861675294,4202.742786809293,993.5029467771924
2035-05-16 08:00:00,5800.486479699478,3718.694119578376,427.2179209932248,4206.816772884852,1046.6651082027545
2035-05-16 09:00:00,6003.055261904053,3705.103531904836,422.8217967856111,4248.92936568485,1045.137170475594
2035-05-16 10:00:00,6137.98241386871,3701.550619191079,430.5581355474812,4222.221223766969,1048.6442386988097
2035-05-16 11:00:00,6018.428433568378,3597.487289169263,432.5786408669287,4183.825822802429,1042.508537056189
2035-05-16 12:00:00,5994.0244993362285,3532.5337558847245,422.2662162980854,4118.191012432423,991.8209197080968
2035-05-16 13:00:00,6022.423443471097,3611.7048644126617,425.9105624325332,4030.160085336723,986.0361341516216
2035-05-16 14:00:00,6023.0115830163495,3557.778788346004,421.4511573256737,4168.571257680473,988.6179624329008
2035-05-16 15:00:00,5982.14454753839,3691.1795003984334,435.33317055029096,4195.877701790884,981.1644971822768
2035-05-16 16:00:00,6141.130645501055,3793.311391406001,446.3963132300102,4242.569229378305,1026.50363659128
2035-05-16 17:00:00,6163.024573520811,3925.652041261007,479.19385509641694,4426.976897567309,1079.9771565697356
2035-05-16 18:00:00,6175.7950429640405,4020.208723764081,506.6872861920925,4475.105847153389,1116.5973760863517
2035-05-16 19:00:00,6316.984083323336,3992.081959257472,517.3568711021112,4554.034058343761,1112.992264851756
2035-05-16 20:00:00,6231.015189278502,3964.293442632588,501.9190108470572,4433.423829664157,1117.12227519791
2035-05-16 21:00:00,6030.47096239865,3630.3922316755575,479.7419702010791,4298.477803387871,1079.9091657328106
2035-05-16 22:00:00,5717.694746549488,3493.576999825022,428.0721852960395,4144.521853298121,983.3433642724603
2035-05-16 23:00:00,5354.198689052963,3273.82543873667,393.2861436830449,3968.7898620023834,846.0088290397134
2035-05-17 00:00:00,4987.692736805151,3134.6647849761816,369.4306115031528,3901.0071587196817,745.6202676079878
2035-05-17 01:00:00,4883.064356069842,3137.6159083439475,368.7562502262399,3838.952732930066,707.2067394161811
2035-05-17 02:00:00,4945.7497949576455,3143.7777223132875,359.6264013293618,3749.2982264090383,692.6814540347189
2035-05-17 03:00:00,4909.530947855246,3124.848502764915,357.17015669281733,3763.788275844228,697.6315578651569
2035-05-17 04:00:00,4952.938477035858,3180.8132022803998,360.34775873093656,3793.8517923473846,687.6384805353417
2035-05-17 05:00:00,4989.376487407991,3510.4575707410104,392.3365837623284,3864.646992383451,731.597554525241
2035-05-17 06:00:00,5228.58913904867,3695.462014627043,428.85814676824754,4176.429885523654,851.1527544373977
2035-05-17 07:00:00,5482.8357704679065,3614.885624033964,440.4069435221632,4170.646068597514,985.2612996608816
2035-05-17 08:00:00,5841.291958307894,3701.9931191470473,433.0567695666424,4242.954453238452,1016.818343500794
2035-05-17 09:00:00,6209.1028858453365,3634.1862006578217,427.5917320854933,4287.97513874477,1067.7310724636225
2035-05-17 10:00:00,6154.44731447721,3659.121657233319,437.4147904890525,4258.842482672593,1027.7504210348477
2035-05-17 11:00:00,6035.891147914464,3673.758630375413,431.612448441991,4170.904280784399,1043.3126203073653
2035-05-17 12:00:00,5972.347524963429,3513.997314924433,427.8526434953352,4100.390099443268,991.4036852151416
2035-05-17 13:00:00,6013.972981713919,3579.892384694227,434.7357983611288,4089.976170080607,976.861136128203
2035-05-17 14:00:00,6087.094722269802,3662.9600103094754,430.06480967948994,4172.492944413292,977.255330386664
2035-05-17 15:00:00,6065.276712623439,3639.8222728737023,429.8444156314823,4157.419579487698,981.656199122268
2035-05-17 16:00:00,6140.220217110111,3790.39125916618,453.2668606627898,4278.527660791322,1041.1956195813884
2035-05-17 17:00:00,6173.568660578014,3912.943083504169,482.4956352552453,4411.067869216444,1096.8776579047487
2035-05-17 18:00:00,6171.1505382892665,3979.058285547192,493.270117208398,4522.049174883865,1118.483361289187
2035-05-17 19:00:00,6287.77703675514,3964.7591726327846,510.7520675865124,4471.875162587662,1125.1161733258778
2035-05-17 20:00:00,6115.185993014768,3982.882297306266,508.6790520589861,4507.242105561851,1100.9618534266383
2035-05-17 21:00:00,6015.413324635144,3728.71724078182,475.6733166708732,4295.480886455292,1074.6688062103162
2035-05-17 22:00:00,5673.0097314803725,3577.527612849515,437.090467758921,4123.568008025568,971.1963400499824
2035-05-17 23:00:00,5378.5990869255975,3270.148560467429,396.4389672776863,3960.1969921001,835.4629929393974
2035-05-18 00:00:00,5071.082261382976,3105.283459694775,371.4694631959094,3874.7202236163967,745.7332065937974
2035-05-18 01:00:00,4959.046103318858,3089.67543182924,365.8119547267551,3789.2722412688713,717.8445764459555
2035-05-18 02:00:00,4827.815658400239,3064.580065339226,359.97413335174184,3668.253521139098,681.8264088441863
2035-05-18 03:00:00,4911.720778010406,3137.7403450849847,360.7413143205844,3747.092869903371,682.3358466182725
2035-05-18 04:00:00,4789.582578082664,3210.125818608634,366.3747139543101,3770.284240087943,695.1578276514628
2035-05-18 05:00:00,5056.627915743433,3451.3059580261806,400.6040136386717,3883.381251267293,728.1400591523222
2035-05-18 06:00:00,5201.97173407534,3672.612941873188,429.141808676452,4054.096164382449,862.8325829097
2035-05-18 07:00:00,5443.806382674613,3613.890291806242,427.3111855094642,4190.509794203876,976.375746276482
2035-05-18 08:00:00,5831.811518805365,3674.7051967395946,440.123541604703,4173.028068567347,1038.4793520513604
2035-05-18 09:00:00,6014.163735052803,3637.608162036478,429.7270159033274,4246.854000617849,1032.6098563121286
2035-05-18 10:00:00,6164.453253335161,3633.688620022283,432.2331810106975,4189.508002698037,1018.5139300002968
2035-05-18 11:00:00,5907.383259372776,3585.951585273256,430.6747898558423,4187.741758263387,1029.5816343667118
2035-05-18 12:00:00,5774.530594609268,3581.644535194339,427.7380761697429,4168.290377582971,992.5839254443864
2035-05-18 13:00:00,5916.015822888223,3576.8303915236243,424.5094896168266,4117.965582843811,988.1092351800612
2035-05-18 14:00:00,5893.387452106282,3591.4952943288217,420.5343288746437,4151.619111305872,968.212455006004
2035-05-18 15:00:00,5951.540639629729,3698.2059729462967,436.05379151171786,4216.509425535351,971.3166115551757
2035-05-18 16:00:00,6077.802162434478,3824.448294886139,454.4898248285785,4189.506177818148,1014.5425352979722
2035-05-18 17:00:00,6261.481237685707,3898.872365574264,481.06107463448905,4364.8350262150825,1095.689127651589
2035-05-18 18:00:00,6162.999277009307,3978.6477089597,494.2812208545802,4510.9365264039625,1119.678641885376
2035-05-18 19:00:00,6199.814495935879,3986.3310399930815,504.5634810858732,4601.901944004192,1113.0904915435203
2035-05-18 20:00:00,6176.7799215745545,4014.499024517323,506.0555142543497,4509.7957657949055,1105.8048024522477
2035-05-18 21:00:00,5968.310831232516,3744.569596185426,471.4523629878456,4246.703132197632,1074.3297843906917
2035-05-18 22:00:00,5573.538305549631,3509.6983312858274,424.5440619929864,4096.728716994448,963.5237812903532
2035-05-18 23:00:00,5269.26853881059,3306.852709607964,397.0406991218591,3954.397576828659,816.7854148175079
2035-05-19 00:00:00,4838.880568088771,3126.319568336687,375.8256768844287,3871.4778198626304,733.0225949789559
2035-05-19 01:00:00,4722.290745276478,3034.4055775135416,358.50299375369724,3748.317633369469,681.7718376669417
2035-05-19 02:00:00,4721.503466957381,3016.665721446016,359.6637308127563,3702.7047105706097,669.4812315930038
2035-05-19 03:00:00,4653.403810724337,3151.7596902104883,352.1046331093223,3726.877339218716,670.576935515205
2035-05-19 04:00:00,4716.476627200722,3166.568041679157,365.6590294066096,3752.35250110802,690.9771761440124
2035-05-19 05:00:00,4811.042604450742,3428.5412805982337,394.99224620408575,3842.062777872555,717.8458845224528
2035-05-19 06:00:00,5034.891984211557,3622.170687891162,433.4236048612655,4055.08430396892,832.5584734796574
2035-05-19 07:00:00,5317.598394007265,3604.652532587249,436.4316192490573,4152.966807104939,985.7970350043892
2035-05-19 08:00:00,5675.243125118423,3662.320131127578,427.6876366302974,4164.7232469051205,1030.322983726853
2035-05-19 09:00:00,5800.987315453304,3689.7306356129247,427.1707763922208,4184.795019859956,1042.428384595558
2035-05-19 10:00:00,5928.550700704986,3605.645104888783,425.12452755799313,4263.9434392115245,1018.5332904859896
2035-05-19 11:00:00,5838.127715053314,3532.8221562984936,422.5317503888317,4233.945609039215,1042.8367033108912
2035-05-19 12:00:00,5676.150046461704,3517.359442127728,415.1469646947459,4089.700972756812,999.8998439208502
2035-05-19 13:00:00,5814.658420644895,3583.462122681853,430.11327935280445,4073.6201890007846,985.7808423509492
2035-05-19 14:00:00,5912.984761075357,3540.881732605217,421.5778782136312,4061.988883162576,962.942576767568
2035-05-19 15:00:00,5739.628823847195,3568.968356883829,429.5482881307016,4193.659100451553,984.9082564006964
2035-05-19 16:00:00,5848.042902679676,3746.5769755189335,451.93886885766864,4191.4075745515365,1004.7271031668116
2035-05-19 17:00:00,6009.0992563146665,3873.936972670372,477.4702000281813,4379.535720507151,1053.7248364432955
2035-05-19 18:00:00,5942.1435029944,3900.793631062928,502.31454817276136,4414.510701808108,1090.912738406215
2035-05-19 19:00:00,5986.798047302794,3975.704455724256,508.5661182601541,4496.754049324275,1118.7267056134529
2035-05-19 20:00:00,5998.762322114604,3912.6912815359256,506.10119068559015,4381.690746612898,1105.2110200852994
2035-05-19 21:00:00,5764.672211770915,3725.190607743956,472.2247300280355,4327.303223839007,1068.0073475091451
2035-05-19 22:00:00,5507.65071640494,3409.932412908762,426.2760241934235,4091.22339350018,952.2140734389532
2035-05-19 23:00:00,5069.522698117191,3289.2701605515786,391.5358439370268,3893.976389487974,810.2474606776645
2035-05-20 00:00:00,5094.402424127249,3201.346363198272,376.2075614907727,3804.215684747254,741.632161657566
2035-05-20 01:00:00,4863.952744003896,3126.178157367377,366.4013577201202,3739.375382157164,696.2173886716673
2035-05-20 02:00:00,4879.914893554939,3018.538139361336,359.76022527443445,3725.885752948812,689.6994046467132
2035-05-20 03:00:00,4704.522436559613,3124.220901505706,359.2820352002156,3785.932694109653,685.5805879376604
2035-05-20 04:00:00,4842.581155826581,3204.8559054002017,364.7313195243378,3714.356564792473,706.2621739700605
2035-05-20 05:00:00,4998.674558692257,3368.6657075155617,398.33871898712647,3923.03441379594,738.0745246482193
2035-05-20 06:00:00,5240.937412324208,3696.608818041136,435.2477457094458,4134.876410857579,851.2337982572448
2035-05-20 07:00:00,5428.306495443308,3637.338314910671,430.7382712003483,4153.677858146692,973.3103429913442
2035-05-20 08:00:00,5703.624743691849,3722.846011904667,420.9807993037729,4170.382485508518,1027.543049931558
2035-05-20 09:00:00,6000.659584718686,3666.312931058817,431.7897086560492,4228.092511448896,1041.1995242375715
2035-05-20 10:00:00,5902.453691554959,3663.001798320112,422.1808821600599,4325.428730920588,1061.8928042867783
2035-05-20 11:00:00,5924.89557969088,3559.566727974427,430.5599828220107,4231.580570289948,1054.837273383184
2035-05-20 12:00:00,5877.570453968356,3544.848528702993,433.23957977300967,4068.779273239151,1018.2326911337478
2035-05-20 13:00:00,5872.958067956076,3514.760803394856,427.869441975773,4167.674056527146,986.4711425272146
2035-05-20 14:00:00,6005.1353261742415,3637.057135325228,419.98571630635263,4097.792507245229,965.9335538391132
2035-05-20 15:00:00,6043.104082328284,3728.238081741983,432.3499282723152,4143.984472925306,1005.1093192534388
2035-05-20 16:00:00,6130.491568163592,3887.4326987918944,448.0589436268109,4314.646590835088,1029.1579234106518
2035-05-20 17:00:00,6227.0550265211,3884.967561587702,478.9770522848849,4344.697951945468,1072.3129922336625
2035-05-20 18:00:00,6163.165109451676,3954.10496565906,495.549122423698,4454.132105749422,1096.6629675113568
2035-05-20 19:00:00,6213.230885113399,4014.680580123405,505.41706043255545,4482.742338317241,1114.3182381923789
2035-05-20 20:00:00,6165.340144695028,3955.327530678036,514.62131503609,4464.88408496673,1107.399590832544
2035-05-20 21:00:00,5984.66018159202,3810.320907994447,474.9313644316227,4219.2771347448215,1058.7059238869822
2035-05-20 22:00:00,5623.654045394889,3469.689177751808,428.3714284184254,4070.703610490718,969.0595670211396
2035-05-20 23:00:00,5298.528433936741,3277.0776219093946,394.86968073893314,3911.7417728219607,814.6854561716259
2035-05-21 00:00:00,5117.7382442673215,3173.9826190777385,372.0258256611521,3815.867034358881,754.1822750837639
2035-05-21 01:00:00,4998.350234742966,3058.5613762780004,356.9672074655789,3784.034109180565,691.8734236557503
2035-05-21 02:00:00,4906.252040772559,3068.294245645131,361.8743588400236,3732.0423342129866,691.3851297915129
2035-05-21 03:00:00,4819.942803761271,3125.352813196327,352.35810671994045,3753.8490135760994,690.3936190874118
2035-05-21 04:00:00,4810.728187774734,3220.517751709445,364.0957454209581,3742.8340942619934,689.3052635472031
2035-05-21 05:00:00,5034.688555360466,3504.3293308407992,400.3921073490796,3918.820348948202,726.5678186191291
2035-05-21 06:00:00,5268.560442681623,3650.57514927714,433.8061386417743,4112.45227537094,847.8048238309209
2035-05-21 07:00:00,5566.785652118979,3651.4481171147713,433.00854968803554,4200.66918946258,974.984754554908
2035-05-21 08:00:00,5729.398581909482,3673.090639847285,437.16088627842345,4198.667728211998,1021.767080157462
2035-05-21 09:00:00,6002.976329279636,3709.0173581411054,427.1807026251862,4149.791762717291,1025.0894402337426
2035-05-21 10:00:00,6109.914143673031,3690.068285874928,439.026676608752,4158.768952553642,1046.6553829158674
2035-05-21 11:00:00,5994.032838569424,3576.05763787576,427.5894133172615,4150.176446918317,1059.2403620023724
2035-05-21 12:00:00,5875.388154910345,3513.151851851336,426.25131127338216,4113.007766156467,983.717660667873
2035-05-21 13:00:00,5984.829346228971,3578.1741574774605,424.2952334174564,4156.956903869965,974.6160855502012
2035-05-21 14:00:00,5970.22046803363,3616.7322512768856,427.0265059474869,4114.733427077794,984.5818957492552
2035-05-21 15:00:00,5943.843410206908,3657.027483245593,437.53529437766935,4183.245221769308,1006.8498065337664
2035-05-21 16:00:00,6037.279308249037,3801.732116969474,457.0776628702539,4312.053076247965,1039.7556055748355
2035-05-21 17:00:00,6144.059070420364,3845.3776338954335,496.891041086778,4451.04728885158,1083.2940058817865
2035-05-21 18:00:00,6119.506456652787,4048.210353270078,500.2680904104409,4454.449485509506,1114.435839913448
2035-05-21 19:00:00,6223.431843861687,3978.39045627234,512.1735736955708,4495.675606483126,1106.282127392308
2035-05-21 20:00:00,6184.37339113176,3941.774088011712,512.9225109357675,4518.456978333582,1114.094108852235
2035-05-21 21:00:00,5940.545327702171,3824.6228221037336,478.428238911215,4399.738603203885,1075.830549682329
2035-05-21 22:00:00,5711.830989923803,3536.4174470854423,426.257919518698,4113.725317792685,952.7707694895204
2035-05-21 23:00:00,5231.876171485191,3246.3454555520484,391.14304151154414,3925.1516239691737,830.3795812784801
2035-05-22 00:00:00,5023.964410739365,3160.345121087536,369.6985719183535,3793.109264531748,741.1185060148049
2035-05-22 01:00:00,4978.924315878447,3092.444414030031,360.6457445525017,3731.499242676176,716.6717859554576
2035-05-22 02:00:00,4927.485717127374,3055.669627101636,362.7009585181188,3787.932919778759,699.9048409230019
2035-05-22 03:00:00,4808.968688391467,3149.521015650329,354.7654249929898,3728.055861881083,669.669258884186
2035-05-22 04:00:00,4920.792222342527,3160.502670293996,364.8072455468066,3747.478832133407,700.2615181410715
2035-05-22 05:00:00,5119.185749801159,3485.788691140127,390.5393659236211,3934.23050478776,732.4143907783828
2035-05-22 06:00:00,5223.776203784917,3684.41813852571,432.9654907017216,4109.819958306267,842.5533482522148
2035-05-22 07:00:00,5444.943954802108,3691.482474159616,421.8561278817829,4165.811824087675,1007.4152853504504
2035-05-22 08:00:00,5787.226413233162,3727.2214945642586,437.0331359449977,4204.7916669907645,1042.385782685574
2035-05-22 09:00:00,6047.222446439637,3785.593082110589,435.95192687723,4209.401228391869,1036.491898435302
2035-05-22 10:00:00,6063.77639312364,3709.27860369944,436.3461425665675,4255.754991941891,1051.4029723714143
2035-05-22 11:00:00,6007.40314505437,3603.610267539051,428.9649637319823,4118.678237460946,1019.7770409320208
2035-05-22 12:00:00,5959.047841104833,3612.194346104114,423.51120558933775,4158.44253809411,994.5152024540308
2035-05-22 13:00:00,5924.09243009907,3474.111551357572,427.8114871438222,4043.19563647071,998.8603536582976
2035-05-22 14:00:00,6058.198935107154,3617.352262267617,430.113189771202,4128.648517840563,971.4814976846563
2035-05-22 15:00:00,6086.384927139027,3648.443204653544,433.0847958420141,4119.891007813187,995.8006182414896
2035-05-22 16:00:00,6278.881559600862,3789.853753456901,458.5837230963168,4246.211058168566,1041.9849499757247
2035-05-22 17:00:00,6222.302273113724,3928.818094409388,476.9223400404352,4338.472236728924,1070.261657935221
2035-05-22 18:00:00,6208.17405965696,3957.1785006513433,497.9658362830078,4516.531922964834,1116.5175511488162
2035-05-22 19:00:00,6238.940526990651,4019.0629767753385,499.6392042835403,4564.139399519385,1126.8833944301796
2035-05-22 20:00:00,6308.481974371398,3876.255554851736,502.99115583469177,4598.592843485476,1119.9086186766704
2035-05-22 21:00:00,6041.231646498537,3734.7184405685007,483.64165464240347,4300.418037902563,1079.591130129174
2035-05-22 22:00:00,5698.78306538811,3533.765265458328,425.2625798891583,4120.7246385261615,956.5308664757176
2035-05-22 23:00:00,5309.429244837898,3257.9514801473406,392.1916253747448,4004.356555454912,841.5289913382006
2035-05-23 00:00:00,5158.725070643045,3240.578038325906,370.78811898279446,3850.5182560753697,752.0657732772115
2035-05-23 01:00:00,4934.167764532011,3083.1740243592394,363.901295816516,3738.941289095688,713.7207058103124
2035-05-23 02:00:00,4964.517759810409,3093.3474061985944,365.10615225234426,3749.6892608038775,694.4084080168509
2035-05-23 03:00:00,4916.907971502655,3129.619249721798,353.19324536720603,3782.920438889913,688.7082822391711
2035-05-23 04:00:00,4913.6971345541415,3222.653772768628,358.9448686764509,3798.00983631432,700.7176104381792
2035-05-23 05:00:00,5181.917411049711,3455.330452885408,391.0907262798139,3967.5734157912657,723.7413492732766
2035-05-23 06:00:00,5338.021308734413,3705.882779884976,435.90581622596727,4167.309687358274,857.594434780489
2035-05-23 07:00:00,5483.731632655522,3689.4649304797,443.5242161826321,4251.44081244258,982.5359582263536
2035-05-23 08:00:00,5944.718374536063,3781.846093321145,437.1765512885791,4254.977779724518,1021.7050947680456
2035-05-23 09:00:00,6008.605576170815,3675.679214683124,427.177783352701,4228.456558486535,1046.1514096453836
2035-05-23 10:00:00,6108.287214966023,3718.698481544439,431.5323447892695,4222.175901152219,1045.6892472295017
2035-05-23 11:00:00,6072.255898285003,3673.191363443992,433.4061421638162,4212.704484620134,1043.3364586105731
2035-05-23 12:00:00,6001.148113761368,3616.429733178568,423.8204323372986,4262.020123803073,992.9890175943494
2035-05-23 13:00:00,6055.294983956838,3589.466010478221,431.2486766808069,4118.123123332833,1000.4736081011256
2035-05-23 14:00:00,6053.83154655166,3673.007575891797,430.8403856449175,4148.632950754606,976.452893137697
2035-05-23 15:00:00,6121.250869502516,3669.175657600152,433.4101721583128,4136.720355041545,987.7157390970876
2035-05-23 16:00:00,6045.918724577825,3811.213529707548,449.1254031568773,4216.911574376519,1041.0589535513463
2035-05-23 17:00:00,6253.983094554002,3863.624008270837,483.825601519359,4419.135339238142,1087.8576254591153
2035-05-23 18:00:00,6072.7705430731785,3975.875854143596,495.5391108178056,4534.441470962769,1124.954771097348
2035-05-23 19:00:00,6279.255290208533,3967.4893803920622,501.6647134585687,4510.173029789184,1113.114191305462
2035-05-23 20:00:00,6133.885679268985,3963.64054312822,501.6072406877975,4409.477933348931,1121.3670167041553
2035-05-23 21:00:00,6117.1512372952,3734.919970131265,485.0299123652232,4325.707070941903,1080.4250082954054
2035-05-23 22:00:00,5716.469527663835,3504.7834397060824,428.1039417517521,4126.655058544739,960.4665058378343
2035-05-23 23:00:00,5356.7472512402455,3288.8206014968805,406.1709351971802,3908.770895340454,842.4512484214924
2035-05-24 00:00:00,5049.5068960910485,3137.8463318982567,368.6646388990305,3815.849758126066,749.6363550874653
2035-05-24 01:00:00,4948.599692797491,3079.853157438078,358.4865534072488,3762.8925232704887,710.6401975519718
2035-05-24 02:00:00,4859.454402169298,3038.0984066928663,372.5496642254845,3733.083084841398,688.0460636354437
2035-05-24 03:00:00,4871.612040186839,3148.063962361676,361.77024616193575,3759.4395992769328,676.3554347092008
2035-05-24 04:00:00,4947.998892043885,3210.6153774921245,370.9077691818461,3798.6998633682592,689.0181626659507
2035-05-24 05:00:00,5063.40286614633,3513.059348681153,394.4545070179276,3899.054949456823,740.5721628359412
2035-05-24 06:00:00,5434.529983525793,3622.108643772459,437.3170405251054,4132.005542421698,849.6467361209284
2035-05-24 07:00:00,5389.147015950922,3641.858341884477,434.1270822748826,4125.930248484495,1003.041996688853
2035-05-24 08:00:00,5838.309969518642,3719.7295493116662,437.8928275068748,4290.76150606066,1052.0778191371876
2035-05-24 09:00:00,6002.536147754259,3619.128067187833,434.5078562154844,4240.676565192547,1047.377726175239
2035-05-24 10:00:00,6167.780731486737,3714.784788265749,429.7092694433255,4255.883479660758,1049.736793879702
2035-05-24 11:00:00,6079.206828787862,3652.8932673846425,432.5848453090426,4181.969947372952,1024.0320936874853
2035-05-24 12:00:00,5884.791167978163,3549.711084237679,433.3724143410781,4174.597425541819,1001.2675273761972
2035-05-24 13:00:00,5965.902074404291,3605.847150223916,427.699533002064,4096.9920906250445,991.0716468759442
2035-05-24 14:00:00,5901.580026598222,3590.692173881555,429.1074436749488,4126.685605512042,999.1831310228794
2035-05-24 15:00:00,6093.5474720545335,3703.0465418276312,434.61231094660025,4136.402237589701,986.1700590376588
2035-05-24 16:00:00,6157.526283758575,3861.65054560233,453.2550422248433,4250.837109305748,1041.2812461658364
2035-05-24 17:00:00,6230.483413034547,3840.133389495242,481.1837362394316,4398.70226203661,1085.0611849674249
2035-05-24 18:00:00,6219.748524508847,3940.259341975368,497.6408252824409,4462.385920159297,1121.135847676541
2035-05-24 19:00:00,6179.163939731097,4009.939204684455,506.8020873888601,4526.545027406233,1131.5096358914031
2035-05-24 20:00:00,6163.38872705665,3970.3270537641215,505.8747503282299,4512.159252400453,1120.949486501566
2035-05-24 21:00:00,6015.188813272763,3772.327100399426,483.5357697941331,4351.761808627739,1060.251501941872
2035-05-24 22:00:00,5723.103847836706,3502.8485098351584,443.4968281804428,4071.743752817819,958.7122704611262
2035-05-24 23:00:00,5421.043908446286,3248.760229048825,392.7166806012288,3934.8293085029095,823.3553514697386
2035-05-25 00:00:00,4990.887431859082,3131.5143598283066,368.1244371001708,3789.538151345615,746.0712408795569
2035-05-25 01:00:00,4914.049867075005,3138.609067563267,366.8802785919013,3765.512732605844,696.9054477609947
2035-05-25 02:00:00,4905.762782658079,3062.7652416383035,355.11026650106146,3803.6621799394834,695.6551247103505
2035-05-25 03:00:00,4801.177720355606,3102.139184410672,362.3018950768596,3774.7897770743134,686.7081467719572
2035-05-25 04:00:00,4772.895227245648,3247.7578593992403,367.699012209326,3736.438812571692,701.0675500052173
2035-05-25 05:00:00,4976.1630656231255,3446.829843491318,391.0827266283953,3893.6641038498738,721.6865615199459
2035-05-25 06:00:00,5233.339965304903,3659.41204503024,437.84027383642575,4120.57331028976,859.261530363772
2035-05-25 07:00:00,5464.042277875848,3626.974368928644,433.041846099013,4224.804573168429,969.9184818216584
2035-05-25 08:00:00,5844.62107505058,3711.8103053921727,439.1202505360312,4226.60319678033,1039.8597717461596
2035-05-25 09:00:00,6065.703807764741,3680.7759521268185,432.979501394341,4163.500679373633,1059.281624046365
2035-05-25 10:00:00,6006.441529100672,3607.2664766661537,427.4992237684318,4292.964151450509,1034.6812530482773
2035-05-25 11:00:00,5964.208660116635,3608.8017412634554,428.3555666102448,4178.533581678104,1036.6070775313112
2035-05-25 12:00:00,5916.497670945926,3579.182197256434,428.55677397614414,4111.690760854599,979.3582665251628
2035-05-25 13:00:00,5995.851659615052,3565.1894527452714,428.5336052434872,4055.15072820777,969.7199464349986
2035-05-25 14:00:00,5863.567652101654,3616.194107070351,432.047973307284,4092.180254319416,978.9822642344236
2035-05-25 15:00:00,5955.591724328587,3704.28117261181,431.9882613931021,4221.855606493758,988.9454427531484
2035-05-25 16:00:00,6110.507354709497,3749.360376721783,445.7288288849753,4254.496044011392,1028.7293168634285
2035-05-25 17:00:00,6200.169647610983,3984.191403552886,476.9915292160217,4463.003607754982,1088.7675057958618
2035-05-25 18:00:00,6121.989765964851,4011.562098780245,499.9149006424948,4608.231529576296,1119.263866873409
2035-05-25 19:00:00,6231.492835856632,4007.840035300019,509.8178527160021,4504.963506530921,1112.0199949282785
2035-05-25 20:00:00,6077.418630402615,3938.8842516554696,499.5309856382735,4364.8691429186165,1096.5462606286094
2035-05-25 21:00:00,6006.781418687972,3614.2615164472927,489.2121969298804,4378.948962782233,1072.661011500548
2035-05-25 22:00:00,5614.728661470822,3453.7384678758767,430.2491237385711,4120.007285942214,971.193812312778
2035-05-25 23:00:00,5216.063765397946,3334.001353252661,396.03353241845,3882.751994242996,817.4109828882907
2035-05-26 00:00:00,4833.689405432201,3133.244297893394,377.3598866319609,3842.685901292453,737.847232930265
2035-05-26 01:00:00,4779.768979027566,3032.592661157724,360.6031449200195,3777.449283142019,704.3704500286535
2035-05-26 02:00:00,4708.018453425693,3039.786993066412,353.72465825708275,3753.538112783976,668.3519905912335
2035-05-26 03:00:00,4670.302034166376,3106.6263599104363,361.6248021269914,3744.473964366064,687.4928994076579
2035-05-26 04:00:00,4776.790818343034,3126.7291551198373,362.3739584213027,3714.421777623326,693.0087294196671
2035-05-26 05:00:00,4780.989306517591,3419.807988098236,391.7706621352369,3940.7846355631978,715.5779268040213
2035-05-26 06:00:00,5112.852976504965,3674.27277126332,433.9211817776611,4056.267027152935,858.7290746095634
2035-05-26 07:00:00,5176.761511833953,3567.854716326489,429.4710380512964,4213.936002390178,984.6305446128404
2035-05-26 08:00:00,5633.066976173983,3649.048640473004,442.7779826417959,4230.696270515414,1010.6020267667426
2035-05-26 09:00:00,5740.689766011619,3658.112390079088,429.6986617479554,4203.995603807572,1037.1242551211471
2035-05-26 10:00:00,5871.837578303795,3637.672633882479,433.0283788008256,4218.294006979622,1059.5850751143291
2035-05-26 11:00:00,5745.476433826667,3584.981599222116,431.84089752011965,4138.306076807358,1032.35323115839
2035-05-26 12:00:00,5568.1916625381855,3497.1306469935203,424.8496038491199,4068.832826822447,985.88787520245
2035-05-26 13:00:00,5613.058302778841,3587.7187262049697,423.0977250671226,4103.037454714367,993.2804185539568
2035-05-26 14:00:00,5769.74528532305,3454.1936972285416,424.402989856082,4080.3329254005375,963.7937875678228
2035-05-26 15:00:00,5802.132844599772,3622.79588795072,429.32560861005135,4180.23698408474,983.5783332661132
2035-05-26 16:00:00,5884.422991439244,3741.476267236046,454.5235457380144,4239.06611009731,1010.0216711701812
2035-05-26 17:00:00,5861.679071120231,3771.504593295551,484.67868031408295,4378.66085809876,1072.9462784384152
2035-05-26 18:00:00,5883.565685333169,3960.40575899498,497.6697263235963,4433.489179182643,1087.693589224764
2035-05-26 19:00:00,6024.955224207716,3968.682242222235,503.1252831576049,4439.040124914841,1109.6251383516028
2035-05-26 20:00:00,5897.584481631738,3936.251854029377,508.922254113869,4473.366688742939,1084.8576596220848
2035-05-26 21:00:00,5865.521609181593,3635.46136667454,474.3555717748423,4299.682762002484,1089.447218187632
2035-05-26 22:00:00,5458.530517956778,3395.8746283642117,427.87276028057977,4101.482057276919,947.6213659591652
2035-05-26 23:00:00,5132.1671573287285,3288.815401920908,397.6081670784944,3933.776054512785,823.6895769865419
2035-05-27 00:00:00,5081.715144401815,3186.186394249298,377.4368803977395,3783.396664952524,742.2473974333295
2035-05-27 01:00:00,4957.428620074494,3059.0833609082315,361.3924663660524,3784.257129994336,701.0423842732644
2035-05-27 02:00:00,4882.508641481167,3088.516877716971,356.7919713091491,3724.229750853543,689.7917571595312
2035-05-27 03:00:00,4897.039423899787,3102.3493376503616,365.7419499690921,3760.901704041645,687.852791390585
2035-05-27 04:00:00,4868.271125412438,3203.323460946277,362.24461993566194,3756.2186218880174,689.0111076019246
2035-05-27 05:00:00,4905.204854149383,3437.8761678376973,395.4397085385443,3899.5868751847056,722.7515983797517
2035-05-27 06:00:00,5280.771416451556,3637.506172546095,436.4607711943122,4130.336744495256,842.7016078139754
2035-05-27 07:00:00,5454.150766463983,3654.996869592544,434.9151178402033,4199.570862869479,990.0968692712764
2035-05-27 08:00:00,5826.03504529245,3666.175940469728,438.5415684935153,4218.613398782549,1036.6537479793085
2035-05-27 09:00:00,6048.230163803336,3644.102534503316,429.4807483160007,4226.087652147123,1056.7796805814362
2035-05-27 10:00:00,6042.042528284809,3632.45676658766,430.154949296732,4276.092271669695,1051.1872618822024
2035-05-27 11:00:00,6106.657493982471,3545.548623852864,427.91887357106526,4164.576982663431,1028.4240502355988
2035-05-27 12:00:00,5884.921020842741,3517.4736289933458,424.3114571962419,4100.705633090813,977.7764873672686
2035-05-27 13:00:00,5828.633289212697,3578.749996342137,427.3500319541864,4078.902004852113,994.8327646419606
2035-05-27 14:00:00,5968.384107759739,3569.016381686838,428.5460791502416,4125.163605473253,974.4489672811078
2035-05-27 15:00:00,5988.112541360913,3664.526127408092,428.49147382927686,4205.341753457022,1000.8873327355476
2035-05-27 16:00:00,6045.09530170586,3773.2488017971527,450.6879710151162,4289.514059050906,1025.50193949986
2035-05-27 17:00:00,6251.004771188563,3924.2117829096833,480.7450212315123,4455.763741933719,1093.6096529267509
2035-05-27 18:00:00,6190.249911025102,3959.5816815722274,496.5773838607484,4395.795273502465,1101.513671438027
2035-05-27 19:00:00,6176.764632651709,4040.993774389469,515.8388839155988,4406.838444434684,1115.2297854140106
2035-05-27 20:00:00,6229.776066508372,3925.395804307836,510.07753536509057,4517.114774982021,1114.7751943040394
2035-05-27 21:00:00,5904.348809405528,3779.772909587284,472.8517931371872,4354.023964673365,1064.5709793032634
2035-05-27 22:00:00,5584.575213056232,3462.6424550598995,431.9286702583133,4099.340702510592,952.0840239563952
2035-05-27 23:00:00,5284.519529489444,3243.404128743304,400.6827801089959,3942.6076447298246,831.6865497320991
2035-05-28 00:00:00,5117.345623272913,3123.084437084025,367.8443001866746,3806.9924243322025,750.3485212868675
2035-05-28 01:00:00,5051.791452287856,3101.84239829478,364.9568967363942,3803.329665069968,705.1985706617168
2035-05-28 02:00:00,4876.028623309793,3085.1701669025147,360.8418220953671,3701.345785435408,688.7112900276654
2035-05-28 03:00:00,4854.004947738396,3143.897222002821,359.78147948053504,3737.34497755862,683.0317797025546
2035-05-28 04:00:00,4879.3210013562375,3232.310539164698,369.3930176946644,3788.373484106274,691.1003445525686
2035-05-28 05:00:00,5120.1295302700855,3498.430095564794,401.0246732130044,3955.150421838689,727.2540024233923
2035-05-28 06:00:00,5268.003164411949,3695.533037627969,434.5765789176152,4120.433146952453,859.2882964192337
2035-05-28 07:00:00,5527.682284039125,3749.722900130916,428.5552443274256,4224.70809112587,998.3324112024346
2035-05-28 08:00:00,5920.8865401183375,3711.097477475701,432.3338946548304,4283.052671368429,1031.7386342405966
2035-05-28 09:00:00,6045.322814971178,3671.9028590430376,427.2271836683648,4288.011137578281,1050.2394388513528
2035-05-28 10:00:00,6103.496282148265,3671.763478729733,430.5225414576541,4213.731344810826,1040.9621071786207
2035-05-28 11:00:00,5956.897504362995,3644.2405603421,431.6111105642645,4125.132407975574,1040.6749264622688
2035-05-28 12:00:00,5863.888381977383,3598.957878783903,422.6950561724583,4095.8734844262713,990.3618628972235
2035-05-28 13:00:00,6035.300293144021,3595.2291261174564,429.70284293203184,4150.343898832448,979.5481410296608
2035-05-28 14:00:00,5934.507613495117,3588.732208640248,428.1291703648709,4108.614382104324,988.7040015263784
2035-05-28 15:00:00,6113.310795049428,3686.790081724118,440.4856841798424,4198.088159923804,998.8761158668292
2035-05-28 16:00:00,6146.578308364116,3860.714738801454,447.7867555401872,4317.589517459257,1032.3276452436182
2035-05-28 17:00:00,6400.808869502185,3944.8693393979465,482.38006812491136,4498.507361882522,1054.8686314703994
2035-05-28 18:00:00,6155.45825294432,3979.412149849195,497.0279960200581,4464.538604967553,1131.8695759590892
2035-05-28 19:00:00,6207.800511127604,4027.86563374348,512.3807669456086,4483.416157952034,1124.451908297101
2035-05-28 20:00:00,6238.908284935182,3870.02638496129,499.0077262134061,4423.939159858065,1118.9440452880726
2035-05-28 21:00:00,5856.866733997573,3759.601243837769,474.9425791202104,4289.150895540713,1070.7523315332005
2035-05-28 22:00:00,5681.929237653278,3451.1404133021,431.07622002900325,4075.144067859108,974.3528406767036
2035-05-28 23:00:00,5253.65187727189,3299.2922188114057,394.3636285504104,3922.0289532609495,822.3733920113621
2035-05-29 00:00:00,5148.443813048748,3238.945833337435,378.5500124295611,3875.277824679664,756.758918496076
2035-05-29 01:00:00,4976.901060648322,3088.891807762908,361.6842314060328,3718.428251954896,705.8400898036507
2035-05-29 02:00:00,4905.110878878651,3073.343922674545,360.6103500598718,3789.269559878126,690.794433574659
2035-05-29 03:00:00,4880.6628060980165,3092.62494110383,358.1806621384693,3741.988691433747,688.1895892901798
2035-05-29 04:00:00,4934.156231052402,3199.5726989705754,364.9621269375438,3764.3128383911103,687.032877583176
2035-05-29 05:00:00,5042.566644292749,3423.7637841302194,398.7696905359289,3906.216070117102,713.6335798566894
2035-05-29 06:00:00,5177.193877739434,3650.8489038617145,426.8257298305196,4122.301316695771,860.6713591136613
2035-05-29 07:00:00,5496.569207604691,3627.198516333244,437.7653146860265,4250.512237842559,997.9854979310908
2035-05-29 08:00:00,5825.353356194095,3699.49074281528,438.69343153706217,4271.01608055811,1027.270192787067
2035-05-29 09:00:00,6082.857788545468,3704.891635137261,423.26553443268847,4283.368363050527,1043.5462936862575
2035-05-29 10:00:00,6078.7390219770095,3700.225536799226,428.3870001744,4232.020342576248,1050.6643316647303
2035-05-29 11:00:00,6044.81228035535,3617.731999753521,422.5962591060609,4219.762482957587,1052.0856084915956
2035-05-29 12:00:00,5892.78471344317,3555.344268712022,421.255431973588,4134.620143345778,1001.4014879169556
2035-05-29 13:00:00,6109.105853527481,3593.9545273963627,430.6763457972106,4079.193385117113,984.3346217071183
2035-05-29 14:00:00,6026.3442276765045,3659.866715385936,436.09219626544063,4097.42004966276,987.3865239168664
2035-05-29 15:00:00,6034.1599382565,3681.322850139689,435.87137073886527,4148.652577671399,994.970160362516
2035-05-29 16:00:00,6166.497353024172,3757.963694884209,448.1892675563348,4254.021500852761,1039.9172504520636
2035-05-29 17:00:00,6161.9724198385,3947.71533548748,481.08880068615576,4431.789740201681,1099.7510972981338
2035-05-29 18:00:00,6178.809344402868,4064.715808766076,505.6659376063975,4467.195290083168,1151.2165440023982
2035-05-29 19:00:00,6292.6596761062765,3980.311851068211,507.4755312772716,4519.547289174348,1125.4913429446026
2035-05-29 20:00:00,6122.517340987294,3920.915743436061,495.2503816362111,4453.527028569452,1124.762420194498
2035-05-29 21:00:00,6019.778673134595,3815.896112860371,476.2087108732171,4306.279965171116,1067.0510315738145
2035-05-29 22:00:00,5796.025935183905,3473.955636699715,433.7943326341829,4102.308331147768,977.8474142793598
2035-05-29 23:00:00,5245.616076166351,3343.4415364045885,394.8234229550729,3918.9265138863902,835.6439414065189
2035-05-30 00:00:00,5120.13519610504,3205.7802770130907,371.8494594988711,3812.103064244733,734.8958808428256
2035-05-30 01:00:00,5071.881542439893,3117.925666617619,363.08039922620605,3735.9096397403023,707.9926001004665
2035-05-30 02:00:00,4889.038945718653,3101.317347421644,362.3269817819744,3731.28676600916,682.5435380313252
2035-05-30 03:00:00,4889.810263728151,3151.499739061273,362.2155836659733,3777.5957391008,687.1905696266421
2035-05-30 04:00:00,4977.506518145572,3201.831014089456,369.2425703430291,3834.285456695961,685.1235524662505
2035-05-30 05:00:00,5027.019814896809,3470.408226517051,397.72893827269246,3860.387785177578,736.5536399666373
2035-05-30 06:00:00,5229.036040891288,3705.7430579104266,431.2194589003934,4158.273509542567,865.1277655346062
2035-05-30 07:00:00,5516.767861836701,3654.0886226392,428.74466371716585,4230.587133505854,986.4616261468002
2035-05-30 08:00:00,5921.043081837852,3790.2808802224326,437.9538996764496,4253.178263565141,1034.2806512290051
2035-05-30 09:00:00,6005.073987729056,3714.228683423522,433.7251223025781,4176.966532047311,1069.7410874274635
2035-05-30 10:00:00,6106.826705818897,3730.996472716981,425.4225770246881,4227.373574025285,1061.5646267580153
2035-05-30 11:00:00,6055.499818475936,3606.896965387936,427.68327118526537,4221.99741519452,1046.5453124164549
2035-05-30 12:00:00,6067.304910865475,3648.6538138874566,424.9852768004974,4146.719906468857,1022.906339864269
2035-05-30 13:00:00,5906.288647872953,3646.189684021037,427.827259239852,4114.794960233546,991.4193243205322
2035-05-30 14:00:00,6179.811913263009,3559.146499019593,424.2374957037171,4106.934207637527,979.6011277433752
2035-05-30 15:00:00,6026.377256462771,3673.3167314549055,435.1319076886002,4206.479391938155,1001.6875959813163
2035-05-30 16:00:00,6228.538447869317,3874.759431992022,455.3262955538832,4310.347725611952,1028.706279615713
2035-05-30 17:00:00,6248.916962267276,3910.7351557952143,483.52258050631616,4532.981938665975,1103.1194408614288
2035-05-30 18:00:00,6287.608944312574,3986.9283930845504,500.0510685966682,4428.0165163245865,1109.883707511694
2035-05-30 19:00:00,6195.123029526721,3990.798067993816,509.53250436566026,4490.525819868588,1133.087949992157
2035-05-30 20:00:00,6147.052532366483,3936.621239291557,505.4479544103978,4522.422650820344,1110.7327766139615
2035-05-30 21:00:00,6040.188166167269,3756.281383212828,474.2523396453514,4334.795568323961,1079.3265428912607
2035-05-30 22:00:00,5771.9190423965465,3438.9743691874787,429.0373017849284,4103.723938989614,973.8000697306576
2035-05-30 23:00:00,5356.811835335364,3307.75653917679,398.3961057742137,3945.95408461348,842.3935875307984
2035-05-31 00:00:00,5054.62365184448,3160.6660898932982,371.131149514888,3793.7100893389584,746.1387255913346
2035-05-31 01:00:00,5013.081594887755,3133.5561297306717,360.7170660749085,3749.064298974023,716.4256020681102
2035-05-31 02:00:00,4912.597352727336,3075.552858720364,362.2929780930754,3769.2081504645503,674.4214455658415
2035-05-31 03:00:00,4920.284014503566,3179.198611678092,361.8157393065583,3777.3176563091206,696.0291821801713
2035-05-31 04:00:00,4844.927106696683,3220.101381771784,361.4690051996839,3729.9103610550496,695.5282785453232
2035-05-31 05:00:00,5077.904431235284,3421.59997931373,398.30148333690346,3943.9845710088753,734.9637697876082
2035-05-31 06:00:00,5227.770472612176,3674.2963783326136,430.21281652836194,4200.417924398765,869.4414882147311
2035-05-31 07:00:00,5397.655597579475,3718.6747792409296,437.6066210547124,4226.424614558457,989.4005765588992
2035-05-31 08:00:00,5810.02386634045,3715.12359691971,437.6021998153021,4238.864440452992,1023.8574740029344
2035-05-31 09:00:00,6076.318981444424,3727.352750073436,435.63884809809593,4178.5459341995365,1055.906157180118
2035-05-31 10:00:00,6148.301230515972,3682.595660887997,434.203603861463,4296.193201693428,1058.8721603613822
2035-05-31 11:00:00,6009.139974808282,3617.035048835035,431.8116038482089,4177.539304142742,1042.3748734083022
2035-05-31 12:00:00,5981.556966520277,3561.805882071195,425.7851468323958,4140.058701229281,997.4688350354508
2035-05-31 13:00:00,5981.542426445398,3615.88727884388,430.1387223854633,4140.228814620316,979.5835873674652
2035-05-31 14:00:00,6058.735757861485,3583.33290347448,428.9545315466545,4139.5979704482215,993.5675011382266
2035-05-31 15:00:00,6066.442693203658,3710.624067328517,442.6239215549437,4135.850670857176,1031.7435440224556
2035-05-31 16:00:00,6109.352409557976,3742.750134506741,455.1595198240868,4257.845581026882,1023.2482831208204
2035-05-31 17:00:00,6237.281167268975,3981.609055388693,484.3838556627916,4373.070065499554,1092.2672899104489
2035-05-31 18:00:00,6214.679732669581,4008.941605141353,500.95939514487424,4492.842854279752,1122.420172190302
2035-05-31 19:00:00,6228.503146811988,4030.841750705148,504.3904800873021,4538.832748290135,1125.836003971003
2035-05-31 20:00:00,6251.160235093331,3930.081830356605,510.6004706992241,4385.730877755927,1120.9014958464263
2035-05-31 21:00:00,6034.943942490795,3775.919251133093,482.9551120277607,4398.599948284343,1112.03889294667
2035-05-31 22:00:00,5691.782741560209,3551.442762389968,429.618365602505,4194.519625946408,981.3327315225016
2035-05-31 23:00:00,5460.558497373632,3282.5210301661887,396.19733133724975,3943.08188723135,848.2529286468364
2035-06-01 00:00:00,5659.92074595033,3276.9741928070744,513.8251492239516,4222.002114042255,862.6139579582765
2035-06-01 01:00:00,5500.536575973299,3267.079884866828,495.2950977294145,4320.512791298982,818.9728280542546
2035-06-01 02:00:00,5355.159962018172,3230.53229752234,493.188263659477,4196.333708045595,791.1971467255622
2035-06-01 03:00:00,5389.53391633408,3253.2230186761094,489.2504440427191,4111.931874818612,784.8477222037391
2035-06-01 04:00:00,5530.006552658928,3315.314160484221,492.94820563473206,4173.3824370031725,796.1661261266631
2035-06-01 05:00:00,5668.288900945654,3617.6514491890666,544.0262822882884,4356.582193338139,837.8519294253168
2035-06-01 06:00:00,5877.9488544238975,3788.22232742698,591.8838283931972,4616.969139290556,959.3339955438264
2035-06-01 07:00:00,6028.927351049806,3799.763479694948,595.8269320121078,4686.7720102340345,1133.336737464676
2035-06-01 08:00:00,6454.735795205928,3844.433275976389,580.5019490513641,4731.702963001043,1201.7289616178375
2035-06-01 09:00:00,6738.7267283504,3835.515101458033,600.188932452243,4778.3729492628645,1202.0117723336791
2035-06-01 10:00:00,6697.605066522694,3852.2995375999913,584.6414624749129,4783.721309538412,1194.4347995839248
2035-06-01 11:00:00,6702.120503095019,3784.4574723300384,592.3314206447486,4721.641005140181,1193.2141564836038
2035-06-01 12:00:00,6597.380080049965,3703.106368981456,571.8396603298022,4608.707181251016,1119.4877666194477
2035-06-01 13:00:00,6602.857416649827,3794.884354528983,575.699144621668,4562.027164947164,1120.2936620612577
2035-06-01 14:00:00,6619.709445789384,3758.102190699054,579.4006211211587,4620.799011130609,1136.7509837665557
2035-06-01 15:00:00,6678.851461849923,3856.009445691859,589.7383598711857,4676.493590091807,1149.477227550903
2035-06-01 16:00:00,6865.618498849835,3910.65717819429,603.4976145012881,4811.408857184766,1174.550966462822
2035-06-01 17:00:00,6982.948016699209,4125.649635874274,653.6208398461257,4844.349400341038,1241.6077598637494
2035-06-01 18:00:00,6774.633598810432,4168.492507220465,681.542747051076,4931.508808955584,1291.4246189864662
2035-06-01 19:00:00,6968.469303756961,4151.148237764064,691.0221713965345,5045.686681936205,1295.5900048779702
2035-06-01 20:00:00,6811.808832150033,4157.014764429023,700.6465682080694,4955.92688100239,1270.484038263358
2035-06-01 21:00:00,6665.195599216607,3955.89101332868,648.9275411559887,4748.847524057064,1244.8361002227057
2035-06-01 22:00:00,6285.260662312164,3661.162068280141,586.8518346664592,4581.020841161213,1114.88223779373
2035-06-01 23:00:00,5994.090724344972,3328.4483136380213,543.4789542938024,4384.339050234607,953.4555707802444
2035-06-02 00:00:00,5369.591475570912,3271.859049867706,509.4840912723627,4254.375760993086,858.5239980452549
2035-06-02 01:00:00,5314.519981284918,3194.8303946196925,492.5304552223489,4193.362351175794,820.4384663769735
2035-06-02 02:00:00,5219.714189945824,3136.2946536280424,482.97095740531233,4130.099747299362,782.2838216528808
2035-06-02 03:00:00,5167.912445870396,3174.605197563747,492.19020127345874,4117.042949452552,783.1772435549643
2035-06-02 04:00:00,5257.165008386401,3351.91737575215,483.167171688647,4215.063479445865,790.8510524710864
2035-06-02 05:00:00,5325.350721649928,3577.1576706997225,534.1044489447504,4411.810644270999,845.6825930353657
2035-06-02 06:00:00,5707.054598338233,3725.852934891585,586.5425596403275,4582.925883239078,969.8486125766062
2035-06-02 07:00:00,5822.433593528155,3754.9023893286594,593.0237167487546,4684.1237916397695,1143.2460965282478
2035-06-02 08:00:00,6243.928259632309,3817.996829303101,595.3464317844135,4724.282305514316,1175.028432542622
2035-06-02 09:00:00,6550.025972856416,3835.5647900300014,574.1952484075799,4642.083185545751,1213.4323530807171
2035-06-02 10:00:00,6498.602868562211,3817.223258651317,579.5351940386042,4698.755482017293,1223.4112619818125
2035-06-02 11:00:00,6503.623504584121,3734.861670356476,587.654683680131,4584.539078361853,1201.2964451698656
2035-06-02 12:00:00,6410.703943731534,3691.5683436985,571.9936198748933,4497.495900073976,1124.9103357913084
2035-06-02 13:00:00,6510.027783033786,3679.842209325563,577.5207958787078,4522.918418508414,1123.7611441990646
2035-06-02 14:00:00,6646.089398479445,3686.769152619224,578.4511038212861,4519.321537863872,1130.988094325675
2035-06-02 15:00:00,6500.718045146943,3769.1340222492527,581.7610184498875,4647.193572206717,1149.9793886149369
2035-06-02 16:00:00,6556.993561311902,3924.032051334074,610.6146042060803,4809.471760359729,1187.1400856276298
2035-06-02 17:00:00,6668.808238996388,4017.117120013316,652.7109882962184,4844.492953986046,1259.7998523678202
2035-06-02 18:00:00,6742.656931765748,4092.79051636242,675.0159669906559,4980.283158404609,1266.2224399483484
2035-06-02 19:00:00,6677.408304393132,4109.508136267458,693.6980077615915,5001.883311076714,1265.3904421920445
2035-06-02 20:00:00,6626.308756569608,4081.8153051851873,691.116669511554,5040.268829233905,1271.5363037534305
2035-06-02 21:00:00,6427.656666229933,3797.378191417577,654.827636230799,4842.626400586208,1221.4399852013362
2035-06-02 22:00:00,6051.823454042612,3588.343348949221,571.6516256855039,4537.300496318755,1111.396421977492
2035-06-02 23:00:00,5718.101986611762,3387.3817481521905,528.1665859385848,4354.471014342572,938.460556798191
2035-06-03 00:00:00,5633.916113209674,3289.874670740622,505.4474817514889,4280.29144678797,858.1401835952718
2035-06-03 01:00:00,5624.581113096552,3211.465230254541,494.8490337744154,4177.860651807238,824.8609658569625
2035-06-03 02:00:00,5445.279221950671,3198.4018708148524,498.1418628336862,4118.237151515211,798.6836309882877
2035-06-03 03:00:00,5360.333291483434,3225.4306553099555,489.9978581049091,4256.343538489572,783.0284386231591
2035-06-03 04:00:00,5525.540541260418,3332.89927686741,497.8472603745155,4227.236567661055,790.9505285698267
2035-06-03 05:00:00,5532.561301036364,3661.750711137228,538.8209349254167,4430.010072225467,818.315936596429
2035-06-03 06:00:00,5930.057982099771,3823.990752352941,592.0068435714938,4610.428393555464,972.78008368876
2035-06-03 07:00:00,6066.72207016221,3809.701718964208,601.4083993861634,4767.63056730321,1120.9009752239194
2035-06-03 08:00:00,6418.869953859916,3883.822926024055,597.047770351978,4649.648118536501,1171.861977570332
2035-06-03 09:00:00,6749.615995915177,3844.995442798142,586.1450047946121,4700.807496413548,1216.187531842865
2035-06-03 10:00:00,6702.318819426869,3837.76865564371,583.6032312750106,4752.202091595947,1189.878138947905
2035-06-03 11:00:00,6766.641459208479,3769.0872861705193,590.1064542804564,4729.585937908852,1196.2871871913785
2035-06-03 12:00:00,6587.845434449915,3707.9466135975354,583.3583787682106,4601.748417076152,1147.5989409953318
2035-06-03 13:00:00,6645.597930575403,3797.176886182818,581.9953342578775,4631.914936222288,1133.3783232676155
2035-06-03 14:00:00,6694.24009565245,3734.913613626908,577.8482364977933,4507.608435865555,1129.7334385020256
2035-06-03 15:00:00,6712.677873099622,3788.0126638538254,587.488185133414,4649.612709498137,1133.0302728874822
2035-06-03 16:00:00,6767.782165907237,3996.084967619328,611.3291226771537,4735.153177697975,1192.2364023682546
2035-06-03 17:00:00,6943.193151437914,4045.48363701325,654.922185746519,4971.847346923083,1254.9478945350447
2035-06-03 18:00:00,6957.40814604999,4148.775857317186,677.4908994982928,4951.191987069185,1276.8534892384257
2035-06-03 19:00:00,7018.36779369759,4160.903004952124,686.0407499841357,5015.570916714657,1284.9813717751051
2035-06-03 20:00:00,6913.091809315426,4047.032897773396,684.558625900867,5005.565559472583,1284.8817920781332
2035-06-03 21:00:00,6838.1773064062245,3920.099024165439,644.0751021017801,4748.523481744371,1213.440209350389
2035-06-03 22:00:00,6395.786725088418,3689.436066742187,597.5483585742376,4553.721135928757,1094.184837884448
2035-06-03 23:00:00,5836.839138456902,3382.156258158981,547.5251612481183,4328.726575046812,956.2065359716788
2035-06-04 00:00:00,5706.465484433841,3290.8002129329825,511.2936367545868,4183.350948840334,855.4843180038189
2035-06-04 01:00:00,5588.864478749905,3192.9315683579275,492.9419862077258,4267.485294748626,817.6269650955026
2035-06-04 02:00:00,5441.013919611468,3186.011663796368,491.4405223750739,4112.64391455791,804.4664130148421
2035-06-04 03:00:00,5537.897511076277,3264.0320428522973,480.0010764947661,4129.97916172928,783.8882593384327
2035-06-04 04:00:00,5533.986333131865,3341.836924800415,492.5238979228594,4138.852042858527,802.1725261517103
2035-06-04 05:00:00,5571.10787761082,3636.2553651472185,538.1616586271471,4423.793408366695,849.2397539259913
2035-06-04 06:00:00,5842.40986194309,3785.666725675122,606.4769865275235,4635.175552862943,978.7777284222236
2035-06-04 07:00:00,6175.9581125096,3857.3426704053327,593.3135908544836,4638.613782971353,1129.009624212768
2035-06-04 08:00:00,6520.841025207123,3911.93044839642,591.0267827927566,4745.718245618613,1208.1912612939757
2035-06-04 09:00:00,6774.874583917614,3895.801632734818,588.6432318800166,4747.602415949357,1186.198799811869
2035-06-04 10:00:00,6791.8367007751785,3832.180397731341,579.2553533418974,4803.347679478947,1217.9842553975232
2035-06-04 11:00:00,6755.990284586093,3732.409477274058,577.3904951871405,4710.278332759976,1199.17606216555
2035-06-04 12:00:00,6559.079008197777,3714.553124711956,588.4191140909642,4608.692129920914,1169.741636866167
2035-06-04 13:00:00,6632.667022361841,3707.689612665592,581.9449996182806,4550.248100435266,1146.821856801606
2035-06-04 14:00:00,6722.934659542751,3760.2913070537743,573.9001516491046,4587.875418655305,1127.2380668247138
2035-06-04 15:00:00,6865.01218853598,3853.427197349109,592.3789796981055,4687.061756486449,1153.719744645712
2035-06-04 16:00:00,6833.360943833532,3960.0317796907375,612.7724664418321,4834.076818176026,1178.15104961283
2035-06-04 17:00:00,6900.627585770866,4038.037578934124,664.3644911289368,4982.754662659288,1258.3278965436084
2035-06-04 18:00:00,7043.030917632435,4158.594067234859,680.8633093427746,5003.104630711693,1282.8419894076446
2035-06-04 19:00:00,6772.498292729214,4183.774185607799,696.627789014211,4999.665136219895,1282.3305920996922
2035-06-04 20:00:00,6935.314919388626,4120.903448517575,677.001657860257,4978.526044188969,1289.4671501935425
2035-06-04 21:00:00,6689.393527757422,3882.777305548123,656.6839484694706,4803.862289800009,1242.0820844855812
2035-06-04 22:00:00,6359.581763599664,3607.888161154354,582.3527670807189,4676.93430493929,1114.7283557324329
2035-06-04 23:00:00,5925.781396906491,3384.417991972468,540.6582406753778,4452.877127287294,957.2671354984544
2035-06-05 00:00:00,5766.466229730567,3269.735289971859,521.2035094375129,4313.295162603539,873.8244989024096
2035-06-05 01:00:00,5597.742943733539,3248.5110332546847,490.8885483827904,4174.67807870289,814.9340039123512
2035-06-05 02:00:00,5532.982294871442,3233.9562853878638,485.4585549848127,4172.6057167968975,797.8531799644634
2035-06-05 03:00:00,5457.056214456015,3256.103309301781,487.0201203483702,4210.372513664688,787.0295047094934
2035-06-05 04:00:00,5514.712006144034,3391.037223683807,497.0740701577544,4289.097864540542,793.645121332659
2035-06-05 05:00:00,5642.916589480826,3561.7590874731595,543.862137540173,4374.505510616664,853.5647277506449
2035-06-05 06:00:00,5874.877457526766,3802.236326674439,593.4502076341458,4617.339678594558,984.9232812252078
2035-06-05 07:00:00,6091.433438001536,3804.0513282182674,583.6130865762794,4794.871095466063,1157.1674270545843
2035-06-05 08:00:00,6626.602034571183,3831.98062975704,593.7246760675911,4707.41715842542,1186.1167451304334
2035-06-05 09:00:00,6753.27921159156,3866.817684066321,588.0550766487314,4611.052029363697,1210.3685138011629
2035-06-05 10:00:00,6858.763769452618,3889.138543193287,587.4949940524585,4776.350122382787,1225.6639658308836
2035-06-05 11:00:00,6742.802161713304,3816.903302892536,585.4759150347629,4790.098970486757,1199.86792560207
2035-06-05 12:00:00,6677.191201366586,3696.362555554524,576.5137467855135,4663.798378125533,1143.8280581089953
2035-06-05 13:00:00,6800.332593386191,3763.1378068670574,579.8690089039826,4562.616539966013,1151.2341891211568
2035-06-05 14:00:00,6746.8709022324965,3777.508719318685,586.8886542358271,4708.370740955183,1127.591008228079
2035-06-05 15:00:00,6724.803131008737,3859.549958825293,578.0445623259645,4644.132784618844,1144.608264535187
2035-06-05 16:00:00,6832.72952893709,3949.3247878444017,611.0732320472489,4768.047126074262,1219.1253118497511
2035-06-05 17:00:00,7033.467921339475,4125.597485586708,653.3381133001081,4989.276676364261,1257.8335981714447
2035-06-05 18:00:00,6938.905993266563,4148.524821077435,671.1248558562785,4933.486093856688,1307.8996312621257
2035-06-05 19:00:00,6978.867237466827,4199.356657004992,699.2303524325663,5016.409819153178,1284.311427824112
2035-06-05 20:00:00,7021.420828398728,4085.10679284688,698.4137226975655,4997.76432194504,1291.568487412817
2035-06-05 21:00:00,6769.385787992223,3983.803966852643,651.7127939309788,4800.14539302397,1222.856083719672
2035-06-05 22:00:00,6453.1405837670245,3656.676107777797,589.5289902349433,4587.483502321834,1145.870516872157
2035-06-05 23:00:00,5940.477508846365,3465.3250078616293,533.6138534894575,4395.046413479445,959.8014655849216
2035-06-06 00:00:00,5747.770811884269,3320.550889281028,506.8915007670712,4208.897365720177,871.3185495064431
2035-06-06 01:00:00,5600.881009415082,3298.6538190768742,487.4965175213821,4248.811037407405,808.2514334031143
2035-06-06 02:00:00,5463.667060481281,3220.8263543637004,492.8849716554175,4200.948769088246,802.870667142889
2035-06-06 03:00:00,5489.256667716625,3271.802281789574,487.2066770913849,4210.535018352838,807.7677573540327
2035-06-06 04:00:00,5513.679106297548,3348.527197359805,501.36278700038287,4245.428433604111,800.8761071112979
2035-06-06 05:00:00,5682.009090949665,3658.51972087034,535.0201788952894,4418.010626061508,842.5872712654806
2035-06-06 06:00:00,5879.469184249605,3824.1234001098874,582.4514884545289,4566.46638077104,986.8138298984646
2035-06-06 07:00:00,6119.608733202592,3823.9811764708047,600.3580049418938,4714.644693695645,1143.3563672601038
2035-06-06 08:00:00,6439.907518976067,3831.369577613229,583.1398388191633,4812.5344794108205,1210.8741259035437
2035-06-06 09:00:00,6796.698073093193,3856.883484213648,593.7316582205602,4690.070591041021,1209.3988224582367
2035-06-06 10:00:00,6816.001244734791,3763.598013303877,585.0412013405489,4722.505290257618,1198.36363456972
2035-06-06 11:00:00,6785.261126352551,3749.51411403046,577.162629887572,4716.662217016796,1193.879472713267
2035-06-06 12:00:00,6691.832550194526,3688.144286128862,573.5855525089985,4659.310961746954,1147.018011137608
2035-06-06 13:00:00,6714.3255841594,3817.695866394201,583.8534290139173,4673.080843596217,1146.81104689309
2035-06-06 14:00:00,6792.962326243164,3823.754745570544,576.3524952593566,4626.711667025635,1150.733524845694
2035-06-06 15:00:00,6829.237254408846,3801.286579449664,583.0161869387704,4679.0852826220325,1143.8953396599386
2035-06-06 16:00:00,6977.243728538803,3976.9630238825566,607.9662531412099,4789.71547807652,1175.9354394449192
2035-06-06 17:00:00,6985.026621534161,4096.848905838875,650.5169057421688,4924.218604177579,1273.6800384744863
2035-06-06 18:00:00,6979.525479304592,4176.271469967884,678.5351131566047,5090.084167703923,1304.1588139802125
2035-06-06 19:00:00,7060.901167163417,4140.363082392399,691.5663311984806,4980.363355931134,1287.442579100241
2035-06-06 20:00:00,6805.6562546007335,4166.417721532713,684.6292767902085,5010.056276694486,1278.9538350600835
2035-06-06 21:00:00,6945.50361330291,3824.4031795755454,648.8102442626054,4853.12669802065,1247.3906998504176
2035-06-06 22:00:00,6345.508599440042,3613.5360927756624,586.6078032995861,4510.05625610001,1110.6125878547618
2035-06-06 23:00:00,6067.586370576959,3416.2017638402167,543.2393386603326,4441.956871566655,962.158852663132
2035-06-07 00:00:00,5653.700571196716,3254.16501421403,506.7118319193836,4335.250264185255,869.0567356722383
2035-06-07 01:00:00,5519.185304151956,3237.6980228852394,496.2343104630947,4214.166730877407,812.5797215995457
2035-06-07 02:00:00,5515.907260989743,3215.7632762998937,491.8460570031895,4173.919955412342,800.869812229242
2035-06-07 03:00:00,5473.6329713734,3238.003562033836,493.1351362633277,4195.327298079875,792.3222533624147
2035-06-07 04:00:00,5474.794781277582,3358.186189822131,495.1580131092982,4239.138479782855,802.7986663907353
2035-06-07 05:00:00,5639.6970363218925,3601.5520688666834,536.4206915135436,4413.240938877351,852.2356052879448
2035-06-07 06:00:00,5981.791763091594,3781.9342747338696,592.7128739476352,4657.872585453996,987.6868804306946
2035-06-07 07:00:00,6092.183861055587,3767.6261130155663,603.4776368988997,4693.462335676609,1146.7643951292528
2035-06-07 08:00:00,6589.786340174382,3871.6711180196407,594.6852415964537,4641.046925654888,1204.9994396128682
2035-06-07 09:00:00,6784.717770483091,3862.07362874352,580.5372738993356,4678.923369045028,1227.898329098198
2035-06-07 10:00:00,6871.634319197182,3800.743899143637,597.5970152668885,4753.752208292989,1213.135984548688
2035-06-07 11:00:00,6613.177403349334,3792.0637086781735,580.8323482340892,4697.388424031973,1213.633413983632
2035-06-07 12:00:00,6568.526313397048,3635.129109210558,580.3261368608098,4639.444483859133,1174.0682809249304
2035-06-07 13:00:00,6698.9913896653,3734.4033093068647,577.8164787086139,4648.177325657551,1149.266916921826
2035-06-07 14:00:00,6772.454214075569,3768.572230295951,594.1215009366305,4585.438895144736,1162.8314116971962
2035-06-07 15:00:00,6827.971950164213,3824.458757543932,598.3039082669542,4744.577236155024,1173.0763698189055
2035-06-07 16:00:00,6909.4450830252645,3954.151804005228,613.4816363853637,4847.334797849652,1182.4095807873466
2035-06-07 17:00:00,7126.2393973614935,4122.694403991695,660.0945500312745,4898.44888398409,1275.3584892935737
2035-06-07 18:00:00,6997.660432883293,4176.283502831035,689.9525369392497,4995.758027033198,1307.7022866386064
2035-06-07 19:00:00,6968.520796889394,4235.959452733806,697.9496979393011,5014.048056255972,1304.4937981713492
2035-06-07 20:00:00,6950.238649328907,4120.640901209759,706.6393704532671,4930.737732732864,1300.288409705552
2035-06-07 21:00:00,6856.451853612798,3881.78493447457,649.0654267597525,4844.029358160482,1247.475586309595
2035-06-07 22:00:00,6392.719951377272,3642.998090931262,580.0843725564803,4673.714135278108,1127.246880625171
2035-06-07 23:00:00,5965.029873705751,3430.1989163708054,548.9029718631003,4399.636153020532,968.5196293969452
2035-06-08 00:00:00,5691.60983764059,3313.174037852766,509.1859568209331,4298.651693982323,859.07643484305
2035-06-08 01:00:00,5533.047507730061,3203.556427619492,495.3465972840781,4223.273332625759,823.4652297372639
2035-06-08 02:00:00,5403.668271574646,3193.117678640039,491.6839104497624,4196.158498364246,783.6107627562337
2035-06-08 03:00:00,5491.445684469622,3250.7846092214654,482.0398638817216,4181.558986822829,788.9801210164161
2035-06-08 04:00:00,5489.9500787334055,3342.383129975188,501.0057556070632,4227.035894712365,794.1449226061543
2035-06-08 05:00:00,5560.211818075642,3608.841797810944,539.079790310223,4374.970961788278,850.4782055065233
2035-06-08 06:00:00,5862.948192220128,3859.295055729542,588.5041827147243,4591.986057010753,986.886059427104
2035-06-08 07:00:00,6034.828824922491,3817.6414798796354,587.8057464285398,4706.000825096373,1160.1345864068194
2035-06-08 08:00:00,6514.380842174242,3823.935339295636,597.5944183953044,4692.904384525816,1175.3371156135595
2035-06-08 09:00:00,6608.540576550555,3876.5015727493296,584.4300956019468,4841.1306396525615,1226.1850031532492
2035-06-08 10:00:00,6680.5549225587865,3819.048097061794,587.7801713251188,4818.703728105035,1202.4155680265546
2035-06-08 11:00:00,6681.046846520329,3798.187332814729,588.7133267574243,4669.933998361771,1189.3978654826046
2035-06-08 12:00:00,6541.154930422479,3763.555918326226,583.8000095956238,4596.830325603487,1144.6385526379192
2035-06-08 13:00:00,6655.545374266739,3781.835669081588,589.3293997204822,4599.938189298974,1146.3817038939435
2035-06-08 14:00:00,6753.093222156601,3714.8144777707057,587.4567988393334,4634.425216872206,1124.1778678380797
2035-06-08 15:00:00,6685.227323782936,3841.918548877403,600.2304524038184,4648.738072141701,1160.5362529911672
2035-06-08 16:00:00,6566.176618059416,3921.378570047552,616.9889655391246,4761.979610944512,1213.7291688220562
2035-06-08 17:00:00,6874.182815603851,4088.108073875956,654.707299991545,4932.466049291231,1262.8500696568296
2035-06-08 18:00:00,6831.91194035977,4080.7852160165294,686.5301984262103,4982.668931517951,1296.283323594325
2035-06-08 19:00:00,6892.556579593364,4105.289873458556,688.1916975973784,4984.144652498092,1260.4960304763065
2035-06-08 20:00:00,6826.031531003961,4100.711468241563,678.200839917624,5076.291510221394,1300.6921358541574
2035-06-08 21:00:00,6708.686541034916,3876.724966856699,645.1790762192222,4819.501719862112,1237.88598962292
2035-06-08 22:00:00,6372.887834037945,3711.1015013864057,578.7409403133238,4644.8169507635785,1097.7389375185085
2035-06-08 23:00:00,5834.710230499625,3411.788999795959,550.9456464187367,4309.773495355846,949.0577664399603
2035-06-09 00:00:00,5537.026239009051,3193.564141302777,513.4948088066216,4251.271014054435,852.8805632847882
2035-06-09 01:00:00,5330.848152275305,3221.39896661547,496.7913216146489,4129.964684275756,824.9520402934326
2035-06-09 02:00:00,5269.065846600832,3179.140535494671,493.9936074584762,4164.831416614037,794.4739619703888
2035-06-09 03:00:00,5259.9117463385855,3171.369357122458,496.5638658776335,4097.680587617946,789.9896007991948
2035-06-09 04:00:00,5300.989632226109,3321.3212996540465,504.8735370596414,4229.261541121554,802.837953671494
2035-06-09 05:00:00,5429.291658106323,3631.910703967614,538.1079235332545,4319.905821880369,847.7605863327926
2035-06-09 06:00:00,5613.452770640638,3788.2640719439632,576.9587112347433,4610.897436777942,984.2857926134332
2035-06-09 07:00:00,5795.393405042817,3718.759846287544,587.2890448346009,4565.426210670448,1126.8153614532223
2035-06-09 08:00:00,6327.329560254978,3781.680320317133,596.4599089409888,4644.441822174562,1176.825904223401
2035-06-09 09:00:00,6516.591734698219,3738.442814781519,586.7456955957642,4680.7299089365415,1210.4962911967752
2035-06-09 10:00:00,6520.488271300155,3751.6221231728578,598.0566437272039,4724.719482599465,1207.5150230906106
2035-06-09 11:00:00,6614.694805027624,3682.325893761221,589.4695856020049,4605.721843610726,1189.8835384304723
2035-06-09 12:00:00,6318.931205942991,3716.266343599831,574.1055461883212,4498.4016806843,1161.5078312642045
2035-06-09 13:00:00,6394.584736978265,3717.723626240908,579.9726260360051,4555.926285306182,1122.995754059423
2035-06-09 14:00:00,6617.70973041804,3736.701678392122,580.1859855496099,4560.04848965319,1117.85938871995
2035-06-09 15:00:00,6493.853239958786,3795.43578237797,581.3324715238053,4608.042632011859,1137.8978476397738
2035-06-09 16:00:00,6654.599300929095,3869.80615151314,613.8383369060356,4792.6047223728965,1177.105450899972
2035-06-09 17:00:00,6595.504849696913,4016.408014826844,639.8207947687505,4810.2775137292765,1238.751455879515
2035-06-09 18:00:00,6717.528081118476,4134.725709906767,670.7764528245486,4993.31729648813,1277.502786076518
2035-06-09 19:00:00,6786.38687244142,4154.331881009085,686.2343505094897,5014.571016682593,1284.9845724431802
2035-06-09 20:00:00,6666.173528315092,4095.998579138601,693.9638834214749,4848.4632318133135,1279.849171268217
2035-06-09 21:00:00,6440.157816957601,3820.278012325936,641.1731581093092,4791.107049608548,1216.5221944664863
2035-06-09 22:00:00,6079.000508982186,3584.3468348271726,575.641988618417,4556.23959976202,1099.4656083601458
2035-06-09 23:00:00,5790.042780270544,3358.3732973985043,544.3891198330912,4400.190530411235,947.5873159275302
2035-06-10 00:00:00,5616.84902985632,3336.7572546567035,512.5411889764371,4314.910873465011,857.2941045413114
2035-06-10 01:00:00,5542.651829517432,3219.8158883224787,500.70726224820703,4214.295832678807,809.0770786614075
2035-06-10 02:00:00,5412.725394299448,3255.4162771507663,485.0077410088689,4266.907564324435,794.8137828957942
2035-06-10 03:00:00,5405.804576361424,3262.1847157027405,496.03305084696,4215.031824459077,795.5796545848006
2035-06-10 04:00:00,5439.898656294401,3404.0553164527373,497.807025323911,4234.435221467058,799.1942962453545
2035-06-10 05:00:00,5586.485062878311,3587.694415528304,540.4597299729489,4333.749438695885,859.6655204354968
2035-06-10 06:00:00,5886.559307750181,3744.984717009896,581.4117749611573,4650.993727536161,980.4439865815822
2035-06-10 07:00:00,6020.626605014115,3857.6514950405513,594.7426231190576,4610.447480758101,1127.6752015986722
2035-06-10 08:00:00,6545.457670247579,3829.792144107225,592.9558813134489,4781.76291818216,1180.467204089092
2035-06-10 09:00:00,6841.8698505106695,3856.9604745802935,582.1903715303686,4751.04754637246,1215.0942276234712
2035-06-10 10:00:00,6914.220422878526,3742.5074183573015,582.5245087967584,4757.793629139938,1203.0180272510274
2035-06-10 11:00:00,6864.384736304738,3752.093063210958,584.7658425438344,4636.937756601454,1193.049896419377
2035-06-10 12:00:00,6553.797396478679,3745.3384625209455,578.0732875881629,4584.2942180629325,1145.0242280502634
2035-06-10 13:00:00,6626.01721962515,3717.816154524549,577.5804940021175,4597.146815103062,1163.635930781344
2035-06-10 14:00:00,6703.1449885134825,3756.172348070415,579.3128823936705,4626.047779516943,1128.8481238841846
2035-06-10 15:00:00,6731.318838862919,3780.6067384175462,593.1663607890658,4685.020234480196,1162.3780333535392
2035-06-10 16:00:00,6902.142713430916,3993.656496214488,612.3299126920432,4713.500278308132,1179.6808597773556
2035-06-10 17:00:00,6772.64611565735,4118.52162216468,672.3236997842581,4905.684673709199,1237.5396241306082
2035-06-10 18:00:00,6886.382539478017,4095.306685991316,685.7616735389282,4922.150757962985,1311.9795303230228
2035-06-10 19:00:00,6945.954995175658,4147.735701634445,691.4951129896212,5034.446716046321,1287.5292830774274
2035-06-10 20:00:00,6962.497443063653,4016.757871754516,700.4981551303082,4955.614675610052,1303.3328829695065
2035-06-10 21:00:00,6680.166708387718,3905.595684579188,643.9730712792949,4890.312473442468,1240.3074171994012
2035-06-10 22:00:00,6483.847603874848,3553.54490863146,571.457462919696,4636.779899111189,1100.9036052144988
2035-06-10 23:00:00,5929.69118562408,3486.0120089396705,539.5180889926801,4425.213016287585,961.1658305194112
2035-06-11 00:00:00,5653.721352442717,3277.6528571400136,510.6483300183805,4306.679768093638,862.5718238065342
2035-06-11 01:00:00,5596.699085916996,3258.467888998604,498.5540960465973,4182.23684151176,835.9120650846905
2035-06-11 02:00:00,5503.230332865219,3224.8920651299486,481.383784053203,4114.363955694786,804.0589119766718
2035-06-11 03:00:00,5508.048815819752,3223.3356691670915,479.1030550762189,4126.646156852978,804.9685349777213
2035-06-11 04:00:00,5398.721462021171,3393.6834279989907,493.4985235448395,4223.730252655595,799.8518079648306
2035-06-11 05:00:00,5653.455685465079,3620.763896318865,538.2437013158283,4365.707101597501,844.9708850284626
2035-06-11 06:00:00,5914.644654095035,3868.1951800579423,593.9624174315063,4618.561335134948,990.783022078534
2035-06-11 07:00:00,6042.275309426429,3838.9693765568863,594.0634302826328,4732.904808099475,1138.7742963204469
2035-06-11 08:00:00,6480.008181342859,3849.507853274466,596.8713672833081,4686.420655312529,1193.1100025844337
2035-06-11 09:00:00,6737.394313497124,3793.2039979385895,580.8654792142089,4761.247173546516,1218.8008484275604
2035-06-11 10:00:00,6904.115864609944,3766.427234607182,588.499585649382,4781.793909868744,1199.0341723228792
2035-06-11 11:00:00,6643.972800424217,3696.253456973316,589.0892731715738,4698.699983399383,1219.4950656765693
2035-06-11 12:00:00,6602.581780290762,3674.7276167609016,575.8219866889895,4620.1435055403,1153.1978179809469
2035-06-11 13:00:00,6579.732490285971,3794.05496508191,572.6689567070523,4538.972214928367,1123.544488705524
2035-06-11 14:00:00,6732.89299183414,3739.4070810368617,584.6981337831289,4630.337940186129,1129.8386090671777
2035-06-11 15:00:00,6662.065565786539,3840.865317191663,580.777002406357,4635.011867495708,1177.3890627615233
2035-06-11 16:00:00,6895.858049819233,3958.639565003295,607.5106718484747,4764.120052490893,1218.084356293359
2035-06-11 17:00:00,6944.576443513776,4151.913460912861,657.7406990764667,4863.617783146738,1248.529954674464
2035-06-11 18:00:00,6950.111594105736,4145.255179037665,677.0807847647247,5015.123084251491,1318.7881744664178
2035-06-11 19:00:00,7016.223084358668,4236.715710595778,699.752699071674,5124.797816773164,1313.1337857780534
2035-06-11 20:00:00,7041.951373950817,4122.768858052801,695.075533616178,5051.02298075678,1287.7692121181396
2035-06-11 21:00:00,6849.603060134568,3919.346526038624,655.8658455411048,4849.142693520289,1209.897969803036
2035-06-11 22:00:00,6480.902341387741,3645.590266705162,585.281592706064,4566.124801991243,1103.5007500287534
2035-06-11 23:00:00,6003.704624124031,3384.0257486648297,545.7073946280186,4386.155463067325,958.3365576073538
2035-06-12 00:00:00,5743.079983279364,3308.816680496699,513.2088849936978,4246.367102384836,855.3732795360768
2035-06-12 01:00:00,5617.466399787719,3165.786432481243,487.56897881256486,4240.923753488705,818.4202436438
2035-06-12 02:00:00,5527.800620698902,3248.403670501189,492.729864708598,4233.753976326407,801.9946828844145
2035-06-12 03:00:00,5406.921122324469,3254.757679131804,483.5559427240266,4210.462325592849,796.9592223055795
2035-06-12 04:00:00,5465.093662492153,3345.6944608634985,502.4301848268062,4158.476913061753,811.4399488203454
2035-06-12 05:00:00,5644.2055469742345,3539.380052910426,535.4269351058555,4386.36707655643,839.0418539977481
2035-06-12 06:00:00,5886.482313918152,3839.1290282239697,592.9607334022656,4732.384113006886,973.9674631228122
2035-06-12 07:00:00,6112.499166622039,3826.615907426422,589.3964340986291,4587.038636205735,1132.1983864648223
2035-06-12 08:00:00,6624.505361578888,3827.060279614911,598.4287263172507,4768.047329746822,1207.6834185360335
2035-06-12 09:00:00,6778.106758980936,3791.1677454926657,590.0927010977774,4819.937674320944,1238.9506043817228
2035-06-12 10:00:00,6826.486318924098,3909.167402055303,581.1092166560313,4743.264473074766,1222.8925724040248
2035-06-12 11:00:00,6828.426656004556,3826.942154162506,598.1301128736749,4655.191333125465,1190.9876004648106
2035-06-12 12:00:00,6610.382210073105,3746.050637759865,571.0558067010763,4679.981674407251,1163.0740065745483
2035-06-12 13:00:00,6746.801083091609,3791.617197739434,585.3118804714697,4617.586782840748,1134.2165870211688
2035-06-12 14:00:00,6908.148049371667,3728.547992927417,578.591043221108,4612.903716595443,1153.033169570062
2035-06-12 15:00:00,6884.489615011908,3789.4449359618766,592.1846753655757,4691.734212173561,1183.105952135202
2035-06-12 16:00:00,6902.188434432512,3958.501468339181,611.1577526992179,4715.549905140896,1207.4467357062506
2035-06-12 17:00:00,7007.497087700675,4133.695589541596,665.0663368466924,4879.589152351308,1266.0071965073778
2035-06-12 18:00:00,6882.474860620554,4192.268680852949,672.3231061683774,5023.301292525231,1282.042390053616
2035-06-12 19:00:00,6961.0673885169845,4182.1883641249815,688.1920954067905,5065.150077132252,1281.9306950500932
2035-06-12 20:00:00,6866.72893401695,4172.579844563231,693.9540183931585,5056.91880365951,1287.57616133215
2035-06-12 21:00:00,6844.98755474007,3926.4006288612304,649.8009354183802,4848.716460624108,1258.0305365111185
2035-06-12 22:00:00,6404.162001859121,3672.089990039199,575.091498071466,4622.004796507847,1136.9577421281017
2035-06-12 23:00:00,6054.555366862037,3359.449644096645,534.223876701164,4359.717409447673,960.9080473084512
2035-06-13 00:00:00,5708.629777411617,3284.400365364592,511.34902877585614,4268.947974740432,861.490351493442
2035-06-13 01:00:00,5550.742374390011,3184.327063126888,493.1787759729268,4233.948943921596,827.5711969524687
2035-06-13 02:00:00,5527.473844542931,3227.0861805744594,482.5226615636623,4202.619684755548,807.6538644662052
2035-06-13 03:00:00,5529.698908920731,3320.847744443561,488.64501622402014,4256.723097360353,805.662704965831
2035-06-13 04:00:00,5382.815576476698,3353.203962329656,499.99132567266446,4217.518839197156,788.8844006160055
2035-06-13 05:00:00,5660.488241674988,3671.546735623164,537.3133606834177,4419.214190473256,845.7415302188994
2035-06-13 06:00:00,5883.8055863797135,3855.2341314295454,591.0605532785147,4564.838445611709,990.7255659759076
2035-06-13 07:00:00,6085.728171948068,3833.051357622089,597.2290595670305,4655.253535861084,1153.7503713093113
2035-06-13 08:00:00,6665.932896981515,3891.614235871467,593.0132064731904,4694.00747367688,1197.263888664022
2035-06-13 09:00:00,6827.255401197517,3938.6493018106817,595.9336952357028,4778.699118255829,1212.6723825982674
2035-06-13 10:00:00,6941.348682421702,3833.658853703396,590.1192922813716,4710.907440315033,1208.0089107495796
2035-06-13 11:00:00,6818.848065956361,3781.8603925770326,589.3127486677595,4671.349721939216,1201.2795887297746
2035-06-13 12:00:00,6743.7720452608255,3774.4832516905126,582.1540976632537,4676.840604590682,1157.1198132450538
2035-06-13 13:00:00,6832.870070487793,3769.938756499019,587.1779622465588,4529.998041904361,1160.204068662541
2035-06-13 14:00:00,6812.874137348493,3731.195417189557,582.598053953423,4621.031421214663,1125.3641333132143
2035-06-13 15:00:00,6845.486915976296,3823.670204405523,589.9283749918919,4705.611876294473,1154.600800212984
2035-06-13 16:00:00,6963.793422149457,3955.0271059216057,615.0326901232872,4741.09579127602,1212.3036633996396
2035-06-13 17:00:00,6973.4507505526,4128.914182398998,642.1781017331804,5021.128033920167,1264.6734305231282
2035-06-13 18:00:00,6880.526981173912,4132.995879855968,675.5336914192792,5031.199781639796,1299.064442823557
2035-06-13 19:00:00,6906.488262440459,4200.650834486254,699.8995670370048,5109.889709576682,1300.837791890814
2035-06-13 20:00:00,7059.528613985289,4140.300091831567,693.6644540705573,5053.182771543403,1299.2592120881611
2035-06-13 21:00:00,6730.126809625631,3941.973933563102,639.7443609521306,4808.491190936084,1253.409410075024
2035-06-13 22:00:00,6425.743144768376,3679.3362084017353,590.5543394134593,4588.336344635366,1115.4215773320875
2035-06-13 23:00:00,6005.476600787151,3451.2720884492205,538.6985701028206,4296.47511426866,950.9835203124258
2035-06-14 00:00:00,5656.38800807698,3300.3440165305724,511.6868488696136,4248.0212956006335,875.0425523379943
2035-06-14 01:00:00,5639.5338373978775,3236.8721150931938,498.14997888901166,4286.863523047337,822.4564073939529
2035-06-14 02:00:00,5404.819280452933,3219.865802662769,494.54871266697336,4254.720670183715,798.644783944366
2035-06-14 03:00:00,5543.627833205032,3268.8790236640302,491.59322740832056,4161.351384639641,784.836254690444
2035-06-14 04:00:00,5479.0097042150965,3307.295103726808,493.32893071582055,4203.974310298998,808.111332850315
2035-06-14 05:00:00,5682.969845299273,3670.648083275021,544.4326179701903,4408.257805619846,845.5667814514865
2035-06-14 06:00:00,5905.122753748834,3859.416602937669,594.0809051826787,4658.484399287724,1006.9515740427796
2035-06-14 07:00:00,6049.143770914247,3827.9765752984704,595.5726876547121,4723.028737301033,1148.0001047235978
2035-06-14 08:00:00,6630.557054372477,3873.257004099014,594.2255562808565,4789.445572514543,1201.553794656124
2035-06-14 09:00:00,6837.810153520991,3884.237799633354,595.0116206761169,4741.253808996764,1230.43457972974
2035-06-14 10:00:00,6885.249242727096,3837.6240757579694,582.7272774417137,4764.62983320547,1186.7338153942758
2035-06-14 11:00:00,6820.363293098731,3776.9945835524127,590.0083939325825,4683.523950053274,1189.0007521064815
2035-06-14 12:00:00,6738.53345285366,3677.675039737587,575.7894189452971,4527.049105825869,1168.7500199413282
2035-06-14 13:00:00,6794.306928145891,3737.9589452410346,589.8519195902647,4622.633348527957,1153.9565247348264
2035-06-14 14:00:00,6823.411293258191,3748.62922292496,590.3263984948202,4671.74412665365,1125.225026397007
2035-06-14 15:00:00,6887.368396080813,3915.473618707908,603.8502607412928,4635.450809911041,1150.9146337985292
2035-06-14 16:00:00,6962.506995007523,3971.546044374405,633.4374772471158,4826.311183541631,1199.8342890192707
2035-06-14 17:00:00,7060.607136901884,4138.634464915092,651.5140429905431,4877.235001703028,1263.0639713294024
2035-06-14 18:00:00,6934.196530834918,4122.345930210485,693.7340075077893,5043.107928933753,1288.5855920538866
2035-06-14 19:00:00,7006.493066538393,4167.284145045374,701.1555356292339,5047.637811005057,1278.648789914788
2035-06-14 20:00:00,7042.596274627448,4111.324094750432,675.676895838761,5123.34631798045,1283.9512651603857
2035-06-14 21:00:00,6842.04206154581,3904.689205730248,653.2549806125161,4888.990697515236,1253.9591214012823
2035-06-14 22:00:00,6348.846592854304,3731.3056381624015,584.777898865018,4595.766786557551,1118.4335977777894
2035-06-14 23:00:00,5894.391704230069,3390.6670540246328,548.9751606834759,4364.255015485083,957.9121118880072
2035-06-15 00:00:00,5682.349608709864,3274.1819723870453,509.9399318576435,4312.634121484622,863.4761846291855
2035-06-15 01:00:00,5481.3416952773,3234.5683588826537,482.3352502410973,4209.018122668674,811.2731355717054
2035-06-15 02:00:00,5458.892224011827,3257.2912661555647,487.1947643112227,4074.4899010990575,798.3455259930591
2035-06-15 03:00:00,5510.540863616683,3251.2457182512003,493.02426384920506,4147.864914823334,784.836185797842
2035-06-15 04:00:00,5412.508550349842,3391.5300478904915,490.37920984607786,4259.30210048127,793.0446938336887
2035-06-15 05:00:00,5714.9461665898,3596.2374929509992,542.2378180291709,4411.621127378679,847.5255233733543
2035-06-15 06:00:00,5821.917393717431,3833.8306339205424,584.9222164829436,4660.373738556932,979.3120642253962
2035-06-15 07:00:00,6105.371269751522,3920.1320647661296,591.7383478311865,4637.062648985161,1139.3672138904535
2035-06-15 08:00:00,6479.805530351703,3816.782764758897,603.896573735911,4737.895294921861,1226.5013472277442
2035-06-15 09:00:00,6693.59901176969,3839.2428440666586,588.6276545112236,4745.641159821017,1211.166128058414
2035-06-15 10:00:00,6920.762598419664,3777.587056328063,589.329360510648,4758.075975807849,1212.67891282418
2035-06-15 11:00:00,6647.180294755153,3784.643814968501,587.8542084573185,4708.61428001313,1216.467837387919
2035-06-15 12:00:00,6504.680018529482,3681.666659587964,584.964073404047,4583.751902798182,1164.5266579349675
2035-06-15 13:00:00,6835.577721706343,3760.5416715166616,590.8396873630746,4591.481871460444,1125.2680495601624
2035-06-15 14:00:00,6732.351333985865,3773.698871736852,584.5807170110518,4667.520950844597,1130.8055023947725
2035-06-15 15:00:00,6684.372895075497,3826.266543934136,593.5137789353764,4602.222975628426,1149.250039328139
2035-06-15 16:00:00,6823.376534939363,3997.8030258934905,628.3963223840844,4756.612488338494,1206.110544022128
2035-06-15 17:00:00,7024.389734790245,4103.919377307429,657.8981507946169,4931.412214959439,1251.0072540297656
2035-06-15 18:00:00,6792.626706475327,4146.626613496206,677.6587034343605,5080.273075884821,1293.239550014444
2035-06-15 19:00:00,6996.376339021365,4271.910839148439,678.1211118972199,4999.921611166859,1288.3338187239406
2035-06-15 20:00:00,6812.922145584374,4077.620257664268,679.418484121935,5005.283301584985,1287.903045493652
2035-06-15 21:00:00,6659.072826135191,3899.388058678424,657.3208396759192,4911.0736400818,1255.6385595962436
2035-06-15 22:00:00,6316.161580574392,3682.996706751113,585.4021052416521,4622.808795689696,1127.2793944268462
2035-06-15 23:00:00,5900.621631543992,3419.2655578991303,544.2555689438112,4378.777024913024,957.4675377921384
2035-06-16 00:00:00,5423.07828890452,3264.0235698030365,510.0550150769717,4240.009633755603,858.0117848898107
2035-06-16 01:00:00,5326.941248013502,3166.387335206789,495.7061822225818,4140.924185378056,806.3449315774958
2035-06-16 02:00:00,5240.754088731647,3185.418125781715,493.5003798284591,4176.191180796114,790.5538450178567
2035-06-16 03:00:00,5234.807428315313,3245.7070173199395,487.2665358869337,4176.738110454745,775.6196531043307
2035-06-16 04:00:00,5263.976518944753,3343.8724835995067,489.84064965664254,4184.988506796027,810.7915911285497
2035-06-16 05:00:00,5431.122075737313,3602.5502227177594,535.1446629841425,4281.96214224056,845.4786404973395
2035-06-16 06:00:00,5637.115616315292,3744.5852910230255,580.4077353979397,4614.500313395805,976.4281683217456
2035-06-16 07:00:00,5832.634165071939,3735.56253817524,592.9088258195583,4549.146305129195,1119.839641553531
2035-06-16 08:00:00,6203.592562865405,3884.4102242588224,583.580448294903,4718.1132492488105,1167.9376497131875
2035-06-16 09:00:00,6447.593419259798,3840.8943991665233,586.5318240582335,4706.252493719526,1209.4522904181215
2035-06-16 10:00:00,6507.307516527526,3804.2093456269454,583.0920753450741,4740.799629767033,1185.5166236402752
2035-06-16 11:00:00,6491.310685792266,3629.158370914572,574.7866938888988,4552.8569618576685,1200.3196377019865
2035-06-16 12:00:00,6371.987696326414,3673.095894200732,568.1926555857532,4595.64110054851,1145.9821454495418
2035-06-16 13:00:00,6441.897440962765,3743.150902841373,584.9267329200126,4591.635994759826,1131.27997560246
2035-06-16 14:00:00,6510.924862167285,3620.7770782597354,579.8970834202404,4607.000084705825,1121.929013236224
2035-06-16 15:00:00,6549.328070138864,3792.5066033492185,591.618744697734,4736.52864692824,1135.486599206811
2035-06-16 16:00:00,6621.07829944143,3923.391783219705,603.8945814447477,4623.539760946029,1198.0233934173616
2035-06-16 17:00:00,6568.906964280806,4066.160910968377,638.4223435152174,4869.265205309232,1255.901945016062
2035-06-16 18:00:00,6625.634865648158,4163.054916130868,674.9816207186908,4948.413853501257,1301.455838311998
2035-06-16 19:00:00,6747.243368838435,4187.037498227371,685.3674565134703,4972.956950850721,1270.4977028325934
2035-06-16 20:00:00,6748.919355417226,4011.529310566599,678.4921573788665,5051.192137131325,1291.5716629517322
2035-06-16 21:00:00,6516.41610426557,3845.06245921649,641.4113568321125,4853.84646623323,1229.991127538436
2035-06-16 22:00:00,6232.563979345171,3570.7880624502136,586.3887358677782,4600.743926299031,1115.2477433063757
2035-06-16 23:00:00,5699.924280091764,3439.5956679011456,535.8258385295551,4382.724275366876,956.1516257073392
2035-06-17 00:00:00,5641.90430693218,3271.8028881963755,508.6828742131872,4306.814055319444,860.1086481025897
2035-06-17 01:00:00,5570.088222849265,3198.5251170017937,492.905011910416,4247.149487771112,819.0657528262856
2035-06-17 02:00:00,5576.19396183646,3192.600109859752,491.3686010274993,4243.636634827154,801.7662045070499
2035-06-17 03:00:00,5462.292113944512,3246.39626441833,485.8794702045532,4135.432965725504,779.255792972254
2035-06-17 04:00:00,5472.546767336628,3366.492860478448,488.4843679246688,4253.420231266122,799.0504444611175
2035-06-17 05:00:00,5640.68747652236,3646.61252897072,547.9257354540339,4415.254156324121,838.3734115008253
2035-06-17 06:00:00,5927.26517250546,3776.1798195018055,593.9154147587582,4641.682033850009,981.974092356936
2035-06-17 07:00:00,6143.796011646502,3715.3288911794434,595.3516695802003,4644.025472999993,1134.557459425255
2035-06-17 08:00:00,6546.103892950012,3867.6291475887447,578.7101557414647,4760.664923740726,1214.966288458514
2035-06-17 09:00:00,6649.746851196755,3840.9736386024542,593.868759551201,4687.438698347969,1218.071721491197
2035-06-17 10:00:00,6785.009193042259,3850.985850213681,584.5124166865497,4731.549937261679,1224.6142781589708
2035-06-17 11:00:00,6700.337079109056,3815.724872756568,591.4375457410935,4713.967442629937,1212.634688300656
2035-06-17 12:00:00,6510.555924910312,3746.1862953985888,585.3806525604434,4557.729989596819,1165.6104955801068
2035-06-17 13:00:00,6651.021852318868,3700.7082445959504,587.6063645671146,4701.559362706125,1123.3586127883966
2035-06-17 14:00:00,6661.148254667609,3760.904775895027,584.0714248761955,4595.828398151223,1150.5713730567927
2035-06-17 15:00:00,6673.218622804568,3851.364029534006,593.324372534254,4669.117102739865,1171.258783889901
2035-06-17 16:00:00,6878.513158657645,3928.071930393044,621.3088166376638,4759.890146288057,1192.0927483504056
2035-06-17 17:00:00,7020.884468356468,4137.88644978053,655.4540860446637,4916.849521826532,1243.6267446528957
2035-06-17 18:00:00,7042.503598779523,4172.779178571549,679.4185536235295,5009.939897496786,1289.398516679538
2035-06-17 19:00:00,6969.505849268027,4162.926952910991,682.3126031305462,4987.694105954701,1291.031197942974
2035-06-17 20:00:00,6942.8975825063735,4082.6495647281126,686.304924276474,5010.252331783442,1288.893661397252
2035-06-17 21:00:00,6750.262514184447,3928.887188050204,644.8248213324358,4733.921702830482,1244.2958399957888
2035-06-17 22:00:00,6346.891501163695,3669.0721694496137,583.648172444069,4639.5806812414485,1116.6061528995383
2035-06-17 23:00:00,6001.854215096027,3364.531129629658,539.2472164881468,4428.693230173339,960.128827136392
2035-06-18 00:00:00,5794.3853944589655,3324.4315841873267,514.165258998932,4301.838183103543,874.481888633664
2035-06-18 01:00:00,5520.554281548116,3222.07537253375,493.56680026637486,4254.713051140814,814.8802600763426
2035-06-18 02:00:00,5395.216733838166,3183.817655212876,489.07431007818286,4194.610647424779,798.1600333241626
2035-06-18 03:00:00,5551.789728188624,3265.35845161889,481.67915213232527,4188.578918032275,797.3403574475011
2035-06-18 04:00:00,5412.118900847362,3335.5049608502777,504.456804060834,4183.750544735633,817.1574736909707
2035-06-18 05:00:00,5667.759464870697,3633.3599783068767,535.475004858834,4399.838145252433,836.9767375763507
2035-06-18 06:00:00,5839.5884139729,3829.0379299308097,581.6370131661487,4662.609907147571,989.9601199859416
2035-06-18 07:00:00,6108.385964787,3812.538203509378,591.5510221891225,4643.017114814961,1149.5258292134474
2035-06-18 08:00:00,6515.908470283676,3905.930238904864,595.9281564914922,4802.28955387143,1178.5808388836324
2035-06-18 09:00:00,6712.03032097608,3830.50723061611,592.1109421228535,4748.99820953661,1217.5943903828406
2035-06-18 10:00:00,6866.348790736637,3924.243142542549,588.1378213026455,4756.540384078304,1213.2895504851545
2035-06-18 11:00:00,6754.999244174247,3762.774889289544,587.5460635345628,4757.534444210822,1193.4370623753962
2035-06-18 12:00:00,6674.088085029456,3726.833828434525,579.9358943847176,4642.846653573056,1151.64725607149
2035-06-18 13:00:00,6704.803052417691,3790.679372359265,587.85935216095,4609.610512485055,1128.1799474052364
2035-06-18 14:00:00,6862.45049372008,3818.209599593592,587.1173001061109,4572.348230842595,1136.7899694805517
2035-06-18 15:00:00,6830.028170135788,3867.535178981191,587.8810313624842,4669.688874573426,1138.6502226508078
2035-06-18 16:00:00,6891.018393683708,3964.3869802579006,611.2733684619993,4770.074270111328,1192.7778008930384
2035-06-18 17:00:00,6921.177222387498,4105.444224738866,656.2913289353023,4905.623365094546,1273.10890695547
2035-06-18 18:00:00,6955.875715647814,4168.111229821151,677.2734530782832,4987.37830438215,1296.1608333418762
2035-06-18 19:00:00,6907.118256114943,4313.463111916317,697.2886056552869,5009.228018581733,1282.0780175996038
2035-06-18 20:00:00,6999.378722032323,4103.761480453867,690.8817144979257,4950.033356240791,1289.7955030537878
2035-06-18 21:00:00,6861.57581024395,3860.926511282492,653.3289380303717,4804.761704403935,1234.7925787019897
2035-06-18 22:00:00,6529.98531725661,3703.562257608072,586.7244591361585,4643.41895517387,1104.0437560531989
2035-06-18 23:00:00,5926.446315669849,3422.07480912579,535.3020595909319,4459.260872800468,955.904909594626
2035-06-19 00:00:00,5740.759159766401,3261.494301820519,510.7322583742547,4377.74791740897,877.9212563918431
2035-06-19 01:00:00,5545.05047560884,3252.1607172439813,494.75645576183314,4134.600525469921,813.4660604803759
2035-06-19 02:00:00,5431.090217808093,3243.3794232854734,489.1095753297644,4196.309154907578,807.2085679077243
2035-06-19 03:00:00,5538.088783026745,3334.0507663111184,489.5553635116837,4167.294788413571,797.5203469323641
2035-06-19 04:00:00,5553.055610932154,3323.251401096008,500.55318417796616,4257.29239651045,799.5948915916808
2035-06-19 05:00:00,5700.310966571927,3542.0995611841854,539.5583152204116,4308.209699167517,832.043681960926
2035-06-19 06:00:00,5932.582488231342,3789.8526668800673,592.7482748855455,4706.358033342085,998.9231371245454
2035-06-19 07:00:00,6151.523586469121,3846.514033163826,586.2814932411974,4701.649178680337,1164.603462136941
2035-06-19 08:00:00,6585.0753547363765,3847.0492509818073,592.8926817523511,4683.726372451164,1219.322992119779
2035-06-19 09:00:00,6735.374558672286,3913.471617007072,598.7352085316494,4687.225344680822,1202.4772198422677
2035-06-19 10:00:00,6917.975380469746,3783.568411553627,593.7990981674853,4752.535730133349,1216.542018513508
2035-06-19 11:00:00,6802.074404942574,3656.918492844141,584.3038046161981,4677.736852309743,1218.0161266000164
2035-06-19 12:00:00,6768.633999039961,3731.496861223927,569.9878295517565,4660.461244153849,1176.7898209976977
2035-06-19 13:00:00,6770.345741765538,3825.70081073676,584.9884864226799,4661.42814348048,1146.6895834021086
2035-06-19 14:00:00,6710.805176276868,3757.441898361381,578.3738110353885,4557.379492352191,1136.5005328253103
2035-06-19 15:00:00,6845.1105094669865,3865.1550537738863,587.6101119051027,4661.130552638606,1160.7886490996266
2035-06-19 16:00:00,6911.785775583767,3922.700937872337,620.6307136201452,4730.228853294042,1202.6207346827705
2035-06-19 17:00:00,6849.069679983047,4094.375177772833,652.0771803670485,4873.693541669725,1256.1219298196872
2035-06-19 18:00:00,6864.409705551716,4243.158000752154,663.6812141306202,5069.501382614297,1309.802653070831
2035-06-19 19:00:00,6891.384018733267,4244.238157387667,694.7296428470818,4984.23725954926,1280.0244655383335
2035-06-19 20:00:00,6919.192851253703,4104.52291498123,686.4660244345378,5034.949310598116,1280.5568223888606
2035-06-19 21:00:00,6781.147405461876,3916.404989057889,652.1827256035034,4902.231273032875,1257.191472739185
2035-06-19 22:00:00,6514.7521761489625,3639.965691084165,581.3138054702562,4565.191043885392,1121.4114163769889
2035-06-19 23:00:00,6056.2273725457335,3458.1143573529184,533.7221766342767,4385.348506124329,969.2567501714128
2035-06-20 00:00:00,5732.329970475167,3353.1809553717417,510.45310812316416,4368.631202168374,887.1592314627318
2035-06-20 01:00:00,5640.512081279151,3227.8582064338925,495.2266488782073,4230.801015702004,833.7470444936631
2035-06-20 02:00:00,5549.981861531295,3225.4354184986387,490.1951618063779,4200.797468582513,795.0761371189631
2035-06-20 03:00:00,5524.998334609516,3237.7305159388748,487.9989827707644,4217.916820304925,806.7944752460972
2035-06-20 04:00:00,5556.970570470688,3398.6939360430765,500.9094870327656,4237.202166573498,796.4018681675257
2035-06-20 05:00:00,5634.070594833332,3641.368394272767,537.3820968237792,4412.272463996041,843.3285441021394
2035-06-20 06:00:00,5917.272271485416,3872.647387159621,591.6004322303123,4642.810403636439,999.3847120174776
2035-06-20 07:00:00,6152.089092126582,3826.73260283126,600.2444594639678,4789.481872552158,1159.3907875393031
2035-06-20 08:00:00,6587.250576666425,3962.868364777421,588.541617382081,4733.727738690744,1198.9270321021145
2035-06-20 09:00:00,6765.771509202772,3870.955251331368,591.2752033466751,4813.826484629193,1211.628741341389
2035-06-20 10:00:00,6872.243811620422,3921.9714241689344,596.9137220405311,4695.897431673236,1241.352448882859
2035-06-20 11:00:00,6815.2796094262685,3760.109976645736,582.8642874536619,4674.721151922633,1203.4531204829566
2035-06-20 12:00:00,6644.878257396359,3686.6083254940977,575.377052989199,4638.729316955211,1160.9835334547458
2035-06-20 13:00:00,6732.754288981649,3783.5966616360847,587.7670188718479,4611.72888358956,1137.1839069545767
2035-06-20 14:00:00,6755.404719553482,3793.307354000436,592.1159683381685,4618.509178304316,1148.564949246439
2035-06-20 15:00:00,6827.714182124271,3834.814726294506,591.6342989986417,4652.7052628951615,1137.4527169423577
2035-06-20 16:00:00,6981.655931194945,3980.4335852026393,619.2296062772834,4820.97305692794,1212.9076737389669
2035-06-20 17:00:00,6990.3858443274685,4126.556569275597,657.9254884639714,4980.548484835129,1259.0427644842423
2035-06-20 18:00:00,6855.734543184161,4199.4149663742855,673.5401783172041,5047.716305061158,1306.3941388530357
2035-06-20 19:00:00,7010.102898984103,4207.795734352294,693.7475070013683,5039.74105479912,1298.8638196779627
2035-06-20 20:00:00,7010.436318658991,4164.674259864534,691.1101534417625,5036.699287623716,1299.459956978599
2035-06-20 21:00:00,6894.209459899323,3875.3530745399594,657.4282899406102,4813.19605036852,1237.538275392307
2035-06-20 22:00:00,6441.647281210356,3652.563026858856,585.1499903258734,4596.740700954639,1121.26663885711
2035-06-20 23:00:00,6253.76814123122,3386.356459605984,539.0373542148407,4396.355379811821,973.8444300412968
2035-06-21 00:00:00,5738.6156652906375,3286.877450792078,506.4337936320755,4299.018350927012,864.0001587686243
2035-06-21 01:00:00,5623.206525817966,3217.697221850695,491.9656320944853,4299.094379724486,817.002701806839
2035-06-21 02:00:00,5616.81784051099,3216.164590438103,493.6435449550339,4154.012012677263,813.9309873999225
2035-06-21 03:00:00,5518.459123555943,3309.818242089795,496.745827431876,4190.274732226967,788.1995893272183
2035-06-21 04:00:00,5579.0182780484565,3420.937246271799,497.0132802823478,4140.076198268311,806.1773716006968
2035-06-21 05:00:00,5735.633701514314,3686.384407279054,543.5321392354884,4385.792594040416,854.7645607151094
2035-06-21 06:00:00,5781.333899028408,3862.217515466362,593.1418957943432,4663.987838829732,998.0475086008744
2035-06-21 07:00:00,6072.638746031157,3850.590302195253,594.0659449635816,4690.067961863452,1150.826228755461
2035-06-21 08:00:00,6696.837615054102,3864.691333630408,592.5246014638444,4777.334435151703,1192.597126595958
2035-06-21 09:00:00,6776.759232405168,3927.253189461046,590.4219435332245,4733.965241208624,1239.1777025608326
2035-06-21 10:00:00,6901.500053629441,3844.596257825372,602.0606761205555,4702.928725142976,1206.0449587521182
2035-06-21 11:00:00,6872.574230283958,3800.3621519472113,576.6512034684372,4732.456988043515,1205.2913960133328
2035-06-21 12:00:00,6647.947665508543,3750.2495704781904,577.7973850541974,4560.915936794076,1163.1408790814644
2035-06-21 13:00:00,6784.520512267744,3786.483899652759,593.7797942257955,4598.015227318423,1139.4251927540513
2035-06-21 14:00:00,6864.715057974301,3798.43446061901,582.0291076231251,4626.143257202717,1149.305052979106
2035-06-21 15:00:00,6816.34979492618,3807.564532204338,587.8944972782715,4695.326335845682,1176.2290191525483
2035-06-21 16:00:00,6987.510734828608,4003.8458154324494,618.2833169954351,4745.409337474003,1191.5164057816407
2035-06-21 17:00:00,6984.892163788228,4159.152901690702,657.0717527525808,4915.4997933417535,1268.1183645421354
2035-06-21 18:00:00,7044.205264472459,4208.9080124116135,687.093675231589,4986.143897546294,1301.2133454440093
2035-06-21 19:00:00,7023.093991588773,4210.789431892692,700.0422256936469,5023.677473799249,1299.1767540577691
2035-06-21 20:00:00,6956.904749339868,4086.7396140344094,692.8711946183907,5014.138935169612,1323.6118018661318
2035-06-21 21:00:00,6752.199174611706,3934.8205032369874,654.632460253078,4901.281838375115,1236.9233295513786
2035-06-21 22:00:00,6412.612212807249,3631.72946099373,586.28779555844,4658.947622261306,1121.3852421117003
2035-06-21 23:00:00,5956.306790972826,3439.2392480046665,549.4707341753312,4379.249654585111,974.2622272475325
2035-06-22 00:00:00,5567.396256266702,3298.172530028772,510.152995756329,4320.795231048866,864.054678475761
2035-06-22 01:00:00,5525.431917852127,3241.7756466199057,491.2345029133186,4263.830951842939,812.0884673190199
2035-06-22 02:00:00,5480.37088306139,3216.756409362243,493.4154305599724,4270.68155232169,791.8755944533136
2035-06-22 03:00:00,5459.484040633452,3271.570651569444,489.22678439917934,4188.708241174639,791.4080742215132
2035-06-22 04:00:00,5462.2653064518,3296.3815498206804,489.3160478655572,4224.149306520368,799.5516098053706
2035-06-22 05:00:00,5590.543430917025,3668.726524634401,535.102448510852,4455.834224359753,847.6729861018487
2035-06-22 06:00:00,5833.824868609428,3819.434838957449,594.1239596936111,4634.870722677579,981.668329189628
2035-06-22 07:00:00,6224.130817484121,3860.844255731966,589.0191147589812,4754.61385609276,1144.6512980828527
2035-06-22 08:00:00,6502.925402432968,3923.317883879809,597.2188798309286,4704.778497212901,1188.8393185470302
2035-06-22 09:00:00,6808.185299100258,3851.197803627933,592.3789131776304,4812.380221128088,1219.1027806278285
2035-06-22 10:00:00,6818.5733891538985,3826.047194548257,583.6331236347106,4680.349668243513,1205.9081214180906
2035-06-22 11:00:00,6655.091062581688,3744.8049393949113,579.0517979775384,4695.8223571016015,1184.6467955562046
2035-06-22 12:00:00,6649.973854177654,3738.753772423302,566.3866951509037,4741.872193548863,1174.4685100220745
2035-06-22 13:00:00,6804.723290674917,3780.9854887401248,582.1665428317867,4736.590065152244,1149.87246515149
2035-06-22 14:00:00,6687.317158567653,3803.769479342786,582.0843386933998,4610.576314170492,1150.7934126434022
2035-06-22 15:00:00,6933.711403730405,3870.936628915526,592.5494168594407,4606.966948336417,1163.6869288054818
2035-06-22 16:00:00,6783.758467447739,4008.292231160408,617.2271861114955,4739.808276097558,1192.8476457104598
2035-06-22 17:00:00,6894.796179380238,4069.161129375165,652.032785682894,4984.223516637242,1243.715162631942
2035-06-22 18:00:00,6794.453707275803,4148.199036193553,665.0376629601888,4969.443019045429,1274.208780373386
2035-06-22 19:00:00,6998.345951185642,4173.096547962263,689.5226633379067,5082.600974605518,1295.2863970242531
2035-06-22 20:00:00,6839.822365060376,4152.400952639609,697.3162650059174,4984.375853837708,1308.3944806717273
2035-06-22 21:00:00,6763.290520010254,3927.852985374664,656.2800249774781,4826.389395233034,1204.1691732282666
2035-06-22 22:00:00,6337.557340183814,3611.494371080828,592.09336098421,4717.9590613569135,1119.4929735065405
2035-06-22 23:00:00,5896.483002082606,3400.4489985635764,549.5325577219752,4386.5123233888025,978.1718884573291
2035-06-23 00:00:00,5513.279588324122,3313.159973265019,508.1420567935653,4317.680959653624,852.89525730056
2035-06-23 01:00:00,5436.50692849822,3161.322623413333,491.8686410689088,4189.619893165938,823.0149223337164
2035-06-23 02:00:00,5174.568762513079,3151.3700135844697,493.8596052254419,4239.724085473126,799.1041644596995
2035-06-23 03:00:00,5255.836605855585,3169.3699807911994,488.0651880055332,4110.571402000309,791.8869743467029
2035-06-23 04:00:00,5379.041186863997,3261.682823532683,492.84464581513976,4236.758723037294,797.9074592723626
2035-06-23 05:00:00,5366.029414032202,3601.8446103629863,538.5933357554417,4377.1781365524575,845.5483984642757
2035-06-23 06:00:00,5682.0150762377225,3692.890962290177,580.7455285761944,4548.187096548743,961.7195173386084
2035-06-23 07:00:00,5902.971631362264,3790.483307432373,579.398195032424,4669.424701079327,1146.8208996518197
2035-06-23 08:00:00,6372.692460198476,3870.049393675044,594.8472874789304,4694.426682094406,1184.0113799111955
2035-06-23 09:00:00,6558.674186906082,3829.3598345709233,589.1125168260767,4697.945364045175,1197.3501053075563
2035-06-23 10:00:00,6554.543440988844,3748.2974320470416,588.8041819071611,4727.348028102873,1205.0859817109867
2035-06-23 11:00:00,6562.404557038279,3771.2426139559775,587.5837035404694,4672.9519462412245,1203.3701984997572
2035-06-23 12:00:00,6428.597821888646,3658.831441368105,562.0633665298321,4546.593757519017,1152.9470814641709
2035-06-23 13:00:00,6520.183687218159,3756.3878700488194,583.6336203013974,4616.898318279595,1140.9647320164222
2035-06-23 14:00:00,6464.971264022352,3706.6671691414535,573.498152151338,4620.048139616693,1138.2533013747354
2035-06-23 15:00:00,6535.326341542398,3778.2563083065006,582.6611009130881,4627.169136102731,1151.6983454212275
2035-06-23 16:00:00,6674.725323050236,3934.508392998979,606.909617729391,4804.578838693663,1183.251415430922
2035-06-23 17:00:00,6817.393606632645,4008.336123814351,657.7943089181706,4870.036974174473,1263.7521880893091
2035-06-23 18:00:00,6565.097103038635,4017.317974622924,684.3418112776554,5057.174607662901,1273.7675187050868
2035-06-23 19:00:00,6718.096822896814,4144.727254600237,705.5891189087437,4984.69622104022,1264.945779497946
2035-06-23 20:00:00,6807.717640321481,4040.08894679734,694.6666401138338,5075.9053135059685,1295.4473064086787
2035-06-23 21:00:00,6488.709598978644,3917.703249942744,645.5870355102373,4856.670676290342,1226.4674608784337
2035-06-23 22:00:00,6147.243063508304,3628.377089026125,577.3307335249137,4600.966637655409,1107.826763804704
2035-06-23 23:00:00,5727.540826187423,3366.4047807567795,536.2077000303128,4358.20955225569,962.4300133722628
2035-06-24 00:00:00,5589.300989559843,3287.534441608424,510.8162437055095,4288.262647769048,862.4367985339093
2035-06-24 01:00:00,5461.92103946433,3286.795602078368,496.1362237034672,4249.078686980209,825.0874717602617
2035-06-24 02:00:00,5425.77401703894,3168.412470954587,491.725609127779,4234.693109187196,791.2503207208279
2035-06-24 03:00:00,5467.141120361971,3258.5279002661387,489.32331336279856,4187.049577753531,779.9513900018958
2035-06-24 04:00:00,5377.918036983954,3330.227760889772,498.10319785870087,4269.89803359372,809.4847062541631
2035-06-24 05:00:00,5598.687284271389,3567.594487868932,541.6302113294105,4384.929098224287,848.2734269921336
2035-06-24 06:00:00,5903.364906029729,3874.112006618999,586.8155339621736,4554.720305744724,998.1402607323226
2035-06-24 07:00:00,6041.190992237536,3826.1421269108473,584.7788933430013,4609.310402396057,1124.85613567443
2035-06-24 08:00:00,6469.883403088113,3845.066508358205,585.0698930660253,4739.323823032984,1203.343494652604
2035-06-24 09:00:00,6657.172925097596,3879.768794597432,586.4353171490228,4741.932297207744,1205.8206343740007
2035-06-24 10:00:00,6880.054747951466,3841.317906592062,587.5791260648717,4786.786418304298,1223.577649326402
2035-06-24 11:00:00,6769.586402593382,3759.569048946126,592.9216808266777,4685.203142848641,1176.7269172305027
2035-06-24 12:00:00,6588.59407956324,3756.228706656742,571.151683005035,4662.587720431143,1144.7496101876093
2035-06-24 13:00:00,6714.7952322322,3732.105929024324,585.5974607660017,4584.021161096643,1146.1907463009534
2035-06-24 14:00:00,6769.714372712981,3710.087443222183,572.5879790139877,4621.043452708686,1147.9200546875577
2035-06-24 15:00:00,6757.739728172266,3836.756765035895,591.4113267473882,4687.663746302227,1140.5977923060043
2035-06-24 16:00:00,7058.054643272923,3939.934674661612,606.4711268398015,4758.825900326919,1198.4834604460752
2035-06-24 17:00:00,6881.869192123054,4067.693754607631,664.0389916919821,4872.452129608194,1250.778661287504
2035-06-24 18:00:00,6962.035556671324,4158.673893105651,677.9393843838725,4991.010555907803,1288.4786395012738
2035-06-24 19:00:00,6844.018435138599,4134.059072515675,700.7673449302938,4960.32098164984,1289.456998293757
2035-06-24 20:00:00,6977.766307746832,4127.961657854959,692.2316031332621,4868.859175715683,1278.731000713465
2035-06-24 21:00:00,6768.546605669272,3954.8326693521512,656.8643462744706,4835.161983552563,1236.595402287552
2035-06-24 22:00:00,6370.338280211,3591.0278071909283,583.2768270084811,4557.24159050544,1118.9145037031124
2035-06-24 23:00:00,5904.048215885799,3466.63348547479,541.7008033106852,4473.883889437265,972.0216497463392
2035-06-25 00:00:00,5762.139088651418,3297.7599472583684,509.7511411757764,4277.7512612829,870.2781805321654
2035-06-25 01:00:00,5436.36542900619,3243.393995644875,493.5244659194504,4291.275571221101,821.4548439373134
2035-06-25 02:00:00,5520.886200072188,3226.5937859589385,493.6779024964903,4192.040871451393,782.3742492763339
2035-06-25 03:00:00,5447.539940788707,3282.932931385939,502.6031375919723,4177.612261091532,785.2109716739126
2035-06-25 04:00:00,5535.393452410095,3403.3678976933797,498.4874236526464,4264.731776204249,800.8663664343795
2035-06-25 05:00:00,5678.520200173728,3675.202868797618,542.3954236731794,4392.793311080471,864.5533952496918
2035-06-25 06:00:00,5885.473069767875,3826.337356637181,599.725138621935,4630.172166706761,978.9718091122672
2035-06-25 07:00:00,6184.589595425802,3805.168257245041,578.0067422346868,4757.867639711457,1140.2449518246958
2035-06-25 08:00:00,6658.9940230824,3897.6041606080753,592.2191649963656,4742.39302718307,1168.1547736680288
2035-06-25 09:00:00,6810.983667133733,3886.215916314665,583.1614556569702,4698.068492816044,1201.461352815336
2035-06-25 10:00:00,6921.520736469136,3859.145362893611,589.161042372083,4795.908745816439,1242.4239216055637
2035-06-25 11:00:00,6737.772167021015,3772.326808233559,588.4559420983159,4679.749235901367,1203.0799813609256
2035-06-25 12:00:00,6631.859955276002,3771.841717552116,585.1970497363027,4579.750885605221,1165.3121445438069
2035-06-25 13:00:00,6739.800416423032,3777.0883882085527,580.0856735468849,4593.687054152009,1136.409722716377
2035-06-25 14:00:00,6851.893523821958,3739.3253309181487,585.9594639553344,4644.549800519356,1128.098586761099
2035-06-25 15:00:00,6823.602749073518,3786.583656710408,595.4676365633892,4689.563477081323,1167.037276844169
2035-06-25 16:00:00,6953.564679318664,4007.6053034691104,621.4345034607477,4797.879300620729,1202.0686246887294
2035-06-25 17:00:00,6874.865020662546,4104.400965186651,656.3637402578862,4934.974273866192,1236.5897976658257
2035-06-25 18:00:00,6902.554411372189,4131.198025536435,676.9901537377638,4979.83659129081,1318.0169509524194
2035-06-25 19:00:00,7000.898427231317,4180.014809221637,694.2954361930581,5019.425303804635,1290.4388638926662
2035-06-25 20:00:00,6919.226788189082,4100.319504118646,688.441790101906,5076.468687289956,1311.9549926579296
2035-06-25 21:00:00,6594.548189065756,3872.872221565004,665.5379559123945,4828.37434577236,1237.3286368939512
2035-06-25 22:00:00,6364.627475520073,3621.038574841437,575.3301307838982,4583.671297313642,1123.4702800577902
2035-06-25 23:00:00,6034.186905296509,3460.681144923524,536.8124059314762,4440.093890697886,954.8535664534955
2035-06-26 00:00:00,5636.342376062377,3329.4852927410407,496.942417623212,4348.129751713561,872.2341545528151
2035-06-26 01:00:00,5542.505629580261,3233.587174910152,494.004976645178,4265.04983265383,820.4133542471167
2035-06-26 02:00:00,5511.892418950887,3244.863567651408,487.00978737758703,4280.182850481873,789.9264961586845
2035-06-26 03:00:00,5526.819436154201,3295.9130848979385,491.4168093869815,4150.611444798937,797.4947822146952
2035-06-26 04:00:00,5545.994625755733,3377.269804846837,498.4306039060604,4251.185920697913,814.3472951357652
2035-06-26 05:00:00,5666.708467998124,3688.253341272374,542.9284261810958,4367.615031243805,849.3088031957292
2035-06-26 06:00:00,5910.549328576973,3778.524586027588,583.9577300051559,4672.838067860382,988.1343115381889
2035-06-26 07:00:00,6166.531584562899,3883.264460244492,597.2094086522391,4683.355214845545,1137.8113154658563
2035-06-26 08:00:00,6487.310329763274,3916.749593994654,592.4829259742313,4725.938494988684,1192.4010781873085
2035-06-26 09:00:00,6780.405074075847,3894.54108956708,582.1999304650468,4759.646011838957,1215.426007369616
2035-06-26 10:00:00,6891.201337099985,3900.389198300315,591.5937890471057,4781.565665260001,1218.901300056389
2035-06-26 11:00:00,6681.669300476116,3803.381275850533,587.3278995131923,4700.469353312278,1223.2974265265318
2035-06-26 12:00:00,6738.465404562647,3632.315679745656,573.2363166530677,4585.907845001336,1171.3244454849084
2035-06-26 13:00:00,6692.2116278589565,3719.4699327066655,581.980029131414,4612.052310597299,1147.9267632565702
2035-06-26 14:00:00,6792.324190202869,3739.121716067256,580.3194862633452,4644.531714131484,1141.2425203295409
2035-06-26 15:00:00,6809.147006767391,3796.694031819232,596.0337662184996,4689.447555617921,1146.6145864685734
2035-06-26 16:00:00,6812.2390122522365,3937.1189544441377,619.0611044340193,4722.520304128307,1182.7613879426935
2035-06-26 17:00:00,7094.31870377752,4139.130704506551,648.5261149594686,4944.990608665852,1244.459662025307
2035-06-26 18:00:00,7016.232701085497,4198.071728797352,675.4923651952266,5052.897863262204,1291.1413964765989
2035-06-26 19:00:00,6989.28798184991,4183.545376830603,687.9290567945532,5026.392468529248,1297.433168147184
2035-06-26 20:00:00,6992.359022157419,4149.382231706911,690.0249664315121,5149.495952112751,1277.2466296673913
2035-06-26 21:00:00,6764.841406379713,4007.595788639138,665.8211165285774,4869.959510615531,1254.562759526902
2035-06-26 22:00:00,6393.949357411525,3680.4911370646696,592.8134333126661,4558.921589792731,1141.2259432500098
2035-06-26 23:00:00,6097.055510673601,3431.498303865494,535.6274645731074,4409.322593541372,982.0922590169484
2035-06-27 00:00:00,5805.501861905854,3359.330832498285,506.24926740290977,4245.817643783574,861.0265671576984
2035-06-27 01:00:00,5651.017408944927,3266.0368853381124,488.03285160962577,4248.8041419901165,837.8418223913551
2035-06-27 02:00:00,5503.061822086257,3261.4334073062832,495.7943482633015,4213.794664911135,797.2080191496076
2035-06-27 03:00:00,5575.558460599218,3284.071950529062,490.9013942508286,4206.407490405078,803.6813292102411
2035-06-27 04:00:00,5470.584551102387,3342.912039197024,487.9435185369424,4293.752238010258,806.7109591289917
2035-06-27 05:00:00,5720.772421147662,3672.105185741042,534.0858181136863,4417.224996040064,863.200062656544
2035-06-27 06:00:00,5867.985760392758,3758.696828822776,595.6819605862338,4661.667740489756,993.1755147678698
2035-06-27 07:00:00,6232.40520826665,3840.694729719743,591.1040628021424,4657.860570076813,1161.8784607371465
2035-06-27 08:00:00,6514.083101388761,3948.980834370791,604.6928633438154,4679.536522120655,1195.0295744326984
2035-06-27 09:00:00,6727.1178230254245,3904.1726709287686,584.4667566940066,4782.058722001292,1206.8950912692017
2035-06-27 10:00:00,6945.088709447761,3886.704964809606,591.4633089339093,4752.383632523558,1222.4338936218028
2035-06-27 11:00:00,6623.610468858347,3801.281348688556,578.5783256772652,4692.304957980838,1199.6074013765765
2035-06-27 12:00:00,6663.668435681947,3765.007940212202,582.9562481386128,4635.039952636356,1170.7549286456845
2035-06-27 13:00:00,6835.8146548533605,3784.2698099223016,594.3903386802855,4694.077153571305,1142.5409358838574
2035-06-27 14:00:00,6765.706261867843,3833.668210914684,585.6775974969124,4685.6743680213485,1139.0138802030426
2035-06-27 15:00:00,6876.82120921709,3860.020756044036,591.3470031564455,4688.714343849034,1177.688664685645
2035-06-27 16:00:00,6927.857161799418,3967.270838052206,617.6183419689951,4751.429845762696,1212.0531029341655
2035-06-27 17:00:00,6888.9201967961,4108.694867158712,672.6852400762546,4983.245184995189,1249.146791111537
2035-06-27 18:00:00,7030.781991325249,4161.296633946349,675.9424343917321,4988.665008580621,1297.4859139723153
2035-06-27 19:00:00,6877.655042261027,4214.080726423912,695.3263863141485,5032.212325834561,1292.547955162951
2035-06-27 20:00:00,7034.475123392772,4122.4941009006325,698.3297716931359,4986.623359463362,1310.129284604801
2035-06-27 21:00:00,6766.046265716335,3887.473975693823,642.2766521689182,4791.420209783264,1248.5146554105245
2035-06-27 22:00:00,6443.166298804135,3660.76216417983,593.5216738246025,4659.049355053748,1119.2186476156603
2035-06-27 23:00:00,6059.292182814917,3470.958868352417,533.7750004944847,4380.66227503215,961.7119865112428
2035-06-28 00:00:00,5758.590095492983,3294.2205238019046,524.615915006988,4340.583513813758,873.4354230914964
2035-06-28 01:00:00,5673.1041379441385,3306.407735477744,500.6226608777455,4253.230574002529,818.0617484558007
2035-06-28 02:00:00,5592.370546825682,3216.30587638517,487.4785794425644,4322.561631106083,811.8174327238123
2035-06-28 03:00:00,5487.066779590623,3304.3724161334458,492.7412238990164,4190.749856770381,802.7858351189444
2035-06-28 04:00:00,5589.655769589213,3411.433158902628,498.7474448321182,4277.951080474518,801.8844853731814
2035-06-28 05:00:00,5684.712712533635,3608.05536236392,535.5490924915546,4382.536263848633,851.5956663148137
2035-06-28 06:00:00,5835.698276523968,3859.135250850206,595.3874131740766,4645.548630917584,993.0734980060084
2035-06-28 07:00:00,6093.434840303612,3887.421440614981,594.0922776107908,4738.277810984066,1152.8479953756414
2035-06-28 08:00:00,6522.194229692924,3851.4069714936727,598.3677306164111,4749.821601560817,1198.5804483372608
2035-06-28 09:00:00,6836.1599777782185,3933.1020780051263,595.017216434089,4786.439432283524,1248.451841347308
2035-06-28 10:00:00,6899.318744130222,3887.122533112257,582.3173002638562,4711.738431350726,1228.0463930780454
2035-06-28 11:00:00,6845.674600677156,3816.341651072712,589.7195037304783,4703.144991141611,1227.6238103511998
2035-06-28 12:00:00,6676.547668110487,3841.0875620995407,580.1347090092323,4661.273652876694,1165.1846997775313
2035-06-28 13:00:00,6777.928152600408,3837.0429515317087,580.652345095381,4589.060038313065,1128.1829873226325
2035-06-28 14:00:00,6754.2684629010455,3806.35421841927,589.0352787913183,4710.825766366722,1145.1937599723224
2035-06-28 15:00:00,6879.4910225800295,3865.635071109762,591.6437754362081,4724.594708537037,1136.613791755562
2035-06-28 16:00:00,6913.083936088868,4006.5766657539625,626.6716791002561,4946.74669350411,1188.082081710552
2035-06-28 17:00:00,7013.693899966569,4148.501245758564,657.3084121780694,4960.317045743088,1258.7849330577317
2035-06-28 18:00:00,7009.410320856395,4150.168882162311,697.7724616982674,5079.968900347529,1298.7584636335826
2035-06-28 19:00:00,6984.541671359093,4202.867144367344,694.0244241790391,5108.146769138478,1319.5886047150004
2035-06-28 20:00:00,6901.2981236594,4122.002130973785,690.5512782128644,5017.280837034964,1289.581687683228
2035-06-28 21:00:00,6773.911687654555,3978.441948398064,655.5264704038416,4853.714333696119,1253.606798715865
2035-06-28 22:00:00,6498.507461754901,3728.08869669408,587.924128675447,4628.758973816926,1111.7361019829473
2035-06-28 23:00:00,6067.572531366293,3460.988292978788,541.2455919002691,4398.040423532391,949.5956614965098
2035-06-29 00:00:00,5685.386459911126,3341.262831234548,512.1894436140708,4316.911176790155,865.7120724183113
2035-06-29 01:00:00,5635.850031208069,3272.14363511424,498.833735335345,4252.932901200442,813.4399389143197
2035-06-29 02:00:00,5381.769220450747,3127.213406796749,493.5558126548761,4272.384889125427,798.6140826083579
2035-06-29 03:00:00,5408.124712942611,3228.933716445755,487.2853639174293,4177.924009990313,793.9161065729866
2035-06-29 04:00:00,5481.820797659647,3336.21977961322,501.6393180637049,4206.029132383125,805.6354421857355
2035-06-29 05:00:00,5619.6582942358245,3612.782536594648,533.8106594666443,4388.157766469503,835.3848855453979
2035-06-29 06:00:00,6006.56228500777,3867.394361816503,593.7351848627367,4630.505227046011,989.2529937034004
2035-06-29 07:00:00,6064.687784680761,3860.903182370101,592.5851600353891,4679.221742205196,1133.2807292867776
2035-06-29 08:00:00,6416.566965000474,3887.361839084255,597.0276763407595,4665.910629661737,1180.5295440508671
2035-06-29 09:00:00,6852.724222778576,3812.7068935104994,579.2314650057964,4834.112869414795,1196.3275174568903
2035-06-29 10:00:00,6825.49610861966,3895.5232484349767,585.8549049892075,4720.4104487068535,1221.0199407375285
2035-06-29 11:00:00,6585.146574151692,3813.94806535599,590.2294892188165,4735.274460109632,1191.7888993789215
2035-06-29 12:00:00,6592.716999262203,3699.571442623207,581.3413513975081,4596.019768366759,1151.0019111702593
2035-06-29 13:00:00,6738.355181102195,3774.956963868205,591.5146427992013,4631.77755226472,1130.7304901000418
2035-06-29 14:00:00,6709.850299926506,3802.774155136591,588.5854168825972,4643.479397079154,1130.8658151669044
2035-06-29 15:00:00,6685.38162048311,3771.367946661954,592.623759618961,4648.32240328008,1133.0128725869208
2035-06-29 16:00:00,6909.14556863111,3980.781720738063,623.6498655169845,4800.894282732597,1216.9742813272828
2035-06-29 17:00:00,6983.987486793335,4119.501848164026,665.6203413181147,4892.275662302151,1263.3485576376856
2035-06-29 18:00:00,6969.285188637867,4100.288643989176,693.1157394390046,4984.193998705752,1298.410716309734
2035-06-29 19:00:00,6920.090739824924,4253.670905891103,702.1845088000657,5059.234278328788,1298.782884616865
2035-06-29 20:00:00,6917.187476646907,4202.427249112662,702.8608730360264,4993.036117379879,1278.794557475814
2035-06-29 21:00:00,6659.489552461064,3886.683447297208,652.8962537735855,4894.418181965342,1234.9668950790656
2035-06-29 22:00:00,6349.832224089538,3720.92267323552,594.78706043544,4627.472217082969,1107.023668631741
2035-06-29 23:00:00,5793.328017666846,3467.182422454832,545.9985815423605,4444.410144973043,962.1578144684188
2035-06-30 00:00:00,5456.940019895729,3311.5097307527194,506.5321933450086,4274.895847500499,864.9401059447389
2035-06-30 01:00:00,5376.007832120172,3218.2731777979197,487.79527269245057,4251.182643022301,816.9996475709761
2035-06-30 02:00:00,5273.803751556626,3233.604867251953,480.0245564184853,4249.2225646331135,790.2663979060031
2035-06-30 03:00:00,5321.926742991004,3194.168759841854,499.6343820772625,4215.170542230341,785.2101552810099
2035-06-30 04:00:00,5332.685555951711,3290.563734157614,497.4301884587603,4183.105147592293,799.1371658053699
2035-06-30 05:00:00,5400.213517905863,3616.4527432629657,527.7832526428163,4317.33184737617,838.0066559049029
2035-06-30 06:00:00,5665.87277342189,3703.678954304548,583.9989988967582,4619.986854110115,992.5962422651276
2035-06-30 07:00:00,5756.609516447397,3833.869305509548,588.8270130165776,4812.15879357026,1147.5139531670418
2035-06-30 08:00:00,6221.5281878986425,3854.639808813681,597.3620859039705,4778.696024040966,1197.8989903709503
2035-06-30 09:00:00,6479.110463750681,3808.542414063816,591.6088187837233,4731.695105197729,1216.9820551330629
2035-06-30 10:00:00,6537.016836422194,3785.733278297641,588.2666004684398,4752.51310379758,1210.5393407309853
2035-06-30 11:00:00,6456.860835797435,3795.7495825419783,595.3400972746488,4628.01171168731,1207.035363532272
2035-06-30 12:00:00,6476.272237892137,3678.140455602929,579.722041462865,4708.12994063466,1156.6750324808695
2035-06-30 13:00:00,6468.999267479915,3641.399812269171,580.2299569135164,4569.091750247264,1139.3921374896397
2035-06-30 14:00:00,6537.694909275428,3752.253361765678,573.5093194575837,4640.436317892335,1147.3799969838096
2035-06-30 15:00:00,6602.482505597766,3829.809088964689,588.3789092878754,4634.588247720704,1158.2691461117795
2035-06-30 16:00:00,6534.040940525786,3930.16977537361,608.1429356924963,4809.744405263421,1192.3736841945968
2035-06-30 17:00:00,6762.462945042131,4024.558188474847,646.3847023827798,4999.512942938307,1260.239928213084
2035-06-30 18:00:00,6618.440930019125,4117.6859694650975,670.655138030966,4961.279243028919,1301.2423037093522
2035-06-30 19:00:00,6638.066539042797,4115.592689016847,691.5385090846581,5012.344017494788,1280.2090516559094
2035-06-30 20:00:00,6705.198694955155,4099.890687710673,688.8100437226642,5046.286705317941,1288.801463326074
2035-06-30 21:00:00,6427.117997801413,3860.7916786197393,648.5494131237067,4828.19802487999,1217.182197381009
2035-06-30 22:00:00,6184.886718046615,3644.145331125908,586.9635876452477,4636.836298916817,1104.3377654713208
2035-06-30 23:00:00,5778.172673343934,3399.6871867666164,540.3553095557656,4396.464498900546,966.0414853712056
2035-07-01 00:00:00,6120.468124721833,3555.670831554612,595.9225242528555,4671.987971334507,928.8220077988508
2035-07-01 01:00:00,5983.475476505959,3489.614079344567,564.8372695948365,4459.483774790544,881.5817210339508
2035-07-01 02:00:00,6021.029261868245,3425.1461516702784,566.6813542241088,4493.46304294911,862.4886972319382
2035-07-01 03:00:00,5922.056397708498,3474.118145831233,562.0213405931695,4436.517013878488,858.3956896111779
2035-07-01 04:00:00,5923.240941116183,3636.943099717698,578.1703732348545,4521.3780922093165,867.2063706606353
2035-07-01 05:00:00,6108.623619219829,3869.0254059153326,621.6106763682919,4677.819206797157,904.3294509501176
2035-07-01 06:00:00,6402.582996797055,4164.357793687096,677.68992706048,4970.703920880459,1067.2844761177894
2035-07-01 07:00:00,6721.524598162164,4164.507593028844,700.8523803428183,4952.794593614484,1237.167786906191
2035-07-01 08:00:00,6929.586014979762,4190.507192835872,687.1003139949208,5066.176934628478,1282.1808679794512
2035-07-01 09:00:00,7297.689034764711,4184.596859681186,671.5455639589572,5075.433377853398,1297.5956501459857
2035-07-01 10:00:00,7370.654827402222,4063.082244190145,678.2252311202817,5052.448157383855,1298.4136647782234
2035-07-01 11:00:00,7272.956048800724,4097.713656520587,680.9921227269507,5058.6059371990805,1301.6178072853388
2035-07-01 12:00:00,7153.295647119183,3995.0847635342384,670.2216694670765,4875.611014433372,1245.4939874279614
2035-07-01 13:00:00,7307.1615933670755,4063.344873291264,660.7604542421567,4968.71837066687,1205.069432242575
2035-07-01 14:00:00,7434.381474721957,4053.690220901225,680.8879438690491,4927.218027469793,1237.8982984528411
2035-07-01 15:00:00,7430.730088395619,4207.300010155225,703.2165986430879,4934.617552131143,1224.250859439774
2035-07-01 16:00:00,7402.865284888132,4234.898898380838,712.1107502771421,5057.881293231276,1260.7408024098486
2035-07-01 17:00:00,7523.785671605929,4462.536972784955,754.1740971979814,5304.484023631147,1333.9174649407362
2035-07-01 18:00:00,7549.918112865335,4459.115289358404,801.1540174650028,5331.804104130789,1427.692826157553
2035-07-01 19:00:00,7514.767443779713,4550.3960398146055,803.8880785658516,5369.185035947795,1373.3825795338946
2035-07-01 20:00:00,7538.288332387447,4531.202793800405,790.1311080973227,5408.755033216212,1361.8336112084714
2035-07-01 21:00:00,7335.550791280222,4321.500437386043,740.1416805594041,5210.591819986022,1322.6079428709552
2035-07-01 22:00:00,6924.05363509965,3986.61923236349,674.8882158784446,4993.515597908028,1198.992417408086
2035-07-01 23:00:00,6378.6526881770205,3699.656239316917,619.5072883619706,4734.035772509619,1013.555974464205
2035-07-02 00:00:00,6106.481480560155,3591.517441954839,592.7613920208696,4569.211439096549,947.94335501171
2035-07-02 01:00:00,6080.361547598621,3512.1465954885207,579.1444548105992,4555.254082315001,876.4421195759653
2035-07-02 02:00:00,5946.178550702738,3517.166109801113,571.214676128747,4491.345019517965,851.0735609786437
2035-07-02 03:00:00,5981.849196045249,3524.9578426870785,568.6922324581406,4497.495534031995,845.9170087461804
2035-07-02 04:00:00,5974.79734995001,3627.6107161168975,568.827125548375,4451.882636111192,857.6015286725492
2035-07-02 05:00:00,6149.953488038656,3925.6441090746544,615.1935174936278,4632.518705758866,917.7090679718738
2035-07-02 06:00:00,6390.529057541347,4137.915685880652,671.742508622145,4913.207753088783,1074.9792280842355
2035-07-02 07:00:00,6657.4081861333525,4143.695299055495,687.0735947140851,5035.479745781073,1234.8203723933266
2035-07-02 08:00:00,6974.306341474329,4183.939434481963,688.1481525871284,5073.146815281955,1280.2365382734806
2035-07-02 09:00:00,7216.089050556442,4199.843387093882,674.6356466723729,5204.877094946331,1341.4494345916962
2035-07-02 10:00:00,7413.072545664527,4108.576447345076,682.2841695118747,5008.076119895725,1323.9294834217358
2035-07-02 11:00:00,7356.8491454400755,4063.515966073989,678.8839985497452,4963.586288829024,1324.4725898666984
2035-07-02 12:00:00,7231.198174166319,4005.918222690517,665.5627176059257,4863.61387345198,1254.509889564959
2035-07-02 13:00:00,7323.27112043255,3999.017413784317,678.7946412948278,4836.482238764287,1214.7270193114773
2035-07-02 14:00:00,7246.769864065641,4079.745792416082,669.5025398409337,4978.124404889648,1219.7546049376526
2035-07-02 15:00:00,7353.001904610358,4140.637701641546,687.9329771205158,5026.805489894055,1253.6482061591648
2035-07-02 16:00:00,7537.587362768148,4378.7571495430575,726.5045889912176,5072.338663797888,1278.773811919181
2035-07-02 17:00:00,7542.419233112959,4450.633882191423,763.6270891807197,5187.151849564622,1357.2580957903751
2035-07-02 18:00:00,7692.023786435237,4524.078637955948,772.0698869647384,5489.453621561569,1398.1924370771517
2035-07-02 19:00:00,7569.137579197208,4604.10008186759,810.140288588352,5368.288771373907,1395.1846327448295
2035-07-02 20:00:00,7689.785046375364,4448.999820906169,798.9115508508143,5396.236520282816,1399.0372465355606
2035-07-02 21:00:00,7409.748405821924,4206.800779869295,759.3659999253988,5205.780945453841,1328.6959172495283
2035-07-02 22:00:00,6976.212098738396,3965.7666438474007,677.8255858428823,4862.9592628563305,1216.0361417767529
2035-07-02 23:00:00,6578.14346532444,3697.934919988534,623.4296650876897,4704.953347301092,1047.9287292737029
2035-07-03 00:00:00,6339.866125056756,3522.5876667832945,595.3465312828783,4561.64300417522,927.146520380042
2035-07-03 01:00:00,6145.178913419159,3473.0451319826097,571.6914511317308,4520.65664592423,876.2624645023536
2035-07-03 02:00:00,6095.912073890797,3468.2975447360927,567.660052015404,4490.450068739282,868.2154053353789
2035-07-03 03:00:00,5823.660609525523,3497.8192683456423,562.839393188207,4463.300811549858,862.0666731088739
2035-07-03 04:00:00,5912.614317434806,3645.682787248325,577.2333048725069,4514.224926015197,873.6637812796573
2035-07-03 05:00:00,6091.342753875811,3967.225882218648,627.2514575513057,4702.020232534742,924.3999463188786
2035-07-03 06:00:00,6427.669708907715,4145.968501172986,683.3699226203888,4918.886986857798,1071.630273532199
2035-07-03 07:00:00,6642.9484973304425,4176.441726478257,693.1204164951872,5011.333992241891,1229.9934157600887
2035-07-03 08:00:00,7122.853620708937,4264.429513687669,680.6847400597092,5050.683376303287,1310.9021061484923
2035-07-03 09:00:00,7275.321787379159,4194.887492280775,667.531390700668,5072.576735946132,1302.9135399912043
2035-07-03 10:00:00,7450.388823136596,4266.817058172908,692.3764802244377,5073.452721440142,1310.6011312623982
2035-07-03 11:00:00,7448.982509289888,4080.428692923439,692.694118071192,5012.229951466939,1305.0072624976394
2035-07-03 12:00:00,7193.058374689247,4023.1567286967593,664.9349838873723,4901.459388510384,1282.5152508646538
2035-07-03 13:00:00,7404.244684351048,4078.016057325316,674.791581541129,4941.806795211644,1224.0183260459844
2035-07-03 14:00:00,7421.6985408565,4082.897376062694,658.2267484599286,5047.173642075196,1228.415336938648
2035-07-03 15:00:00,7357.679810439338,4184.28887671404,684.317090340042,5053.077282892568,1250.360119486841
2035-07-03 16:00:00,7513.252370415274,4340.019506107356,714.7416591002287,5110.978444928063,1351.4259501999031
2035-07-03 17:00:00,7679.892464808696,4539.602553255366,767.9108285004384,5241.544119717743,1370.6285619791872
2035-07-03 18:00:00,7536.922808485823,4545.259233230696,783.2777649607416,5417.036401463365,1384.2357049044208
2035-07-03 19:00:00,7484.924661632437,4581.979444038984,797.0062563383216,5351.538967954515,1417.3756391728944
2035-07-03 20:00:00,7537.886119446071,4518.039010042038,806.2010868954626,5307.86827201793,1414.8836355775647
2035-07-03 21:00:00,7485.910541303235,4199.683167979083,757.9279360518801,5145.522299494275,1361.828508044723
2035-07-03 22:00:00,7007.396671314842,4000.359963080946,681.6860469261092,5020.254466458215,1238.3820882038517
2035-07-03 23:00:00,6551.623301241445,3732.480140505916,620.1743244940741,4695.569866602646,1056.5532184456326
2035-07-04 00:00:00,6256.809992977186,3562.056725529564,590.2185819548725,4593.799627111204,952.6708979982922
2035-07-04 01:00:00,6124.262991098524,3536.924960185582,582.4244300753256,4535.080963557837,892.4155772068054
2035-07-04 02:00:00,6050.939882256943,3477.8058202569587,563.0023128752573,4433.255496771452,842.5786570164855
2035-07-04 03:00:00,5934.409972910992,3545.9557814410755,568.539476009561,4464.248026513019,861.9886649597339
2035-07-04 04:00:00,6013.478534468751,3660.914126247346,568.9770386934277,4517.077955457473,875.5499336094576
2035-07-04 05:00:00,6074.81535028896,3963.9814929059,634.940983614367,4787.949625340142,926.74877067038
2035-07-04 06:00:00,6392.853774996852,4113.89070339884,682.2450858670912,5008.362115281317,1067.5007873796308
2035-07-04 07:00:00,6768.984334166199,4110.285952773617,682.2494375552427,5043.331729477922,1231.711210240206
2035-07-04 08:00:00,7182.557712788111,4243.88138425486,690.4971654164262,5085.676292447459,1281.454925424084
2035-07-04 09:00:00,7467.380593264194,4225.09323653455,671.6243946488895,5108.480642920308,1326.4593574694877
2035-07-04 10:00:00,7456.406004808686,4194.972079809285,679.2956008374485,5129.763753399062,1306.887958259766
2035-07-04 11:00:00,7277.029841374393,4187.658853196646,664.5954924479403,5059.911791223924,1315.9103410382372
2035-07-04 12:00:00,7385.509087041487,3958.601620737064,669.604528253263,4970.71009082565,1252.2228492722647
2035-07-04 13:00:00,7366.832398900154,4083.256677968293,675.4921520071612,4976.150746972156,1248.5155643928658
2035-07-04 14:00:00,7593.8256182485375,4098.371022884421,671.7457292308868,4813.1308069858815,1236.6057483888565
2035-07-04 15:00:00,7528.415013515039,4161.070144384811,688.154647743119,5019.666776164215,1251.3472991904807
2035-07-04 16:00:00,7539.062061300778,4269.592172565501,689.5427512573926,5135.860024063559,1286.683433486303
2035-07-04 17:00:00,7607.868585534843,4535.388943469622,759.5599741601376,5349.905844034209,1372.0517744140927
2035-07-04 18:00:00,7517.666389415454,4536.456920104882,791.4879320623612,5391.161413976781,1388.6926489448435
2035-07-04 19:00:00,7735.201272063219,4652.222353287189,811.8210518391919,5463.369001556653,1386.8555345435527
2035-07-04 20:00:00,7653.313388623895,4508.694068550184,794.4202549975467,5339.154730505101,1389.7719039104602
2035-07-04 21:00:00,7356.898863532768,4291.541321523933,748.0676488450808,5140.64439460915,1350.628944091996
2035-07-04 22:00:00,7096.101973980047,3988.807633753906,684.5662690128245,4953.560897519373,1219.2455260059266
2035-07-04 23:00:00,6552.056755258288,3751.544694416596,622.2159170873202,4639.869631142091,1037.532695252233
2035-07-05 00:00:00,6200.3223906232215,3549.423220427609,596.8668705907654,4595.789016014028,942.482325003254
2035-07-05 01:00:00,6070.2914767873135,3495.0427542414573,575.1191692189901,4600.203937299647,886.8993391369154
2035-07-05 02:00:00,5951.640917118652,3491.930055874812,567.0691326283794,4503.823311595915,864.8031916380526
2035-07-05 03:00:00,5949.003655449778,3532.621386493769,576.0504083581616,4474.3797039064575,863.7586867302317
2035-07-05 04:00:00,6076.37898458267,3627.203425675125,576.0780231835188,4590.429585649653,878.773958492911
2035-07-05 05:00:00,6207.962862604523,3901.54209688878,613.776555253866,4755.942564725103,931.4181513115884
2035-07-05 06:00:00,6478.221413957295,4219.50588223026,686.9094263841478,5070.846303025913,1077.1668080265897
2035-07-05 07:00:00,6748.631699726709,4133.342143511223,693.6738583150276,5057.7652587149605,1238.2340702376878
2035-07-05 08:00:00,7080.7147224173,4200.200451107426,682.7985043323563,5118.941749128324,1288.4318472517948
2035-07-05 09:00:00,7421.28061417128,4155.344142528697,687.510261265888,5117.181744845183,1301.2967444569813
2035-07-05 10:00:00,7556.756999715665,4277.366477395076,686.69489573198,5073.929096506051,1317.9763780009869
2035-07-05 11:00:00,7441.960232668297,4194.251703460322,676.6310064555063,5090.345713777046,1283.686276784891
2035-07-05 12:00:00,7160.258389248986,4169.042466240056,671.9038359508492,4916.501864622252,1260.5792345273455
2035-07-05 13:00:00,7378.85548907332,4014.87955675534,679.2589156073354,4947.150948641237,1221.0129907750436
2035-07-05 14:00:00,7359.957746677924,4120.3515733428485,676.6324357624462,4973.585419620669,1221.6501406835578
2035-07-05 15:00:00,7380.172661416705,4162.929673194227,692.7108468238423,5030.914757502827,1243.5246695158207
2035-07-05 16:00:00,7408.324307270722,4334.330482043564,707.4209232035367,5116.867742002306,1296.4323638472326
2035-07-05 17:00:00,7607.73313838966,4477.444512812679,764.4293754696546,5224.743835962568,1340.3323508333033
2035-07-05 18:00:00,7568.265224486365,4556.84173573519,781.6586210375546,5438.360977295885,1421.5999914767797
2035-07-05 19:00:00,7575.256136205657,4563.219517598729,812.5062478121308,5442.095337391566,1386.568406022472
2035-07-05 20:00:00,7637.463547825415,4439.669672757756,793.0072435155976,5343.638724431504,1396.1521311042118
2035-07-05 21:00:00,7316.357943586866,4189.143106909167,751.2757736265168,5152.104425199746,1356.7231416013587
2035-07-05 22:00:00,6945.224495863791,3947.967588334255,678.3400898973337,4964.808539263408,1209.8563486703238
2035-07-05 23:00:00,6571.536478978865,3798.394931438641,627.0735461931639,4790.510940661878,1034.746254057338
2035-07-06 00:00:00,6168.857119623519,3587.977172121214,591.6227546894361,4620.375818133115,926.6785337212724
2035-07-06 01:00:00,6020.992054265243,3510.9688830599653,564.7048524661341,4487.0314238533865,880.1908036691773
2035-07-06 02:00:00,5931.250929250377,3462.346763918252,567.1306595722971,4571.586315473173,857.9375743828664
2035-07-06 03:00:00,5877.443194741545,3557.750834682205,563.4447536645697,4487.289335193384,849.7697405973139
2035-07-06 04:00:00,5930.034915398822,3700.915370621634,573.7267801709417,4549.722065626484,855.4853360066746
2035-07-06 05:00:00,6160.016316782405,3923.7381540462015,624.5856166350931,4625.083186842759,912.4787377634518
2035-07-06 06:00:00,6262.645585515104,4137.806299578322,690.3149180526673,5021.177684848117,1068.6386780870253
2035-07-06 07:00:00,6661.366150986453,4132.238897265621,683.6781742263827,5110.50677035398,1209.0683008646863
2035-07-06 08:00:00,6932.947011980722,4203.648767200885,678.2673570349014,5067.110972269828,1280.6336364874287
2035-07-06 09:00:00,7324.147405529128,4217.345343687884,680.8309557236097,5177.242823237258,1298.914102424326
2035-07-06 10:00:00,7360.863624980151,4201.617765955524,668.7562978928617,5076.219901311847,1282.0174157934557
2035-07-06 11:00:00,7360.158339537608,4076.532269768618,674.0676588677094,5032.008503015219,1282.389579530408
2035-07-06 12:00:00,7211.207946853778,4039.684937470396,674.0552350530832,4914.496246403019,1232.3866715557965
2035-07-06 13:00:00,7238.932408583454,4073.336005583637,677.5682002009199,4918.509056009826,1243.7871334703386
2035-07-06 14:00:00,7338.178321322185,4078.072045679434,675.3219491645173,4927.054403318745,1221.9657177457198
2035-07-06 15:00:00,7452.158852455337,4040.083730842799,673.89043890156,4949.091040353604,1258.295681261391
2035-07-06 16:00:00,7410.197496922228,4260.132504799434,698.7437266746347,5086.379527430984,1317.7155267265985
2035-07-06 17:00:00,7477.616314094322,4453.665446740413,768.2817249287058,5207.780117951491,1357.3911373618396
2035-07-06 18:00:00,7508.321094255461,4447.818059669944,800.9284038024218,5363.904352723775,1370.872612650115
2035-07-06 19:00:00,7546.177805316712,4538.932590169926,802.5399722087936,5336.319698742686,1382.4154161980891
2035-07-06 20:00:00,7537.035869194017,4516.080127602345,788.2675516550196,5386.82345097105,1385.3790076104865
2035-07-06 21:00:00,7331.69076281735,4239.736337088787,748.3114894322796,5184.920917116599,1323.266035514294
2035-07-06 22:00:00,6956.078971967419,3922.218123902162,676.202109877903,4883.08721456524,1208.574722182763
2035-07-06 23:00:00,6365.770367525091,3699.3380793632655,613.4471338505329,4656.881814405467,1039.9883862289096
2035-07-07 00:00:00,5970.783569861588,3518.1642520808387,586.8034853569338,4601.826196857335,910.8464430977627
2035-07-07 01:00:00,5873.723657237901,3400.276005832968,572.4602734899909,4449.576369669461,882.9633604869073
2035-07-07 02:00:00,5751.9083799136615,3450.2398523514253,564.8408059615788,4444.80887852341,850.0484203871584
2035-07-07 03:00:00,5760.141904607949,3495.233289849247,566.9267947992361,4377.767985582292,848.3959582956691
2035-07-07 04:00:00,5701.174048240616,3593.027775549897,575.1464787858265,4522.344447951587,867.9041740717798
2035-07-07 05:00:00,5960.58728036895,3940.384028265264,626.4126198836024,4681.117698270258,894.3445528277753
2035-07-07 06:00:00,6152.923576483335,4033.92817991342,677.3948345052781,4894.160925692595,1066.352096832932
2035-07-07 07:00:00,6456.659057315265,4096.672620114777,672.7727742999725,5040.844674308795,1201.7651966299122
2035-07-07 08:00:00,6835.625647056844,4236.739459542793,675.8607124780658,4995.413653542009,1292.3840528923506
2035-07-07 09:00:00,7145.6376457763545,4128.278675409373,681.7323021058014,5107.89201629664,1316.3320769419054
2035-07-07 10:00:00,7289.897995929807,4128.5562224366495,685.8434733083676,5089.498666708207,1293.2939171409594
2035-07-07 11:00:00,7075.919583037703,4061.065513258646,675.4386406067348,4952.501375419452,1272.1361386735643
2035-07-07 12:00:00,6943.161805456115,3992.999549497041,672.4728470698203,4948.146628687212,1254.8369891205195
2035-07-07 13:00:00,7000.078464415017,4067.546167613112,676.5445251575965,4852.727858756724,1225.0224665632895
2035-07-07 14:00:00,7110.320613980787,4046.448767777474,673.6470336101936,4905.216258939588,1213.7946211947187
2035-07-07 15:00:00,7097.908598271307,4157.898551539166,683.0053566621672,4913.200889898068,1225.2078194771104
2035-07-07 16:00:00,7228.833929105431,4215.71924868742,699.4546388537431,5004.777603768419,1286.565818273073
2035-07-07 17:00:00,7251.93656689217,4474.272730969796,744.1597813169798,5253.949363759423,1362.7090675941845
2035-07-07 18:00:00,7276.270162555946,4481.343925846192,787.6605030665573,5339.512284529572,1390.325260508063
2035-07-07 19:00:00,7276.039864031095,4551.600260294178,803.0541938885162,5377.686227868752,1392.050968867588
2035-07-07 20:00:00,7216.772860060754,4398.17403956936,799.0824232607237,5285.960929061535,1367.9150479370276
2035-07-07 21:00:00,7149.608090290682,4152.163101797785,768.4307090206494,5149.401256147446,1313.6517666792463
2035-07-07 22:00:00,6637.359330119098,3947.071236833476,680.6451214663342,4889.889868368915,1215.6145722199792
2035-07-07 23:00:00,6314.102128246666,3666.752301441319,620.984587421153,4610.7135607732325,1032.446809912511
2035-07-08 00:00:00,6045.401211831002,3569.4997626472336,582.7981281724003,4566.831613903056,941.3223667003946
2035-07-08 01:00:00,5977.372768542943,3530.2562653677987,568.1435991212344,4461.344816626599,890.820146327902
2035-07-08 02:00:00,5980.358965096345,3501.1797945671883,566.0032903388585,4517.938243669823,848.3317477025304
2035-07-08 03:00:00,5895.673063415967,3574.67118082357,569.5185109338803,4484.44415189846,827.9783413746767
2035-07-08 04:00:00,5946.562042704101,3557.476021399553,567.5328988977329,4543.297980098476,855.983171720925
2035-07-08 05:00:00,6225.876642076217,4003.638056882839,628.1600058440358,4660.321085223309,901.7293273864816
2035-07-08 06:00:00,6409.603074714313,4157.726259022913,674.2587021829306,4958.752282348576,1066.1021444664304
2035-07-08 07:00:00,6612.482365108612,4098.58820378437,687.641546816151,5062.062123015855,1225.2005839102446
2035-07-08 08:00:00,7107.201779680434,4216.794975877414,683.560248152624,5131.209910984021,1292.4975979467647
2035-07-08 09:00:00,7326.427930908675,4192.114618421056,676.8976872613198,5010.336210778853,1315.1115789534915
2035-07-08 10:00:00,7442.868651377783,4178.320383778709,681.5400463966948,4949.67372249096,1307.6965359866035
2035-07-08 11:00:00,7282.705885298107,4131.639040798045,673.8681116935406,4957.159251592567,1284.452246222406
2035-07-08 12:00:00,7190.747298608926,3988.289918255567,661.4497405834046,4991.16135406295,1240.9496348001494
2035-07-08 13:00:00,7124.178071381844,4048.5137577037017,671.4311194045196,4961.932168946712,1238.3684175014123
2035-07-08 14:00:00,7371.813908167624,4087.69455612953,673.3115720654083,4932.95951592566,1242.785614100102
2035-07-08 15:00:00,7430.97410855423,4144.182539561694,671.5686105627873,5102.247978272299,1272.0254422297255
2035-07-08 16:00:00,7404.149590735506,4249.311306713978,710.3296712144514,5073.6292724684445,1294.0269469266148
2035-07-08 17:00:00,7590.330517177917,4483.547108691164,760.9016248991762,5318.005403437628,1341.0129902169504
2035-07-08 18:00:00,7485.780913020367,4507.331661073278,782.6574460975105,5386.154563011671,1396.102404709962
2035-07-08 19:00:00,7507.009866609765,4519.18085385767,784.651608563639,5386.489931742882,1370.382071280398
2035-07-08 20:00:00,7686.678766092509,4480.212138734007,797.1371548070507,5352.493354952928,1369.8134025307213
2035-07-08 21:00:00,7371.010404202964,4285.936254057998,761.1526207995396,5243.585534595254,1340.3998200105978
2035-07-08 22:00:00,6958.448889668836,3965.8527370023926,683.5166890653609,4990.498792566219,1192.7759607822204
2035-07-08 23:00:00,6541.864294431353,3731.258236057544,621.8031770807532,4684.797077706982,1025.3877729649128
2035-07-09 00:00:00,6235.551288572033,3608.801770041897,593.8181488902748,4573.632903636477,940.5287523639428
2035-07-09 01:00:00,5969.714010692545,3553.422689866121,569.8168953198663,4456.172781756634,888.2074828495789
2035-07-09 02:00:00,5968.634766579744,3447.657929066849,565.229479282744,4455.852211754277,869.6222329631731
2035-07-09 03:00:00,5970.168909842357,3497.8623231003003,567.447429392775,4514.985531482217,856.1439538043624
2035-07-09 04:00:00,6104.443991404136,3686.307328437677,570.9082373326208,4589.765626268198,865.7018946157885
2035-07-09 05:00:00,6161.725442128269,3860.634572445211,628.3357459544308,4663.767848701381,915.956450387473
2035-07-09 06:00:00,6378.341471425311,4081.089679123642,694.8733576211312,4885.3559599056525,1068.2976771329309
2035-07-09 07:00:00,6688.989383872508,4167.902059072946,694.3809225848082,4989.079041311982,1236.0233743115748
2035-07-09 08:00:00,7066.234717015206,4206.599131688154,686.4193113848062,5100.177828234288,1281.410293375971
2035-07-09 09:00:00,7395.43917063716,4229.087777877429,677.8379120658528,5041.0522383914,1339.53275919884
2035-07-09 10:00:00,7555.886511342041,4262.816163672124,683.4985774925393,5050.573019483667,1303.2769141288409
2035-07-09 11:00:00,7277.844789100573,4150.200802716631,675.6043903789753,4937.803293069629,1315.6510522020965
2035-07-09 12:00:00,7272.186345447797,3923.950494229567,669.9133992486442,4914.225579520472,1248.3598212011796
2035-07-09 13:00:00,7335.128798657538,4110.742094879016,668.2774355360533,4962.143497124136,1238.3179998857424
2035-07-09 14:00:00,7342.756238502857,4100.240983126141,685.4324117098246,4955.72146284154,1235.6480599504598
2035-07-09 15:00:00,7421.58696013941,4131.327767289192,682.9181046200366,4968.360038718391,1249.122959154946
2035-07-09 16:00:00,7441.266387956909,4236.88226347797,708.4477056243151,5082.380509792512,1328.482867060706
2035-07-09 17:00:00,7563.2562518382365,4483.344515505136,752.0015312240872,5289.0461275435,1349.2834195035975
2035-07-09 18:00:00,7562.5230972186355,4517.706627494854,781.0801646453444,5374.288040112772,1410.404259821121
2035-07-09 19:00:00,7511.273395092467,4464.416395703393,793.4140447127005,5404.557702472849,1405.6895037009842
2035-07-09 20:00:00,7462.9611967330175,4485.575109529538,802.7183435201794,5350.053897659492,1412.851592201079
2035-07-09 21:00:00,7362.152517724538,4212.526424265365,735.1377184880381,5279.248074252138,1347.0676915626382
2035-07-09 22:00:00,7028.979746036663,3933.542545930312,684.9894804888089,4924.240600319711,1220.8683784895495
2035-07-09 23:00:00,6601.493622961507,3729.2253198414255,630.2534940446061,4728.429306698182,1054.359011487014
2035-07-10 00:00:00,6204.977864308089,3622.373451040458,583.6243207115665,4578.146802679076,937.1477880638644
2035-07-10 01:00:00,6123.450163838618,3492.3177544772666,569.951930153679,4518.21288317105,880.5675960010394
2035-07-10 02:00:00,6136.031298399719,3467.537666003627,565.0189249480738,4468.242324744675,870.343708140696
2035-07-10 03:00:00,5966.36023893538,3552.959964082405,565.0039905612449,4467.590698447114,848.5813263797917
2035-07-10 04:00:00,5972.057273926578,3568.0582002035144,566.0208993997029,4557.637834269785,879.5098583446025
2035-07-10 05:00:00,6127.9370099950565,3982.547390146564,621.3436620762434,4733.723140349821,928.934622977598
2035-07-10 06:00:00,6468.981748416684,4168.574573609695,663.6092056022183,4956.664113075472,1065.2612564420504
2035-07-10 07:00:00,6730.247356665201,4117.523733180715,681.9430849256679,5055.467279604079,1259.3259252630105
2035-07-10 08:00:00,7156.253820568542,4273.035709441356,691.5385118023098,5071.1759680534815,1317.4667167816397
2035-07-10 09:00:00,7374.896490851749,4296.029324969712,677.3550492584667,5109.044911842694,1314.9711913358794
2035-07-10 10:00:00,7344.756514084313,4250.9135424800415,674.3864915520352,5115.775394868876,1324.7335537209076
2035-07-10 11:00:00,7378.925585795255,4119.0669526189895,670.9038997676105,5027.91984628942,1325.408380198123
2035-07-10 12:00:00,7351.665833379571,4019.5817140356335,668.4578337846965,4947.884779902287,1257.423275305781
2035-07-10 13:00:00,7296.230372278409,4183.359896349634,669.6151226344002,4951.146116763712,1234.144232317775
2035-07-10 14:00:00,7271.617503746638,4090.4965442144794,680.4900731105766,5002.874164867244,1238.674446880206
2035-07-10 15:00:00,7437.835553842835,4205.02431216386,680.1433374188732,5043.986310885046,1268.3560224428254
2035-07-10 16:00:00,7485.72259143391,4275.579417598176,708.5963767833458,5127.950523072919,1287.110970311527
2035-07-10 17:00:00,7633.301338697941,4454.923152180334,762.7977309611567,5341.454390314887,1377.4716952882063
2035-07-10 18:00:00,7554.336328210029,4552.750676707804,783.0904378574005,5446.315205365255,1411.6774498915916
2035-07-10 19:00:00,7601.013741933634,4576.671272977972,810.2159233201511,5405.425731130673,1418.3105443256711
2035-07-10 20:00:00,7522.687486546034,4389.700712347397,791.944569059046,5413.518995880728,1444.5727508831355
2035-07-10 21:00:00,7440.341677626304,4278.361952837251,753.523108779996,5175.460364195518,1344.1728584276402
2035-07-10 22:00:00,7021.68250711073,3974.720439609157,671.5289782390887,4950.901429146235,1210.7689131776906
2035-07-10 23:00:00,6509.34018961828,3753.6741361358095,615.0359142757219,4737.768353203648,1041.111131971635
2035-07-11 00:00:00,6300.552339966539,3634.999676193685,581.4394642638466,4604.371279339404,932.2508891010744
2035-07-11 01:00:00,6067.439464707262,3498.483054204023,574.9514259998975,4572.260585906065,889.2890446475617
2035-07-11 02:00:00,6072.50145272779,3487.086723580297,559.2956195678919,4511.810604022369,874.2106334119338
2035-07-11 03:00:00,6032.070181986018,3549.544857384533,562.9811461793122,4462.357562771801,863.2381484850931
2035-07-11 04:00:00,6002.147859239305,3644.2556659190654,581.37049193101,4571.0089506526,880.167050475402
2035-07-11 05:00:00,6241.888634778229,4015.563870811193,620.8507825395242,4758.000165775257,921.6424769488718
2035-07-11 06:00:00,6505.981250700228,4144.11139007431,682.9620702126643,5010.630018910109,1057.1263297761711
2035-07-11 07:00:00,6582.1300605928645,4162.802298924138,685.8209885658143,5049.338054958134,1232.6739686333267
2035-07-11 08:00:00,7227.247741541336,4216.6434473852005,677.0534939394125,5013.658508310401,1306.4109551184804
2035-07-11 09:00:00,7410.497733844556,4291.508955028429,677.104866621406,5072.053773912453,1311.087409199793
2035-07-11 10:00:00,7601.361171928497,4179.123076044986,671.0500595314803,5094.460957880576,1317.7039290670475
2035-07-11 11:00:00,7436.183451370231,4075.402363364157,668.7895258743749,5044.918335090209,1318.065161430067
2035-07-11 12:00:00,7305.005715552242,4030.990785282649,670.5219060266023,4900.260238501292,1273.6000191575893
2035-07-11 13:00:00,7313.520596989631,4126.0084194949095,675.6977320823291,4998.957325830575,1224.7470941065585
2035-07-11 14:00:00,7356.461099956331,4093.636511790611,664.2943779701857,4927.922480310901,1243.0593926962292
2035-07-11 15:00:00,7443.69567763205,4152.43217227306,666.9833814282086,5035.443530646598,1219.612491116722
2035-07-11 16:00:00,7523.797038658233,4291.443648009621,712.6519958852817,5141.029468986153,1287.143937987827
2035-07-11 17:00:00,7597.902028251122,4479.305070939809,751.643083160526,5258.786524157775,1381.574846166918
2035-07-11 18:00:00,7554.253508899607,4536.439239031983,787.8543673874526,5425.432570379639,1409.220935831967
2035-07-11 19:00:00,7714.741005398806,4565.916537864407,800.0574377100322,5415.9473044051965,1414.4511858792353
2035-07-11 20:00:00,7480.910117282999,4479.957546848019,784.1504724305285,5347.804025939454,1414.4247876140116
2035-07-11 21:00:00,7495.589022733602,4297.155889309486,750.7499008826857,5170.376193391429,1334.7013661416545
2035-07-11 22:00:00,7039.712924722454,3975.477308549405,670.327662894225,4972.228540678916,1206.0375936512314
2035-07-11 23:00:00,6511.134760866726,3781.5864469536095,628.9005953282103,4737.813849478966,1047.7807182427323
2035-07-12 00:00:00,6294.159576701391,3598.987204410477,590.5483429731183,4529.380629436758,930.9419204388468
2035-07-12 01:00:00,6173.525946632245,3433.4021751426008,576.9088226770297,4550.32816017464,892.4098753999809
2035-07-12 02:00:00,6054.454067618011,3467.2378250398924,575.1927672544342,4481.058194001887,878.1264421000841
2035-07-12 03:00:00,6061.321978826754,3552.1867136192463,561.4802910171876,4478.718602896003,860.1732407053477
2035-07-12 04:00:00,6080.730532298489,3620.386640989188,568.4121998212187,4491.831939413322,866.3921230903787
2035-07-12 05:00:00,6273.05257591932,3894.570194448047,620.4461198303802,4657.823439425647,930.0497293421158
2035-07-12 06:00:00,6444.738943705472,4175.955797897709,691.0212740337524,5004.476209548448,1066.8446422908405
2035-07-12 07:00:00,6643.48159455319,4195.447432821987,694.0861712606359,5074.526195150297,1224.767962953212
2035-07-12 08:00:00,7131.044519157192,4271.669444504405,694.6092889739485,5035.010844661803,1291.0835331343674
2035-07-12 09:00:00,7396.82335749373,4208.485629735872,678.6308635460438,5162.366151798044,1323.6487712408425
2035-07-12 10:00:00,7581.892714306918,4204.150462593507,681.4681601531219,5020.637947421522,1315.6074391816314
2035-07-12 11:00:00,7180.166505815956,4121.332585680683,684.2372566336271,5093.649540390753,1337.486809769105
2035-07-12 12:00:00,7217.900079621141,4109.120805415852,668.6380113640303,4963.355732215493,1241.626063511819
2035-07-12 13:00:00,7250.03933110815,4095.787407052284,668.0237067222822,5068.481648793869,1238.7746901822263
2035-07-12 14:00:00,7515.061674011195,4178.202888429342,691.205205806646,5009.04699044211,1253.1474975676217
2035-07-12 15:00:00,7533.022043696292,4206.301316734073,691.4607850578064,5037.2233299623485,1260.0312255308622
2035-07-12 16:00:00,7637.02489157464,4371.940680669789,720.7357303564477,5124.167867984418,1307.6889376231927
2035-07-12 17:00:00,7714.802499462589,4421.15586676677,768.5900991414906,5379.949710036205,1362.5566487324645
2035-07-12 18:00:00,7544.725303210683,4553.728612833304,784.6708371844926,5323.260825312705,1420.020428575957
2035-07-12 19:00:00,7618.533338590615,4608.967693095223,817.9451311435802,5314.018374377082,1419.8743441076688
2035-07-12 20:00:00,7591.701977767208,4637.673629969036,782.465071449775,5351.096123181994,1406.4715578376906
2035-07-12 21:00:00,7477.782064802148,4285.041250498651,756.2261142052689,5179.529775957168,1332.780108463227
2035-07-12 22:00:00,7007.845979730532,4016.60772240524,693.397224385385,4849.93006401285,1222.1370136598734
2035-07-12 23:00:00,6649.531602492657,3711.985582137972,636.6906109837716,4778.528532334533,1032.0742948317677
2035-07-13 00:00:00,6129.691477682781,3533.026732989008,587.6103582383352,4585.630735545153,937.1264062755256
2035-07-13 01:00:00,5974.672571715812,3526.5029314754943,574.6641739251236,4519.449678270726,882.654795566938
2035-07-13 02:00:00,5906.261290952748,3502.3643097485115,566.018603823701,4475.002383657356,854.7422734805756
2035-07-13 03:00:00,5875.391715747451,3477.3680691544746,568.6320190557956,4500.780270509325,850.6713982852398
2035-07-13 04:00:00,5971.567221290001,3711.506150762889,574.584749750243,4545.73912578047,857.7146258942086
2035-07-13 05:00:00,6218.793627207193,3969.480106160102,615.8534321761173,4661.94737199312,916.2955840027556
2035-07-13 06:00:00,6405.925314735786,4172.638293732379,668.0683874408809,4916.829172843671,1055.3813390350217
2035-07-13 07:00:00,6466.879310718237,4115.581892298851,691.8683695301698,5015.556068110805,1227.8441675022746
2035-07-13 08:00:00,7064.724674669311,4257.536399729308,700.959399311587,5051.993780892278,1283.6109851152548
2035-07-13 09:00:00,7401.615418288181,4210.171999958113,677.3329055321258,5056.935677558869,1305.7957322538512
2035-07-13 10:00:00,7382.440623181357,4239.604457681269,682.7379123372962,5047.245783675764,1296.4505006041773
2035-07-13 11:00:00,7294.166341699114,4076.947006586021,675.9773918063808,4947.581355934861,1300.4995014531094
2035-07-13 12:00:00,7200.152163912344,4032.3748115683657,668.0381493990867,4985.04940369941,1254.9420336204248
2035-07-13 13:00:00,7083.813815573463,4112.552213326195,674.397014333173,4894.185379032614,1207.4308704610337
2035-07-13 14:00:00,7364.456905406891,4113.729702808068,664.8331776661668,4931.616662887093,1219.1522472213958
2035-07-13 15:00:00,7420.341326022862,4202.599458245614,686.0060611209194,4986.601495026876,1217.2240809587015
2035-07-13 16:00:00,7538.442699093347,4373.480543831191,707.9926759719235,5113.70873916624,1310.761122039551
2035-07-13 17:00:00,7622.450731129271,4438.265258278044,755.6556454531536,5240.738990052536,1370.476618669466
2035-07-13 18:00:00,7445.099569162753,4491.873052922753,799.2488165021996,5415.97613524682,1398.992108203068
2035-07-13 19:00:00,7586.276699172752,4541.224574870577,803.1060870624999,5360.926107449042,1404.9283863839994
2035-07-13 20:00:00,7529.414872816078,4518.787611469947,802.254758725757,5394.419790051836,1412.5086964402224
2035-07-13 21:00:00,7361.551711970668,4239.822191850686,767.7162970095007,5217.218249320457,1332.0588150628057
2035-07-13 22:00:00,6971.185993749449,3923.796310160675,671.7467934539104,4937.394149318749,1215.184805039675
2035-07-13 23:00:00,6442.924066523646,3706.146264608387,619.505586076095,4659.93687847632,1055.900127783956
2035-07-14 00:00:00,5959.094723287504,3512.4623554808904,591.597564794158,4522.1387233273645,921.931667639815
2035-07-14 01:00:00,5906.756082791538,3486.5805832783126,571.3629629628398,4535.789040031452,886.9517578429926
2035-07-14 02:00:00,5716.142677845666,3372.2845059934366,565.1707426752163,4418.828211369015,855.7539588556815
2035-07-14 03:00:00,5639.281059177724,3458.740050574336,576.3929801714044,4425.515655060028,846.5192604882267
2035-07-14 04:00:00,5730.482541567227,3586.242618735208,571.4488809626828,4517.66079494452,849.0824045366109
2035-07-14 05:00:00,5944.545739903903,3922.422933673153,612.3853902630501,4622.033884273049,908.7341072028084
2035-07-14 06:00:00,6119.895893367201,4073.514794303598,670.5011208089242,4842.890075454456,1081.2268175840006
2035-07-14 07:00:00,6493.248801328998,4138.826076969794,691.7498643896035,5107.078170348359,1222.3752499770849
2035-07-14 08:00:00,6813.830233840459,4139.269863056739,680.1255909105631,5026.855884784474,1279.1849438803729
2035-07-14 09:00:00,7118.112131866815,4240.027129754696,674.9868829167541,4997.167770369804,1308.5979877482955
2035-07-14 10:00:00,7158.948477103827,4159.71419529832,691.4838915207891,4968.174478109629,1292.0905872233657
2035-07-14 11:00:00,7149.893150895856,4010.694961359453,673.5061402734483,4981.123144072688,1304.6561863041493
2035-07-14 12:00:00,6833.82596474692,4027.32034173794,666.6384666347411,4943.035996997072,1215.9814640276704
2035-07-14 13:00:00,7114.491447955363,4024.232901198116,662.0762692553151,4945.442714387924,1232.74772089538
2035-07-14 14:00:00,7099.622900321076,4013.470166580511,673.3725345931318,4989.880732724624,1244.3206085101783
2035-07-14 15:00:00,7063.58113956628,4188.220467881572,675.8097400853716,4938.578993813072,1243.8238286084757
2035-07-14 16:00:00,7154.044417428461,4252.757035573602,710.062530858457,5145.7356668213615,1265.0026563669544
2035-07-14 17:00:00,7416.640864811799,4413.395068659404,755.1632031990663,5203.855084251886,1323.9151750428173
2035-07-14 18:00:00,7250.89288502722,4424.601259206711,787.3886810973626,5315.720622605633,1388.8881923410054
2035-07-14 19:00:00,7351.4576545942355,4489.25436649825,798.456876902703,5337.034330776079,1385.664178345075
2035-07-14 20:00:00,7199.156373514939,4491.916626611231,794.1891713387305,5200.649658138213,1392.9467988660406
2035-07-14 21:00:00,7077.308729780809,4182.126584264893,744.716264113794,5136.986015284816,1337.983423310991
2035-07-14 22:00:00,6669.87270377225,3889.868990317959,679.7311188609835,4891.496304505295,1197.4852447439746
2035-07-14 23:00:00,6400.633066509347,3722.033676517972,622.0221857907504,4716.817203744545,1043.920725604618
2035-07-15 00:00:00,6182.402570734052,3589.2240172458405,595.8792971788184,4520.1739357903525,943.552313551543
2035-07-15 01:00:00,6085.0204458535545,3481.5579529770343,573.4925958169908,4533.840991900166,879.166125739652
2035-07-15 02:00:00,5937.554459881737,3467.1608120551005,571.9325743295533,4561.538480175926,858.4468405089012
2035-07-15 03:00:00,5966.715605772956,3502.5854303876395,570.5436338056443,4537.281647830705,860.9143769834136
2035-07-15 04:00:00,5915.192657261499,3669.226891917666,562.6813207353949,4515.780065546644,867.6419803849112
2035-07-15 05:00:00,6308.808930449535,3937.4468990046194,624.7014682230795,4558.416470233548,909.7115568807164
2035-07-15 06:00:00,6331.463570710608,4121.324605055778,678.4071707925217,5065.266853191658,1035.941268381829
2035-07-15 07:00:00,6498.138034493725,4157.214264093544,691.3771691630382,5045.2595668949525,1243.8825073052972
2035-07-15 08:00:00,7121.757774031843,4188.515557870325,684.4302926004016,5044.321482368114,1273.4265965089471
2035-07-15 09:00:00,7338.130831302389,4143.009854863147,683.6494954040893,5029.789319047392,1310.3096712558556
2035-07-15 10:00:00,7376.979646964169,4130.134540184901,687.2166789148469,5058.107768526508,1313.671951640517
2035-07-15 11:00:00,7371.805891255957,4147.094274530452,687.0210415230587,4980.831290052764,1304.3178829740518
2035-07-15 12:00:00,7308.565398831801,4028.072045755896,665.9654711874985,4954.910895771721,1238.4011598419966
2035-07-15 13:00:00,7442.83389740248,4099.987571558149,674.8601178665735,4969.60547492196,1231.180363373446
2035-07-15 14:00:00,7284.181534102681,4062.8354493623583,661.2652295605767,4969.81130062284,1222.7520689032026
2035-07-15 15:00:00,7463.587886932327,4141.596270247506,677.9556913215337,4967.302464674129,1266.785345016886
2035-07-15 16:00:00,7421.439122653456,4249.374974506506,697.9212410213718,5150.884516730038,1292.952843038967
2035-07-15 17:00:00,7572.492202413254,4419.809609675768,758.3803931463164,5321.320182087494,1386.0944488175228
2035-07-15 18:00:00,7408.179788946677,4490.11398442516,785.4494079410281,5411.128771816673,1382.8990754420574
2035-07-15 19:00:00,7629.267569214324,4589.004756892117,819.6434141846621,5321.585219179237,1398.7787291369366
2035-07-15 20:00:00,7607.183839497689,4482.81532482877,801.6994026571423,5404.655560758467,1407.5785633864846
2035-07-15 21:00:00,7319.831108289425,4299.416902461952,748.7326001281816,5196.695683146782,1317.2716959651214
2035-07-15 22:00:00,6773.427256404715,3912.6892921301055,672.2309918031316,4949.057598087291,1198.715878366322
2035-07-15 23:00:00,6363.739570155969,3711.0527047660407,615.5008276047643,4736.250265829177,1035.2796193976546
2035-07-16 00:00:00,6249.654964861584,3585.352740438845,591.5419258074145,4584.941843539987,929.8683330272293
2035-07-16 01:00:00,6080.081006607367,3534.2127948011616,567.1291109805586,4581.404794317786,878.4513798992951
2035-07-16 02:00:00,5969.780811878678,3459.934915609216,565.5350070828857,4514.694306675111,849.1582826872866
2035-07-16 03:00:00,5855.794887599313,3552.472766491485,576.9174800857077,4497.774567893976,862.8599321196981
2035-07-16 04:00:00,5912.120333322365,3644.734408619072,581.010975312787,4466.593466644432,870.7403883349663
2035-07-16 05:00:00,6173.724108770975,3945.2699501370857,613.1833006655456,4774.335735949687,925.6729206052764
2035-07-16 06:00:00,6422.307306464922,4175.100134815648,683.9670614574716,4886.022945082081,1047.105422874691
2035-07-16 07:00:00,6707.586743508881,4164.77589550427,696.1748098139614,4976.4103793416825,1240.7607327577043
2035-07-16 08:00:00,7086.32309731754,4139.789249671151,683.9171942216436,5063.338593983483,1294.2825844067197
2035-07-16 09:00:00,7463.098998680403,4160.069586799582,666.0281985314012,5125.246602827506,1308.839386034364
2035-07-16 10:00:00,7492.274910594697,4286.9282348672805,678.4871666391444,5072.146678997884,1330.659375997628
2035-07-16 11:00:00,7333.482764014885,4200.13720780576,680.365349705197,4955.75457037221,1313.1908613818898
2035-07-16 12:00:00,7059.934843493914,4036.169131576419,674.4306350608739,4936.617083987909,1236.7572333837318
2035-07-16 13:00:00,7471.370072445582,4096.414233690762,681.509158242525,4936.855939822733,1206.1322772330102
2035-07-16 14:00:00,7399.90961366099,4087.0417704137594,676.0801926127002,4938.139727685613,1222.344008418131
2035-07-16 15:00:00,7452.11696799021,4099.187027579931,687.8206877031768,5021.990457892301,1259.79359915491
2035-07-16 16:00:00,7495.349259048648,4309.605984394609,712.5280538161918,5202.206592302558,1318.2436348164013
2035-07-16 17:00:00,7678.718027880514,4390.641913631316,763.5419002466746,5235.139741174127,1372.7249153487712
2035-07-16 18:00:00,7621.611901337693,4491.814376644352,784.4066146896105,5422.745577711688,1404.1812138563985
2035-07-16 19:00:00,7563.068414314173,4532.102440034439,796.2416003883528,5349.318216120022,1404.8664272613198
2035-07-16 20:00:00,7515.615950892583,4454.6749839051245,791.8876483631566,5371.215678514368,1410.7856829034818
2035-07-16 21:00:00,7304.57831189401,4257.3454237370015,748.374181975623,5231.298898620709,1344.8609322300915
2035-07-16 22:00:00,6833.605859338413,4033.411191926455,693.1560243403724,4906.861500117699,1192.7138000005868
2035-07-16 23:00:00,6429.73190911405,3665.812606687972,628.761717109428,4627.843231772242,1040.715489336312
2035-07-17 00:00:00,6271.486059212324,3584.7793029910245,591.1331020054262,4511.486220624891,939.1320202194152
2035-07-17 01:00:00,6060.950347802758,3516.7670555793,570.4364802246496,4495.663650383032,902.6580123710744
2035-07-17 02:00:00,6027.49303833703,3531.2045255169883,568.5730006041962,4542.872997776613,868.8270931929936
2035-07-17 03:00:00,5920.016681639935,3577.590597443447,557.3705403223869,4509.343813789664,869.0382499920237
2035-07-17 04:00:00,5994.51133427202,3632.615494301104,577.3984687137305,4565.563758061569,871.5235654111902
2035-07-17 05:00:00,6162.349722984412,3941.12573471197,618.6487702595063,4733.113255155432,921.9965747871396
2035-07-17 06:00:00,6446.535113793315,4174.816883105806,685.4169118048949,4961.169671112495,1082.2307989688074
2035-07-17 07:00:00,6656.097620704557,4134.82803339271,681.0277240242683,5086.422059360091,1222.3549370272888
2035-07-17 08:00:00,7206.762768328756,4170.303959403335,696.3592642996778,4988.060033868408,1300.7948814248114
2035-07-17 09:00:00,7422.834064012092,4191.728211287916,675.7993510151839,5146.1825986472,1308.0669274450147
2035-07-17 10:00:00,7530.673409390603,4158.407562005674,675.2204877040018,5105.7148828741565,1310.6039155416022
2035-07-17 11:00:00,7351.301870370713,4165.156233415991,682.0326881889686,5038.575765257707,1320.2463803764026
2035-07-17 12:00:00,7267.358602003833,4001.707741485956,677.9397943636361,5054.111778189372,1255.391182509588
2035-07-17 13:00:00,7234.377674739012,4072.5415232421215,684.4124320335187,5017.360334154479,1246.226889249764
2035-07-17 14:00:00,7453.436567974435,4055.365881516527,672.5370454219229,5036.286281407705,1237.7186357877736
2035-07-17 15:00:00,7439.040937900218,4100.028088628983,683.0972714707206,4971.395981616942,1250.3492390170463
2035-07-17 16:00:00,7570.063782390922,4309.627126825798,719.7096759073659,5069.368224220156,1320.0668847231227
2035-07-17 17:00:00,7717.758084493264,4561.924458207146,766.1394683806342,5265.732939286599,1376.6256837104938
2035-07-17 18:00:00,7610.08406116049,4523.86389706327,789.25761332221,5300.277739269331,1410.4534634038062
2035-07-17 19:00:00,7510.2714233971055,4594.44114611124,796.0539312949253,5393.277113932758,1407.8765928905957
2035-07-17 20:00:00,7748.01891222249,4456.588932053398,786.972306670522,5505.93841421409,1423.8182308561502
2035-07-17 21:00:00,7355.895053465917,4346.006144304045,752.3140791649296,5083.746727658228,1371.993169851527
2035-07-17 22:00:00,6991.147885038436,4003.964826392296,676.608434568298,5016.7360328771565,1224.219775502544
2035-07-17 23:00:00,6547.93791509056,3845.655465185634,620.0888576269142,4695.287901658937,1048.095149487909
2035-07-18 00:00:00,6189.7661900024805,3623.995196442081,592.2989468227944,4609.072463154016,930.9298254747958
2035-07-18 01:00:00,6069.7615829879305,3542.3247822079343,571.8626852191392,4551.1644889173285,902.4148806071236
2035-07-18 02:00:00,5986.979888838168,3516.3114755602514,562.9248590056634,4472.512174772543,876.7739104385461
2035-07-18 03:00:00,6029.701404823233,3539.6682560321315,564.9422518056466,4559.992043479188,869.7039827966368
2035-07-18 04:00:00,5969.13923799134,3708.734364809437,574.7461712841128,4562.131102878101,881.9804817166058
2035-07-18 05:00:00,6181.362413774705,3973.175273510824,631.0017255805831,4815.587137292103,910.843771446008
2035-07-18 06:00:00,6595.28224665982,4125.152104855381,667.0091368310584,4990.829929132202,1079.3867587628977
2035-07-18 07:00:00,6599.449330625814,4206.847659159461,695.4669866674035,5080.559812257762,1248.413111647236
2035-07-18 08:00:00,7195.1193022266925,4202.3053179687295,691.7290719916383,5037.800553639868,1294.9784966165892
2035-07-18 09:00:00,7398.368825832332,4209.3119208404105,680.2034292155603,5181.465275604021,1319.5919614204226
2035-07-18 10:00:00,7548.736797774011,4227.523141358764,668.6314200363379,5042.817358477012,1312.237714449709
2035-07-18 11:00:00,7440.407471393627,4069.328709202504,671.9828198513833,5086.095485062756,1275.107391440279
2035-07-18 12:00:00,7348.270514146023,4024.031969362329,666.9248802042647,4957.003906167675,1252.6855463302816
2035-07-18 13:00:00,7314.960181607942,4091.904884799569,684.7530633211207,4932.578778039157,1220.7147323204008
2035-07-18 14:00:00,7506.009462832816,4118.570514500376,677.530950366221,5065.853826213709,1233.441046138907
2035-07-18 15:00:00,7463.646390335452,4140.525096518146,683.6012862050372,4973.09035433029,1259.7851364163362
2035-07-18 16:00:00,7501.825795451332,4266.474296631879,715.8494648714122,5111.104502021915,1314.2145345906076
2035-07-18 17:00:00,7627.733010886023,4516.236306457684,757.794967877066,5311.027815803218,1367.6734993365671
2035-07-18 18:00:00,7686.187797516401,4541.526146937225,778.3333204581642,5399.204295503779,1420.9880146246317
2035-07-18 19:00:00,7747.946576267069,4598.978991260951,809.2445847161194,5373.622072883866,1412.363338991369
2035-07-18 20:00:00,7590.732702233733,4445.346372795952,805.0683741237091,5442.210421062301,1394.028620108803
2035-07-18 21:00:00,7371.509977412282,4302.53106842022,758.53487206431,5148.395741933581,1343.5079403481864
2035-07-18 22:00:00,7060.606747982882,4022.188869105185,682.1742686874649,4926.478234444233,1216.2155100029056
2035-07-18 23:00:00,6509.732201833172,3761.1010886325175,620.0923273289357,4733.710332877672,1067.796415951683
2035-07-19 00:00:00,6227.937019657977,3653.827786884268,573.3769006094923,4677.591776252698,943.4426840297652
2035-07-19 01:00:00,6120.63155134688,3570.862137268849,580.5202206846966,4580.127252121333,891.4901213924396
2035-07-19 02:00:00,6109.35600394731,3513.0336114708207,569.8917583396444,4495.426388663093,870.5241239104226
2035-07-19 03:00:00,5961.524548844807,3620.484790516625,569.1956809004339,4564.752981922563,850.1043016868156
2035-07-19 04:00:00,6032.924539756598,3640.280753535808,574.9321645934447,4595.58993237914,875.9833694311437
2035-07-19 05:00:00,6169.782578857708,3983.207932840095,631.9384406732256,4743.436880433209,912.9713488558776
2035-07-19 06:00:00,6400.692912187043,4258.243429976514,675.6777454968145,4902.638339415006,1080.7034827698772
2035-07-19 07:00:00,6760.841076076063,4211.656233876457,678.560047880912,4899.38987297238,1248.3272169317745
2035-07-19 08:00:00,7253.035280086617,4251.574287233973,690.596613769236,5171.818849613214,1288.4101147220128
2035-07-19 09:00:00,7269.639949682774,4246.451210241925,671.2139744987622,5088.775009270051,1296.8207489566023
2035-07-19 10:00:00,7533.786580191127,4189.208436466038,692.647399916238,5102.865613009989,1320.2765102285869
2035-07-19 11:00:00,7278.628696547575,4143.330636660719,685.8166355641287,5041.128274308323,1298.0150364510175
2035-07-19 12:00:00,7284.799170763438,4023.9080918505942,665.4488294484602,5034.424065942627,1255.3864896601428
2035-07-19 13:00:00,7263.03448016326,4066.8788696317247,681.362015864134,4969.503735415075,1245.5897595668278
2035-07-19 14:00:00,7264.642272141026,4063.496249317237,675.1640617581347,5014.543393795979,1239.5872542228751
2035-07-19 15:00:00,7509.302996058629,4124.01849032415,687.0557808653598,4996.438600050749,1265.859711341752
2035-07-19 16:00:00,7490.175260611051,4337.762707679784,714.5333895075422,5106.514472451713,1312.9626650722023
2035-07-19 17:00:00,7642.313011375565,4525.590857059759,779.0324250583097,5242.01644554049,1367.174147403393
2035-07-19 18:00:00,7663.660226862781,4539.342287126758,793.2210686755345,5378.834979577236,1390.8170024669755
2035-07-19 19:00:00,7596.243198749345,4598.099377842265,803.7846327264344,5379.887326937999,1397.1377127691228
2035-07-19 20:00:00,7593.403028611186,4558.98137361342,796.174630248274,5383.340305382033,1409.2370680249137
2035-07-19 21:00:00,7309.350238514849,4304.534285903277,755.9098565221447,5211.762123299711,1343.8577169803273
2035-07-19 22:00:00,6987.906601578347,3989.586018719369,690.3074208209855,4970.223787898441,1213.8833557774449
2035-07-19 23:00:00,6584.290674529526,3852.063765731143,623.5886847075094,4704.998178747683,1035.4855041643837
2035-07-20 00:00:00,6144.3473692155785,3556.866046909656,595.0827991073636,4568.602864324241,928.7498754004758
2035-07-20 01:00:00,5994.299766374816,3465.012346396591,574.2424188796107,4620.203596856996,871.0865705697872
2035-07-20 02:00:00,5955.964719813684,3494.297139160256,572.3867310138667,4573.011680797282,855.5536295815501
2035-07-20 03:00:00,5874.146206822496,3574.213988200895,562.584334113531,4452.072166764385,859.2952392744979
2035-07-20 04:00:00,6014.101617007749,3624.1983798247593,577.9989334269115,4520.200161935661,856.0989815370388
2035-07-20 05:00:00,6129.424547799179,3922.6351549733854,634.2761762490717,4803.814339279886,909.9439167407686
2035-07-20 06:00:00,6416.381947551919,4075.1619271643785,685.6710196858314,4967.891278375287,1080.2959362521442
2035-07-20 07:00:00,6716.64101131712,4134.287566948242,686.1252297327325,5092.155572366988,1225.1661306963772
2035-07-20 08:00:00,7203.112046995905,4238.880821870605,694.1332841152816,5141.383395402628,1275.0004493349195
2035-07-20 09:00:00,7348.012300371341,4197.923771464233,684.5702825131548,5090.6674524331465,1300.987993351293
2035-07-20 10:00:00,7426.475298813501,4145.809699911682,681.7775667709149,5191.072537927503,1281.4645361759906
2035-07-20 11:00:00,7179.312345080409,4127.017289793238,680.3510371680283,4988.694450167773,1325.8493720092724
2035-07-20 12:00:00,7255.848454549765,4051.920126649184,669.4861961679024,5020.929052772408,1251.2183544662523
2035-07-20 13:00:00,7360.085465493848,4139.277524473723,675.0079427974914,5014.898483289288,1229.8520738782945
2035-07-20 14:00:00,7297.759787722433,4119.307050005002,670.373207288374,4914.062762726325,1225.015284739757
2035-07-20 15:00:00,7301.470357406634,4248.867036543757,688.1426791429966,5019.113228769137,1257.2736338710608
2035-07-20 16:00:00,7374.848600370331,4321.114735889516,706.0326885758013,5122.02551940214,1296.7071373271392
2035-07-20 17:00:00,7552.937718405773,4467.7936227740765,756.3815252182662,5270.881294283255,1356.8447149051544
2035-07-20 18:00:00,7574.625463341006,4515.310992189914,797.4820672195524,5331.630928640503,1399.4337133855402
2035-07-20 19:00:00,7494.389790720157,4539.988033300491,811.6139135461254,5417.811499503208,1368.2743999759948
2035-07-20 20:00:00,7571.036549304135,4501.301716980133,792.7182392737482,5316.989653557102,1403.8023048316306
2035-07-20 21:00:00,7404.17015138463,4268.193779119248,764.2252261122293,5161.425673912375,1363.566537198613
2035-07-20 22:00:00,6883.89918961979,3960.3480882609592,682.1304662625628,4870.910115720007,1188.3177917857945
2035-07-20 23:00:00,6516.881139656329,3735.3916943462177,638.2344874762969,4728.700202987184,1035.1033280001589
2035-07-21 00:00:00,5909.908505233928,3543.7505751548515,582.9208541462092,4608.063421333922,930.9513455998548
2035-07-21 01:00:00,5847.174852790645,3441.3667589313054,566.2486483385709,4428.321727044921,862.2492992767278
2035-07-21 02:00:00,5748.040964778221,3503.0385585115378,563.5402274141854,4478.733926760356,853.9587440806323
2035-07-21 03:00:00,5638.1859274645685,3554.641137017953,562.0926127855253,4461.251579733595,831.2020571554106
2035-07-21 04:00:00,5801.550112078116,3591.195303758746,573.0598177301873,4495.199242771443,862.2372914405065
2035-07-21 05:00:00,5902.978614160723,3940.609360273709,619.0443656402778,4669.617498413067,915.1699708274264
2035-07-21 06:00:00,6117.752995090513,4080.177297635108,676.5807655174783,4930.254182823344,1074.8883771435812
2035-07-21 07:00:00,6457.763752601456,4108.882977900106,677.6089814685587,4923.857623353911,1238.561478322863
2035-07-21 08:00:00,6988.908425501568,4158.083171886042,672.4065055558698,4942.071169831114,1291.2879134087673
2035-07-21 09:00:00,7033.7221157078575,4078.0776207193903,678.7981393240809,5008.366841314853,1311.9555430222254
2035-07-21 10:00:00,7188.665826229356,4203.88936053881,672.8909643129094,5043.258624849293,1327.765007658732
2035-07-21 11:00:00,7050.894681075483,4078.680606784527,673.7195932045327,4993.107633384132,1277.619915644176
2035-07-21 12:00:00,7048.344147972837,3976.3131313016606,666.0331157751065,4905.214944611506,1233.438644410193
2035-07-21 13:00:00,7067.133654222259,4055.3677092245207,678.2272531111296,5015.181653546556,1239.0937209772794
2035-07-21 14:00:00,7093.754220688838,4044.213223404816,677.7392709980205,4884.523355670746,1232.170094763379
2035-07-21 15:00:00,7129.827337261955,4023.5201298499887,675.2495782275583,4971.6588100297,1235.877476062016
2035-07-21 16:00:00,7101.281793240386,4237.202259407657,709.6610266298766,5051.3641115354685,1285.4755499902417
2035-07-21 17:00:00,7232.883707776493,4513.079605247183,762.1239645330794,5243.33242753858,1361.0389133515923
2035-07-21 18:00:00,7297.481538814704,4501.605178805898,774.7072062022557,5356.193520673631,1387.7028844831752
2035-07-21 19:00:00,7247.253948931434,4462.861538834655,814.5383694338695,5374.412692971118,1384.0544168071171
2035-07-21 20:00:00,7344.505509073101,4505.093559779124,782.2110667833139,5287.062897577258,1387.8407049385894
2035-07-21 21:00:00,7037.347451707648,4247.923742025594,739.5585301704033,5149.682310284625,1321.0956816739451
2035-07-21 22:00:00,6664.478619660022,3920.076704485648,661.5465088008392,4934.651239648533,1207.6144540740224
2035-07-21 23:00:00,6243.415740737031,3737.1447175122994,626.0180990485793,4649.0555823585,1050.8435473955356
2035-07-22 00:00:00,6134.508665102554,3614.9184407866433,588.9372339587176,4579.238194491752,931.4215085250046
2035-07-22 01:00:00,6110.6195462607775,3492.206970881021,575.7811636930021,4478.019701756117,901.9972495583288
2035-07-22 02:00:00,5970.418621344021,3461.929462104823,559.7566059442236,4450.479747529702,862.1617297915342
2035-07-22 03:00:00,5868.647838476302,3543.6566283339803,568.1945386326375,4512.3772561128135,850.3720072096846
2035-07-22 04:00:00,5902.919846471975,3640.665482934455,575.2645315647144,4554.844226137301,873.7447847967128
2035-07-22 05:00:00,6319.081234197579,3998.868513359998,628.0806643253934,4674.041476367741,903.9223653371172
2035-07-22 06:00:00,6404.51103713382,4190.869013806786,699.5486292640412,4997.084104857557,1078.1209176448065
2035-07-22 07:00:00,6618.198882667578,4144.728604480054,675.6976111430617,5059.667373776023,1222.9528740269232
2035-07-22 08:00:00,7272.010877212211,4201.737993169862,689.9892080163334,5021.087298175075,1296.5428769519422
2035-07-22 09:00:00,7480.311362888416,4207.343959943999,677.5675496800567,5198.138791977856,1309.101307510571
2035-07-22 10:00:00,7481.61217885972,4129.583306173883,683.8258722308979,5061.864317889077,1314.5398325101842
2035-07-22 11:00:00,7451.981475283046,4173.65155594888,684.2423507840624,4955.1255807860325,1303.2394332280949
2035-07-22 12:00:00,7188.376175931544,4048.83969488418,657.017416807693,4940.170385549372,1253.9374109003838
2035-07-22 13:00:00,7367.522515887608,4067.504855717613,659.8537841153275,4915.828126634441,1256.8396734213063
2035-07-22 14:00:00,7372.927277314735,4159.914433789037,684.9554793938588,4974.945074559211,1246.55200872493
2035-07-22 15:00:00,7503.476746965784,4191.238972312953,679.831552358695,5057.22962024032,1263.5951145058336
2035-07-22 16:00:00,7501.775324141531,4347.965640391551,706.9010048966991,5105.775805023097,1299.1061279997884
2035-07-22 17:00:00,7501.873524430492,4513.1278696480085,760.3907890079402,5241.149356598226,1351.0465059536184
2035-07-22 18:00:00,7499.727096959348,4501.86257709531,787.7969046790133,5315.545723583581,1397.67882633203
2035-07-22 19:00:00,7577.62897174851,4494.28247883709,814.6561863844618,5374.018976702473,1401.2427960548396
2035-07-22 20:00:00,7579.500111607825,4483.987543658189,800.2581818506745,5284.41182351282,1421.922483070456
2035-07-22 21:00:00,7266.779081646272,4233.154627127444,749.635297496709,5201.852541830606,1338.7635252763669
2035-07-22 22:00:00,7050.186279862777,3984.691443058905,682.679938891166,4900.527570383533,1209.604653935015
2035-07-22 23:00:00,6468.019250322889,3768.0684727191824,630.0804334187357,4666.112462902775,1038.6955105150998
2035-07-23 00:00:00,6228.801989781322,3653.36713136089,587.7677682433384,4618.973425222354,942.5933903769272
2035-07-23 01:00:00,6091.765745049664,3556.4318628874016,570.7405276609819,4498.090770626949,889.9141368784208
2035-07-23 02:00:00,5977.83688516487,3451.869180783588,566.50624730225,4469.573369010743,859.190296265594
2035-07-23 03:00:00,5861.9652569992,3553.1297890139717,559.1563441693816,4452.260877364133,866.1721108149372
2035-07-23 04:00:00,6128.351851163034,3583.374171258976,574.733299761506,4531.708759417464,868.4856811423691
2035-07-23 05:00:00,6231.702538214244,3939.707523978713,627.0366319420484,4618.199089046322,905.8888024045416
2035-07-23 06:00:00,6441.530002866803,4164.417759601532,689.9033263868505,5005.8586307892365,1065.2816775555575
2035-07-23 07:00:00,6678.181846512899,4156.989885120924,692.7163850518738,5056.098467438989,1233.0151492152556
2035-07-23 08:00:00,7088.568355664222,4206.964109103392,675.8408874009656,5063.127289971589,1300.8506464074912
2035-07-23 09:00:00,7326.409628940603,4151.549516240337,679.9218715310099,5058.2532640379495,1307.3504547164837
2035-07-23 10:00:00,7346.155596209351,4226.146209464396,680.2204256721786,4981.653365395968,1298.9564770219963
2035-07-23 11:00:00,7374.513391896151,4125.1002960286005,670.3543788142299,4963.027629663667,1306.2177024308908
2035-07-23 12:00:00,7248.986658990304,3990.504536306282,672.4832750254875,4951.512366967324,1266.8802780552887
2035-07-23 13:00:00,7394.097817872611,4142.563783043745,674.8786334750862,4858.642692673578,1240.9674418550933
2035-07-23 14:00:00,7384.563892132076,4059.876022328174,689.5399475627356,4987.340929630901,1264.247879188807
2035-07-23 15:00:00,7300.518667636057,4126.546553059663,674.3738623112348,4977.771855587288,1253.9747216794246
2035-07-23 16:00:00,7357.691714108077,4256.33809516598,702.119110357056,5068.784388153182,1289.2011665404982
2035-07-23 17:00:00,7529.802861022885,4514.893731765699,745.5816841506146,5230.152618501596,1340.7715823637748
2035-07-23 18:00:00,7581.3083428471455,4569.307126813399,780.8339544412042,5412.85278017569,1411.0573676058025
2035-07-23 19:00:00,7554.010570429635,4556.827470491215,805.2682326274497,5433.268927789277,1393.7818569166968
2035-07-23 20:00:00,7752.363846450506,4454.878539823168,809.601383385894,5398.41607337753,1408.0492155405475
2035-07-23 21:00:00,7341.458005351002,4281.9682674268615,760.2571883870457,5192.058074219931,1341.5998785279794
2035-07-23 22:00:00,7035.510375545001,4040.200045575223,659.8122605993841,4900.285570753274,1203.120288888268
2035-07-23 23:00:00,6463.639779206553,3691.7757149845256,619.589729053762,4760.9972002496215,1037.4394994063628
2035-07-24 00:00:00,6240.335051888008,3551.665517578989,596.1141120422317,4609.469208305144,960.534159750408
2035-07-24 01:00:00,6112.739486411106,3537.614849114478,580.4675269091816,4531.240199988988,886.010302114245
2035-07-24 02:00:00,5921.045883079686,3528.275355430845,572.8956961930866,4487.984477411263,867.843421993774
2035-07-24 03:00:00,6049.310559964466,3557.7861467807897,577.9319577151902,4438.45759994832,862.8505808125897
2035-07-24 04:00:00,5936.527311608342,3703.1633808612783,569.7920039955759,4503.222963954361,877.9058018308458
2035-07-24 05:00:00,6333.278521988402,3973.267096958909,630.3509361085187,4591.403593599767,909.2081294637276
2035-07-24 06:00:00,6513.707489514129,4249.262077006462,679.9089094428954,4962.033648488457,1085.5008238118628
2035-07-24 07:00:00,6715.171905804017,4220.034601437697,688.5423117778388,5051.157331770356,1254.16934730879
2035-07-24 08:00:00,7258.242938666711,4306.765737158411,692.2842111526185,4970.354787622525,1303.8001691027564
2035-07-24 09:00:00,7499.04931244417,4227.045083385906,681.4553955928573,5110.519110526676,1308.0301302010191
2035-07-24 10:00:00,7485.954363464993,4213.284722278264,675.7203009628975,5126.740244165041,1318.1317641692708
2035-07-24 11:00:00,7448.229462247097,4068.50535112419,666.0883008281703,5117.716615750167,1298.214256298278
2035-07-24 12:00:00,7341.6629433137405,3939.389691572575,663.0325736827166,4984.451418864232,1237.1840217764648
2035-07-24 13:00:00,7361.180527315788,4100.870160594787,664.4744295945183,4976.440146119779,1226.9357053435351
2035-07-24 14:00:00,7389.292784290117,4039.0575604528026,687.4950905695987,4982.625360113711,1240.4279274872606
2035-07-24 15:00:00,7444.9679071572655,4164.250403350577,667.3348602622071,4940.945223353144,1253.9741022702815
2035-07-24 16:00:00,7468.6861523198995,4291.931912724732,715.1872644990862,5191.926446849571,1308.6949836881772
2035-07-24 17:00:00,7739.950278442184,4460.084719513339,758.3172686579826,5363.822735843328,1360.050731252115
2035-07-24 18:00:00,7588.635937191562,4575.624544618755,786.0667996848664,5330.120275347425,1408.2978476057506
2035-07-24 19:00:00,7699.51260187534,4663.2521088546655,799.1685555544485,5508.530249483587,1412.070962115461
2035-07-24 20:00:00,7603.644265020877,4536.647881470145,812.4313300324484,5364.775968687673,1430.918319776522
2035-07-24 21:00:00,7513.837290581461,4287.6549766668295,762.1740278348468,5185.778300681748,1359.414890846446
2035-07-24 22:00:00,7119.608831816299,4017.0420691611967,690.8170026078311,4982.971149316839,1214.9890293353596
2035-07-24 23:00:00,6568.685065118634,3728.572790939603,627.584183367271,4761.439407388515,1048.5579070369815
2035-07-25 00:00:00,6225.160582712144,3582.787923078448,587.9214202211081,4719.654072937555,938.6031547204432
2035-07-25 01:00:00,6119.8712261771125,3548.0359477426605,569.4789286129718,4505.329467479311,886.2059362160494
2035-07-25 02:00:00,6004.544228363759,3532.6676289745774,573.6797682585153,4483.647165178802,867.2065737062829
2035-07-25 03:00:00,6008.207082608406,3568.4377949071554,568.3019719014399,4429.67376272421,854.9419707431174
2035-07-25 04:00:00,6077.138046609935,3614.2035396985207,574.4828645586799,4530.071613945854,871.6555200903157
2035-07-25 05:00:00,6295.070724763908,3971.143641155253,625.6736127588126,4633.652113799027,915.6477085476064
2035-07-25 06:00:00,6475.526937177154,4125.758778542241,698.5458987303095,4995.041111928662,1075.9653060044077
2035-07-25 07:00:00,6644.015017061888,4131.655276315286,686.8681491907913,5083.889400538054,1238.5860954100297
2035-07-25 08:00:00,7121.116298337137,4226.151259246834,685.8424437237418,5070.940467469879,1284.9262036160544
2035-07-25 09:00:00,7316.550649759296,4303.639532016293,684.5428498092733,5079.55935126491,1332.8987671920097
2035-07-25 10:00:00,7535.145876316598,4205.869908961434,690.8545082321748,5018.479277500373,1328.0427307284108
2035-07-25 11:00:00,7517.399591684862,4196.785716790487,687.6515685392297,5032.850527840379,1310.2142480676664
2035-07-25 12:00:00,7331.849372301896,4144.433711184802,684.7477924427235,4903.034770544609,1248.0969323488048
2035-07-25 13:00:00,7450.246641966665,4065.1983612639847,671.4246823771891,4897.547009133175,1256.96809651772
2035-07-25 14:00:00,7411.636958364565,4099.063646603099,686.4002131887826,5042.283258992667,1248.5294591526374
2035-07-25 15:00:00,7536.295295848422,4149.22244850403,684.3798774835199,5001.841261972126,1252.826423349475
2035-07-25 16:00:00,7575.884046891372,4368.316443941319,718.4207974399935,5180.30863434322,1297.098454686988
2035-07-25 17:00:00,7794.59246884466,4531.038688311177,757.3065233566064,5388.267596415077,1366.221297632045
2035-07-25 18:00:00,7626.295356214752,4512.0311037466445,789.5563381809845,5356.631642296095,1399.3937733906878
2035-07-25 19:00:00,7580.109775839897,4653.569989638341,799.3824530943402,5377.650562044603,1405.293674074349
2035-07-25 20:00:00,7487.626878710124,4488.0108184926285,783.8494638125336,5289.781842096325,1398.146145081172
2035-07-25 21:00:00,7353.821938880074,4328.438801998776,749.2696447649736,5167.162813822154,1342.02233247885
2035-07-25 22:00:00,6936.415036438822,3983.831182919558,677.2350813899722,4991.29340696329,1198.8087640091726
2035-07-25 23:00:00,6587.054789314402,3799.4556686742417,624.7524743401028,4657.492658641552,1052.1942632255602
2035-07-26 00:00:00,6254.782931882238,3602.8779939064925,589.6483470956207,4620.49680462053,930.0201951091134
2035-07-26 01:00:00,6178.568977758951,3513.267498522316,573.9374365836487,4564.753774300622,896.6836842402408
2035-07-26 02:00:00,6027.820789738207,3452.786429826344,571.3157994190033,4511.771700258783,853.5740551782071
2035-07-26 03:00:00,5952.651798773882,3582.78217001352,562.1248118791186,4489.291438632284,870.5566683725025
2035-07-26 04:00:00,5984.7907190472815,3708.047274008545,582.9128315965337,4545.062516751166,863.1078067768029
2035-07-26 05:00:00,6201.660829754396,4034.832929188394,624.4350200537132,4760.98813113199,893.6348626134729
2035-07-26 06:00:00,6359.994824538532,4158.068552355096,682.7366604367975,4954.836492207978,1086.287997454299
2035-07-26 07:00:00,6719.277231908009,4263.597123032527,698.8251473143968,5068.782560049819,1225.4773638217466
2035-07-26 08:00:00,7246.912952251287,4209.021447100615,677.3884557163747,5011.049736549126,1312.7367354326332
2035-07-26 09:00:00,7399.179194095926,4164.520557473956,684.3767615200532,5036.52186662171,1314.6630625952382
2035-07-26 10:00:00,7512.951245216167,4190.454111529088,682.6955672937003,5063.998232490341,1314.304534583776
2035-07-26 11:00:00,7405.257047851224,4100.9180893189405,679.1621744502938,5050.521588587869,1326.876347184205
2035-07-26 12:00:00,7372.123001089898,4069.264505654024,679.3428013245183,4932.291601554579,1278.7881653836082
2035-07-26 13:00:00,7354.759671842911,4131.219827093941,667.1924079758933,4913.279801226542,1230.3273007660914
2035-07-26 14:00:00,7478.843806519036,4085.7923431285735,673.8005501065533,4973.446015440884,1240.5217333351577
2035-07-26 15:00:00,7497.170569511968,4194.743187147983,678.9712929433325,5016.145847573417,1254.2749504612573
2035-07-26 16:00:00,7542.447772425009,4353.482200984555,716.4206396175423,5153.918130340621,1296.817728021803
2035-07-26 17:00:00,7677.131640909715,4472.880865468623,765.5781580259792,5266.297093430053,1385.5992294978869
2035-07-26 18:00:00,7648.13110038761,4567.395064899508,790.1276851431963,5351.160422226549,1431.4091110626832
2035-07-26 19:00:00,7538.8746746084225,4580.1267673075445,800.5147306455466,5501.819129901232,1426.4522433564962
2035-07-26 20:00:00,7576.812811298749,4509.258945152296,812.5732656745904,5390.635281396365,1401.191613181889
2035-07-26 21:00:00,7590.416632712596,4230.748842053509,753.4450690292584,5257.027972541392,1357.2764141671971
2035-07-26 22:00:00,7088.8353382006135,4038.674896301104,671.6530991233687,4925.518579775622,1215.7583334865296
2035-07-26 23:00:00,6518.651421198461,3781.686966474062,620.5664278228534,4714.903386028438,1056.4481394560264
2035-07-27 00:00:00,6148.921603130367,3646.53726481102,593.2385788566693,4604.845070547304,928.005338833432
2035-07-27 01:00:00,6071.026119668249,3449.765040473708,567.9665880435638,4505.399542180556,886.571229911023
2035-07-27 02:00:00,5972.692184077564,3454.746837989668,564.4098351041118,4534.394912003039,862.10527107181
2035-07-27 03:00:00,5893.545695898451,3570.018687464072,567.7690004835815,4602.40884264708,870.8464742974211
2035-07-27 04:00:00,6061.347669104258,3638.3467028416103,575.6135468110978,4533.928397694956,869.4881753016745
2035-07-27 05:00:00,6104.634978911538,3935.706681488037,629.228879932706,4724.035445991626,907.139012205805
2035-07-27 06:00:00,6282.548486402572,4184.478718939394,681.0921036743043,4922.608799403411,1065.2999968988424
2035-07-27 07:00:00,6718.741468766793,4155.014330046899,690.816744060293,5177.460020395684,1257.250020112315
2035-07-27 08:00:00,7206.933745987657,4182.981916847421,686.855726670016,5108.862102463999,1294.99959009509
2035-07-27 09:00:00,7316.64680189053,4229.803700889485,676.4739858114802,5038.243810973187,1326.186071869147
2035-07-27 10:00:00,7370.024112757325,4187.05554105908,684.4173204611159,5121.289372824542,1326.1017696379183
2035-07-27 11:00:00,7324.197030573643,4064.0958967918086,683.7383756521057,4949.244893540196,1308.4136593611986
2035-07-27 12:00:00,7107.071064909167,4062.8896504159343,677.5373986714845,4953.517621767306,1245.400258508293
2035-07-27 13:00:00,7206.713731308439,4201.389483924183,674.2527982877411,5036.310617352859,1222.7531454917505
2035-07-27 14:00:00,7316.008197741925,4083.507845852966,680.7859652501236,4839.072683767458,1240.3866042355917
2035-07-27 15:00:00,7459.566794053902,4179.396452795552,684.5185771472295,5005.2980248215,1242.647051429097
2035-07-27 16:00:00,7485.5781671261875,4341.264715495582,714.0902914902318,5165.261015607746,1286.0461734847925
2035-07-27 17:00:00,7548.15207591945,4459.531270815962,763.285830475755,5242.821415453971,1393.9362526325513
2035-07-27 18:00:00,7584.890764327831,4552.215539017594,800.3944943091678,5278.58323297805,1374.2306974968756
2035-07-27 19:00:00,7664.360491816923,4647.112810147074,797.302005738801,5449.306071745509,1434.1893422845571
2035-07-27 20:00:00,7561.348882421435,4497.905219891347,791.9592458277414,5346.313317184095,1398.459557837816
2035-07-27 21:00:00,7265.721267883453,4337.779866556984,754.967507687573,5224.432890373256,1351.7053088923385
2035-07-27 22:00:00,6983.460533438363,3958.480230633485,682.0588429525333,4887.921737264123,1210.5749159603915
2035-07-27 23:00:00,6485.254584864174,3712.86875050824,621.5006370173211,4692.977418012859,1040.9658901490343
2035-07-28 00:00:00,5947.803792674546,3549.295280734309,589.1522457885129,4434.148473616861,928.6007322011822
2035-07-28 01:00:00,5926.615384234742,3478.1200194172065,568.034772014185,4520.953147038576,865.5824461089713
2035-07-28 02:00:00,5794.5342701307645,3478.518667380269,555.8413819978153,4567.193140858271,869.7457002703969
2035-07-28 03:00:00,5746.504380903857,3520.3512032213976,575.6701062438951,4476.769116270829,856.3530852957064
2035-07-28 04:00:00,5755.839973078396,3630.36769703004,567.3849502523059,4536.579420642825,847.2073385491897
2035-07-28 05:00:00,5994.512567518056,3885.716672963124,625.961435438467,4768.104944021043,921.6154983207548
2035-07-28 06:00:00,6195.486412132228,4093.399463856953,673.6532326624813,4978.843081363437,1071.446317996412
2035-07-28 07:00:00,6423.90268254223,4102.7921028621,695.1857944782889,4924.338995397809,1235.9237919373336
2035-07-28 08:00:00,6891.934212789395,4155.860990125269,680.0289065979898,5023.630316443228,1293.2250184815198
2035-07-28 09:00:00,7176.660602913692,4149.366785851577,671.8133797022099,5028.454154609404,1298.5292823028196
2035-07-28 10:00:00,7181.760732043822,4118.554900835534,681.896800514336,5071.637503124603,1295.832601567919
2035-07-28 11:00:00,7225.658764703228,4009.550229427301,685.6373977289558,4992.387536963052,1304.7557980666518
2035-07-28 12:00:00,7010.95346462245,3978.780871179504,656.5556939263901,4919.668627352967,1259.2581459219111
2035-07-28 13:00:00,6954.81764388536,4058.9968435278033,677.1157676049198,4932.1206279163525,1223.9220475347186
2035-07-28 14:00:00,7085.038625750714,4059.096690117195,682.3798867614223,4932.125885187694,1226.7645791621317
2035-07-28 15:00:00,7137.873586404845,4115.819448388387,680.6512420821397,5001.503995345674,1226.480480806675
2035-07-28 16:00:00,7249.118248368385,4231.698410116706,718.9915952241035,5066.338257534984,1299.271129526434
2035-07-28 17:00:00,7435.653281497832,4373.977322469585,761.0949053992797,5302.446291786746,1343.2370220980606
2035-07-28 18:00:00,7278.384518522174,4460.820270464571,785.3037269167078,5311.260088700825,1388.745609054097
2035-07-28 19:00:00,7459.99614519701,4511.579930375518,799.5539956338818,5340.250230161673,1395.5778851251598
2035-07-28 20:00:00,7272.29771380002,4432.955750299631,805.7124975592649,5380.177503349315,1381.8665659959206
2035-07-28 21:00:00,7087.641027167443,4202.700844803127,749.7314094279607,5209.1858127854175,1335.0912942903835
2035-07-28 22:00:00,6789.795023927331,3950.49083945122,675.6483782739448,4940.884508732303,1217.2837549796088
2035-07-28 23:00:00,6199.652182076658,3730.283651448768,637.2050922093158,4751.4124890825005,1055.9057285585025
2035-07-29 00:00:00,6203.711208607015,3585.074215103245,589.9620017058295,4555.5358946515125,914.3686589701308
2035-07-29 01:00:00,6134.527620817398,3536.873024865872,565.3312837373921,4515.546644159037,886.3225214850218
2035-07-29 02:00:00,6086.096308171407,3573.42944727582,569.7493430602021,4515.6706364567135,867.4458890847548
2035-07-29 03:00:00,5915.569176019619,3535.530659707577,573.4910704212753,4525.921885833352,866.4378497473784
2035-07-29 04:00:00,6063.455645497985,3643.715965910592,593.3536254837337,4510.273447813283,879.7072857854686
2035-07-29 05:00:00,6237.151396952871,3933.487658432721,630.593776612859,4650.863959060909,922.0640876356938
2035-07-29 06:00:00,6435.54176987186,4219.868677804523,680.7915128373498,4913.294786788107,1069.1011750958517
2035-07-29 07:00:00,6685.867527440298,4145.939758474593,678.1328700173342,5027.886167542164,1218.4482354820318
2035-07-29 08:00:00,7122.121059095958,4228.819155473456,684.1426158554287,5012.872489181989,1299.3212126770288
2035-07-29 09:00:00,7417.453400334896,4161.730409005245,682.1612376793796,5089.9933637184,1316.0751944849662
2035-07-29 10:00:00,7344.748002801887,4254.126180645748,669.0354949633434,5077.45106133524,1310.4618551270762
2035-07-29 11:00:00,7338.82290090739,4062.6689964567145,669.090021469629,5007.134934109716,1306.462917170765
2035-07-29 12:00:00,7248.360943357031,4076.9099906886663,675.7561056754532,4986.3430464487465,1251.2708129056198
2035-07-29 13:00:00,7208.797589856143,4115.255307581525,666.4102417552535,5001.786436628519,1238.7427177322431
2035-07-29 14:00:00,7374.228296649079,4093.619887593633,681.9185098271201,4888.5497163447735,1220.1860034305903
2035-07-29 15:00:00,7302.541214267108,4197.259716238077,688.6129367142659,5005.409484078675,1247.8525120363515
2035-07-29 16:00:00,7510.327743796317,4329.253586742675,708.1985830957213,5072.496101169653,1306.881523315893
2035-07-29 17:00:00,7621.194963510555,4450.213043167062,763.9370015692654,5219.326441650414,1366.922319355164
2035-07-29 18:00:00,7628.800556479013,4536.604563251939,792.319126619849,5443.995887711425,1409.715820496112
2035-07-29 19:00:00,7522.982824288331,4613.43758747694,809.7860940954279,5428.110236468979,1394.5326091042268
2035-07-29 20:00:00,7522.809636547152,4417.7629102528645,784.2571628140165,5492.889613781715,1399.9282512513184
2035-07-29 21:00:00,7269.767125640052,4150.930818414464,751.5310578383895,5289.198245959519,1362.90962575222
2035-07-29 22:00:00,6882.112530164496,4002.530580538387,679.935470743637,4965.564476185869,1233.5233907532274
2035-07-29 23:00:00,6472.712010101149,3717.685669855992,625.2685368257244,4696.740096031955,1039.277605729983
2035-07-30 00:00:00,6239.322162059899,3594.0763212256807,591.5290123142883,4592.37838990307,940.346633480562
2035-07-30 01:00:00,5958.547554540809,3511.107797385646,572.2417723937798,4529.0799767191975,888.8822837418822
2035-07-30 02:00:00,6066.3636557941945,3481.606190289028,565.5286537656166,4564.004678136626,864.5602125130429
2035-07-30 03:00:00,5894.478859620696,3567.1746570919854,560.7531205048793,4461.19842124221,851.8470831865487
2035-07-30 04:00:00,5935.889684480484,3698.2733692485617,569.5643825475686,4549.9549404118015,865.488351832684
2035-07-30 05:00:00,6177.717147826968,4040.708449691095,616.528012331001,4632.818955234209,911.577343774119
2035-07-30 06:00:00,6386.011600349718,4192.000995453939,679.5983532886393,4935.523089774358,1069.2559948333762
2035-07-30 07:00:00,6657.212873594855,4204.008586687941,687.0849028350681,5118.941805612908,1220.386055434693
2035-07-30 08:00:00,7107.752542032765,4248.139382735786,688.3415152031451,5092.873208508764,1295.302158160721
2035-07-30 09:00:00,7380.725287421227,4219.00337476402,680.5887458481595,5076.829543816448,1300.4555572765432
2035-07-30 10:00:00,7553.402187835852,4259.040814168873,679.440618640169,4986.589408527771,1286.6265088504722
2035-07-30 11:00:00,7255.304763886269,4166.683522165006,670.9113094678303,4975.001056865111,1281.955989672383
2035-07-30 12:00:00,7237.293337642666,4041.337596152791,670.1719446685871,4844.693958651923,1255.4135202823354
2035-07-30 13:00:00,7361.153293080157,4121.375067183886,670.2873142197568,4985.466279962266,1216.5034728888045
2035-07-30 14:00:00,7318.347602123714,4136.61670797592,669.2508904934849,5038.223111797852,1231.377279037703
2035-07-30 15:00:00,7509.224473457041,4095.6993634981873,690.0939534784582,5140.405995570595,1255.3874827268364
2035-07-30 16:00:00,7527.520188426189,4294.213674748094,718.2794200728634,5107.527326965267,1280.3193196167429
2035-07-30 17:00:00,7623.025348019872,4467.045152729737,746.8297064683537,5283.321355329667,1369.2608983847067
2035-07-30 18:00:00,7600.972471967503,4661.752837671676,794.1419145858121,5416.828042313834,1408.2131034683073
2035-07-30 19:00:00,7649.667829830959,4633.340599663782,798.9141224992983,5304.718574070586,1423.6012279739423
2035-07-30 20:00:00,7669.599127392538,4544.667896252383,792.8585041637974,5334.815028567046,1405.998377388335
2035-07-30 21:00:00,7508.705570116747,4204.395722696011,754.3964338206379,5270.3005493059445,1329.9886563899138
2035-07-30 22:00:00,6960.563548101326,4100.360205816292,673.8503971004315,4966.443305759725,1211.495715392031
2035-07-30 23:00:00,6459.34076674577,3736.6430892926137,632.2579479134723,4688.567563278394,1049.809350335164
2035-07-31 00:00:00,6183.889653955631,3619.251109141908,593.4432636696141,4555.751764837108,943.1763021252664
2035-07-31 01:00:00,6113.149124432516,3508.223769571508,573.2763980594152,4586.482893780714,897.1896939015649
2035-07-31 02:00:00,6014.829543229665,3505.4917543071747,572.5886925973233,4575.59021766691,861.5177375600165
2035-07-31 03:00:00,5963.395992367911,3549.55123682099,568.9370178729324,4583.527313588762,870.5567389551094
2035-07-31 04:00:00,5995.201147706762,3657.0911393454303,576.921984408031,4540.4769026365975,868.1610232425166
2035-07-31 05:00:00,6182.927963356637,4032.6979909419233,613.2552241964501,4684.586722834621,918.443611806684
2035-07-31 06:00:00,6430.748031729685,4156.261676789258,685.6320557269759,4937.0133132171295,1087.3572987958544
2035-07-31 07:00:00,6666.514387616043,4094.254632534508,692.8651982232177,5061.556277530148,1248.820138814588
2035-07-31 08:00:00,7172.288825440432,4175.100567155289,684.3868377524074,5136.741702164006,1301.723426576703
2035-07-31 09:00:00,7497.5413741171615,4198.9383329707625,677.1309194274633,5149.881904383833,1319.7493294504116
2035-07-31 10:00:00,7569.0104832847,4265.52182662851,687.6102984445357,5079.533728075549,1342.5515234261377
2035-07-31 11:00:00,7572.692990909928,4059.822736524808,681.9256860385233,5082.56989320524,1325.4769199226705
2035-07-31 12:00:00,7164.693321731145,4074.69721886899,664.8453742397977,5015.318528180119,1277.5348753778023
2035-07-31 13:00:00,7348.244532011335,4114.86219034184,670.0143899518425,5020.624901150957,1254.0960671651203
2035-07-31 14:00:00,7344.184183771371,4127.861513610242,687.1281516409936,4998.5995964239,1232.8672725936706
2035-07-31 15:00:00,7320.190224079078,4200.42986375346,678.5888095041192,5050.091317567039,1288.8229133354885
2035-07-31 16:00:00,7396.120916456103,4383.726680670603,704.0749576056908,5199.84724500371,1311.4601593396235
2035-07-31 17:00:00,7526.757881589303,4435.30101099282,751.4103280948956,5341.408993351153,1382.9030768650705
2035-07-31 18:00:00,7517.899843072001,4559.617922853623,798.4755809803968,5453.060950965602,1398.0025194530094
2035-07-31 19:00:00,7626.63320665855,4557.786197887967,788.5385622941461,5381.797043939147,1409.5993732568556
2035-07-31 20:00:00,7614.631703222111,4500.887160383452,805.7308707426466,5404.937731506693,1418.0196367217443
2035-07-31 21:00:00,7321.866654373428,4281.420690139475,753.5145448073634,5212.332259759633,1359.7087471785833
2035-07-31 22:00:00,6939.587794327021,4041.758403150992,673.5753254055485,4987.525900104655,1199.7138923105117
2035-07-31 23:00:00,6502.225941002769,3715.3111827124135,624.3250472401422,4811.700846681969,1045.110654920627
2035-08-01 00:00:00,5790.908815491912,3440.2802294057087,501.2410373925037,4345.824883815226,878.7234998900868
2035-08-01 01:00:00,5693.938060572466,3403.704762507396,487.4757175083376,4285.643343741657,818.575330266849
2035-08-01 02:00:00,5598.869749394215,3392.0099959498643,478.7561573058488,4302.272641349369,814.6924341665224
2035-08-01 03:00:00,5457.146702107279,3381.0929585152726,487.2756923540606,4329.272057784053,808.6595105358055
2035-08-01 04:00:00,5527.63023513496,3492.0244633705456,502.0000984576896,4322.341053157949,805.0065503904443
2035-08-01 05:00:00,5899.813543433589,3762.930870550563,537.4759952436202,4463.86114214943,862.5689145167039
2035-08-01 06:00:00,6025.300482189728,3955.4519564484726,579.6163610891343,4753.983097265454,996.110237894354
2035-08-01 07:00:00,6262.117006370054,3974.7553305110873,590.4453699463434,4791.95152767151,1149.2477793287171
2035-08-01 08:00:00,6760.639921176689,3972.1577194544607,579.5016305394182,4793.24379125215,1242.7056947068625
2035-08-01 09:00:00,7054.281165833295,4034.030385982489,579.907868146544,4907.074458137855,1228.9489434334157
2035-08-01 10:00:00,7041.770008014145,4063.320139801798,576.8567379127629,4818.469092904361,1241.4721886572302
2035-08-01 11:00:00,7021.036854318186,3927.244235736845,587.9357763430041,4731.526605837671,1214.03343103709
2035-08-01 12:00:00,6880.119701231222,3891.4357358244474,570.8481321902752,4702.892027568765,1198.907594631522
2035-08-01 13:00:00,6935.218128955511,3936.6254998979953,579.8574493009115,4714.727308910663,1159.900739157775
2035-08-01 14:00:00,6932.936644093941,3932.7052121749794,587.7951957579671,4711.831243438716,1150.575134499085
2035-08-01 15:00:00,7017.308882360389,3965.189299931167,593.1223874915494,4808.371615135068,1172.5436862599795
2035-08-01 16:00:00,7033.500241562295,4123.231968641355,609.7524989817873,4959.777399669276,1215.7698460761628
2035-08-01 17:00:00,6953.168508630077,4274.14837237215,638.9559351270475,5012.3066538261455,1273.6514743860969
2035-08-01 18:00:00,7100.274555818153,4331.277680836157,676.1950693796911,5134.040480656179,1333.1762623657703
2035-08-01 19:00:00,7048.586786978191,4409.571408644755,682.729378419553,5168.925865868125,1312.0573045244832
2035-08-01 20:00:00,7135.5989920534885,4273.309371174695,680.5872134688,5048.705885680211,1310.7375122915455
2035-08-01 21:00:00,6955.912739904046,4090.03773526265,641.6235428314538,4965.940689299265,1272.7534258956782
2035-08-01 22:00:00,6552.635809599912,3845.180645678377,576.2044716551883,4745.753350385629,1138.8774316960055
2035-08-01 23:00:00,6156.801869168777,3541.218352753889,538.4931709166506,4509.120645629662,971.1226273881329
2035-08-02 00:00:00,5794.2248966077705,3458.544433221596,510.34526339903226,4348.275816475451,860.1915842137192
2035-08-02 01:00:00,5749.051743944002,3338.127485528694,493.31382487199664,4253.693004094588,838.0439949526311
2035-08-02 02:00:00,5753.952134836669,3322.0237039625918,482.1107212937828,4323.16580264853,805.2851664587546
2035-08-02 03:00:00,5582.697127221258,3370.158488521104,484.55338457011175,4242.307386269454,806.0087979759239
2035-08-02 04:00:00,5692.623032485749,3558.9037269124465,495.8903174310147,4340.783793920784,813.1936839138809
2035-08-02 05:00:00,5795.6883070895765,3726.613977978268,525.5293540700322,4516.937947822214,860.6442759609632
2035-08-02 06:00:00,6113.279715720338,3987.949149620392,590.814692781569,4664.00430525273,1014.3296541838512
2035-08-02 07:00:00,6263.19585438488,3928.0994222897216,596.1730354272584,4757.636291443374,1181.91488807703
2035-08-02 08:00:00,6743.009699039072,4024.993412927104,600.1831782110163,4745.054369575827,1222.050358442972
2035-08-02 09:00:00,6954.221333403141,4073.37498186621,578.1951135441095,4808.671437097286,1237.9774134653298
2035-08-02 10:00:00,7046.72362976848,3992.3930228688314,580.8426509339176,4910.652964541039,1245.348940695062
2035-08-02 11:00:00,6879.768561791856,3895.1987241566417,581.4915210803151,4838.194012033663,1224.8003127505974
2035-08-02 12:00:00,6812.208168808363,3926.003694567001,568.9056289528964,4673.18901258943,1183.9955463680044
2035-08-02 13:00:00,6752.562489629135,3916.993444821028,570.3114399479791,4734.612996313904,1150.4592354452438
2035-08-02 14:00:00,6845.176028123567,3837.534969760965,581.7218971411907,4666.053235171617,1160.8556868530968
2035-08-02 15:00:00,6928.159235262714,4005.4335306490575,599.1452376146094,4754.189329057236,1166.9288491874745
2035-08-02 16:00:00,6981.968531303574,4169.201729954723,615.0241739480551,4794.558106528201,1209.096169946619
2035-08-02 17:00:00,7196.595891111007,4298.201556680155,656.8975284116311,4958.022837572109,1273.0344483101892
2035-08-02 18:00:00,7040.107129681362,4290.115331785721,672.2685781114023,5122.6932409142655,1328.9773953211632
2035-08-02 19:00:00,7117.018258556133,4336.510674470322,688.0552144537311,5053.437975108973,1319.2966759114208
2035-08-02 20:00:00,7162.825697303312,4190.181218762729,681.6702215190426,5084.501730002453,1311.1427101122356
2035-08-02 21:00:00,6936.12782751526,4035.6399834141766,649.8369148875221,5021.590807619116,1252.7473640221292
2035-08-02 22:00:00,6541.937249438392,3819.872650780981,579.0490602562872,4736.439513882291,1148.717765549524
2035-08-02 23:00:00,6135.826839970899,3599.958411153156,541.1783114810589,4513.297215323557,964.2718054632542
2035-08-03 00:00:00,5785.439073197158,3488.452242454121,511.102401311332,4458.348174981215,867.011739892648
2035-08-03 01:00:00,5600.902239271776,3384.9376304081666,484.9229711674864,4325.595791820143,825.107999329597
2035-08-03 02:00:00,5451.861071839446,3298.33165025839,486.6166470903838,4319.805913332271,808.212745336929
2035-08-03 03:00:00,5451.130056813813,3365.091101682968,485.8554857174246,4265.477708382143,799.9410801438955
2035-08-03 04:00:00,5602.985557319834,3465.927630626542,496.5601253731059,4228.388774953033,812.8697340077292
2035-08-03 05:00:00,5753.968391851834,3766.951120535328,531.637529759908,4505.511275286036,857.7617371134595
2035-08-03 06:00:00,5938.638566099635,3970.098876316621,596.55521157943,4675.499773780107,999.9130473277316
2035-08-03 07:00:00,6339.413361489759,3893.102349400315,595.9520163530564,4742.068984486974,1161.6761215252222
2035-08-03 08:00:00,6641.008399955065,4052.260120178148,582.5548160126853,4767.740263438058,1209.3575378847345
2035-08-03 09:00:00,6831.872306556556,3976.519750998866,582.1722381098444,4783.477070447438,1228.502266256484
2035-08-03 10:00:00,6931.72420977881,3978.399388358085,583.2751332406662,4817.688084401295,1230.0833745281689
2035-08-03 11:00:00,6782.116946915313,4030.237929525834,579.3684111807017,4780.493762710453,1199.4456222441215
2035-08-03 12:00:00,6727.5746754040165,3922.945615552006,571.9471714016,4699.745911287308,1163.9445584846374
2035-08-03 13:00:00,6701.86199773388,3893.70178313525,577.695979997262,4754.24178621395,1155.0674057475476
2035-08-03 14:00:00,6902.340002576539,3898.7895151847774,580.6912245543078,4735.352048162972,1167.069318408238
2035-08-03 15:00:00,6883.804054708281,3982.7903992336433,583.3094237946748,4805.938494177569,1157.7277006400952
2035-08-03 16:00:00,6889.859598807681,4145.930077752452,609.120734341325,4886.562940600559,1209.6819514125057
2035-08-03 17:00:00,7021.913175757942,4152.434944922976,648.197254900492,4897.75220288169,1268.6309018502882
2035-08-03 18:00:00,6998.151844530496,4375.284383558258,671.973871806604,5093.006364508987,1296.8675303804428
2035-08-03 19:00:00,7091.017667303221,4331.932953772142,683.578795643119,5134.989115592223,1301.0607509169267
2035-08-03 20:00:00,7164.0981093654245,4261.154181516713,682.4079704218268,5055.22555210821,1304.112719669256
2035-08-03 21:00:00,6799.007541994637,4124.773866921244,651.0071010429557,4892.884894634255,1253.544940501046
2035-08-03 22:00:00,6514.112417533777,3798.887997535969,578.9058963084838,4710.437000448484,1117.5270494065635
2035-08-03 23:00:00,6062.700282865005,3520.035677090183,529.8591054366501,4463.175865838277,967.7106044755984
2035-08-04 00:00:00,5590.073678143723,3392.720587188044,497.6449440163949,4319.400315123434,860.457979307065
2035-08-04 01:00:00,5463.162181513411,3343.584022927516,484.3181133891365,4266.606952922067,803.314521551662
2035-08-04 02:00:00,5245.368674410018,3254.9910946097957,477.6411381927095,4212.7772754831485,800.0855391724217
2035-08-04 03:00:00,5391.976858305991,3304.302189062548,483.7011571604363,4205.342400709204,805.5889981435894
2035-08-04 04:00:00,5439.882050993818,3435.9047221310025,487.54844425941536,4237.013544774374,801.3559548780291
2035-08-04 05:00:00,5586.5888022466415,3755.1356425828794,535.8513075630159,4554.294732017364,846.3744155384737
2035-08-04 06:00:00,5651.225985960955,3947.9094165201313,583.3666836079923,4698.697744428127,1000.3264580830056
2035-08-04 07:00:00,5963.014474059546,3903.953685573186,583.1349451519142,4815.238433695669,1159.8014127855374
2035-08-04 08:00:00,6494.21335369553,3952.6648830291215,585.0119031723816,4728.825851311682,1184.0670759870677
2035-08-04 09:00:00,6685.36093418668,3962.943556078584,580.1289967526786,4768.799778372258,1208.971012863785
2035-08-04 10:00:00,6779.053534602162,4029.486371934561,580.8437927805959,4790.501442674825,1211.6957063227671
2035-08-04 11:00:00,6528.864462470366,3893.031440301493,583.0293712497798,4804.077448299112,1201.714922385742
2035-08-04 12:00:00,6603.647083001363,3829.720796042041,573.0376062675297,4629.226464889737,1167.8233224607986
2035-08-04 13:00:00,6686.898982752261,3867.845910570672,570.725868531611,4686.018705254858,1151.1359699081252
2035-08-04 14:00:00,6620.064447703547,3861.7552874387343,569.3001630371139,4658.323669997743,1144.4667221417126
2035-08-04 15:00:00,6577.332685960463,3912.04516150287,581.0942461695636,4697.538146655206,1156.1999587237112
2035-08-04 16:00:00,6814.810259473862,4092.952512763301,610.9782357044289,4806.638338497917,1187.3267369830094
2035-08-04 17:00:00,6834.054893749197,4212.072342423936,649.2874377161355,5023.465654839412,1260.42700992683
2035-08-04 18:00:00,6864.932060800374,4212.68931803118,672.725086068094,5171.204567264708,1295.378962837378
2035-08-04 19:00:00,6915.920466513623,4292.309191403744,683.5618090977105,5003.483994467376,1318.6080364603697
2035-08-04 20:00:00,6875.303483542451,4296.219722047287,688.4021611346745,5114.527622822148,1280.100070763413
2035-08-04 21:00:00,6612.668542620119,4001.9637388321994,645.5483295160216,4936.045723791813,1259.8265003046429
2035-08-04 22:00:00,6321.208002226847,3757.530617787877,588.9533048792578,4636.969788550622,1130.9099240045878
2035-08-04 23:00:00,5819.554015780635,3489.2757688878974,532.5544492857701,4346.969664587679,980.4285375635036
2035-08-05 00:00:00,5788.076557951673,3422.142190496616,508.3589810209047,4308.661531367327,874.5439594974248
2035-08-05 01:00:00,5690.224458022299,3356.148818256741,484.1653235483718,4308.004734529488,812.6545167783255
2035-08-05 02:00:00,5577.514552631456,3330.506895247124,475.0201802207401,4298.765327359748,818.0627674835641
2035-08-05 03:00:00,5563.51049386729,3351.868011554139,491.6436767583024,4274.420897365823,803.94106161964
2035-08-05 04:00:00,5618.9360160104525,3545.228785408951,487.5182487591754,4353.759460052015,799.0350195709909
2035-08-05 05:00:00,5762.389424188983,3745.4649877395727,532.2198616610501,4444.882793401294,860.2773593885348
2035-08-05 06:00:00,5920.602453966871,3928.1635079774446,580.1983043505196,4738.0445774547625,994.347279987226
2035-08-05 07:00:00,6158.176487581271,3974.1275784854256,584.5346694317069,4896.688131218407,1150.9701207678104
2035-08-05 08:00:00,6561.002958987301,4001.248089484071,579.641858908801,4805.84476930542,1198.8320239500792
2035-08-05 09:00:00,6895.856892071936,4018.056228532912,579.7927723424958,4856.057013095532,1235.923977895235
2035-08-05 10:00:00,7008.085219803815,3997.6464135192896,584.1350427516501,4861.755588455368,1235.5142115429676
2035-08-05 11:00:00,7004.569064220591,3938.897133939093,576.0012731466803,4744.680968975282,1205.5420246515644
2035-08-05 12:00:00,6564.995773608477,3856.5939831070286,573.380430952619,4770.033279804393,1162.5542037313205
2035-08-05 13:00:00,6952.796004443621,3958.203650789601,569.1135075598844,4671.450737987862,1166.279308597129
2035-08-05 14:00:00,6979.436945919173,3868.0686877909534,584.0635297004754,4711.971259838191,1146.1043657197156
2035-08-05 15:00:00,6878.394724627135,3976.2391333737055,583.2390066466409,4772.90615099027,1170.0619671703214
2035-08-05 16:00:00,6950.420662391403,4158.916295590881,616.939316714932,4838.666601273116,1210.1553198322451
2035-08-05 17:00:00,7187.240294306892,4253.444619057126,643.4060771206933,4968.738213878812,1276.7681173646608
2035-08-05 18:00:00,7105.9694089964605,4321.2356290454745,672.2290978218409,5045.614492048229,1292.2387881575569
2035-08-05 19:00:00,7097.145047780344,4398.422530215137,684.3372475322207,5151.569743658385,1298.8158389098585
2035-08-05 20:00:00,7178.105673765387,4247.018159381425,691.8322506708295,5179.205015096042,1314.6288457989722
2035-08-05 21:00:00,6858.854123110025,4110.947500629466,647.1049666802453,4957.000931144236,1244.6141938378837
2035-08-05 22:00:00,6433.129260973328,3842.169020130096,580.4299191591499,4737.493604455551,1107.5607429740226
2035-08-05 23:00:00,6166.944719323948,3578.69187020233,536.312844256473,4457.769764558915,969.8782371779567
2035-08-06 00:00:00,5746.822760718763,3468.1081089917684,512.0464645501535,4375.418650595367,882.0884122073804
2035-08-06 01:00:00,5580.142926724298,3329.1282573920907,489.9673898004239,4274.415072416449,849.608910795563
2035-08-06 02:00:00,5582.961477438366,3368.6919542106307,480.800876086068,4216.0811352336805,813.6699774180045
2035-08-06 03:00:00,5659.492804349861,3362.5769007128315,489.8617602339691,4238.299237609383,811.1580485403381
2035-08-06 04:00:00,5559.354823184525,3471.2795113528136,491.7880588294705,4250.446593018949,806.6948684305327
2035-08-06 05:00:00,5813.713266393072,3752.598166568082,542.583344330885,4473.731730292141,859.9309255627219
2035-08-06 06:00:00,5991.0842989062885,3958.010715884765,586.8151055534513,4663.341019835726,1000.0832868253336
2035-08-06 07:00:00,6315.906394201319,4085.946037033884,588.4021190327009,4780.602037704754,1141.4673460805172
2035-08-06 08:00:00,6580.570580506126,4061.760161189992,591.9012825613662,4902.425407780307,1185.4579801777236
2035-08-06 09:00:00,7050.761813900659,3929.582291097101,578.693483479246,4823.865313220314,1243.13122488359
2035-08-06 10:00:00,7044.750243234743,3980.139089768765,580.1465210486572,4763.351567950074,1210.4259770617236
2035-08-06 11:00:00,6870.824620736668,3937.583493658189,582.8023389096711,4791.244858335212,1202.4241182729509
2035-08-06 12:00:00,6715.9767568172765,3795.3839096625534,573.2554665353267,4702.530845471978,1183.7018633795058
2035-08-06 13:00:00,6906.594829909169,3937.960669655586,580.7833723202747,4702.117495181474,1147.531813638663
2035-08-06 14:00:00,7025.541388426503,3858.830512601727,576.0914895537024,4698.966693475508,1178.4391145487734
2035-08-06 15:00:00,7043.613803090649,4039.8775767282777,592.8541837004866,4766.910070902387,1154.379885307712
2035-08-06 16:00:00,7097.544284849461,4085.079199287181,608.9620932310472,4799.71490898979,1194.64450050481
2035-08-06 17:00:00,7136.186371432105,4214.957402358953,646.0334149088375,4990.873879376876,1247.8451552535648
2035-08-06 18:00:00,7014.159136157306,4314.508647540567,680.7947335956162,5173.215102383491,1333.5125506053846
2035-08-06 19:00:00,7200.243180475506,4297.004454698511,679.9669455780461,5144.933274254905,1318.5381815292303
2035-08-06 20:00:00,7189.056407929912,4231.871751783105,686.8359453016943,5154.3257379337465,1300.535474036355
2035-08-06 21:00:00,6818.64696113188,4054.015089214608,644.2635449313252,4942.4825246289965,1279.291348318489
2035-08-06 22:00:00,6566.160704622175,3829.7825716083103,581.4144726347233,4733.072542686859,1152.0966070111194
2035-08-06 23:00:00,6057.662408904804,3490.659412487528,543.1539311638309,4492.415334651983,972.3814646088872
2035-08-07 00:00:00,5823.273500198442,3432.2780173397045,499.0608877954925,4411.681108463989,887.9745173306292
2035-08-07 01:00:00,5628.334566411528,3342.4824530718483,476.4779220084504,4287.082753756117,840.8855562296361
2035-08-07 02:00:00,5593.892848362028,3357.7310900433254,482.74625894656566,4252.049941532124,825.6364560122599
2035-08-07 03:00:00,5700.183557497521,3398.784262212312,487.4062835697098,4215.414563886236,810.5562263195214
2035-08-07 04:00:00,5569.888296766573,3501.8206586327155,494.4386926796745,4410.982156423011,819.0509878685267
2035-08-07 05:00:00,5791.633416019658,3772.461486563366,538.9629041915537,4338.330485829574,869.0663469533807
2035-08-07 06:00:00,6032.441267995268,4030.769592597074,575.6207758154752,4724.73884908519,1026.9198802794067
2035-08-07 07:00:00,6231.685439999623,4036.20326530574,591.6686230066266,4841.120791423059,1153.9987470200283
2035-08-07 08:00:00,6662.549181118664,4056.222787520951,580.3206150813666,4885.447879968294,1214.7678938174968
2035-08-07 09:00:00,6896.268472340318,4065.175196098569,586.4871975290554,4885.242559059308,1241.881882543149
2035-08-07 10:00:00,6990.26442835689,4069.134822766394,588.3143128550294,4777.251151949,1225.7662945711472
2035-08-07 11:00:00,6962.103929104329,3883.128813574193,576.869442967636,4766.048125982397,1227.4102208641043
2035-08-07 12:00:00,6876.241240629636,3930.369141689638,572.1351976365866,4745.551746479043,1194.483688019057
2035-08-07 13:00:00,6907.431988426213,3920.432850456564,581.1020790130895,4755.434840448073,1171.2908909732407
2035-08-07 14:00:00,6905.89755328816,3890.7446825563215,575.6695805948252,4687.644087956718,1154.5192043555232
2035-08-07 15:00:00,6990.1020231632665,3964.909140316518,592.0100065710428,4782.808548844302,1173.4804796415426
2035-08-07 16:00:00,7087.440041466081,4156.573134464933,608.8598385248413,4811.021545702243,1213.5612179092689
2035-08-07 17:00:00,7209.135061545871,4338.569836928868,646.7908792489194,5101.558423331074,1276.075839134825
2035-08-07 18:00:00,7097.422221509584,4393.132216321157,677.7829033663661,5093.082313812884,1326.5622620529075
2035-08-07 19:00:00,7238.711313306584,4328.576859189436,694.3690780132621,5103.968696946087,1320.9550207641555
2035-08-07 20:00:00,7258.066189354317,4231.574075664319,687.3851759172055,5065.653487877621,1322.641608001535
2035-08-07 21:00:00,6841.265071320656,4076.9730736142974,642.7508239322647,4957.557273088749,1244.6624202185144
2035-08-07 22:00:00,6578.187905141589,3814.975870771003,582.3525974562489,4744.7343032137,1134.5521817538397
2035-08-07 23:00:00,6063.633114937778,3591.783184200872,530.2429424633754,4427.002864036521,981.3352426069902
2035-08-08 00:00:00,5922.738638743673,3459.332718005381,506.11485631762383,4446.3431835658175,879.9502418835258
2035-08-08 01:00:00,5715.782467760483,3434.974590077233,481.4963163503053,4288.688458735346,826.3648293921742
2035-08-08 02:00:00,5595.889234144171,3353.305968886955,488.372774850536,4236.558152386064,812.6919052380007
2035-08-08 03:00:00,5683.729724859403,3352.714988241696,492.2989437966045,4333.506066538279,798.4061396144201
2035-08-08 04:00:00,5651.738838109259,3476.604702619212,488.58180364271567,4329.976983838285,813.9447431553201
2035-08-08 05:00:00,5876.554265348254,3801.447891694093,532.4440241614893,4528.212357529246,865.4512448546822
2035-08-08 06:00:00,6000.895647139196,3945.4699160230816,589.8178669287254,4712.127243576249,1016.1677579628998
2035-08-08 07:00:00,6233.117810387031,3975.898026397076,589.0950041126516,4694.728629872743,1159.7242500456728
2035-08-08 08:00:00,6749.75200535638,4020.291179405237,589.8449826820796,4905.997040798286,1212.6897578999178
2035-08-08 09:00:00,6902.693950047866,4055.0275930775583,578.0479410605692,4896.506931125376,1226.1522901782075
2035-08-08 10:00:00,6960.9517948152,4091.172191635442,586.5760536237901,4829.998961872946,1239.995821460195
2035-08-08 11:00:00,6997.793611399367,3998.259228973513,589.8037524144161,4816.5464530583895,1237.166394246632
2035-08-08 12:00:00,6772.657245919866,3852.376062301231,572.0319676469486,4725.424158289957,1184.9290220144844
2035-08-08 13:00:00,6763.045424642723,3894.5466669784746,575.5344056549036,4624.937778592147,1149.7759927512177
2035-08-08 14:00:00,6958.649088455594,3936.678862110557,578.5069018337159,4692.783392389288,1151.974902558147
2035-08-08 15:00:00,6964.443330295355,4002.3680055546033,583.154449704312,4780.124392602664,1184.2557826687469
2035-08-08 16:00:00,7137.446262398713,4119.010082633126,610.4862313940878,4817.496188151579,1221.899071482824
2035-08-08 17:00:00,7086.254620260746,4331.047381215751,644.2623116518605,5008.567679928757,1267.70459044803
2035-08-08 18:00:00,7230.203631033602,4357.865526739171,671.7974327839453,5032.333712470615,1332.7858019851396
2035-08-08 19:00:00,7226.701680225416,4447.804772832674,697.4812241990745,5138.474769814377,1322.1019854862989
2035-08-08 20:00:00,7117.920227730865,4329.278228741131,682.4895332269592,5159.211671906368,1296.189254710796
2035-08-08 21:00:00,6922.142960385839,4079.78549569616,638.8804619928021,4884.383099260712,1241.6918115949964
2035-08-08 22:00:00,6464.890380270969,3864.612323875485,589.4876795558746,4666.306947582342,1138.802198111276
2035-08-08 23:00:00,6201.7261504127655,3632.164273262737,534.9144086496468,4491.665390415043,969.0538469378904
2035-08-09 00:00:00,5937.457536339352,3443.097879376105,507.6020317941168,4377.850018181923,892.7197242785296
2035-08-09 01:00:00,5740.08488971661,3367.4486691254974,491.5913974858405,4318.530725711006,828.1794056327593
2035-08-09 02:00:00,5647.786349886431,3369.699812237549,489.7227807931604,4326.207386850151,813.6222286500333
2035-08-09 03:00:00,5575.087602466453,3410.2616851208663,479.8099555908278,4252.623306770296,794.7229133210856
2035-08-09 04:00:00,5652.030234590514,3482.9785841927505,495.540857211472,4225.493987769446,819.7325850238682
2035-08-09 05:00:00,5823.303389840622,3792.251509615875,533.0977424675185,4502.591964574704,839.7727378987119
2035-08-09 06:00:00,6068.01057191687,3952.5498854347434,582.0890412689429,4699.797897185665,1004.1423461215142
2035-08-09 07:00:00,6231.701527430622,3958.0016530601656,592.0440981549,4749.273698512497,1182.1083908706823
2035-08-09 08:00:00,6816.109456390541,4057.530724826372,586.8732285962418,4800.642974731914,1200.4071838782097
2035-08-09 09:00:00,6902.34955273883,4016.633089831624,592.6212431492836,4802.405711428677,1235.7906878599763
2035-08-09 10:00:00,7078.724330686794,4036.003204497872,569.7663926072568,4912.813879689972,1222.2686014891997
2035-08-09 11:00:00,6944.12474535948,3876.62206016875,588.7266700660791,4780.840733112368,1235.9311891910577
2035-08-09 12:00:00,6812.12432336811,3913.658610624587,569.2724140614217,4760.106482281919,1188.2067007386386
2035-08-09 13:00:00,6958.946569821453,3927.130496787696,573.7504106220798,4776.475458861383,1165.491331975688
2035-08-09 14:00:00,6964.035421163205,3904.365548650641,569.3186158511639,4728.851669288599,1158.3153157997358
2035-08-09 15:00:00,6955.744490500983,4021.180917391903,589.8286478940219,4818.48659048936,1194.1216196941882
2035-08-09 16:00:00,7115.981557158812,4134.859519549803,605.5188090219659,4932.746683274067,1231.6296479724172
2035-08-09 17:00:00,7089.856688408364,4213.412371998476,653.4160776539217,5069.700896057766,1295.6292271895504
2035-08-09 18:00:00,7184.165299642041,4335.454554290465,674.9851453858972,5164.357093446332,1313.5531531275967
2035-08-09 19:00:00,7034.935577987346,4341.674391816203,696.6283319228755,5182.880979233154,1317.7548990375226
2035-08-09 20:00:00,7151.183881494015,4301.909346519431,690.6323168770743,5035.371747807178,1301.57015104248
2035-08-09 21:00:00,6884.678818581418,4099.488892631619,646.416334781887,4961.921473561349,1265.2237291807858
2035-08-09 22:00:00,6672.282024357832,3774.5746128343535,582.8626676220745,4694.244711918653,1133.433046597176
2035-08-09 23:00:00,6114.191160531046,3576.0867083746343,540.5055277219785,4520.409269329161,982.0783640062618
2035-08-10 00:00:00,5797.293280269385,3433.581595358401,501.0677583454104,4332.541411736879,883.4359455453264
2035-08-10 01:00:00,5746.609245927861,3289.704750558372,493.08144718863065,4259.730479346546,810.3574970230252
2035-08-10 02:00:00,5444.877106566422,3348.685536715313,484.70378258102846,4304.158000240625,799.3587482406803
2035-08-10 03:00:00,5548.574817514991,3377.997807362361,493.8809258669989,4291.166127092904,806.962615892716
2035-08-10 04:00:00,5611.549759828371,3454.9607625942804,497.87264203062665,4292.258501554096,822.9892267084518
2035-08-10 05:00:00,5793.489088664664,3760.2390382643152,529.7305685914613,4477.44409322635,859.5157466347456
2035-08-10 06:00:00,6017.515377295522,4029.8992436478,589.7649548760119,4806.587375132068,993.4800126386036
2035-08-10 07:00:00,6234.541892947612,4013.5620041920574,584.2474961794837,4799.595880310627,1160.7380258279568
2035-08-10 08:00:00,6647.54276399847,4048.113103129998,596.0309973793431,4815.284864555043,1199.612131957016
2035-08-10 09:00:00,6940.7696762740925,4014.138407611555,594.8956572764661,4794.822718573487,1232.6296303235415
2035-08-10 10:00:00,7097.5280107258295,3974.639619629072,583.7456005385443,4816.558653160384,1218.7493069815628
2035-08-10 11:00:00,6897.320380696633,3870.427171417822,576.8410150994345,4855.015195935777,1207.6265346842704
2035-08-10 12:00:00,6721.158408399059,3901.974049922167,568.390502580596,4706.520592818871,1180.5773713435294
2035-08-10 13:00:00,6755.157192614329,3874.0834316122737,577.7393195322437,4777.823714122107,1148.54015706202
2035-08-10 14:00:00,6900.979097818206,4003.8576099180814,572.357274908471,4774.635478197957,1165.4175962653655
2035-08-10 15:00:00,6910.483255269362,4072.079473500389,584.932263797869,4751.136347176437,1191.2660020971412
2035-08-10 16:00:00,6989.471607016325,4126.12901443738,601.2275158485326,4834.291040687598,1232.7604677102777
2035-08-10 17:00:00,7142.070920494125,4298.043477539515,643.3962840747784,5000.938335756456,1289.9618034316263
2035-08-10 18:00:00,7131.738050067899,4353.668228733635,689.3384452369727,5132.440863280935,1311.5875019838047
2035-08-10 19:00:00,7134.217276056323,4402.288360384265,686.5968519986021,5151.389753770644,1302.5842101216026
2035-08-10 20:00:00,6981.739265710045,4308.156247970507,674.056695448113,5054.149231181955,1302.502891695252
2035-08-10 21:00:00,6780.575272872611,4089.711946292611,647.7711080423862,4900.688414177783,1240.594081787424
2035-08-10 22:00:00,6608.931346325544,3804.8943620587647,579.088399771068,4647.047547358076,1109.323146997191
2035-08-10 23:00:00,6150.391735789452,3608.5619247421687,535.6722799793139,4442.844970756076,977.1644316675636
2035-08-11 00:00:00,5517.785432061552,3442.1573188166776,498.7805780496653,4301.2265601356485,879.471802477381
2035-08-11 01:00:00,5499.198878590548,3354.514079041041,494.3326923911724,4359.548514159764,821.8667598333963
2035-08-11 02:00:00,5318.214614409825,3276.327254071401,486.8553481845235,4201.822095301187,794.2452701484043
2035-08-11 03:00:00,5304.696544089135,3304.9488910867053,484.4784010342569,4224.6816471491775,796.3668339989471
2035-08-11 04:00:00,5384.981625807963,3459.919972963354,494.7443653081233,4202.162909935749,809.9559167258464
2035-08-11 05:00:00,5632.148071609356,3730.144348914002,529.2479513378864,4384.677777868322,851.8123217060978
2035-08-11 06:00:00,5768.579959488843,3921.275784720325,572.0651361452137,4715.800378863569,987.9141978314468
2035-08-11 07:00:00,6035.869683458689,4034.9155373462527,580.9707145609884,4840.194878954632,1142.1073399082677
2035-08-11 08:00:00,6591.888633306506,3892.4458428445782,591.9742424087864,4883.970088429849,1195.8347409616092
2035-08-11 09:00:00,6676.147840496606,4030.21511783388,580.9968551084137,4772.217920345122,1215.196453022275
2035-08-11 10:00:00,6805.382291334881,3987.270770198764,596.7479657575209,4781.0861466211,1221.685379732569
2035-08-11 11:00:00,6548.118024877792,3890.561993169966,573.8207832091067,4729.836219149791,1217.1140703461067
2035-08-11 12:00:00,6457.338337599593,3828.0302809637897,574.3286793097539,4667.198940524867,1185.333551560507
2035-08-11 13:00:00,6604.587958068323,3856.468849647205,584.4132219887274,4653.332236894151,1150.3308291556327
2035-08-11 14:00:00,6592.411522914148,3882.056111437305,584.1775714678755,4689.475148662282,1152.5513223796513
2035-08-11 15:00:00,6710.331261300204,4002.634504815217,583.8702160794123,4773.592696709844,1159.0636157304189
2035-08-11 16:00:00,6688.981823279039,4089.7724726493834,607.7657158214207,4767.523921018191,1210.9370568719387
2035-08-11 17:00:00,6755.040976114585,4199.878762894868,655.1266920588415,4963.697315306196,1265.726694208745
2035-08-11 18:00:00,6902.479000277823,4205.889414785947,680.2491107806087,5095.300880155857,1324.2388349194364
2035-08-11 19:00:00,6933.066442735356,4278.533090938187,681.6477040160001,5044.926261686685,1319.603463338167
2035-08-11 20:00:00,6767.541736907043,4197.920503254538,665.0553047346752,5111.686988617029,1280.0943857689438
2035-08-11 21:00:00,6572.09038070447,4036.851196950182,654.2813140469933,4842.0851766336,1255.9937008483255
2035-08-11 22:00:00,6258.408637108518,3746.654313710888,589.6988761719767,4673.437910581818,1116.0632317310133
2035-08-11 23:00:00,5890.375144553544,3512.384566236343,528.6220611537185,4415.293701980487,951.8557533485388
2035-08-12 00:00:00,5855.053374912639,3415.510027340343,509.0450074652605,4374.889211461933,866.9709795826038
2035-08-12 01:00:00,5633.247209404887,3341.595938970868,492.043018905081,4321.102740304907,832.2632974840731
2035-08-12 02:00:00,5552.371896914262,3426.04521756086,480.7471896500442,4285.650670109476,802.4275525167847
2035-08-12 03:00:00,5561.72049087152,3348.8799147103173,482.3386163683525,4221.889671946636,799.9906245202815
2035-08-12 04:00:00,5641.979874339502,3493.3467732871527,491.2427048119876,4221.845209791366,798.3081964574314
2035-08-12 05:00:00,5808.076817868023,3806.79098206404,534.7637295226332,4375.428667870144,846.2582518947197
2035-08-12 06:00:00,5976.503917077008,3934.66854827496,586.9966814511139,4738.542648768012,991.8076465384192
2035-08-12 07:00:00,6192.935683622345,3944.130845948728,588.704364124605,4767.831761305484,1147.9287517223258
2035-08-12 08:00:00,6631.404102837161,4097.941261259803,607.313738772505,4796.062569613408,1194.026152472877
2035-08-12 09:00:00,6826.499010680229,4012.735341791251,578.436898783118,4846.798135726257,1230.5311758706855
2035-08-12 10:00:00,6928.884950936536,4048.325488492663,584.5508524113667,4904.9219386459645,1230.0842091638397
2035-08-12 11:00:00,6842.116766892653,3919.735775359044,569.6580278032784,4810.262255465082,1224.4570168767364
2035-08-12 12:00:00,6872.306180675035,3878.3175450959993,578.3142230590036,4838.014052686318,1170.4089737573306
2035-08-12 13:00:00,6917.938705777635,3966.7579512253888,580.457336146437,4739.40116136318,1169.079855513485
2035-08-12 14:00:00,6864.685448899907,3939.210766234005,570.4231554491897,4644.784956678996,1171.512774692972
2035-08-12 15:00:00,6914.820531179567,4057.269571331624,583.7028310986368,4754.65253991058,1184.6579431099003
2035-08-12 16:00:00,7058.574242377331,4070.296562997008,619.9545857620101,4795.807173523941,1208.7167472008446
2035-08-12 17:00:00,7126.818480201723,4274.473506635416,644.2227864720322,5004.685852628967,1262.1017674961963
2035-08-12 18:00:00,7067.71769151474,4314.839177672939,678.1330509587597,5094.49223076631,1324.967730094699
2035-08-12 19:00:00,6993.21383817053,4370.390520507383,693.3084021214278,5081.859358668797,1305.769212736147
2035-08-12 20:00:00,7109.670081338632,4250.812674437324,677.0422827418472,5139.8400653469325,1288.78813217117
2035-08-12 21:00:00,6997.697015673949,4078.862541935262,637.9217681864181,4909.204084062715,1255.980387540434
2035-08-12 22:00:00,6642.186227702006,3774.9852839693513,579.4428215881826,4748.827385248219,1147.9517571362985
2035-08-12 23:00:00,6116.548831875296,3505.433382978979,531.0167544336005,4599.513473954102,967.5449243506412
2035-08-13 00:00:00,5815.48319281693,3400.633845368212,509.9310919349468,4441.734735900854,878.5319174812619
2035-08-13 01:00:00,5627.844253457881,3413.0459273642614,493.6211043480841,4324.844223934783,837.1107053019787
2035-08-13 02:00:00,5596.841838984391,3349.4689540973927,478.3127872577752,4303.464799913283,794.9357934240184
2035-08-13 03:00:00,5587.295357452737,3387.11287709868,485.75058485896335,4258.539861358499,826.6454688820992
2035-08-13 04:00:00,5741.719693810816,3457.864499308018,494.65992868508926,4356.217202811871,831.1608059116544
2035-08-13 05:00:00,5837.148579603881,3795.1110046587546,522.8496090400017,4458.262260480591,858.5407474189265
2035-08-13 06:00:00,6078.579322437771,3967.734958710522,591.785752131949,4716.704045674181,1004.2002511673994
2035-08-13 07:00:00,6213.695198347253,4033.708734428496,597.2440237831672,4785.248432453121,1153.7857365774423
2035-08-13 08:00:00,6738.5013496845895,4058.647754883618,596.8231451133383,4781.705359125485,1220.2957043003514
2035-08-13 09:00:00,6867.596827050002,3984.640161537361,585.4070845910445,4846.14417611488,1223.539382410057
2035-08-13 10:00:00,6922.024608615996,4002.529641912645,583.040890206919,4750.717597544026,1234.7437121119965
2035-08-13 11:00:00,6837.282269109976,3943.00200040921,590.0047212146801,4842.494120255044,1205.3079444530829
2035-08-13 12:00:00,6774.605998472832,3847.542868385025,569.4184968909591,4735.621846049484,1145.980861628169
2035-08-13 13:00:00,6900.332755645641,3908.824414403712,583.7910897770258,4654.754641756067,1164.555578224694
2035-08-13 14:00:00,6980.025624491014,3878.67740325114,576.883557819117,4706.419372419009,1163.2386127874638
2035-08-13 15:00:00,6901.058603020797,3916.8782747676382,589.1793231456189,4847.272213445037,1173.280975775653
2035-08-13 16:00:00,6951.541233112103,4179.17543596359,610.1179134072972,4821.26726128269,1208.6498694444058
2035-08-13 17:00:00,7268.939180247525,4205.942181212866,644.7308293059734,4999.687352660355,1280.079201784987
2035-08-13 18:00:00,7304.851088163567,4334.411485362549,677.6931865068725,5133.536409546495,1295.4912005843844
2035-08-13 19:00:00,7037.928001728134,4419.527778625559,679.8923269686264,5106.517856316905,1315.1064360963444
2035-08-13 20:00:00,7102.243689753907,4306.715618828002,679.9102997833405,5131.8166026896215,1304.6112918094082
2035-08-13 21:00:00,6803.29578410869,4044.0266876964433,642.7646894389834,4929.431499177034,1250.838575948969
2035-08-13 22:00:00,6601.012330254666,3909.6800318069054,581.7435880191204,4704.566771849599,1124.21819218555
2035-08-13 23:00:00,6054.644314303908,3597.1906667751737,535.672524963992,4470.005472933592,973.8857554096132
2035-08-14 00:00:00,5975.873599891548,3440.084347457656,511.1864786493799,4361.552333623694,880.8941549279774
2035-08-14 01:00:00,5815.179145748224,3421.785780593201,481.6825895795857,4281.16487176567,827.8391141087715
2035-08-14 02:00:00,5628.280051570039,3349.960926618022,474.0330181703472,4229.070616719159,811.8354265140371
2035-08-14 03:00:00,5682.1591739211935,3462.3703359828346,485.9473700792242,4259.460358687238,800.9819846182664
2035-08-14 04:00:00,5657.231091057902,3508.689892087855,499.54936930709886,4320.514245733232,819.2967213925432
2035-08-14 05:00:00,5858.913991927307,3793.145812479229,533.1684225031015,4360.636794905854,859.2463713557054
2035-08-14 06:00:00,5951.0340205546445,4023.907757196721,585.6101254869767,4687.116481352714,1006.4923931410724
2035-08-14 07:00:00,6355.711666151946,4007.097142928912,583.4073601354263,4797.136787152228,1168.765371138712
2035-08-14 08:00:00,6727.46697533737,4084.074579102517,593.5883604475607,4876.186683234265,1200.9300093973638
2035-08-14 09:00:00,7010.787004341157,4061.985261885192,576.4105041648025,4784.2776714137335,1232.4436195613505
2035-08-14 10:00:00,7121.612696826974,3993.711572517425,579.0328061316369,4808.387055472461,1233.7153203277471
2035-08-14 11:00:00,6865.372268123491,3894.410707348386,583.9338883198184,4685.999483653011,1221.4000939706889
2035-08-14 12:00:00,6926.369147822844,3885.652137802853,565.3225242827195,4743.8294321135545,1174.8252029172647
2035-08-14 13:00:00,6831.268515926369,3847.54147811586,582.7535470303432,4825.859236061668,1163.0733023940893
2035-08-14 14:00:00,6958.045885982377,3976.236386998001,569.7268755542116,4696.755598015515,1174.8514236970796
2035-08-14 15:00:00,6937.599789465974,4012.191122903597,580.277067333405,4873.738355765479,1170.0565441040555
2035-08-14 16:00:00,7100.548843745437,4183.555593714975,620.1326978848434,4883.195835215343,1209.0876872983806
2035-08-14 17:00:00,7198.158078941617,4300.208673145029,652.2506600415437,5078.319551562024,1278.4666921006412
2035-08-14 18:00:00,7051.233738248036,4376.057088076242,676.6328664178196,5145.426540952419,1334.7866007496527
2035-08-14 19:00:00,7209.439803842889,4364.970451281888,696.2672049510878,5154.981552179973,1320.3249935070903
2035-08-14 20:00:00,7211.619810098824,4410.914894423831,682.8395000661884,5089.071476298557,1299.9248786561643
2035-08-14 21:00:00,6817.143865947518,4041.3669121488447,640.0372543406629,5006.453071328425,1260.8376535568254
2035-08-14 22:00:00,6641.553752546646,3822.7501272171935,575.608512334316,4684.844831284616,1133.9502793992694
2035-08-14 23:00:00,6101.174519162673,3549.157521742774,539.7766152858422,4508.941798057479,983.8113708540304
2035-08-15 00:00:00,5921.332096007277,3375.164180629258,515.2044116005447,4407.016647623431,878.9142022939377
2035-08-15 01:00:00,5726.709859194216,3408.380672175183,480.1551073629076,4391.163999206488,831.1520683800551
2035-08-15 02:00:00,5674.8589356346,3401.180773706318,477.83896874484367,4319.976452986841,812.8867466638317
2035-08-15 03:00:00,5689.123746359141,3459.191569679078,494.5108098558006,4275.676485219767,800.9113741283528
2035-08-15 04:00:00,5673.953995078052,3475.276638627837,490.244208325868,4317.132400489434,815.7135352386802
2035-08-15 05:00:00,5891.402918537004,3800.2480602908154,534.2305055468172,4443.971840444335,865.4580462776095
2035-08-15 06:00:00,6071.391525927653,4011.235234659317,591.6109163382281,4715.633457086203,1010.6767277253326
2035-08-15 07:00:00,6374.886511835707,4016.466336821258,594.0639521991816,4722.206184008446,1176.401272843066
2035-08-15 08:00:00,6798.017552378918,4041.8751545686223,592.7403622100351,4869.61055733115,1215.7960006592002
2035-08-15 09:00:00,6988.812285812184,4098.83936167049,579.4626100099125,4845.401056907729,1234.2084492696088
2035-08-15 10:00:00,7015.634708348402,4071.604836058313,573.0266093046014,4890.911438593053,1238.7350771401536
2035-08-15 11:00:00,7044.804155063867,3976.487677456221,586.3788062960265,4771.536902437263,1240.4682221451233
2035-08-15 12:00:00,6944.81143793344,3909.432904976051,567.4939298876117,4612.439103989461,1181.0535501892848
2035-08-15 13:00:00,6859.558098790671,3952.6273307943056,578.774563189792,4668.124335618328,1144.868069084714
2035-08-15 14:00:00,6989.023216510871,4022.134418589599,594.1414200571179,4665.80093682698,1173.5234210719696
2035-08-15 15:00:00,6900.707116997762,3943.71539758524,598.1834065239549,4781.190360224406,1161.6068134024354
2035-08-15 16:00:00,7097.413820608452,4124.467642353995,605.7439063512658,4886.914387070579,1215.229647156366
2035-08-15 17:00:00,7171.821429506785,4385.877390692484,653.466098094481,4957.4628591107685,1299.1119154400033
2035-08-15 18:00:00,7101.677295623155,4323.584456039937,665.3837321165148,5136.369271995174,1299.271343119584
2035-08-15 19:00:00,7124.581231967374,4371.456437012675,681.9519676456174,5154.275501634667,1322.8004416259232
2035-08-15 20:00:00,7232.739607057269,4333.533776721471,684.0634702840374,5074.584010940334,1307.282042042703
2035-08-15 21:00:00,6842.604956028182,4014.1113094251614,636.3909473877122,5002.464164492902,1271.9778713393762
2035-08-15 22:00:00,6558.532962454514,3848.388803059676,580.2903142788745,4654.807511323841,1143.095641770726
2035-08-15 23:00:00,6095.1157018556805,3642.982011635775,542.2366708940816,4498.87259479942,965.372322316599
2035-08-16 00:00:00,5885.829181374965,3437.26342499368,507.2472964967968,4370.893750086009,883.7438851499318
2035-08-16 01:00:00,5784.377143581897,3378.2501569517203,494.6292999916498,4334.520681152111,834.5218565960764
2035-08-16 02:00:00,5580.34677873893,3349.6608952276188,491.66820894567553,4283.142131579669,807.6252817366509
2035-08-16 03:00:00,5613.759222304401,3394.995585812076,490.0836952302088,4314.509478639619,807.4737509895701
2035-08-16 04:00:00,5675.46693160163,3463.428057590422,497.8694306019501,4294.185834238682,828.1838881914105
2035-08-16 05:00:00,5786.155091271209,3800.462123683241,540.5338638126235,4482.469509100202,854.9427717589037
2035-08-16 06:00:00,5912.404358726219,4065.663695933734,584.8328465365188,4731.519988501869,1019.0886012937506
2035-08-16 07:00:00,6289.612324515355,4027.718380954805,594.993647679178,4807.113433816398,1182.5266448398147
2035-08-16 08:00:00,6588.7670935238175,4051.537776808,587.3939935462065,4829.215464994331,1211.313663464385
2035-08-16 09:00:00,6859.468540343145,3956.2660322497095,589.0246633304166,4871.260123231004,1241.1881440020113
2035-08-16 10:00:00,7005.395612853869,4087.073629958473,583.9431054684201,4894.970851010813,1212.0370702957648
2035-08-16 11:00:00,6892.821469206608,4012.1303767417726,585.1699929383866,4763.092616199723,1210.1167360571508
2035-08-16 12:00:00,6887.1103434483975,3981.8601047187954,563.8487818396738,4603.815467776259,1174.4973832675928
2035-08-16 13:00:00,6897.213437227494,3954.124990802124,582.1171521365679,4622.31681321274,1175.2209095883627
2035-08-16 14:00:00,7025.004274206712,4003.5659890842535,570.9783045497286,4722.13655918217,1168.781302416196
2035-08-16 15:00:00,7053.438995111556,3989.831379021929,583.2447837801105,4785.487975376216,1181.3151023891523
2035-08-16 16:00:00,7004.606059837004,4151.762815067789,613.1383689738398,4923.466977435774,1236.6786000257566
2035-08-16 17:00:00,7151.750567734815,4359.965991056758,657.0734718670388,5039.935710230937,1277.4018769702895
2035-08-16 18:00:00,7233.365638151178,4427.472110640201,673.8705243682776,5153.147351420729,1302.1405269233942
2035-08-16 19:00:00,7155.196603843393,4375.693612640464,688.2986796458055,5146.372010434691,1290.5845086938264
2035-08-16 20:00:00,7181.131345913585,4323.74223565114,673.0600648488379,5140.882659445468,1318.451162574555
2035-08-16 21:00:00,7018.305134163814,4177.206458738246,638.6065165137207,4841.426018084338,1268.5583154355804
2035-08-16 22:00:00,6499.058940980988,3888.243441411301,579.2358051836748,4705.79332217188,1143.9518298988069
2035-08-16 23:00:00,6123.170981270397,3591.137862889234,542.6495359129368,4487.555831874845,973.9143478105495
2035-08-17 00:00:00,5756.245704025034,3499.579398275373,503.1651855633593,4299.519319397018,885.671163302878
2035-08-17 01:00:00,5679.426874814952,3415.5580370212037,488.4647529235786,4322.947138768502,818.0164400196992
2035-08-17 02:00:00,5702.482293375053,3329.931268050825,487.15994472951127,4264.143103681063,801.3994183543189
2035-08-17 03:00:00,5557.624204124172,3369.735924899798,490.4147917588096,4255.29985496509,800.8362170242783
2035-08-17 04:00:00,5548.669148984152,3514.603611744495,493.4526940129358,4351.15391265962,811.4991327840455
2035-08-17 05:00:00,5827.927273130896,3835.606974094195,543.7070625937861,4468.726216349996,860.9107429359358
2035-08-17 06:00:00,6028.523072690212,3991.320508952453,583.8249186205478,4695.295199957119,996.717975858304
2035-08-17 07:00:00,6136.14305401743,3949.560674016567,588.9278339291517,4777.5867565936505,1174.1057217283178
2035-08-17 08:00:00,6608.473167224923,4034.003162050831,586.161276731086,4808.234434101903,1213.521838121657
2035-08-17 09:00:00,6867.475366265104,4131.772996821238,587.2275062423805,4776.377670993712,1216.2870585227718
2035-08-17 10:00:00,6865.647605331428,4085.4100959284488,591.0104002334671,4851.124334059701,1239.846887378316
2035-08-17 11:00:00,6859.115728613107,3930.704161125926,587.1848913786943,4611.205609873818,1213.3728257279352
2035-08-17 12:00:00,6666.890260995014,3856.795217101416,580.84457877268,4614.499877215865,1166.2911448097027
2035-08-17 13:00:00,6807.573383445693,3923.683767319778,578.6521251567698,4739.060216743649,1155.7038401381333
2035-08-17 14:00:00,6806.839589526449,3914.728197359123,576.1333876875798,4700.816591649798,1158.18762940351
2035-08-17 15:00:00,6976.355777220109,4003.0887551095193,590.7539033418096,4781.820070721335,1161.587058567459
2035-08-17 16:00:00,7039.929987040984,4107.928918576195,609.1272784594283,4849.030574889111,1213.165225343697
2035-08-17 17:00:00,7094.68369108639,4259.057395269769,654.545312994629,4972.071432595008,1269.7771414816475
2035-08-17 18:00:00,7180.351707756155,4358.935045963608,661.585431824141,5076.798171721547,1292.0679459643402
2035-08-17 19:00:00,7093.364906890577,4451.480181141255,702.125491220272,5228.872841645322,1297.014679065297
2035-08-17 20:00:00,7023.004130662514,4227.743747763361,683.8382262890129,5166.256875280853,1319.8920696668888
2035-08-17 21:00:00,6850.454956214798,4121.122855486131,642.9653181501694,4918.876623266778,1271.1509878656375
2035-08-17 22:00:00,6601.563552791302,3816.130541707061,575.7489816248777,4655.198981227429,1129.3296833251466
2035-08-17 23:00:00,5993.819198552461,3551.633819459284,538.626472852716,4483.80909386619,978.3366185874306
2035-08-18 00:00:00,5637.455648440703,3425.7161748867875,498.7569670503031,4285.635548731913,873.6346203835329
2035-08-18 01:00:00,5485.374744048631,3294.651022983439,491.00253726787577,4299.232032816442,825.5605288784583
2035-08-18 02:00:00,5415.0085643896455,3342.055627752118,481.61629674078335,4325.43953456749,811.05849310983
2035-08-18 03:00:00,5318.196749262413,3308.0974918515662,486.758690476963,4308.434705244701,805.6502155151234
2035-08-18 04:00:00,5389.827444468204,3478.614486478551,499.7549981144504,4367.015242222175,797.0714726539456
2035-08-18 05:00:00,5550.150249779349,3714.0713534202378,532.405382851458,4464.601318758566,857.8789524765278
2035-08-18 06:00:00,5785.782210571787,3930.6607010776847,587.8542831597033,4642.984009693316,971.0192672600854
2035-08-18 07:00:00,6131.105818643601,3934.9903114443655,598.2367463250212,4749.544426986427,1153.612185010828
2035-08-18 08:00:00,6331.573187726614,3993.010034118712,589.0731698105782,4800.39954039647,1212.0611759884885
2035-08-18 09:00:00,6701.895354169861,4005.040874295562,579.9126095138869,4824.54042429462,1208.6686863006703
2035-08-18 10:00:00,6698.773031378416,4009.2365111369454,579.1014291281635,4739.0084334509165,1231.8962340698956
2035-08-18 11:00:00,6691.613846339851,3877.6966366631423,579.3272129769508,4714.292940083832,1219.0799776946856
2035-08-18 12:00:00,6533.82365539403,3846.310491495707,572.1216137931167,4715.655921864433,1151.685719034687
2035-08-18 13:00:00,6575.547351863678,3897.0954785731537,575.7479839629742,4733.708987431598,1152.79328803747
2035-08-18 14:00:00,6662.859701920768,3806.4991289667855,584.0611046965807,4708.202677358889,1147.6810374032643
2035-08-18 15:00:00,6678.78129366685,3950.14593361388,586.8133268105005,4740.987051023651,1170.858618817967
2035-08-18 16:00:00,6767.96642352336,4102.649419904997,610.2857917857267,4736.737115160234,1203.5624691167736
2035-08-18 17:00:00,6933.7718037975455,4199.91999396109,641.3089410817137,4854.8717325761945,1280.2876809980326
2035-08-18 18:00:00,6683.032402984131,4330.397393068396,675.5738476241521,5026.131809351115,1292.945079623457
2035-08-18 19:00:00,6827.454342961928,4350.271531596277,705.0322955717371,5108.486085641596,1300.5790093282665
2035-08-18 20:00:00,6867.551578846507,4324.77960594402,681.0979078795526,5111.339444864563,1292.4792454993085
2035-08-18 21:00:00,6646.731808002831,4035.902873398689,650.7707296980211,4899.869438539634,1216.9173666205024
2035-08-18 22:00:00,6281.52989343233,3726.986369672912,582.897639908302,4687.896685832401,1114.752320959004
2035-08-18 23:00:00,5777.632981251457,3542.1199644442568,536.7820836690229,4486.442375062731,974.2691289288066
2035-08-19 00:00:00,5813.8950883238085,3463.2624454967786,513.9361589854935,4354.29171048585,883.7474378752446
2035-08-19 01:00:00,5696.955409140731,3344.902910993276,490.2196586198892,4303.8938406812185,832.4321890655949
2035-08-19 02:00:00,5529.655785658723,3322.459982228446,488.8276045973738,4286.465554022722,816.5254141098463
2035-08-19 03:00:00,5570.634757420013,3391.358670175785,486.1019824672476,4287.152208452092,813.2769507745212
2035-08-19 04:00:00,5604.390263911541,3532.084497885436,484.3336355663795,4255.466523136779,807.6040486462108
2035-08-19 05:00:00,5755.46120254268,3763.714562685344,530.4518646478872,4453.457970451039,855.7803560513
2035-08-19 06:00:00,5900.827963606623,3942.222458650844,591.7807652971068,4738.286113561882,997.7004505662252
2035-08-19 07:00:00,6299.824762403281,3937.3915160100314,583.0620372391253,4747.248485190413,1150.009646096103
2035-08-19 08:00:00,6708.1321974755765,4073.101378995207,592.6904724609581,4822.023671217648,1206.9114117365934
2035-08-19 09:00:00,6861.788448616388,4089.450881724747,579.8352126903629,4796.3306747607085,1205.5428570776237
2035-08-19 10:00:00,6886.256116322966,4123.551566051523,574.9368815561047,4857.618824501526,1223.4618981360463
2035-08-19 11:00:00,6870.278641701413,3985.889006534891,572.4325242502466,4710.905125086055,1199.6003925399689
2035-08-19 12:00:00,6880.658285585422,3855.881502582365,573.4433868476938,4684.354444836219,1170.563010555802
2035-08-19 13:00:00,6879.799318624362,3914.834168644288,583.9986651485859,4779.124838916339,1139.680625460198
2035-08-19 14:00:00,6951.10023622666,3890.7939531596417,580.7295036876095,4669.139197142015,1149.1142849144564
2035-08-19 15:00:00,6849.33691108851,4048.8627060235945,582.6882412542884,4691.4671771273615,1180.1182442286886
2035-08-19 16:00:00,6921.028642731976,4141.42647835851,597.388085679585,4850.557284962999,1228.7536944375015
2035-08-19 17:00:00,7164.205761248399,4304.603498367241,649.8479419820461,5059.217307864146,1270.2598790863424
2035-08-19 18:00:00,7021.134805188495,4373.465546676912,684.2665687772264,5097.771260014193,1319.261952478494
2035-08-19 19:00:00,7035.903563471646,4402.746649444691,696.5352434736722,5101.808304262191,1322.5749466139484
2035-08-19 20:00:00,6909.237975314706,4382.0022475727055,690.4374692000041,5116.345219533953,1293.1855977578
2035-08-19 21:00:00,6929.746938099327,4062.144949685392,646.9952402933952,5019.017852400195,1267.7547080642614
2035-08-19 22:00:00,6541.603339504503,3855.5091233397793,582.3156650496268,4730.956097206759,1139.5461270616977
2035-08-19 23:00:00,6063.792929665027,3543.90266181773,530.8503645068753,4568.220798773416,977.4937760648238
2035-08-20 00:00:00,5825.030844657935,3513.9853055028298,505.7239159690664,4337.516152097188,865.8570056217227
2035-08-20 01:00:00,5716.317032488817,3390.2991034234456,487.3276373939319,4319.089238894401,809.2768430935602
2035-08-20 02:00:00,5609.017188594345,3390.3855428066317,478.83597322862994,4334.892902304556,810.6113605265633
2035-08-20 03:00:00,5479.019923049704,3363.824437425645,492.7283708596967,4375.093053260315,799.6102786706747
2035-08-20 04:00:00,5598.623871561115,3503.6386236135795,487.7482234933562,4330.192301675866,822.1680077862808
2035-08-20 05:00:00,5809.238752715896,3745.199995722525,535.4453746330978,4412.596774293169,873.152509027085
2035-08-20 06:00:00,5946.953841977752,4023.910189104751,584.9358039887778,4741.45454138507,1014.2544879725656
2035-08-20 07:00:00,6310.241937965137,3956.149763631596,592.1907356429449,4743.777199789633,1167.98214586597
2035-08-20 08:00:00,6747.755020454724,4039.561549336412,589.745156911007,4750.94562833511,1232.1354972983845
2035-08-20 09:00:00,6877.843177811859,4045.6956337721967,581.2105881884388,4872.296371650044,1247.1484103913072
2035-08-20 10:00:00,7028.233933745001,4074.1194744958734,578.9127008514097,4853.149396818931,1237.477667337071
2035-08-20 11:00:00,6905.731907349993,4021.182503228282,583.3670095600861,4774.8630038731735,1211.796332780826
2035-08-20 12:00:00,6815.513198579019,3825.130806233633,579.6890948569772,4698.728076052616,1187.1492128232694
2035-08-20 13:00:00,6927.505016426625,3902.459386051527,580.1275395568631,4672.078539711508,1180.585975791909
2035-08-20 14:00:00,6968.820864652408,3900.616978698304,578.049687902828,4787.395896354009,1167.0202449908966
2035-08-20 15:00:00,6886.26573367536,3993.873227136082,580.1593507197273,4690.405021846849,1171.6068729746244
2035-08-20 16:00:00,6960.362813144479,4119.739713519354,608.44533833225,4785.908136607466,1192.2408958057847
2035-08-20 17:00:00,7037.3409025012415,4317.56374958236,648.0363926765065,5015.8674001764775,1289.3206020539717
2035-08-20 18:00:00,7173.508310372502,4405.330814956644,676.2473277768916,5131.8819349421055,1307.7001507934335
2035-08-20 19:00:00,7197.494993987154,4429.599749672355,696.1650751292085,5093.531839513799,1313.621659549988
2035-08-20 20:00:00,7203.44520658485,4262.745461323668,683.9309238265209,5139.1495294635215,1299.7823475611845
2035-08-20 21:00:00,6886.567480121404,4145.54748591898,636.9999526823258,4988.421417508972,1263.1851634134673
2035-08-20 22:00:00,6548.220580471889,3829.953255328241,576.3581219865882,4679.954118662246,1141.0201123868069
2035-08-20 23:00:00,6117.524435119736,3565.675296659276,537.7200919593407,4424.506725949266,979.9912201047345
2035-08-21 00:00:00,5790.868357210591,3523.955820702042,503.5310077482521,4323.390702218399,896.9875280568602
2035-08-21 01:00:00,5682.885419687896,3424.871099980298,490.051957834505,4354.9499727189805,820.500112139448
2035-08-21 02:00:00,5700.636703463514,3286.3269510672417,485.2487572558056,4357.481287623971,813.1029857623196
2035-08-21 03:00:00,5656.502569071871,3374.903868893572,488.9253952506462,4271.368878548572,808.4554580868257
2035-08-21 04:00:00,5629.329813386674,3522.87696421892,500.59853762914696,4354.637553995234,820.4135655680041
2035-08-21 05:00:00,5830.044797231753,3735.151185544892,529.2519627309659,4474.482432919113,866.3865879269695
2035-08-21 06:00:00,5915.442043886436,3905.4311980212574,590.774543485655,4695.1730645896105,1003.9853525458976
2035-08-21 07:00:00,6300.392971966826,4076.853811677152,588.3138559699582,4762.688694665209,1187.2393385651226
2035-08-21 08:00:00,6797.95278773071,4070.832583647256,587.1933889377599,4858.926248863746,1256.9276936282768
2035-08-21 09:00:00,6883.618224357503,4076.591408207484,589.4307907242498,4903.846231549493,1235.7261914639992
2035-08-21 10:00:00,6962.118733535772,4096.778166215236,583.4707302760825,4824.599484202818,1242.4138611733538
2035-08-21 11:00:00,7009.342047557774,3860.98329659338,591.2492326958968,4789.894117779495,1238.5250306827493
2035-08-21 12:00:00,6812.470010469646,3853.676566654157,577.3398247632633,4752.019548168733,1195.5858504373798
2035-08-21 13:00:00,6911.081237659394,4001.151041017181,572.1548203934901,4669.282181902679,1170.453870094479
2035-08-21 14:00:00,7007.954997675025,3865.82398869014,567.8539522020521,4767.299910899315,1161.998512522146
2035-08-21 15:00:00,7025.383577593598,4004.009223953334,591.5684550979731,4799.419622017877,1172.77978734241
2035-08-21 16:00:00,7068.096560551128,4120.013931126412,605.8538229421425,4918.656089653327,1225.6151736483212
2035-08-21 17:00:00,7242.729510968403,4278.902743581479,640.780417379101,5048.747855600689,1283.9238222849551
2035-08-21 18:00:00,6998.622860153027,4346.492536765677,670.8053672060603,5126.975824608634,1320.308410221526
2035-08-21 19:00:00,7115.526811433769,4411.676490549769,689.6298490896098,5128.969285265764,1345.800513648384
2035-08-21 20:00:00,7302.294542030151,4296.722753887509,691.531940020043,5087.8645191268615,1337.9890138892667
2035-08-21 21:00:00,7003.675294047845,4058.026382593981,648.320485700977,4942.783441114491,1265.8293384260653
2035-08-21 22:00:00,6414.948677660958,3806.680846952058,578.970279533314,4662.873620660469,1166.8102602529088
2035-08-21 23:00:00,6223.52428020004,3557.3882822848304,538.8822261230739,4540.612945905258,973.1003448545414
2035-08-22 00:00:00,5695.900193353104,3581.52341166327,506.4333157100314,4413.488751073414,896.5325499649309
2035-08-22 01:00:00,5759.423782650909,3361.623846793,492.9207791246336,4343.399064474436,838.6856601228023
2035-08-22 02:00:00,5674.985254122606,3342.3160127095284,499.6563680483369,4277.458035050685,819.0371851947319
2035-08-22 03:00:00,5541.990999179133,3352.8813009205765,494.04215790757183,4319.585466737534,800.0436021582776
2035-08-22 04:00:00,5747.985904693398,3545.4981819168643,501.0999673265888,4372.206201999692,818.5100644183025
2035-08-22 05:00:00,5861.640663801155,3819.2340418958665,540.3776659183143,4586.397749434533,863.777660987905
2035-08-22 06:00:00,6105.882817837299,4048.240543844088,583.4826120575369,4692.164002777055,1008.6962933345958
2035-08-22 07:00:00,6332.947930653947,4017.638403072929,591.340890585184,4844.947532807273,1179.1466864938
2035-08-22 08:00:00,6782.957691059977,4024.4381538927128,590.6276224211495,4871.762657413075,1235.593228122992
2035-08-22 09:00:00,7021.109386812215,4030.009565889808,587.6328500374084,4811.70406356643,1223.3457911370012
2035-08-22 10:00:00,7108.644873776785,4015.9871372277553,569.4561588927268,4866.698258718633,1244.0975558978646
2035-08-22 11:00:00,7002.350973046703,3927.9657206200286,582.5018199545727,4787.257415145387,1240.3306442428377
2035-08-22 12:00:00,6870.667840929308,3884.89248949706,568.187846396987,4788.467372592793,1178.3094538442208
2035-08-22 13:00:00,6910.187348527633,3909.007513338779,584.2928621107078,4773.923399542386,1150.1711734823302
2035-08-22 14:00:00,7074.475520140523,3897.9901518593206,581.8129823374253,4747.156258728526,1159.5328297647306
2035-08-22 15:00:00,7050.739247777535,4040.3370154481872,591.0406574262104,4844.857042206665,1184.0354292656352
2035-08-22 16:00:00,7129.032749410875,4209.585300838037,609.3754524029232,4911.260972423795,1224.444099947876
2035-08-22 17:00:00,7192.042828435708,4312.272107684888,647.9184632963646,5101.020375214419,1279.7645035608791
2035-08-22 18:00:00,7220.760453460541,4431.637596445662,689.8878919217151,5151.791056187085,1315.0170426359994
2035-08-22 19:00:00,7261.687774845566,4415.488805285926,689.2385898214796,5046.030025178017,1332.9638562423206
2035-08-22 20:00:00,7286.585475513938,4277.336759015154,697.4789448030606,5079.130854235711,1332.278283386907
2035-08-22 21:00:00,6947.502473807763,4064.738803351184,639.2762012162725,4921.309942740194,1278.0700486456687
2035-08-22 22:00:00,6550.718590897152,3890.9567052303273,590.729853342572,4732.7309687002535,1166.1580419613165
2035-08-22 23:00:00,6297.158030180832,3581.664703735331,533.9998422463294,4539.595428654711,959.1161143672324
2035-08-23 00:00:00,5972.246955752742,3422.1803622148386,502.29012287639904,4381.705026316384,894.7989960248458
2035-08-23 01:00:00,5798.801267096214,3376.899363129476,492.1695819414218,4298.752486684998,839.421019909498
2035-08-23 02:00:00,5691.820655302757,3406.890580474767,484.6506635281243,4270.000847035106,806.5228678520581
2035-08-23 03:00:00,5695.0260926157625,3415.142303593351,485.460701075298,4296.5863098368645,802.9242781371719
2035-08-23 04:00:00,5752.78235033127,3502.9887063199385,497.258903702132,4345.471312384948,822.805217739025
2035-08-23 05:00:00,5819.35079085557,3860.92179199808,546.6712957726836,4491.02390045841,844.3549594604195
2035-08-23 06:00:00,6010.779274716188,4025.422361508617,591.5989980648801,4759.913791543882,1009.7633408635372
2035-08-23 07:00:00,6368.74830196821,3953.426074440014,601.6657808361415,4815.225682267249,1171.5061501746975
2035-08-23 08:00:00,6743.245330788388,4129.798968301664,590.4772930624098,4875.263149111257,1214.3962262084108
2035-08-23 09:00:00,7007.302441226791,4032.5101045590895,593.7880752495339,4906.784264606581,1223.9942112635813
2035-08-23 10:00:00,7028.426703685128,4024.106538880392,579.7847443948781,4806.419736613313,1236.455981752888
2035-08-23 11:00:00,7035.465348710136,3855.394493573099,586.0552114049652,4785.568456313454,1243.636956971307
2035-08-23 12:00:00,6958.311424197152,3911.7461581373495,571.5156453951596,4703.378116376443,1181.2659104688405
2035-08-23 13:00:00,6840.983021754654,3930.692429061821,578.3970277148928,4621.199982056463,1167.265785133009
2035-08-23 14:00:00,6930.298679234427,4027.000650285514,585.4454388571216,4687.250828244339,1151.2077274785822
2035-08-23 15:00:00,7069.10064113806,3948.978746620344,595.8907634983453,4834.050419893784,1191.5670872231035
2035-08-23 16:00:00,6943.543204175931,4210.483052076802,623.2658862493062,4860.824840026157,1221.2762047885572
2035-08-23 17:00:00,7308.016967136426,4305.575743367435,662.3010825673807,5002.663350862315,1300.5546601291462
2035-08-23 18:00:00,7134.552725961802,4394.686271625092,674.7055538524609,5145.023863853778,1310.9607701498985
2035-08-23 19:00:00,7224.539692831873,4363.370033496072,698.9320301100299,5118.7045181881085,1328.1436897191743
2035-08-23 20:00:00,7205.797357509219,4254.87115725021,685.2304277609746,5131.437934052341,1320.7565159076355
2035-08-23 21:00:00,7024.877248477347,4087.067677897968,641.7058730705745,5043.751710339039,1266.6691059520672
2035-08-23 22:00:00,6630.208684662316,3844.9813290411857,584.2654110915123,4722.730066295586,1162.3823070412031
2035-08-23 23:00:00,6214.09560648139,3596.281638009723,537.7564431876199,4439.068134314351,979.1421011558288
2035-08-24 00:00:00,5758.303684670899,3525.873176300141,505.4059574329143,4321.250807920123,870.4640140321208
2035-08-24 01:00:00,5647.984754382225,3407.5970228496994,493.0072404760821,4279.761462022175,822.3661618855186
2035-08-24 02:00:00,5626.153601105369,3346.8105199902984,490.5969018036234,4238.704768827309,816.9046824637107
2035-08-24 03:00:00,5525.851795572229,3381.7491699483467,484.77576740177255,4317.875144261045,805.2585427706659
2035-08-24 04:00:00,5606.066507843635,3465.2494751407025,498.8902153000633,4320.002595331524,813.1109420484752
2035-08-24 05:00:00,5692.196678206677,3823.977145038355,535.1226336049073,4440.6179532827255,859.2850291267407
2035-08-24 06:00:00,6015.854547554464,3991.416742627211,581.0079159418605,4628.429643342948,1019.9104692216144
2035-08-24 07:00:00,6259.572589836653,3942.641891090611,588.0469460982636,4749.1303753704415,1164.3486469549814
2035-08-24 08:00:00,6645.227180365814,4004.097588069497,604.586380130422,4786.356881730062,1220.1145174329013
2035-08-24 09:00:00,6867.71963623989,3966.53175268756,582.5106344662056,4858.921803833355,1211.844270275981
2035-08-24 10:00:00,6846.05557915647,4029.1877678980313,589.2147941415262,4833.480795752179,1223.0935331403746
2035-08-24 11:00:00,6756.232063064099,3965.565022373263,588.5545934058479,4706.338182884162,1202.734073447605
2035-08-24 12:00:00,6759.523876987816,3886.598613726003,574.6338432065189,4646.073156858099,1185.1292585235065
2035-08-24 13:00:00,6832.9653812026845,3890.759508577553,577.7847705497436,4761.253035521452,1141.2157687821716
2035-08-24 14:00:00,6866.42883149155,3969.688818317429,583.5872126395249,4701.676786443175,1165.9328023740634
2035-08-24 15:00:00,6912.194402494542,3984.94581980217,588.1361248964896,4724.739238176599,1175.4499724935888
2035-08-24 16:00:00,7008.038714975027,4140.40000987828,617.3439551718963,4857.84740001804,1224.9825061436186
2035-08-24 17:00:00,7222.103274257063,4256.83055346195,646.9826684961655,5035.549708536324,1268.7233541134442
2035-08-24 18:00:00,7206.725362266013,4247.968040803353,670.8638634781887,5057.092255542277,1319.3388023511377
2035-08-24 19:00:00,7150.910845378556,4420.833159405016,695.7616995919136,5154.200321346493,1337.7409113812928
2035-08-24 20:00:00,7015.32526929882,4310.435295022739,687.775158561103,5051.506122978521,1324.5711079404698
2035-08-24 21:00:00,6820.565595382851,4036.980231768078,651.0132982217892,4936.214122927543,1251.7114077760402
2035-08-24 22:00:00,6482.460099314282,3803.534194808309,590.6259232386395,4698.25907590135,1129.9345706168406
2035-08-24 23:00:00,6055.950495834891,3645.4726934372334,541.406530557608,4571.576242538366,984.6211242292252
2035-08-25 00:00:00,5606.587797314026,3417.0227911960847,505.1630840528561,4323.886819651772,859.0550352013946
2035-08-25 01:00:00,5421.8770466146825,3336.9453562892763,495.08294613994974,4355.22639360135,827.9527452847547
2035-08-25 02:00:00,5467.449114967854,3341.2814503602303,488.1607570558066,4273.696337387579,816.6209029711154
2035-08-25 03:00:00,5265.72746298102,3385.9997503743275,478.9282761956975,4256.889159934371,789.7899365648232
2035-08-25 04:00:00,5401.361979992761,3444.075495752174,496.8020535965184,4311.252749503524,816.4755013302461
2035-08-25 05:00:00,5659.294495013402,3649.538973421344,534.2464252241255,4420.336436425109,844.9135293988911
2035-08-25 06:00:00,5689.95091025213,3935.300454710886,583.4648663087892,4735.419403858619,987.835335026684
2035-08-25 07:00:00,6083.343462448145,3936.309521631694,593.6848281293508,4797.151659554835,1151.2857309008014
2035-08-25 08:00:00,6435.676466333466,3895.226221790512,592.9151873688177,4816.468830368688,1204.0236275281045
2035-08-25 09:00:00,6713.35128181636,3932.543386570364,578.9507885548782,4753.856599055153,1228.908575070961
2035-08-25 10:00:00,6641.610425742513,3956.7082066166618,591.7873069645401,4818.0577960522205,1235.2114445674365
2035-08-25 11:00:00,6629.088570371576,3895.956399439605,576.9042074812044,4797.506612383452,1221.8176189145167
2035-08-25 12:00:00,6471.944814541179,3845.271378752964,571.3704735457358,4749.196839647393,1167.5195865777591
2035-08-25 13:00:00,6554.214080068688,3893.94023159936,583.114471479686,4717.931571396831,1147.6517395195674
2035-08-25 14:00:00,6687.0845211503565,3857.2064366007744,586.8326639534596,4784.296490951367,1177.359916806969
2035-08-25 15:00:00,6676.374047973949,3951.957597441192,595.6919546358388,4756.732432713429,1151.08754420353
2035-08-25 16:00:00,6748.94518263004,4059.057914525184,601.8896425774676,4755.785343538055,1201.6220122615614
2035-08-25 17:00:00,6868.226217391592,4248.510658273199,643.0919080469406,4958.25782300145,1259.9632634792868
2035-08-25 18:00:00,6903.845990136223,4306.1505472466615,680.0024072363527,5051.9955461639365,1334.561904417474
2035-08-25 19:00:00,6917.864675273418,4308.07599532216,686.6924877588729,5072.327503057365,1314.443919710453
2035-08-25 20:00:00,6821.308437958442,4197.201690144968,680.6781672303845,5071.942144288639,1301.8804184237454
2035-08-25 21:00:00,6713.245243592099,4085.757723780862,649.8966872687479,4854.348821935577,1256.5477594001625
2035-08-25 22:00:00,6263.9113667702295,3757.492053722445,585.9171572481988,4771.359417177825,1150.0585153803238
2035-08-25 23:00:00,5846.603288846046,3563.5030729205687,544.0279579317548,4499.069879299167,960.284036381989
2035-08-26 00:00:00,5843.309562690889,3464.18063896741,504.6973526755047,4345.13026903507,887.546420241784
2035-08-26 01:00:00,5742.655851195354,3329.8104767266186,496.1114069340356,4290.822691851898,842.2189890975621
2035-08-26 02:00:00,5510.120587448959,3323.3993842387827,491.7387990103931,4304.884334417586,808.8288439974668
2035-08-26 03:00:00,5530.970138761777,3485.859202830866,473.5710652992445,4215.609538979086,805.8888336448133
2035-08-26 04:00:00,5659.254504832276,3520.538172460475,491.0117320350755,4326.944875887612,814.5633314704158
2035-08-26 05:00:00,5810.632356063752,3719.657391096836,533.5307953665861,4551.795277236335,846.5265767320964
2035-08-26 06:00:00,6037.625456993385,4004.7862854708246,582.0988983260413,4719.289117127207,998.6180148905815
2035-08-26 07:00:00,6164.623394804883,3961.776429408996,586.8395432045397,4744.293799057408,1147.2373060415457
2035-08-26 08:00:00,6683.890631396029,4024.203695912231,601.003215830507,4839.247244339832,1213.5098827264346
2035-08-26 09:00:00,6936.067855655775,4067.6428908528287,581.2486922447763,4867.457815017529,1243.6876019878869
2035-08-26 10:00:00,7018.936324875423,3970.470973757209,586.6723580818478,4855.327246931417,1246.7846046476222
2035-08-26 11:00:00,6802.598134533206,3901.119318706614,572.6265629966769,4687.512545102552,1226.4728888515924
2035-08-26 12:00:00,6819.12261819141,3902.3812387395615,574.6739883984452,4695.441177376548,1183.0109860508496
2035-08-26 13:00:00,6852.598572668823,3903.428450143494,576.4953978329285,4768.441824188529,1150.888989876803
2035-08-26 14:00:00,6844.044574541626,3870.256964239212,579.628084752609,4690.576593270396,1157.5503591807442
2035-08-26 15:00:00,6925.994862024358,3944.450163424749,584.1597733920006,4886.552964900538,1172.7605214885648
2035-08-26 16:00:00,6986.704698592125,4092.177878992274,606.479271621052,4859.681253158999,1214.5237539005943
2035-08-26 17:00:00,7139.075399263644,4152.297824082291,643.1321168907378,5034.051322106657,1275.7239239790051
2035-08-26 18:00:00,7073.819492088252,4249.040189841615,680.909259766288,5100.04893184425,1325.0936228109686
2035-08-26 19:00:00,7233.749404618588,4428.310929255709,693.3576579974844,5114.509803543133,1319.3681160748104
2035-08-26 20:00:00,7025.771892755785,4311.163368030899,669.7055227194159,5003.730847519771,1325.9626948136186
2035-08-26 21:00:00,7138.820121520715,4079.137615714048,652.325811701018,4899.741186993181,1253.2626805836435
2035-08-26 22:00:00,6626.904512185469,3777.700769705604,582.0336194253521,4663.944826591056,1114.3266182865907
2035-08-26 23:00:00,6084.267698251291,3571.86676580085,528.4987574781396,4504.699688368751,955.3661459664823
2035-08-27 00:00:00,5788.576453832946,3413.3181094965357,500.7328875035686,4398.398204209447,881.6987404827344
2035-08-27 01:00:00,5790.344409350106,3396.5905291732174,491.3647497703512,4267.601303203564,818.6670589562066
2035-08-27 02:00:00,5634.858157686265,3353.5502420554576,491.8163153326092,4244.2881009702,811.9596968979764
2035-08-27 03:00:00,5587.721248900569,3404.1339767476247,493.7163907391539,4362.362163138061,812.5356697416855
2035-08-27 04:00:00,5665.042034081579,3512.9631941999987,490.1464714526484,4304.383148785028,805.0427153075374
2035-08-27 05:00:00,5703.425487202719,3783.8233986785135,529.3985922085694,4463.480052179749,862.4712434463981
2035-08-27 06:00:00,6067.6723948690815,4019.175397983976,579.5847132787441,4656.316052567078,1012.677607808677
2035-08-27 07:00:00,6431.666427242723,4043.687503550828,600.2222427478401,4879.217972494951,1154.9645957550392
2035-08-27 08:00:00,6782.063748251778,4040.369653351565,595.2947006776952,4842.735757037771,1210.75331173136
2035-08-27 09:00:00,6862.067273262156,4045.884215515513,573.5165288052161,4881.183982718648,1246.7108521514358
2035-08-27 10:00:00,7080.344907717542,4035.682372630332,589.5418838838618,4770.07927472479,1211.71347236039
2035-08-27 11:00:00,6981.7321104674265,4000.8664763841534,579.9822656865143,4693.486940565557,1215.778707859994
2035-08-27 12:00:00,6863.034130370591,3829.997965146764,571.7604919504796,4715.816182264038,1179.6464399942374
2035-08-27 13:00:00,6994.495291591401,3905.65836644094,580.1085518764068,4755.221792771462,1148.1561260468
2035-08-27 14:00:00,7013.310708167206,3905.961213787045,588.2895867089372,4624.510140077454,1162.0942804842375
2035-08-27 15:00:00,6969.037469052817,4015.253527731024,576.1394700550668,4800.023524537814,1182.6362359907191
2035-08-27 16:00:00,7042.54437797759,4162.826202873818,612.303190302119,4835.78022748673,1211.8314740351402
2035-08-27 17:00:00,7158.229247204764,4276.812952107059,656.7891379547282,5012.642364736633,1269.8303366347905
2035-08-27 18:00:00,7181.233182652967,4379.193893622904,674.177392720621,5096.730987870792,1333.3336000235663
2035-08-27 19:00:00,7204.190804533382,4400.749603349089,693.0756699243778,5142.2724491181525,1316.7483164973712
2035-08-27 20:00:00,7097.592812593842,4297.183611275502,691.7101175877124,5123.3856523234645,1308.2573146705747
2035-08-27 21:00:00,6997.965117707511,4093.892941653472,636.7687103126534,4932.033440536606,1267.3919124714585
2035-08-27 22:00:00,6608.507290315569,3862.776340985634,580.8035237927324,4788.809657649036,1134.7758234927137
2035-08-27 23:00:00,6130.9015373653765,3605.2421544293375,534.909913647846,4614.061690798737,992.3668513186416
2035-08-28 00:00:00,5895.405693956673,3389.23568822286,512.2154948609717,4355.027530611471,889.3008422521101
2035-08-28 01:00:00,5732.901865124713,3378.4537614436863,489.5952189882598,4316.126046233546,832.2355639429098
2035-08-28 02:00:00,5775.48849330436,3391.5981194346323,488.12410311843337,4258.419940738501,813.1950652861717
2035-08-28 03:00:00,5614.165111588743,3403.492532708968,485.713095292741,4292.563547635151,803.2198707878046
2035-08-28 04:00:00,5700.179857333041,3523.060563457106,490.1077331529824,4354.04941499965,816.9561219839798
2035-08-28 05:00:00,5840.327499919899,3831.1082578468113,538.5005899545495,4461.467566345328,859.0192193774133
2035-08-28 06:00:00,6001.489187446435,3986.820812403508,581.391927816599,4727.894164088503,1000.4332392387424
2035-08-28 07:00:00,6463.66308653526,4061.017090479619,591.2148637015096,4815.099537319874,1172.068293850562
2035-08-28 08:00:00,6743.00484505085,4056.900992272837,591.5432774491019,4912.777631633514,1220.672738006274
2035-08-28 09:00:00,7001.000250582849,4031.78169104414,583.8668780878094,4877.295529985221,1247.691645440291
2035-08-28 10:00:00,7091.71288402408,4007.884277324362,584.4523832247922,4859.460317533234,1237.5663777819632
2035-08-28 11:00:00,7010.513449066997,3886.843553192711,572.5297329499275,4808.300572842929,1236.238361976447
2035-08-28 12:00:00,6843.077581075565,3899.4754064300314,574.4273473086397,4745.930314725325,1168.0505228343718
2035-08-28 13:00:00,6948.454472972299,3927.376675922455,580.3411619657261,4778.936976310335,1159.5093935389125
2035-08-28 14:00:00,6894.066578805613,3971.9158499496784,579.5105528868676,4857.622305282102,1167.1697075987756
2035-08-28 15:00:00,7108.213957266401,4020.055379872127,593.6766099870275,4761.133510058671,1212.9829675359415
2035-08-28 16:00:00,7070.3144403672,4122.047492326215,597.429330633191,4904.787357436224,1248.9911232788486
2035-08-28 17:00:00,7177.246834470695,4266.623628196599,654.965078086506,5123.2837761872,1284.9942684280518
2035-08-28 18:00:00,7352.6052859822785,4384.451661291186,679.4341623796745,5078.8639850524805,1354.4334634832503
2035-08-28 19:00:00,7146.579229466458,4428.827185703223,709.1012738564245,5129.500195260334,1320.885116575433
2035-08-28 20:00:00,7169.716934072631,4332.010580871587,693.6137090723663,5185.965108511316,1336.0354579195105
2035-08-28 21:00:00,6929.280146313406,4137.715555702967,630.0279757386619,4977.476333285691,1265.0405408404972
2035-08-28 22:00:00,6613.993632553821,3850.920966191309,580.9913122233249,4783.95607384303,1146.7093455399224
2035-08-28 23:00:00,6205.072141243314,3583.5833100384216,530.234285412941,4487.075983934834,962.5334636758516
2035-08-29 00:00:00,5875.461919204078,3465.652732539833,512.947975885881,4383.598621931971,879.6446294575003
2035-08-29 01:00:00,5748.097425327066,3368.4744728429528,486.2980990757301,4370.675613784159,845.0533719119644
2035-08-29 02:00:00,5688.807371159513,3380.1382134996925,482.47458211517903,4246.35133909593,805.3177551946659
2035-08-29 03:00:00,5610.65965069319,3361.7885647117887,486.85397245119856,4290.34131921768,824.0840585589048
2035-08-29 04:00:00,5618.319646272379,3544.3656067589377,489.89104034399054,4336.707239960534,827.4182094645564
2035-08-29 05:00:00,5826.632528369428,3826.113862084604,529.762494705226,4437.599679269196,867.0588071696442
2035-08-29 06:00:00,6043.117998121357,4018.6120327888,582.672718067946,4703.912223931318,1005.7585738387312
2035-08-29 07:00:00,6295.857301980459,4026.6892007600254,595.3110982660126,4758.674770264138,1179.9114846367652
2035-08-29 08:00:00,6685.188490597688,4077.083159893021,596.4212056412737,4777.16376667132,1236.906223074178
2035-08-29 09:00:00,7087.869563134334,4050.023456198263,583.5210327767392,4726.725662838382,1247.8462018838334
2035-08-29 10:00:00,7069.738733130149,4075.9978287182303,587.9099367346646,4782.125247682313,1204.605470746779
2035-08-29 11:00:00,7054.743444819121,3997.0154287458727,586.5189761970457,4767.8429074714095,1223.088231611389
2035-08-29 12:00:00,6971.2814304143085,3806.537072650804,565.1713955550191,4703.868468623772,1168.7084875014627
2035-08-29 13:00:00,6847.91701897595,3926.3092506690177,580.0047142368971,4726.677846678836,1167.7595585184592
2035-08-29 14:00:00,6983.254712299474,3999.890924744444,583.4517669879376,4761.152459188276,1151.87305580342
2035-08-29 15:00:00,7047.8826144103605,3938.2744784702063,589.4276664430346,4798.751409271858,1163.3811600250951
2035-08-29 16:00:00,7080.089269682258,4148.100697244904,609.1926637701927,4887.175606658208,1213.1437302330537
2035-08-29 17:00:00,7301.500493514004,4204.461850281452,649.1853731306466,5165.705739875694,1273.2033199515329
2035-08-29 18:00:00,7161.585069835227,4409.359732144176,685.8758544929133,5055.178730092164,1312.4062130154325
2035-08-29 19:00:00,7295.406404991107,4371.569705696053,696.9005908347026,5211.341535611191,1309.356536393741
2035-08-29 20:00:00,7204.967123620141,4359.944010821494,683.3313344853202,5229.503426901259,1316.4719060517068
2035-08-29 21:00:00,6885.562157899097,4135.533260456038,642.7336921047931,4932.448904585233,1259.6564656855192
2035-08-29 22:00:00,6566.822450814294,3828.469480599297,585.3866442400035,4680.417326309091,1137.5904844927406
2035-08-29 23:00:00,6129.030618856559,3553.360741280302,538.2045928448423,4476.683522749614,965.4501770468372
2035-08-30 00:00:00,5830.330684006167,3417.8495443884467,506.9636818871072,4393.243900955378,877.7721770115971
2035-08-30 01:00:00,5780.635848408033,3418.534842793085,497.91897131964754,4375.856310517032,837.9327426187572
2035-08-30 02:00:00,5630.81769728689,3398.956922838392,488.2170259890976,4262.912100727519,815.2012522930844
2035-08-30 03:00:00,5677.695544125331,3387.0154111846573,482.64680661922654,4203.584743756211,822.0565726629711
2035-08-30 04:00:00,5566.620467313329,3607.143528535785,497.0691835322173,4307.244190989584,821.1178243422352
2035-08-30 05:00:00,5945.2452006510375,3847.193338679299,545.9450455633221,4450.661904405566,865.4509199770891
2035-08-30 06:00:00,6110.979356501407,4068.954702892653,590.0512149479858,4754.697100798123,1007.5392995368694
2035-08-30 07:00:00,6426.890663464136,4008.353156166356,588.9798939058956,4873.7339624446495,1184.2908856793742
2035-08-30 08:00:00,6686.420823991643,4061.7513213790926,591.9583820470658,4839.289427440417,1229.267930368001
2035-08-30 09:00:00,6988.789847083085,4023.427512100703,584.0012826717052,4830.6487812694,1219.4728013926865
2035-08-30 10:00:00,7092.63600376892,4116.56327721836,587.794417846155,4884.681759351641,1264.2076021865696
2035-08-30 11:00:00,7062.102742502473,3972.348339212483,580.5206791532676,4851.582225010339,1229.0409563510573
2035-08-30 12:00:00,6931.810699621234,3846.58292990999,574.2108827447721,4739.387030448026,1195.059235434269
2035-08-30 13:00:00,6812.320507534026,3960.064397185874,580.9198681819062,4729.645259125179,1161.7285666329742
2035-08-30 14:00:00,7044.148852859656,3952.45094813743,577.672734602646,4745.499153330424,1159.1040621683308
2035-08-30 15:00:00,7058.63024414231,3993.8883958257047,591.7502218302225,4788.4118462599845,1175.7179163178182
2035-08-30 16:00:00,6961.010442845205,4206.004066617322,605.1639198365873,4965.469043315531,1230.5401485913103
2035-08-30 17:00:00,7216.001868304396,4324.843871471408,660.550566736694,5000.182446673166,1299.2572015171445
2035-08-30 18:00:00,7153.208822859725,4385.456163571269,680.0449986708188,5184.270741813589,1289.4173699577748
2035-08-30 19:00:00,7193.208001713244,4360.213590274736,690.6656132503953,5094.301858707004,1314.9427579705775
2035-08-30 20:00:00,7257.920186178055,4332.414822761232,689.6563157630211,5117.4674611159135,1327.556206830565
2035-08-30 21:00:00,7023.663299754552,4106.795837661299,644.6524054932131,4914.511361537888,1265.7335903709286
2035-08-30 22:00:00,6623.773287726341,3839.112950858341,582.9467194350993,4735.361163100577,1130.968908710605
2035-08-30 23:00:00,6203.314616211495,3658.5232984141935,538.7292495005956,4439.0985035986405,985.7384598229
2035-08-31 00:00:00,5744.614919862085,3447.382477085291,505.5095252485356,4415.868311918837,878.2559762546252
2035-08-31 01:00:00,5725.73270326811,3398.0698109056284,495.160355910941,4302.577384433899,832.7091778755155
2035-08-31 02:00:00,5622.8388741370045,3351.413399023485,493.5093462058222,4233.115561288688,809.0475530610349
2035-08-31 03:00:00,5666.830538323608,3353.6698788900508,485.9532210435713,4384.121298748312,805.4728642595361
2035-08-31 04:00:00,5726.547448121819,3504.7560849475817,493.0121667219999,4267.063943069032,821.207948114396
2035-08-31 05:00:00,5785.706457026145,3829.248329201754,536.7103238755334,4507.174114543636,861.5646375141492
2035-08-31 06:00:00,6074.663054133346,4025.077840475748,587.8411838215939,4714.850271518603,993.1298197159048
2035-08-31 07:00:00,6152.303697267913,4067.602836992032,602.889761930319,4735.615417103511,1150.2890960018144
2035-08-31 08:00:00,6605.266169956491,4003.0129703014927,589.7655177314925,4858.739726148442,1203.732782092513
2035-08-31 09:00:00,6777.138256063527,3992.6167228167383,587.6605048387372,4864.308419087366,1237.008649351506
2035-08-31 10:00:00,6906.0422240744565,3950.8464401868496,588.0087215312878,4855.43445153804,1224.0158090911125
2035-08-31 11:00:00,6931.670092750352,3916.450424567181,584.0995754954087,4814.144537829436,1223.367281023956
2035-08-31 12:00:00,6651.216256123738,3973.570665964157,577.8558620016828,4714.40380677396,1186.08040569453
2035-08-31 13:00:00,6816.741135196356,3918.942310234154,572.4271416768628,4613.222307933252,1168.4874548321227
2035-08-31 14:00:00,6854.889025246792,3933.224357490927,586.9036148992762,4746.478659290854,1159.1903740369364
2035-08-31 15:00:00,7011.476876292271,4035.3597331330016,584.0034643163499,4766.479223363586,1178.885587772921
2035-08-31 16:00:00,7122.696899056549,4219.502415403562,608.8877437898844,4845.270998930313,1211.8613349382078
2035-08-31 17:00:00,7144.157092848634,4329.684655098492,659.6567101065339,4972.901377017906,1275.8325689946537
2035-08-31 18:00:00,7161.746746184244,4321.390003589571,676.9571891764285,5074.497802703323,1309.0707803684916
2035-08-31 19:00:00,7148.002106292231,4346.353831737571,693.9890566982508,5071.296871377263,1315.5062081410135
2035-08-31 20:00:00,7139.302587738285,4340.460678581695,678.5840937777106,5065.449432518568,1301.6881748748024
2035-08-31 21:00:00,6921.118504096933,4062.088248262449,645.04747691865,4961.552745581894,1243.3794593068503
2035-08-31 22:00:00,6581.67280200553,3852.2435786154138,579.7393634459575,4691.828111975488,1137.18791990381
2035-08-31 23:00:00,6165.518245452225,3615.74016669792,537.2814014822944,4427.2707116185165,986.984167411795
2035-09-01 00:00:00,4925.399272466863,2998.154139228312,396.08871568493385,3652.482975346109,727.3565348544429
2035-09-01 01:00:00,4929.29636686932,2924.79929373423,385.29061231488174,3634.0191420237434,697.0961006444497
2035-09-01 02:00:00,4816.251597477316,2903.196058432283,377.40191582127255,3615.358069321184,662.2401022610535
2035-09-01 03:00:00,4695.432451565611,2942.957250416694,376.3322767008069,3595.6548435039813,665.123337459725
2035-09-01 04:00:00,4679.710541860183,2943.061829730606,382.1264156178208,3659.5008892062574,665.3908082306316
2035-09-01 05:00:00,5032.049495730148,3276.901197264999,417.0818485327107,3815.9341286227855,717.2243604759595
2035-09-01 06:00:00,5182.66992697798,3433.6759327024088,454.1520917293756,3991.920155204013,831.161121349026
2035-09-01 07:00:00,5315.282413037536,3417.7012540806827,456.6124744698124,4004.927592335496,957.3039031346024
2035-09-01 08:00:00,5707.124606924698,3511.180981739172,458.41631657856817,4159.715148261696,985.4979951513036
2035-09-01 09:00:00,5889.580882287671,3483.535477384815,447.2022152826282,4103.534946415292,1033.8070779029135
2035-09-01 10:00:00,5994.542028423125,3522.1901850757013,452.73095773977263,4084.7460885221617,1025.2430925229378
2035-09-01 11:00:00,5923.093658286514,3395.286396962225,452.1431174679149,4026.848949107912,1029.715275149165
2035-09-01 12:00:00,5794.814391312808,3374.591457888747,448.4718225790075,4030.943195983144,967.3739609827694
2035-09-01 13:00:00,5849.744674412255,3454.737200221611,434.1509620586829,3931.560358710468,959.27854333738
2035-09-01 14:00:00,5954.874485545388,3457.392654005632,449.14281108378486,4042.027146732932,960.6254749188254
2035-09-01 15:00:00,5813.786913703837,3451.1201800723584,455.5996668818524,4059.347459729347,973.194568423279
2035-09-01 16:00:00,5968.067694310964,3531.765782393365,472.41788330869485,4151.159429110277,1008.2479331485888
2035-09-01 17:00:00,6171.86040152436,3679.490779231052,498.26517255130847,4250.059780282486,1048.839412624229
2035-09-01 18:00:00,6229.518544586917,3814.777330913897,531.2082550940987,4305.893433656281,1088.9427987887086
2035-09-01 19:00:00,6089.063910390614,3819.704531456297,530.4457093532183,4289.081150645607,1089.5707585612406
2035-09-01 20:00:00,6106.088670143339,3782.578909560962,537.7275048603339,4350.86360990153,1068.912789646833
2035-09-01 21:00:00,5915.225714016609,3534.2865368908647,496.8672625879871,4199.352147638305,1049.1138165367274
2035-09-01 22:00:00,5692.761281999606,3271.477316675322,451.328668561753,3986.034193148585,937.7743278736956
2035-09-01 23:00:00,5242.121594599765,3156.622081096737,416.6722618858213,3815.5277365843103,808.9720671513427
2035-09-02 00:00:00,5176.496936007555,3020.696329139989,398.4319741236058,3692.111952342111,727.9802306638145
2035-09-02 01:00:00,5006.719900901452,2975.0061568176457,383.65334930244455,3675.610370789772,700.9893975284732
2035-09-02 02:00:00,4909.950251992679,2959.132150509928,383.5057117830109,3695.833134313552,672.3314917512082
2035-09-02 03:00:00,4886.63182030018,2948.165548946832,379.23072317332577,3678.312212494976,670.5867554590322
2035-09-02 04:00:00,5029.090971596133,3075.963052092968,378.0730189902564,3689.052840807521,678.3097375456227
2035-09-02 05:00:00,5049.040803005838,3324.982221377204,407.9852618326754,3829.9821135922098,717.5624646769189
2035-09-02 06:00:00,5205.718317618771,3526.523098008938,456.0089160414073,4011.210229382146,819.6413165072446
2035-09-02 07:00:00,5490.68557710406,3530.2058085698327,464.19390137856345,4051.083523864917,974.0526615976916
2035-09-02 08:00:00,5951.739384343271,3508.924964232824,457.5627155407992,4120.104229689963,1018.0488262203298
2035-09-02 09:00:00,6064.347737809097,3528.488025089704,465.1881548295172,4138.115018468778,1010.3822228561744
2035-09-02 10:00:00,6075.771849338907,3489.973523701044,451.02634286064495,4098.322305383544,1032.141984956871
2035-09-02 11:00:00,6090.906754484638,3412.20116603725,457.30485937846254,4062.8137623610737,1013.5371769506362
2035-09-02 12:00:00,5996.24808507797,3422.5251408026056,447.886046487688,3998.73085988599,986.4212405809828
2035-09-02 13:00:00,6133.24101965764,3402.720772831114,454.3058021211826,3993.409284974016,964.0131713081367
2035-09-02 14:00:00,6059.291763241218,3439.177759430156,454.45141290573287,4047.353510294748,970.8388889223528
2035-09-02 15:00:00,6079.961256360426,3489.317259086611,449.8368149631099,3941.790754473981,974.3929893595756
2035-09-02 16:00:00,6089.916151592827,3658.043227642872,472.5498009035577,4149.12929720555,1007.1011357609676
2035-09-02 17:00:00,6305.1405032984585,3776.7974627063,512.2205638471197,4227.103515349573,1073.0616028912707
2035-09-02 18:00:00,6208.755431655162,3866.780595443287,542.0871595092269,4405.453251915056,1093.6225056291298
2035-09-02 19:00:00,6328.034842977956,3858.8058083956257,547.7971494399319,4330.386781655106,1111.0855222769835
2035-09-02 20:00:00,6338.400927249305,3727.063534420141,530.22970681522,4349.436614642734,1080.5526922202075
2035-09-02 21:00:00,6156.203628857228,3599.1692750981206,498.60776375221513,4226.175293879856,1052.0352884679944
2035-09-02 22:00:00,5828.996900782156,3328.591512105684,455.1693807132167,4039.430823586538,966.94986307098
2035-09-02 23:00:00,5307.974230729139,3166.7129494309133,418.2874081911476,3874.84557773696,810.9832322378805
2035-09-03 00:00:00,5190.692231716231,3038.0793753773924,396.5273447667542,3727.203435643833,745.5018814698988
2035-09-03 01:00:00,5101.575128567282,3024.31255978895,383.1216221692453,3674.584117487103,693.2681129047937
2035-09-03 02:00:00,4981.157717666749,2922.2314477822715,383.4965932974071,3631.193086206495,662.9051972408759
2035-09-03 03:00:00,5020.809456264775,2954.420736637068,377.1165960871758,3685.033434418604,664.4741509615618
2035-09-03 04:00:00,4944.753911518988,3033.561463759326,387.8892379862089,3595.879149055887,680.0139957142511
2035-09-03 05:00:00,5231.774676665237,3324.9615649383536,412.8154361947264,3821.4372775107176,728.346262755849
2035-09-03 06:00:00,5398.773528574517,3580.955113899377,459.9606302488885,4076.144482566692,837.8718407413264
2035-09-03 07:00:00,5587.955529657455,3477.822342418093,466.1919196303612,4026.227257527563,978.7496755411044
2035-09-03 08:00:00,5970.115631528431,3551.1870415135445,463.1709755609284,4064.523202240194,1012.7000022465448
2035-09-03 09:00:00,6184.080495048334,3523.783580510154,465.9380569470911,4104.1881573296405,1013.5176422241752
2035-09-03 10:00:00,6227.397745334638,3529.212898834961,454.3284528690936,4071.082523330671,1024.5778960687624
2035-09-03 11:00:00,6208.36607315693,3464.6277124222584,455.25067683815945,4076.403691017637,1007.6484472179286
2035-09-03 12:00:00,6058.282065601796,3386.921104380921,443.4123428029734,4041.406434174647,987.4848710787924
2035-09-03 13:00:00,6115.611390451252,3487.168533884457,454.9613120044219,4042.0422247817273,952.479065267934
2035-09-03 14:00:00,6167.894727741847,3463.6018205620253,460.3670853105592,4006.68565191649,968.3815619286436
2035-09-03 15:00:00,6237.752939456281,3519.226003808857,459.94221465936494,4080.4588257972814,976.4167906927628
2035-09-03 16:00:00,6365.6231208011695,3609.4072981469553,482.9745608462373,4187.399447465541,1024.2643218821838
2035-09-03 17:00:00,6371.794301868994,3796.124379439519,504.3038710953874,4328.493757478382,1061.5411494255773
2035-09-03 18:00:00,6360.277351414879,3774.715324115197,525.9849892122783,4409.4246297568425,1094.4311975912776
2035-09-03 19:00:00,6339.389359772681,3873.4856452411977,534.8815803727256,4403.659452596704,1103.0249169609642
2035-09-03 20:00:00,6379.145504443158,3775.4433110556074,531.4758000115132,4282.43580719263,1081.975261924006
2035-09-03 21:00:00,6009.984655863636,3595.327435949374,504.8549767755312,4243.791301676946,1040.5848128129262
2035-09-03 22:00:00,5901.920673330804,3376.70879074918,457.6708819343759,3964.427017249501,958.31457864396
2035-09-03 23:00:00,5526.985019340258,3172.554602175677,424.3055139446854,3796.7749110450777,815.2013831023024
2035-09-04 00:00:00,5242.783285669575,3091.7641136461048,392.6779463036943,3706.489131247105,738.7979263833106
2035-09-04 01:00:00,5067.701034278773,2941.608189852239,378.1506438488799,3716.016026086749,703.632560305117
2035-09-04 02:00:00,5084.715565244115,2993.0547253304253,372.414425354648,3650.2141471014015,680.8332302656435
2035-09-04 03:00:00,4958.4708887805855,3003.786514018896,383.233155687346,3689.4699694590527,677.5615510830263
2035-09-04 04:00:00,5027.856722895175,3044.3506556290668,386.8143226070671,3663.813511609781,684.4642733112133
2035-09-04 05:00:00,5150.023749637456,3327.364519665612,419.9886149549197,3755.5592607454582,718.4307041728408
2035-09-04 06:00:00,5336.195619737024,3520.374031128994,451.2887002323452,4047.066297686632,845.3264386795423
2035-09-04 07:00:00,5630.333882277798,3421.161573160317,462.1603072905931,4172.009092148304,977.8452588559844
2035-09-04 08:00:00,6033.024111737975,3561.7837953446133,461.1526186785997,4087.12129894719,1018.3315128058852
2035-09-04 09:00:00,6127.736613443029,3555.029795323465,455.0967755043165,4129.7162165278505,1038.622351517404
2035-09-04 10:00:00,6268.259674030142,3504.001681155276,454.6481999512529,4072.1531815889657,1029.5495406908062
2035-09-04 11:00:00,6113.499259010684,3461.457158421068,455.54027252328814,4104.636295846034,1026.7628415278475
2035-09-04 12:00:00,6027.456190382385,3397.3187877925466,444.0724198572649,4017.9652735266486,992.5410038373756
2035-09-04 13:00:00,6169.9783695621545,3459.7204381288843,446.20396717996726,4078.869342749537,982.361151141627
2035-09-04 14:00:00,6160.84627830754,3485.137617907895,449.979873576852,3921.5179614242807,976.8330293490898
2035-09-04 15:00:00,6151.937691296744,3502.0929708522613,461.8388180936285,4097.978990071239,994.1457581739288
2035-09-04 16:00:00,6184.316518252056,3675.512651566288,478.058395395164,4170.209654155027,1005.8191718695222
2035-09-04 17:00:00,6365.25606128567,3810.076774295544,508.3654877169352,4390.901758723288,1084.19591129238
2035-09-04 18:00:00,6324.22177292071,3807.57075089921,526.9864260554733,4369.852460788494,1116.1745038964652
2035-09-04 19:00:00,6493.304435668245,3896.539969139688,542.1626614710682,4366.546502196655,1090.423930165287
2035-09-04 20:00:00,6348.784040822246,3796.196306402449,533.7560744738729,4382.596329034272,1106.734883951035
2035-09-04 21:00:00,6197.628562777282,3583.4333749630964,507.9141508539597,4207.629380319114,1048.2802561955507
2035-09-04 22:00:00,5845.537087506027,3311.7391940691127,452.0712659869408,4063.505928527568,958.9413561511052
2035-09-04 23:00:00,5354.77424387122,3202.3883407798603,427.4411230436799,3820.903386279269,827.5757806852587
2035-09-05 00:00:00,5258.858418776068,3065.4585517818923,404.0301856130851,3799.0164108606687,723.7168661970813
2035-09-05 01:00:00,5101.084406760743,2982.4849297306214,386.2519886126476,3711.115090573707,689.6698117349928
2035-09-05 02:00:00,4995.643333932319,2948.265361554412,380.0913995843519,3642.791247434871,675.1175339403284
2035-09-05 03:00:00,4957.935224657346,3000.246121035627,381.8868092003225,3674.119858018961,693.2294411689335
2035-09-05 04:00:00,5008.634856115336,3009.677435246115,388.3261333221829,3687.54600034958,678.8443167711068
2035-09-05 05:00:00,5195.504975678484,3392.4758525086427,423.1469076630998,3849.557083194832,710.7853011737309
2035-09-05 06:00:00,5375.79342274855,3548.502363193996,459.7878341838685,3973.682108854632,856.2146042167315
2035-09-05 07:00:00,5567.963383589885,3445.583400952277,455.1365943619897,4104.628592104452,989.1237501542108
2035-09-05 08:00:00,5976.733622116735,3567.054039970405,468.1908274697551,4136.992461370513,1019.35545818758
2035-09-05 09:00:00,6212.0739676074745,3630.7655630797526,455.2823980295136,4140.982685969966,1037.3535203982742
2035-09-05 10:00:00,6211.10917943812,3520.1736957694266,460.5847750344272,4158.278621760706,1025.8530559731948
2035-09-05 11:00:00,6201.68764866291,3476.4674076756583,459.37444941277806,4153.164420552756,1001.2137980726812
2035-09-05 12:00:00,6126.306440131319,3480.852726331572,446.1718802540718,4020.5153873802096,990.4830895986652
2035-09-05 13:00:00,6053.917115840392,3464.427848899799,453.7239191832186,4051.9299756476607,989.842414980841
2035-09-05 14:00:00,6258.7830455358735,3394.977636756569,457.6676567797309,4140.981911111165,973.1206406099255
2035-09-05 15:00:00,6216.214841902852,3500.873556358185,456.0860147437385,4077.125064291828,995.2082127504004
2035-09-05 16:00:00,6334.023657569473,3654.403090884549,474.107171213586,4232.135505181081,1032.4664921450835
2035-09-05 17:00:00,6316.584484577895,3774.0311476619263,509.3856970581252,4332.187057270633,1053.1677685010588
2035-09-05 18:00:00,6343.606004615399,3823.0861480901176,523.9216656111442,4325.929303780195,1096.9854820460705
2035-09-05 19:00:00,6421.426287808493,3819.9431526762833,544.0457630169873,4474.235333293304,1107.265162295055
2035-09-05 20:00:00,6430.929404302014,3729.430486367348,530.2764393794286,4388.444731321413,1113.313773302141
2035-09-05 21:00:00,6121.504165768554,3598.1638908954883,498.50783133320186,4224.698451417726,1063.087790594507
2035-09-05 22:00:00,5748.7234096470775,3394.21909966173,454.1492021480128,4014.226364135842,966.9300885982376
2035-09-05 23:00:00,5316.562251508957,3118.8610649694747,416.3832341114603,3814.5180737091214,816.6457881403351
2035-09-06 00:00:00,5202.499211757957,2955.1643185677094,401.5755100413847,3821.965141887024,731.8383224086632
2035-09-06 01:00:00,5165.792789473067,3003.762801869261,385.9978327647385,3697.028242313096,692.008919884261
2035-09-06 02:00:00,5060.073487619341,2902.044097536921,383.19858296243706,3723.785511479573,672.4851995024756
2035-09-06 03:00:00,5094.876448206767,2980.053999162026,389.4433048002409,3691.607016951577,666.5668418730744
2035-09-06 04:00:00,5063.800678050211,3065.05234753754,385.2384392076064,3735.144002554788,694.1285824265502
2035-09-06 05:00:00,5252.571541666757,3386.096779986552,412.0419348178327,3859.4061882871656,727.7012588113504
2035-09-06 06:00:00,5382.384294515756,3514.2448366771387,458.9898399881047,4019.855297328601,841.2042478858917
2035-09-06 07:00:00,5535.824454412839,3516.7254904579463,459.2269619957497,4058.558510736429,970.7633394372508
2035-09-06 08:00:00,5877.092959852307,3528.595327838755,468.5120528531044,4058.499991257335,994.0867196784944
2035-09-06 09:00:00,6238.573422631022,3578.6205651794385,452.0948202299946,4115.911667571319,1034.67745137147
2035-09-06 10:00:00,6198.620925744516,3539.951437331518,457.3033024990134,4142.122611939375,1016.4048301514902
2035-09-06 11:00:00,6334.860995595195,3502.19436813545,450.6483474418632,4000.420563930316,1015.9100249987072
2035-09-06 12:00:00,5996.888571846489,3438.989982854637,450.81796153185167,4056.241567812879,1001.454383736263
2035-09-06 13:00:00,6175.590806877369,3548.9063938624463,459.9281620317796,4031.173769910972,972.7052553525087
2035-09-06 14:00:00,6256.933536304185,3433.1801330978237,440.032919125769,4055.668439062887,958.8809054799208
2035-09-06 15:00:00,6181.029909189777,3502.691076850151,456.7139517869064,4072.4484253930514,975.3328501014312
2035-09-06 16:00:00,6245.777873172593,3658.337630366028,474.5092155530114,4224.017827602052,1014.8565399980664
2035-09-06 17:00:00,6342.82219072079,3818.754449656202,507.4581970786197,4339.437421501581,1075.2534571329984
2035-09-06 18:00:00,6320.815990308516,3807.222922041316,533.4583278510859,4406.719012201596,1107.8449139074985
2035-09-06 19:00:00,6430.11834786102,3895.012643508602,528.8585239826116,4463.083752970525,1091.4801534302942
2035-09-06 20:00:00,6366.736710988052,3800.107103241936,537.8139407628848,4404.2801574036885,1105.8689744935432
2035-09-06 21:00:00,6252.761871965766,3584.7953102635643,501.33352983814376,4146.004595955912,1039.749980372493
2035-09-06 22:00:00,5846.546802590175,3421.555594603751,454.0093867971005,3968.529494217056,955.5942319803332
2035-09-06 23:00:00,5525.749393998043,3162.9285931470586,421.480209866374,3830.1556055663486,817.6621452014721
2035-09-07 00:00:00,5147.575311048031,3057.778127725785,397.5252678218927,3746.3055273394366,730.2649712248074
2035-09-07 01:00:00,5010.510573563696,2971.766315081399,385.8962864450998,3680.006488788,701.0962101902375
2035-09-07 02:00:00,4918.733688744159,2941.5539816346686,380.993933773034,3661.702020709685,667.1948913252469
2035-09-07 03:00:00,4949.73084309725,3010.2958198932088,379.0192386541384,3665.392340463182,668.663775347456
2035-09-07 04:00:00,5028.766506109422,3079.342355733766,386.572022880194,3670.888025139617,682.0366337196364
2035-09-07 05:00:00,5124.799296402813,3330.3423583863646,420.0852846694266,3779.3704830785664,729.9514949860665
2035-09-07 06:00:00,5312.701351896669,3466.0289286204807,460.34057500994845,4073.978034462108,834.9635760247179
2035-09-07 07:00:00,5547.551874114282,3464.90097832741,456.09006053421086,4111.706403871097,967.2646826212476
2035-09-07 08:00:00,5842.052543499169,3478.3211859328385,458.5089076732827,4069.810525974204,1024.9909327193066
2035-09-07 09:00:00,6142.581640734098,3512.4551659422764,453.75935400910345,4164.289543828436,1009.0509764449351
2035-09-07 10:00:00,6108.042197656946,3535.666235571497,453.62512446383806,4204.458211152614,1006.670983462563
2035-09-07 11:00:00,6189.989545611298,3461.153347493421,454.9732632641733,4028.325752779184,1026.735337977583
2035-09-07 12:00:00,5900.884013794916,3421.386346728912,451.67682402969547,4030.032997712286,979.8789728170378
2035-09-07 13:00:00,6126.587359911719,3419.5995531634217,453.4044432261732,4031.6002919507328,961.6936605679308
2035-09-07 14:00:00,6068.925494051793,3419.9149166673747,455.01187919066575,4022.879067674916,959.5762333397184
2035-09-07 15:00:00,6179.783886754198,3529.177157248288,460.50011803990674,3998.927876950539,979.430992547614
2035-09-07 16:00:00,6171.85696063474,3573.586520548695,470.4650405512942,4191.970303485776,1007.5607697528582
2035-09-07 17:00:00,6233.495475181,3767.7076274913406,504.0976702836998,4306.933223556091,1053.9171998588895
2035-09-07 18:00:00,6205.043226849629,3848.900303055791,519.9379341936777,4422.8249386589805,1103.3051991762268
2035-09-07 19:00:00,6295.858677055029,3827.070091278368,554.3298207033712,4399.726049013597,1079.890724422044
2035-09-07 20:00:00,6324.7000253598535,3779.179826065717,531.1146709345861,4352.285920760151,1088.041881470641
2035-09-07 21:00:00,6056.746952078034,3667.3006383780103,504.9912987762908,4167.652130266614,1033.6797954945105
2035-09-07 22:00:00,5702.278824635563,3332.943437562749,454.93578043535615,3974.6998752174704,947.006522802427
2035-09-07 23:00:00,5371.1248346375005,3091.9795227551635,420.9823303194906,3857.392417179361,814.0104692973858
2035-09-08 00:00:00,5030.386087199125,2955.1257687970738,394.9847409375602,3675.607239344373,739.9203485212988
2035-09-08 01:00:00,4851.11012384942,2956.9365075041424,383.5459212918524,3641.941471789511,688.3538769779263
2035-09-08 02:00:00,4830.182387618448,2907.9080691367985,376.2477061011938,3667.1270045825095,671.7757935424662
2035-09-08 03:00:00,4829.948603633462,2962.4876643313287,377.6626936825933,3628.804830550412,668.6538353111749
2035-09-08 04:00:00,4819.902017447892,3030.1904916677718,388.8046352878528,3697.5173880686966,673.6796941665003
2035-09-08 05:00:00,4934.005837367725,3285.996548597297,421.6359729325463,3818.302913644145,724.1373127754498
2035-09-08 06:00:00,5182.716971221447,3457.68107526118,455.31852306280433,3950.074250352962,847.7172174472685
2035-09-08 07:00:00,5342.770543036592,3468.3362465596047,460.965884804804,4045.4993425059447,964.052031615828
2035-09-08 08:00:00,5718.502223457009,3544.217271190881,462.6355358392897,4108.604395720357,1009.4410702518552
2035-09-08 09:00:00,5780.675469845121,3488.572619040048,456.1327844515964,4064.717690247511,1028.857390056182
2035-09-08 10:00:00,6062.436595842975,3482.75216949099,452.3240232436281,4034.264020148714,1010.3955979518508
2035-09-08 11:00:00,5980.304051908365,3498.0771546442147,449.41029795843366,4077.165821875738,1012.4468655312168
2035-09-08 12:00:00,5856.526548185529,3359.8413156255465,452.65825865355015,4008.78132285585,964.2296512815484
2035-09-08 13:00:00,5963.942367101587,3446.821693940036,447.2696860256543,4021.0693031233495,945.6266062495904
2035-09-08 14:00:00,5936.214018517583,3387.266321869829,453.3517067288282,3982.011439639675,966.521694255112
2035-09-08 15:00:00,5957.342856329614,3425.7086070977894,448.9258540602556,4074.234935861419,981.2462583534716
2035-09-08 16:00:00,6054.512568474458,3612.270491636763,475.1555898868184,4151.4371048103785,1023.801265184444
2035-09-08 17:00:00,6067.0177643403895,3704.1881077266826,501.6928990706019,4254.062416712355,1062.298904977533
2035-09-08 18:00:00,6127.743145418364,3799.0138876760648,531.849136298235,4327.20028919397,1091.2468368756954
2035-09-08 19:00:00,6050.503207675753,3831.8322656543887,547.9965229413655,4362.23237800497,1068.151760464984
2035-09-08 20:00:00,6032.650873844741,3781.732681923657,527.8427556209714,4290.5051531979225,1084.887694906414
2035-09-08 21:00:00,5959.85788745721,3515.7624509766383,511.7661395213286,4185.825851826014,1060.9769870372163
2035-09-08 22:00:00,5560.814694184523,3335.082933533085,462.8041894035424,3970.5913999134486,939.2874760512972
2035-09-08 23:00:00,5178.735340774351,3116.6328226858395,417.42880293222703,3855.904741021809,807.5366288725958
2035-09-09 00:00:00,5122.734741817192,3026.053589832289,389.6740650090479,3721.935816863494,739.9800809211265
2035-09-09 01:00:00,5089.528125519186,2956.896907003824,381.0073187688046,3650.988280857685,703.7577259412861
2035-09-09 02:00:00,4995.190341813058,2910.479140125118,376.7341285072451,3645.2678743560064,659.0404657586223
2035-09-09 03:00:00,4985.593129107883,3005.2025561866376,375.25026964407016,3627.867433377228,680.6736347873083
2035-09-09 04:00:00,4990.459052306311,3117.667672789772,387.9516044467494,3688.804442751149,697.2224648608427
2035-09-09 05:00:00,5177.126171601092,3410.288369426366,414.6635684666132,3761.849496670807,724.2063195407302
2035-09-09 06:00:00,5315.888545173482,3502.834248024259,459.615859400554,3984.832337805278,827.9633894482258
2035-09-09 07:00:00,5536.1023752275605,3526.141536055965,457.9934144651528,4080.7214507439858,973.7388522521504
2035-09-09 08:00:00,5864.763734888218,3541.833434812234,455.27072064810096,4086.6137836583034,1021.839465655441
2035-09-09 09:00:00,6153.884836025248,3549.2093452608106,453.6077838991031,4112.564679203734,1026.8119680802831
2035-09-09 10:00:00,6138.326342770943,3489.6944179400043,462.04120834253376,4132.712297876064,1011.2402779976688
2035-09-09 11:00:00,6152.438440812587,3497.3114485224405,452.7518198736763,4046.33416445741,1034.466615171665
2035-09-09 12:00:00,6023.717833209204,3385.618730690904,445.83320172444536,4083.20905395357,979.8963463355344
2035-09-09 13:00:00,6192.009688552685,3410.2607439006997,448.5629662298974,3979.791614154857,971.1120430827888
2035-09-09 14:00:00,6155.951486810562,3429.872980793492,444.0912229696264,4026.289978956033,952.4970565671132
2035-09-09 15:00:00,6234.418933924704,3417.357023379734,462.7155665188545,4077.106618969092,972.8504287699042
2035-09-09 16:00:00,6149.623256050843,3621.0334123087982,473.59023584559617,4277.832937511824,1004.5254205799748
2035-09-09 17:00:00,6386.844771641456,3695.064116482007,500.8832086406042,4282.558505278005,1078.3117734875996
2035-09-09 18:00:00,6257.671869895082,3835.621947705296,534.2516179061499,4391.900313478718,1099.1676417958815
2035-09-09 19:00:00,6414.894704226584,3847.881508708997,541.9364028308114,4424.470319195992,1074.0438859945514
2035-09-09 20:00:00,6409.153131979978,3825.605953528028,534.2319540288081,4415.681265980185,1085.4805964400114
2035-09-09 21:00:00,6172.83166289876,3610.29839669066,513.6930582724019,4206.8766294618645,1034.026040694847
2035-09-09 22:00:00,5705.981520998871,3304.035763319215,446.3142655156006,3993.0309718306657,955.410022011404
2035-09-09 23:00:00,5310.679525036063,3130.16691832575,416.87552768354016,3904.9206094827273,830.9824635508545
2035-09-10 00:00:00,5125.887701348506,3046.8018825687877,394.4136542765583,3709.7233125216712,716.6783440306563
2035-09-10 01:00:00,5190.268009036677,2963.7824783315896,378.2386183124359,3649.1980109100655,686.3322129774291
2035-09-10 02:00:00,5042.849903053381,2982.592834730994,378.0213615420487,3633.9723591647503,676.95082372499
2035-09-10 03:00:00,4933.721506401539,3015.1383744085297,381.81420139882727,3690.057664814333,676.6026060675018
2035-09-10 04:00:00,5038.526811566767,3057.945400168188,382.636464512236,3724.1241413085454,685.6431379309631
2035-09-10 05:00:00,5190.701302046978,3339.109488757639,415.69226599111903,3839.155778180874,719.1954087293155
2035-09-10 06:00:00,5384.365391492591,3535.103983270414,462.7024460944356,4027.129691031336,830.1745956190637
2035-09-10 07:00:00,5582.141392322995,3520.920575016109,460.9987843309521,4150.360513179306,977.5793294896127
2035-09-10 08:00:00,5966.872889734513,3605.355059760276,458.77460169020793,4128.724992390159,1017.123096935312
2035-09-10 09:00:00,6209.101767710597,3573.707755427505,450.8836870501335,4111.649534431396,1040.8204820227174
2035-09-10 10:00:00,6306.363606691234,3503.464300356602,454.4149948109406,4100.878302977295,1033.317246001164
2035-09-10 11:00:00,6024.95535709504,3450.498880898293,456.8263952204096,4098.939023780797,1017.8160407900492
2035-09-10 12:00:00,6145.186491877496,3485.255132919104,446.5451272964513,3977.893025762919,971.9480759745252
2035-09-10 13:00:00,6139.621781914669,3451.73898764282,455.8793506440824,4049.753771919548,975.3368751939056
2035-09-10 14:00:00,6188.45358678007,3429.081906274096,460.2966548622768,3981.4584434326407,967.4954475028374
2035-09-10 15:00:00,6121.828406108961,3469.198046957505,457.1267270487925,4095.333071602823,994.1047436373444
2035-09-10 16:00:00,6208.065591555875,3649.920264116737,467.0986646551257,4108.4507956536745,1003.5258370619648
2035-09-10 17:00:00,6373.416407527658,3745.497277242361,504.589846072679,4289.793656086745,1075.8829988590494
2035-09-10 18:00:00,6198.476845401945,3823.01609111183,533.6371204512716,4328.68994121888,1101.344201204192
2035-09-10 19:00:00,6381.743921297672,3812.25573602497,549.457147571974,4432.506741518264,1092.0880761382648
2035-09-10 20:00:00,6398.167176161361,3763.128781131636,540.8386453410112,4413.906057817023,1108.793598498779
2035-09-10 21:00:00,6034.278433028109,3568.3271843228667,509.2422574990641,4288.88542288719,1057.801741022559
2035-09-10 22:00:00,5832.419244443111,3358.149798305534,461.7409310982175,3962.4978447143817,936.308326535388
2035-09-10 23:00:00,5487.784253356783,3148.08906598773,422.8615517705656,3829.082162849882,814.2245587160008
2035-09-11 00:00:00,5122.546460630582,3023.4420234481395,400.3122308133768,3659.249363203061,752.3729804412002
2035-09-11 01:00:00,5117.072898734651,2957.558623575549,381.53061555963785,3658.830604795453,696.8171255299752
2035-09-11 02:00:00,5057.168659165503,3013.6562085694213,372.07737697163685,3641.976937120589,684.0983698447393
2035-09-11 03:00:00,4965.100931759246,2983.295793515509,380.8585480699922,3649.9394657889015,681.7312221928768
2035-09-11 04:00:00,5022.879839970418,3114.4799713275206,391.2609844265413,3650.025537418704,687.9391527679188
2035-09-11 05:00:00,5199.127567348048,3319.657881040886,414.432157559902,3776.572004476369,730.9813798574336
2035-09-11 06:00:00,5372.3025040254,3577.0131500911302,462.6817903724078,4047.019205381808,848.3090034255936
2035-09-11 07:00:00,5626.1491514057525,3554.233642513001,464.49238628834,4153.795104425725,987.8529950001868
2035-09-11 08:00:00,6021.135406108777,3518.3979588844068,468.2195686478698,4062.863052580611,1020.0939027528703
2035-09-11 09:00:00,6123.479672755052,3487.6223374996785,458.9304592155119,4197.387331919635,1040.5265869342898
2035-09-11 10:00:00,6247.042319873685,3500.967502578519,462.9726714234625,4165.498815447789,1038.762160883541
2035-09-11 11:00:00,6242.730537032177,3485.305144211029,453.4057359489369,4045.8927870900006,1020.8862602233814
2035-09-11 12:00:00,6021.954351612541,3400.6801155896524,448.8155223166783,4052.6106480917983,1014.0692300495092
2035-09-11 13:00:00,6113.421869482919,3410.0879558116235,451.5540643605395,4072.659712044917,988.8853106688072
2035-09-11 14:00:00,6150.7065542347445,3470.788486108058,453.3840598139562,4150.1002243178655,984.001428725258
2035-09-11 15:00:00,6199.2114612701,3506.9033363866342,465.1130449659304,4047.9644870276575,993.8063282898624
2035-09-11 16:00:00,6273.27617094352,3607.76904178726,475.758851867405,4110.159814192468,1025.1465033719935
2035-09-11 17:00:00,6342.624149323591,3761.614026642163,505.9142481908464,4296.396655603729,1052.0065490911825
2035-09-11 18:00:00,6318.533746555159,3878.933486674052,530.9732587794962,4428.178011120153,1108.2333776728924
2035-09-11 19:00:00,6405.061382791347,3953.382870022961,539.0741349345261,4402.319323812666,1098.8051057534092
2035-09-11 20:00:00,6308.979553360975,3830.186790890773,531.8998926386537,4345.152276828821,1103.7510787207414
2035-09-11 21:00:00,6211.315839433634,3548.159412514308,496.00203669098096,4116.739327460976,1056.1163027192904
2035-09-11 22:00:00,5800.398368349118,3374.2695703258,455.8109100967771,4059.0285287406346,941.039400986926
2035-09-11 23:00:00,5480.358607467075,3134.536017180403,426.0341321623147,3823.2314268056616,824.9009159117583
2035-09-12 00:00:00,5273.895422229306,3041.0876478437226,395.4057838171155,3754.958097010722,737.1885692132322
2035-09-12 01:00:00,5050.921744570464,2992.343648991162,379.417482779417,3605.9951368044367,694.7361739662476
2035-09-12 02:00:00,5052.039091381078,2937.226233958617,390.0833711473445,3658.851414178071,677.8948707231765
2035-09-12 03:00:00,5040.601156658619,3006.3472942417507,382.8136847896256,3729.2206924190696,676.4158372990324
2035-09-12 04:00:00,4973.024917048526,3049.975094029668,380.3562614051486,3794.081686497152,691.049852916138
2035-09-12 05:00:00,5187.704703143279,3368.8368157405675,421.7456327753039,3799.0304643217114,712.3131893447295
2035-09-12 06:00:00,5455.9006786244,3540.3817966561564,455.1253140551905,3998.164001196128,845.5034164995017
2035-09-12 07:00:00,5675.155519931194,3529.7316219134723,465.60641958088576,4157.802755855491,982.3424107553832
2035-09-12 08:00:00,6055.44624302745,3554.733414087249,459.3470395890956,4108.844382271271,1019.3961725123418
2035-09-12 09:00:00,6229.184296475425,3570.1312798975578,458.3769800750307,4130.224089572191,1043.0851061317803
2035-09-12 10:00:00,6216.315440885234,3581.4213099261665,458.8217477227637,4105.602338957465,1040.0616372576849
2035-09-12 11:00:00,6237.753433236042,3556.884899417541,453.2359573002797,4089.9369670826063,1036.7927157973725
2035-09-12 12:00:00,6143.761784645923,3402.338980219451,453.0044433544911,4046.799509834731,1001.2459500727746
2035-09-12 13:00:00,6127.406647080139,3429.9370930665377,454.044485056063,4131.100096665256,965.2394571875994
2035-09-12 14:00:00,6176.357524708098,3440.224627048516,449.2182048542593,4000.395296717788,955.6589832751162
2035-09-12 15:00:00,6290.727766014021,3559.9760589553034,456.9632915224601,4049.154081897608,967.7154954621196
2035-09-12 16:00:00,6308.201043353924,3652.0664053277897,477.18359727601165,4158.064633015732,1019.713540624032
2035-09-12 17:00:00,6386.2951654730905,3775.2667902672433,506.21607187477423,4276.650091479332,1073.2652404120802
2035-09-12 18:00:00,6437.670595049445,3788.539832268538,532.1142962677839,4328.135260405973,1099.0163069643138
2035-09-12 19:00:00,6449.845201260379,3851.874173669411,543.4310116835977,4433.690767565552,1103.444588393972
2035-09-12 20:00:00,6278.339841558997,3823.6830025320273,539.8339114063995,4356.047365006836,1103.365732188762
2035-09-12 21:00:00,6240.082913352999,3609.214848790151,513.2145049421139,4209.739872133923,1056.7793725167633
2035-09-12 22:00:00,5792.594806113948,3319.699159108626,459.2596360898024,4049.352007543651,942.633047703368
2035-09-12 23:00:00,5427.78570046623,3116.5392987388564,420.2856712772932,3827.149856878296,828.0438526634217
2035-09-13 00:00:00,5257.078097390535,3057.0661432406555,395.8571950327475,3787.113658216102,761.7724326814406
2035-09-13 01:00:00,5138.6924821967405,2984.7860845442624,382.4255854672364,3738.191803497682,694.5467593739204
2035-09-13 02:00:00,5031.206617530746,2958.3823409202664,378.80039922405206,3641.380110149479,674.2352348142696
2035-09-13 03:00:00,4946.713055545063,2973.8675946632684,385.3592760909482,3671.510722972211,675.2304019405049
2035-09-13 04:00:00,5092.349344137317,3107.7301864111405,379.05679481041886,3740.117576983516,684.6235814424255
2035-09-13 05:00:00,5226.500999040295,3343.894277869747,417.38549991760937,3801.6090769987622,728.1327298755896
2035-09-13 06:00:00,5477.349529219707,3606.934235691305,454.2200454531659,4046.652389106525,831.1185263138183
2035-09-13 07:00:00,5600.468109759274,3519.356044497229,459.8386296976056,4064.004076478872,974.694702958544
2035-09-13 08:00:00,5946.353578479156,3531.546306742241,463.52255225134405,4106.720503476117,1009.6706499052282
2035-09-13 09:00:00,6217.430088827754,3589.559044317109,445.9803106412554,4131.353209732799,1055.169411032777
2035-09-13 10:00:00,6288.603778286803,3558.7646524977395,458.2778366564409,4160.768721564869,1041.877843701909
2035-09-13 11:00:00,6133.543470701563,3496.498749537791,457.8042441916571,4162.583288799227,1046.0938494533025
2035-09-13 12:00:00,6231.132068825783,3409.522047571571,443.6052309729536,4032.490663269028,976.5800326441145
2035-09-13 13:00:00,6117.100900990627,3469.2371260454656,450.3093232872456,4081.2645588550567,939.3107106622032
2035-09-13 14:00:00,6259.5264790207,3514.348032535657,448.5090877241881,4023.764710895864,976.4433349859336
2035-09-13 15:00:00,6205.8925091664405,3502.5729372576347,460.0830380589361,4067.228447493222,995.5128948279738
2035-09-13 16:00:00,6214.388257217321,3615.409398904089,478.2845260143136,4100.076842647999,1030.1502630266789
2035-09-13 17:00:00,6357.32788574595,3806.6023420907422,508.0614536052878,4272.239397954887,1080.3466630005653
2035-09-13 18:00:00,6387.663829060673,3869.934221029104,532.5816960072735,4322.836731489636,1098.9213154038928
2035-09-13 19:00:00,6344.640052183559,3852.131988991433,539.9070654838754,4378.312023713143,1104.3505424488044
2035-09-13 20:00:00,6427.497736466867,3800.7484906104582,530.1920202439042,4382.512822116073,1101.4583875019337
2035-09-13 21:00:00,6207.170223350648,3647.824982034687,506.69741736086326,4242.072818666808,1027.901410911218
2035-09-13 22:00:00,5871.184355705381,3363.654659837354,452.8084440388733,4015.091069254097,946.259154993286
2035-09-13 23:00:00,5479.3137541976375,3214.627508270645,422.110995205615,3891.8594539146775,827.4845237010253
2035-09-14 00:00:00,5084.601190202158,3094.2350762802885,398.56845217018406,3667.53597223416,739.9929560891303
2035-09-14 01:00:00,5075.713028085866,3006.4226593726744,382.0193760624973,3615.8864661870007,689.9431595342709
2035-09-14 02:00:00,4926.351300784614,2868.7767416029824,378.7408281786285,3630.71602281119,685.0753183980603
2035-09-14 03:00:00,4995.070497015091,2993.9423440543733,383.1354813459644,3620.31444343492,669.5066207170262
2035-09-14 04:00:00,5007.45693304573,3119.9112337130064,390.4967254261481,3647.943867586569,688.3202245013946
2035-09-14 05:00:00,5070.556315114362,3387.956563248494,415.8478584488569,3749.9021923739274,715.727510868735
2035-09-14 06:00:00,5242.186082930332,3474.408221886761,462.6693819978768,4083.8227445920825,839.5490827732609
2035-09-14 07:00:00,5559.526841444979,3480.758693438756,462.9215565311498,4182.843875658124,970.9155715210574
2035-09-14 08:00:00,5852.592688418242,3546.5395994183377,459.30336908165407,4097.743391474956,1008.0783630347872
2035-09-14 09:00:00,6098.958854184022,3516.9102168250706,449.0290832377197,4196.265261290559,1029.9710538385896
2035-09-14 10:00:00,6265.700483241556,3548.980490354485,447.91325135182313,4145.622573790294,1015.924499373084
2035-09-14 11:00:00,6211.860087006742,3479.38336396638,457.26134586895705,4074.6111363774703,1026.646206510782
2035-09-14 12:00:00,5959.612686071557,3421.9345011693126,450.96068663285007,4032.762233661936,968.9890065977188
2035-09-14 13:00:00,6043.504622915691,3477.4836008269863,451.2302565584957,4025.7399458409072,960.805823799098
2035-09-14 14:00:00,6063.226010567782,3482.0386316506297,458.9370957578514,4070.737602175235,961.2732091834972
2035-09-14 15:00:00,6164.979789322478,3463.3917367725417,454.29126316347504,4063.655546091644,980.8928992260556
2035-09-14 16:00:00,6190.729216647244,3620.9729184904695,482.7140522546458,4160.844377832688,1023.187282297732
2035-09-14 17:00:00,6202.295363953028,3752.340525246276,508.9744497357956,4308.936973620542,1061.101098751939
2035-09-14 18:00:00,6321.880155621925,3874.400004416843,533.6596096967639,4378.726388916734,1094.517540884385
2035-09-14 19:00:00,6298.164314127158,3911.2566876094,531.5454404547293,4444.220179290346,1111.3083369917929
2035-09-14 20:00:00,6462.17436888641,3775.6474914931255,532.7078914337624,4309.4484315340005,1079.5471278695557
2035-09-14 21:00:00,6158.344125246998,3552.0839136562267,499.0874838807485,4235.696165035249,1043.6957594723065
2035-09-14 22:00:00,5788.468847144782,3312.2435946763007,453.29259725277234,4044.671497605636,947.292033448346
2035-09-14 23:00:00,5335.399519669059,3195.431573338772,419.7639175574001,3809.579089023173,808.5614902223331
2035-09-15 00:00:00,4978.856370177604,3000.348434037345,395.8800034573063,3712.8936578036105,727.3559541585041
2035-09-15 01:00:00,4930.57360129859,2960.635138995892,372.50112694958005,3671.766003646306,683.1725692320045
2035-09-15 02:00:00,4818.4437421712,2932.319665391596,377.17380566589446,3585.381563578601,668.6664063463119
2035-09-15 03:00:00,4803.327159608118,2959.0727912854013,377.5163531467161,3640.05340795402,677.0484195189943
2035-09-15 04:00:00,4807.354192305692,3099.785402651367,387.27508257820847,3701.201028926879,675.511347124811
2035-09-15 05:00:00,4939.944670225231,3306.515595370357,422.60129084658615,3780.07177150086,708.5910334175251
2035-09-15 06:00:00,5158.709647597452,3478.536128452467,463.5623269835962,3958.483709064693,841.522718856866
2035-09-15 07:00:00,5325.417676869715,3413.132320279461,464.7720003063954,4069.2160309437536,970.4647583533704
2035-09-15 08:00:00,5685.56197209262,3533.34130580942,464.44802695427865,4095.532209554742,1003.4249489991844
2035-09-15 09:00:00,5891.131204324292,3516.548637570201,453.7736391663351,4171.205596770783,1024.3294674316046
2035-09-15 10:00:00,5951.886413379352,3509.719602326501,452.2346789959223,4077.499311709304,1041.6346138970318
2035-09-15 11:00:00,5987.175871334193,3480.8038419119234,458.0143685192224,4100.749067814369,1012.8417830510568
2035-09-15 12:00:00,5897.278678710472,3412.987193974452,444.57774158163903,4025.690697725273,995.8580939933942
2035-09-15 13:00:00,6000.712009862299,3403.340470021423,451.2573910542581,3964.2072725048106,967.6736464229856
2035-09-15 14:00:00,5989.872031638878,3442.464584318752,448.1975035525716,4064.271494114463,957.2136128573318
2035-09-15 15:00:00,6017.965336397942,3508.463918014715,460.92739258669496,4063.1293347811593,977.1929879562196
2035-09-15 16:00:00,6103.060028614219,3661.7268913637367,473.8702245903448,4127.376275451015,1018.9536078476592
2035-09-15 17:00:00,6024.412829719004,3788.81601146214,502.8762060926304,4158.106646630822,1068.4019744221048
2035-09-15 18:00:00,6035.721869527636,3775.157301306528,531.5893791225221,4309.293548646666,1087.6242724594392
2035-09-15 19:00:00,6145.449284390977,3805.202497179458,535.8958945771634,4375.745423704237,1098.6903687014255
2035-09-15 20:00:00,6133.026773866618,3706.224251358408,530.4033285443764,4388.006903069028,1085.4675551614864
2035-09-15 21:00:00,5964.307444418678,3537.5392616139497,502.1167898380797,4185.594540859636,1045.026059324851
2035-09-15 22:00:00,5519.097711228968,3385.595646112539,458.978699723867,4043.443048473771,944.964453053624
2035-09-15 23:00:00,5231.409491642247,3053.343767967773,426.6120522147155,3885.2793173520913,801.9065717391261
2035-09-16 00:00:00,5123.825649795272,2945.983723083708,394.3503482079883,3795.9987157762007,727.9623910809926
2035-09-16 01:00:00,5058.30683973843,2954.136813579945,375.37029349796046,3798.6983670430586,701.5101167816196
2035-09-16 02:00:00,4939.934304019896,2882.954741229101,379.27459684665166,3669.814859791964,679.3161815795486
2035-09-16 03:00:00,4900.273450693516,2994.762670859858,375.4313753898461,3597.03206740636,684.4524994407493
2035-09-16 04:00:00,4983.037819456957,3056.999246154104,383.73964217343735,3669.4806334125888,673.673156411252
2035-09-16 05:00:00,5133.624574776035,3285.5595905857244,431.0875869035281,3784.0934016757246,714.1020716411249
2035-09-16 06:00:00,5394.4680659134365,3513.381261005164,460.1178445229001,4030.9532463415326,846.56452220742
2035-09-16 07:00:00,5657.071107015901,3479.04866938054,461.6096368833755,4155.429260634361,962.9765287371564
2035-09-16 08:00:00,5968.460011377012,3630.707096575766,463.2459568228946,4147.374020468501,1000.434981728206
2035-09-16 09:00:00,6207.501706247006,3557.799734699862,452.5715019119375,4075.4258080629593,1043.0973939003384
2035-09-16 10:00:00,6259.0332579451015,3569.7326175931894,452.0427763014785,4095.895330917532,1046.1391250185343
2035-09-16 11:00:00,6156.374371905111,3424.3134675590936,454.3494902058079,4045.625870115333,1003.0417251663296
2035-09-16 12:00:00,6104.559669615202,3429.219774461905,446.3555329210115,4009.974250109286,980.5939334712648
2035-09-16 13:00:00,6121.120814880834,3447.060677325181,452.144412471778,3985.03420324903,969.5944684192688
2035-09-16 14:00:00,6186.714637092578,3502.109009196873,452.9512405510967,4028.53324679015,966.0258687987456
2035-09-16 15:00:00,6165.953200301756,3537.9543556198573,464.9366164314454,4082.5010322220255,992.304515724466
2035-09-16 16:00:00,6163.609252117608,3606.913038955781,482.38553390619,4174.483063877735,1016.6491207820744
2035-09-16 17:00:00,6377.315136990974,3799.895290636872,512.547178491306,4272.807659150791,1059.701610383937
2035-09-16 18:00:00,6369.585968959035,3768.761961720051,523.1983737109997,4399.592135331483,1097.4326042158295
2035-09-16 19:00:00,6271.0238489717885,3860.488484541954,538.5691632921285,4332.473799501662,1088.9991409797542
2035-09-16 20:00:00,6465.66050387307,3776.855501537161,528.7665590033864,4436.471378056826,1082.2276271516034
2035-09-16 21:00:00,6081.745662586913,3615.1232203775,504.8773699175253,4217.627563856242,1041.6834859156438
2035-09-16 22:00:00,5840.824815232006,3352.90262319167,453.5368399930784,4048.2602447567056,943.8231066787596
2035-09-16 23:00:00,5332.702440830284,3161.0131812101586,420.4283098039304,3823.211750737217,804.8423931279953
2035-09-17 00:00:00,5203.395027480269,3074.455422102508,401.0828638917811,3736.564898007272,721.7817543592861
2035-09-17 01:00:00,5039.923132081651,2940.941779989865,382.2454047363189,3680.238968697835,699.7978242499082
2035-09-17 02:00:00,5050.487742937756,2976.742204700793,378.1936420070486,3640.7595580211737,667.4440609680086
2035-09-17 03:00:00,5021.245052766902,2996.615937242022,383.4110726583093,3596.637204054395,663.3604979943804
2035-09-17 04:00:00,5087.5032104102265,3053.2587634022325,391.5856796600568,3687.595747774324,690.8352337210642
2035-09-17 05:00:00,5224.363831139115,3339.28687399137,417.06947593443897,3823.937670078618,715.5039814284636
2035-09-17 06:00:00,5392.982386412486,3513.326355408615,460.5464189073695,4063.073614276831,848.3432767617451
2035-09-17 07:00:00,5595.38583057981,3490.8872916440178,461.2319330706903,4155.372393766874,973.0998682433456
2035-09-17 08:00:00,5989.27538355529,3546.265341636948,460.2625569405338,4094.932111008729,1001.3237945108124
2035-09-17 09:00:00,6202.898197358783,3513.487243791685,456.5919875048191,4158.636007097607,1015.793729736506
2035-09-17 10:00:00,6257.792241626468,3480.5065481395563,450.5407858168065,4105.250620433852,1035.0538567888698
2035-09-17 11:00:00,6163.357407169959,3449.2413199617304,454.70956209220384,4088.0488442155415,1024.2083436836242
2035-09-17 12:00:00,6128.668180539259,3461.265534340136,449.2823834088687,4108.7384808810375,997.1418229623216
2035-09-17 13:00:00,6155.552197709993,3488.01065270701,450.17899008384455,3987.224640638926,980.598566257378
2035-09-17 14:00:00,6180.42284018591,3524.056790464981,450.0955021094223,3982.788411200521,954.4622661172192
2035-09-17 15:00:00,6235.807180691109,3546.237683344871,461.1690871243642,4045.28125968596,972.3138588144212
2035-09-17 16:00:00,6210.855441955324,3627.9132251287033,472.7747068817428,4104.308376814102,1013.6802263531292
2035-09-17 17:00:00,6346.216247627214,3847.637780317631,508.552901254647,4271.660866762439,1063.4610948440595
2035-09-17 18:00:00,6309.460298551559,3885.099049236328,525.632916045072,4336.580932097122,1094.361643076529
2035-09-17 19:00:00,6370.42992252558,3892.8290848394295,538.7401464066577,4295.384028259447,1102.7559939832074
2035-09-17 20:00:00,6258.082861844448,3768.31913772545,532.6297511744241,4341.023351791565,1079.7415504541596
2035-09-17 21:00:00,6250.904417323029,3555.756155787396,509.3551773068673,4253.307939331763,1056.8232646994238
2035-09-17 22:00:00,5877.974232997939,3327.424671490735,450.7078664252634,4019.6539912888575,963.9042636579878
2035-09-17 23:00:00,5433.307880149111,3140.7902080285685,415.4914217781917,3883.53189308255,821.6854135246157
2035-09-18 00:00:00,5282.555172368944,3051.351514319557,383.19227923456657,3755.5371062520594,738.3177552282584
2035-09-18 01:00:00,5051.756881263746,3001.63602580526,385.78486526273633,3682.889066284729,702.1352916018689
2035-09-18 02:00:00,5038.643069734349,2945.901778627778,381.5011166334392,3689.604189641463,683.6891826037623
2035-09-18 03:00:00,5015.1188240687525,2979.9375663237106,380.4619052160164,3692.9697372804194,678.8461249953164
2035-09-18 04:00:00,5064.5026089795865,3093.7510649243054,388.66877446183867,3715.656900976235,697.4821832161687
2035-09-18 05:00:00,5193.967718246111,3393.24532444183,410.8176126678327,3847.6754921061606,724.0805583275937
2035-09-18 06:00:00,5363.733411559532,3528.371060854149,457.4811099225998,4026.15334886764,843.0223626720946
2035-09-18 07:00:00,5632.215000053214,3514.011037247965,462.4726907072119,4143.599971273868,983.0007760722732
2035-09-18 08:00:00,5955.465410607289,3548.06351662495,468.321708978266,4174.322227727333,1027.6689947733114
2035-09-18 09:00:00,6218.733981400787,3581.63855712157,460.1678602455731,4110.423468267063,1058.9479124803236
2035-09-18 10:00:00,6248.748443336129,3616.812628965296,454.1746138608459,4127.037897913325,1032.480257735427
2035-09-18 11:00:00,6192.92263914041,3471.291776961866,453.2713152805301,4115.757609354101,1032.2187391581606
2035-09-18 12:00:00,6143.718239597357,3412.1371656677966,448.1204267946721,4004.778747767439,994.2624296104298
2035-09-18 13:00:00,6227.772019448044,3442.6828406255863,458.67822106882426,4096.4770269983765,964.0033204295936
2035-09-18 14:00:00,6269.068038155408,3376.783927799113,452.6720333072071,4013.0194537109023,985.2466027525904
2035-09-18 15:00:00,6237.708525388712,3485.3023927899458,443.3959262262998,4078.0056339860153,977.0999364228064
2035-09-18 16:00:00,6243.716477068676,3681.722157849735,470.6452672833867,4184.574372672199,1021.2090638550068
2035-09-18 17:00:00,6394.337975706498,3819.1921050989968,506.9599715284554,4364.688843548691,1083.8383508674456
2035-09-18 18:00:00,6234.952875188806,3775.32611261692,532.4991758143208,4384.347843388822,1110.3488050556543
2035-09-18 19:00:00,6377.322200599857,3815.673325147208,546.5673159859758,4402.748812335094,1076.8759925315733
2035-09-18 20:00:00,6413.987013293734,3804.366628379687,530.7588021328513,4421.108348214082,1104.3251722820114
2035-09-18 21:00:00,6178.911137936057,3587.83536832482,504.27979273800696,4210.724668461967,1062.907599851581
2035-09-18 22:00:00,5930.896446942077,3338.983705177813,446.73376551773,4008.1884895501976,948.5397842499484
2035-09-18 23:00:00,5550.379426077354,3125.157355912489,422.89809273131874,3857.382290145185,829.0815442222269
2035-09-19 00:00:00,5266.215246093077,2998.821184997486,398.619376704726,3772.286835086693,743.7209597652815
2035-09-19 01:00:00,5150.866046901783,2992.9920578832543,382.5631146094889,3676.676093613937,702.2537587129012
2035-09-19 02:00:00,4986.239101691249,3002.8689646322746,379.4721354534668,3683.208543976067,668.937371215178
2035-09-19 03:00:00,4983.282388015085,2986.866712623166,379.6860046123843,3692.6689559789975,689.0457709504232
2035-09-19 04:00:00,5078.973399702154,3105.57403990476,398.00291431825656,3748.0225162986194,690.7745660685016
2035-09-19 05:00:00,5208.415175483454,3356.720898946785,418.533485101655,3890.536333772768,717.7413221207087
2035-09-19 06:00:00,5448.2592446426215,3512.4963061211174,451.9165397881372,4054.8747511243446,850.8714740549061
2035-09-19 07:00:00,5607.09895595276,3585.967907100161,456.7259723784219,4106.093350918419,969.6483365901144
2035-09-19 08:00:00,6077.283061760038,3550.367793112251,463.753373322834,4136.920921388552,1032.6337592925831
2035-09-19 09:00:00,6174.789257547232,3562.784231181811,455.1395070912899,4084.551229602485,1045.6358196587698
2035-09-19 10:00:00,6288.031287202922,3586.242608424581,451.6174309535496,4171.220002463558,1035.2790162385827
2035-09-19 11:00:00,6342.526571473834,3438.985105313458,455.52074987647615,4084.154455039624,1028.9317886965227
2035-09-19 12:00:00,6123.696940889761,3439.5624231507177,459.3951091019048,3969.399786973391,989.1962856834743
2035-09-19 13:00:00,6124.082610998795,3487.781023153657,461.61032431359047,4063.031903653993,961.4320623861292
2035-09-19 14:00:00,6315.303990627022,3470.399881654087,446.658904260692,4047.913140804194,984.0235740379458
2035-09-19 15:00:00,6158.560034566693,3542.4849197427943,460.39928040696833,4034.305429254876,995.2030467035212
2035-09-19 16:00:00,6298.461301863398,3676.829300937448,474.7007920990585,4209.923874123188,1021.829259368324
2035-09-19 17:00:00,6339.25171961318,3804.333571432352,503.3894801582733,4220.390416305804,1070.535077269525
2035-09-19 18:00:00,6391.561577160113,3880.530689982926,524.127240694208,4431.078021260537,1123.200073895371
2035-09-19 19:00:00,6375.156943103584,3927.733716351824,533.2977365303299,4387.369549109604,1102.1848684305871
2035-09-19 20:00:00,6443.613682990902,3764.53801660144,540.6159112797715,4390.48495055807,1114.3317491332032
2035-09-19 21:00:00,6174.930400274333,3661.0581563041706,507.0156191346648,4236.776053269389,1056.6611766197973
2035-09-19 22:00:00,5901.822862798592,3464.547053454797,456.84020660358647,4029.268147334317,958.310409666032
2035-09-19 23:00:00,5523.870284997397,3161.672814053785,424.6127601524482,3814.306874300764,829.7002103766417
2035-09-20 00:00:00,5183.6544033656,3004.4158557380724,398.74834730979865,3752.896919824151,758.5272393465121
2035-09-20 01:00:00,5076.865068657217,3047.989679163691,381.30116178479415,3744.6452401933857,697.4029553159027
2035-09-20 02:00:00,5126.826459682708,3004.612457673697,384.9793651137072,3709.8938470734647,679.6006105628505
2035-09-20 03:00:00,5046.657679222636,2989.205636680533,374.6345787236431,3661.131659147024,684.0533109886868
2035-09-20 04:00:00,5027.850130413843,3106.039896189939,391.7976438985698,3722.010894139001,704.6244425204864
2035-09-20 05:00:00,5200.662051607494,3371.5053242364675,422.035202245404,3768.531653515605,728.0633643117939
2035-09-20 06:00:00,5317.01130458752,3552.473551889586,454.6970683456485,4089.322070734492,850.3824201221076
2035-09-20 07:00:00,5595.938159322621,3538.916539275385,467.45538009024966,4033.319859306244,972.5969961240836
2035-09-20 08:00:00,6026.398912307479,3598.839361593983,463.42521155942615,4106.378758669464,1024.013134219765
2035-09-20 09:00:00,6242.3963011699225,3583.851247926318,459.2643277745683,4231.816537414617,1031.6431954072634
2035-09-20 10:00:00,6261.0912247570695,3522.959842627871,460.1771772286413,4185.12948843982,1041.2301053656968
2035-09-20 11:00:00,6118.892408497297,3507.032567965416,456.2003388742013,4079.151638894609,1017.0558774500915
2035-09-20 12:00:00,6071.4268891832,3511.630092582038,457.83032640588016,4012.872175232877,982.1505207720352
2035-09-20 13:00:00,6189.060118326476,3523.3204325390984,457.9694403415493,3992.291105661748,979.3839101648869
2035-09-20 14:00:00,6279.355476874744,3492.783571185601,455.9836611692722,4056.27614152153,978.429865797374
2035-09-20 15:00:00,6378.732644914488,3552.875777364668,462.9317999286904,4098.592887594528,991.6323702586592
2035-09-20 16:00:00,6230.762926146876,3676.739328837439,471.52868752929766,4167.256832191979,1028.6286870609033
2035-09-20 17:00:00,6370.337960026751,3777.562856867635,510.413145700852,4392.750680802084,1076.955408285631
2035-09-20 18:00:00,6440.621452148344,3777.545455809081,528.2378117654383,4435.650913352148,1121.619538437876
2035-09-20 19:00:00,6458.871043799884,3916.818074569856,544.8204543385481,4388.904915432664,1111.853409409908
2035-09-20 20:00:00,6376.8267345627055,3821.459769258437,541.859959090826,4432.655180761104,1102.0941737256856
2035-09-20 21:00:00,6180.979780618608,3542.9683617720584,506.5716205213593,4219.59908792324,1054.0642737615583
2035-09-20 22:00:00,5945.715723802567,3334.7522172556555,446.3092087336211,4030.908858058793,957.4513716675856
2035-09-20 23:00:00,5562.519977272571,3214.244628677121,409.98676404500446,3889.428342508701,824.9778693408349
2035-09-21 00:00:00,5129.916038422268,3088.182882491908,398.7460956279145,3767.327847299147,743.4632729000432
2035-09-21 01:00:00,5113.860068582186,3008.0032949166007,385.4073708872433,3706.670663229634,701.4171281852505
2035-09-21 02:00:00,5034.26688749417,2981.323793454509,383.8548248378147,3670.999656300744,677.7165055388963
2035-09-21 03:00:00,4934.298455081368,2996.28929975262,376.8882978909719,3660.3722519576695,678.979890273332
2035-09-21 04:00:00,5060.218624188352,3074.080209366754,387.29286923148703,3668.85797412756,689.4776566335203
2035-09-21 05:00:00,5200.018229892193,3324.9985175535767,416.6220757758135,3813.640326460497,710.4532988216533
2035-09-21 06:00:00,5289.14589911544,3538.7472587683737,456.1753539485868,4032.8576024091954,846.4995508145939
2035-09-21 07:00:00,5541.35903490715,3553.711000378879,464.2282053892592,4140.216985407349,981.622614109017
2035-09-21 08:00:00,5959.922014450814,3534.1472641929727,458.9119868848374,4151.311322152576,1023.1037892912937
2035-09-21 09:00:00,6128.064509557967,3526.3055480107937,461.4334401011408,4097.392361980268,1016.461789172232
2035-09-21 10:00:00,6255.697847286727,3541.827743493724,459.14963052182367,4092.915329653234,1032.0550776141663
2035-09-21 11:00:00,6165.877258964547,3525.992432340281,451.4718834593511,4054.818220758406,1030.922499085788
2035-09-21 12:00:00,6155.870696258772,3370.139227672244,450.1382373770128,4039.425917668953,976.870026806743
2035-09-21 13:00:00,6146.013019899224,3484.8699824660357,453.109528577698,3944.707008610832,975.4883664755174
2035-09-21 14:00:00,6121.996301277602,3484.062896227795,453.4214695321557,4088.4002725513183,955.5441724191572
2035-09-21 15:00:00,6118.948488234137,3522.063440393504,458.85433840703695,4103.656265326002,989.5766969622856
2035-09-21 16:00:00,6331.375783928172,3689.767853120634,474.1523703442425,4110.863505110364,1019.810351201566
2035-09-21 17:00:00,6301.632417413277,3810.7303808544543,510.9099860058771,4285.2010773858,1056.7902026158556
2035-09-21 18:00:00,6268.779873125966,3829.1782574582494,528.1731112204596,4376.111598400247,1087.450949543059
2035-09-21 19:00:00,6331.915183775574,3875.471943251283,541.7846010160831,4365.0126154567415,1104.832237201289
2035-09-21 20:00:00,6394.462309401632,3712.257338795553,538.573305444927,4421.108884412377,1092.1572156298396
2035-09-21 21:00:00,6075.111581182354,3570.5164448607875,504.464413049808,4274.337735761616,1047.4888121372082
2035-09-21 22:00:00,5914.006163388231,3323.262330784486,449.7187686311337,4038.782558375126,947.5194398517012
2035-09-21 23:00:00,5479.82907339253,3151.272815605352,423.2600543640594,3738.863650397986,822.5837099027093
2035-09-22 00:00:00,4996.364155769595,3074.2919748998684,394.28685882778,3739.0682243906745,723.3669901053937
2035-09-22 01:00:00,4899.106263646653,2933.403128101731,381.9485225215314,3629.5658846145457,699.0276509635307
2035-09-22 02:00:00,4807.629424530281,2870.434930512391,380.3538150464241,3620.883959714705,670.0689901024782
2035-09-22 03:00:00,4797.528341505535,2986.2789636603884,385.21451172586654,3608.5519730569545,672.799414797308
2035-09-22 04:00:00,4886.089913240376,3049.524864828191,387.1681325408014,3697.651425262859,681.4521478704895
2035-09-22 05:00:00,4974.039044797122,3311.7943299560447,422.6884832342562,3726.381651518821,705.6272919890953
2035-09-22 06:00:00,5198.29938969807,3538.0947876228624,453.4007735667675,4016.796039097104,840.7840616308088
2035-09-22 07:00:00,5326.604183848606,3483.331717418107,462.57708540487096,4034.3097855023407,966.124411237928
2035-09-22 08:00:00,5750.066509372112,3557.136118509254,458.3282438662355,4032.318931693532,1009.1324335887856
2035-09-22 09:00:00,6057.391987060671,3548.137222974297,449.81198064210247,4057.3061183543,1019.3600225863192
2035-09-22 10:00:00,6034.762526082622,3442.396334969893,452.1005061708208,4142.187725929864,1001.838729814282
2035-09-22 11:00:00,5904.23742443997,3437.5118536283417,451.6318717992096,4050.283667346075,1023.3775621974104
2035-09-22 12:00:00,5787.749823925484,3318.781021278161,452.41108604877496,4005.9781052797166,985.7762490537056
2035-09-22 13:00:00,5990.623922869433,3432.1833041354266,459.9283247017241,3977.290218198125,967.8590640597116
2035-09-22 14:00:00,5863.113613503978,3374.4981228307324,443.5353565763545,3964.322547762041,965.6862455657042
2035-09-22 15:00:00,5951.654351851854,3424.6906949181043,463.79893285638354,4052.738814065318,981.9243463664166
2035-09-22 16:00:00,5959.529513056083,3581.091617815756,470.7257711996217,4184.286519465953,1009.3701561817052
2035-09-22 17:00:00,6085.056801872339,3799.1737435398686,510.1765272199081,4218.894524367644,1079.362922362934
2035-09-22 18:00:00,6120.124875973756,3751.253775477349,531.8817824968002,4342.953271644811,1086.6168476809478
2035-09-22 19:00:00,6163.652091057757,3854.455814430674,537.9615746613279,4462.220524261126,1098.596308887487
2035-09-22 20:00:00,6142.539129976098,3731.36203003534,532.888344361216,4361.1811793071865,1094.1279074241866
2035-09-22 21:00:00,5838.150831241515,3483.290265723387,496.14160867877,4199.828359816538,1040.607974280219
2035-09-22 22:00:00,5613.142498073295,3296.849398915709,458.3935259112868,4021.968321695241,938.8402187923816
2035-09-22 23:00:00,5326.536851861592,3093.403587799158,425.3406773402387,3860.576763236568,800.4989085559652
2035-09-23 00:00:00,5119.810315143505,3057.2171067679133,393.6892028703432,3775.3281691891593,736.2701832255154
2035-09-23 01:00:00,4979.968904968632,2962.10252184149,392.61028675190494,3682.7694912083366,694.750512239383
2035-09-23 02:00:00,4982.374959885056,2933.20284106146,384.2854749865552,3709.0734412316087,672.2021437716379
2035-09-23 03:00:00,5031.405901372512,3057.203450278638,377.6914618729247,3650.672764886336,681.553258434133
2035-09-23 04:00:00,5012.672101292892,3088.273931999236,384.1106520900279,3720.469337790142,678.605854715038
2035-09-23 05:00:00,5182.371325721912,3360.624039348934,416.9374820197513,3828.095557597153,728.3873508731714
2035-09-23 06:00:00,5322.143869067615,3505.1802186035,463.7817989520253,4038.709660579108,836.5861033578564
2035-09-23 07:00:00,5586.001198249846,3572.655799881967,460.87825917328126,4198.386603306993,953.894230167978
2035-09-23 08:00:00,6020.384987973474,3548.7863502753144,459.0545119000744,4146.635639679095,1009.4945157858908
2035-09-23 09:00:00,6183.54367224924,3561.194340823784,452.18434963341633,4072.772717721687,1057.6875895078358
2035-09-23 10:00:00,6197.646137650755,3487.725249806669,454.20084264294985,4121.784851203316,1048.3264721954547
2035-09-23 11:00:00,6180.511022812073,3468.9043970388507,462.4869550042169,4069.2630899121536,1027.229748207095
2035-09-23 12:00:00,6032.580007010021,3462.9862689773054,454.8886864012834,3986.3906699185977,985.9528219237092
2035-09-23 13:00:00,6036.705407686479,3452.407437789674,451.5965415836917,4042.3072650572026,971.4055511675244
2035-09-23 14:00:00,6072.183413737424,3368.2344254118216,452.07484976044935,4087.1168178985768,952.3102251984984
2035-09-23 15:00:00,6226.235464975492,3468.2932328013685,457.4074225046761,4060.240202703561,979.9235577501246
2035-09-23 16:00:00,6264.682910570217,3656.256443163033,478.0325999905298,4215.158235509621,1006.5157410826508
2035-09-23 17:00:00,6309.652178700419,3828.225845047289,502.4687928411218,4348.2292177198415,1056.7840624974035
2035-09-23 18:00:00,6181.749446242278,3821.083595787221,529.6632954708775,4370.31864030454,1102.5382470761974
2035-09-23 19:00:00,6319.155187066135,3834.1542004569,534.3180283544792,4467.696581955095,1086.0408329708198
2035-09-23 20:00:00,6316.953186837707,3847.021556369379,527.730005565093,4411.1055870431,1113.062382395729
2035-09-23 21:00:00,6167.9764259274525,3594.1867075169184,507.659787670891,4244.132487981476,1071.113176245016
2035-09-23 22:00:00,5789.802069950566,3367.249600906497,458.80640920661216,3980.494536200051,935.5148718657402
2035-09-23 23:00:00,5401.885572038743,3125.62326487715,412.7496061690588,3834.4196374047942,812.9445648129852
2035-09-24 00:00:00,5230.175094084623,3075.492648285205,397.0479697562698,3715.0025761916977,739.6076263050182
2035-09-24 01:00:00,5104.683587882119,3014.416356853473,389.50737390152,3649.247836925105,680.4091102043702
2035-09-24 02:00:00,5091.169457522586,2960.7696360591053,379.56765839995313,3627.130176648032,685.893916650535
2035-09-24 03:00:00,5015.930506389241,3073.18983069234,379.6471838766103,3641.518844483414,670.675141653486
2035-09-24 04:00:00,5025.298621107026,3074.0357407502047,381.9994446081192,3682.305517742169,682.5971717040193
2035-09-24 05:00:00,5237.889238498658,3365.3002515223984,421.16651922220814,3831.7206639863302,732.3794762185238
2035-09-24 06:00:00,5367.592745932011,3470.7874497180883,458.0483338558199,4064.528531355951,847.5552894228354
2035-09-24 07:00:00,5684.022919652373,3511.7160854069784,457.9463557513708,4084.780242454549,967.0878365689624
2035-09-24 08:00:00,5989.805448749383,3594.608709792232,462.898835448995,4141.722525961226,1013.8723727193266
2035-09-24 09:00:00,6192.735545082498,3566.8792704618127,462.9459296221071,4142.2527359591295,1033.7875713809613
2035-09-24 10:00:00,6349.658709919911,3504.130248158561,453.5415912311012,4116.849452420312,1019.416302169946
2035-09-24 11:00:00,6177.764665428624,3490.018707935485,458.433169883582,4079.49833690949,1017.8641410043502
2035-09-24 12:00:00,6137.930296766546,3396.599665422977,449.997868331983,4051.786823612063,999.5720286867612
2035-09-24 13:00:00,6113.570625690381,3487.6925027082343,460.94143908639455,4054.937587830583,969.7433844601096
2035-09-24 14:00:00,6162.248017773373,3442.524021654294,451.7006463403906,4176.484029307554,974.513664547432
2035-09-24 15:00:00,6278.448555245602,3575.577711674867,454.7688271452386,4042.595329751098,985.7392254549054
2035-09-24 16:00:00,6353.287556501047,3651.515508469925,476.14908888861146,4170.829878936666,1032.4634145348437
2035-09-24 17:00:00,6382.772117626951,3827.6225276688497,511.2323547745675,4278.727680082884,1064.5081345709195
2035-09-24 18:00:00,6390.067060895418,3777.216577507471,530.843400041982,4349.318425748863,1104.892285668821
2035-09-24 19:00:00,6409.695035064581,3871.176533854902,542.4182848989497,4406.18330634712,1113.1790119168031
2035-09-24 20:00:00,6330.79381964003,3758.162630267733,534.976896663814,4399.6785078822495,1119.156743115714
2035-09-24 21:00:00,6167.163254006089,3611.9291267751896,499.5630243399544,4217.839688816649,1036.7414597486938
2035-09-24 22:00:00,5838.690844483131,3402.932442305961,454.4978594791084,4019.612921708374,959.970035862342
2035-09-24 23:00:00,5496.83651465366,3167.084421497079,422.9947401764133,3875.27430872663,841.9083065341541
2035-09-25 00:00:00,5184.116614959805,3023.9605883370878,403.7298474039162,3701.514334956957,730.802257722996
2035-09-25 01:00:00,5128.95780068613,3004.0164596851614,383.96133554624186,3658.954040971995,699.7486638426979
2035-09-25 02:00:00,5039.135753804423,2980.88918916293,378.845476030696,3680.964511951485,670.655289059417
2035-09-25 03:00:00,5117.294113133751,3014.941024509872,394.8457690411551,3635.378158700665,680.5794928606045
2035-09-25 04:00:00,4901.045413309197,3078.877231905764,388.4299773887479,3695.0648882741816,678.8399832382522
2035-09-25 05:00:00,5161.728493555294,3358.725157641093,413.7173094717909,3822.068260214251,718.9647433471357
2035-09-25 06:00:00,5421.934160431497,3546.862323869319,457.2188999326247,4089.541676851912,842.4990902057936
2035-09-25 07:00:00,5669.065358624172,3516.4958072075347,457.7040198864703,4108.524025503023,979.6102554892132
2035-09-25 08:00:00,5925.169487566638,3561.2540617908103,466.1200558340957,4137.859248370176,1029.0818554846996
2035-09-25 09:00:00,6278.577466673218,3564.0565220037824,449.92856070342407,4115.250757592883,1043.7333310793674
2035-09-25 10:00:00,6284.620731132423,3577.429657897655,455.6692105104966,4116.706019989869,1036.1621667945938
2035-09-25 11:00:00,6284.8927785136175,3486.874475538661,452.9331848454953,4149.231967164733,1037.6167931572545
2035-09-25 12:00:00,6013.507557363291,3401.6087026391565,438.4477692032152,4078.114864438505,998.1708653933088
2035-09-25 13:00:00,6226.746423763745,3429.5460744828583,450.50748270845855,4014.7437021048,982.4446901998105
2035-09-25 14:00:00,6165.111234759047,3545.593191869431,448.7549081920225,4066.4643595548014,973.4094072937038
2035-09-25 15:00:00,6154.2236800068495,3538.0406997403406,461.5741332993394,4145.512551344164,986.5122331821487
2035-09-25 16:00:00,6263.890573327163,3647.650726912567,480.7198515426729,4202.849285677849,1021.1570563978177
2035-09-25 17:00:00,6358.982313980328,3808.663661034109,502.66564621633336,4230.081602156719,1065.009344981787
2035-09-25 18:00:00,6356.962724312614,3819.4393686809663,530.9750689854935,4429.045206477596,1111.4591639546395
2035-09-25 19:00:00,6326.841828569553,3876.059698842444,538.6516153028067,4351.619123755359,1116.7883437069495
2035-09-25 20:00:00,6404.354930478551,3768.386796668304,535.4323256241116,4308.468007034125,1100.42831491237
2035-09-25 21:00:00,6280.851771555402,3672.647812268184,502.1358502496102,4249.3685694614605,1063.26883075089
2035-09-25 22:00:00,5908.438173558225,3426.16493142684,465.4749901210768,4029.645897864319,967.4894741688876
2035-09-25 23:00:00,5561.493568104244,3153.840945707624,415.64019076665903,3813.658630782411,811.4942959070135
2035-09-26 00:00:00,5263.667952374012,3039.803142437847,390.6706144132053,3791.021263721548,745.3745646402955
2035-09-26 01:00:00,5094.048929618884,2928.484832265494,386.795536630644,3636.6896500917537,700.6055051873705
2035-09-26 02:00:00,5071.165761418392,2962.452134665803,377.1555674480442,3675.714450406605,676.8354946577172
2035-09-26 03:00:00,5023.871482104954,3038.2033412895944,380.2377775205687,3708.5553433309456,675.1311423355254
2035-09-26 04:00:00,5083.883001704457,3099.6763150746224,388.7934680587902,3684.415078757542,694.4652252174269
2035-09-26 05:00:00,5232.224981000404,3289.535133939821,422.7904309529154,3850.851678284033,729.1846385529875
2035-09-26 06:00:00,5455.839594162017,3604.536261444988,456.71649968875096,3976.8863794886943,838.2543248546806
2035-09-26 07:00:00,5732.961385901328,3519.3328869668044,461.9782896555975,4149.010803147058,982.8509618909458
2035-09-26 08:00:00,6145.43386128191,3646.6561352143135,463.39881426762935,4112.18496042703,1042.772942210343
2035-09-26 09:00:00,6260.769950973846,3555.467932802411,458.45402878140186,4145.613024036985,1013.7370924759229
2035-09-26 10:00:00,6287.912168418528,3582.3818101804577,452.41654252143707,4193.968266169018,1026.6186186761254
2035-09-26 11:00:00,6230.182893201505,3559.283482262431,460.8763650277297,4083.944226801907,1021.0564785804588
2035-09-26 12:00:00,6082.513839086123,3376.540623247999,442.4087526977791,4077.275517322831,977.4842529039483
2035-09-26 13:00:00,6314.596730585509,3461.529574732802,454.2456175459176,3960.822971401932,992.2747629869524
2035-09-26 14:00:00,6159.080518917583,3389.3537237418163,452.6748567887848,4021.8946535874607,983.5925530735906
2035-09-26 15:00:00,6329.106254832054,3518.092080742433,456.7416820609193,4120.844733798824,984.3587257123044
2035-09-26 16:00:00,6257.029552530463,3669.110433471495,480.4240546648052,4143.215549986486,1019.082923864962
2035-09-26 17:00:00,6432.83389796329,3809.7589272643418,506.3905450587108,4432.978837856806,1075.0576458057726
2035-09-26 18:00:00,6324.141055946308,3891.170123604437,527.9895684890753,4313.063975368917,1110.440203926488
2035-09-26 19:00:00,6298.642530263799,3852.0182403361655,538.4578050825968,4380.129959766208,1104.462368534761
2035-09-26 20:00:00,6376.513782067082,3816.917255541652,545.3440708559505,4363.3558793029815,1129.3600666566913
2035-09-26 21:00:00,6079.224973448514,3629.225374461919,507.589022866374,4286.008260245988,1051.7715483947934
2035-09-26 22:00:00,5923.00582393962,3374.045941391094,452.3754408956858,4089.3664446489006,944.4336449420216
2035-09-26 23:00:00,5467.71501718521,3135.880407160863,414.9963021431449,3821.4024969088823,823.9115876372955
2035-09-27 00:00:00,5205.823347484432,3045.2221368214277,396.0525589508446,3721.042323824871,739.0002891180401
2035-09-27 01:00:00,5141.976833813937,3034.2281770508816,381.9849293607383,3667.9900878002986,701.5477417114906
2035-09-27 02:00:00,4942.288998404019,2954.882691284962,372.5149576822075,3663.015175017968,674.4300834038938
2035-09-27 03:00:00,5013.967551324019,3007.293757863204,390.5511895974945,3629.001847834384,683.1877997174581
2035-09-27 04:00:00,5109.741112027329,3092.20711945601,390.3071457238525,3705.797144716793,679.1262170830321
2035-09-27 05:00:00,5278.042746059192,3371.3517860430297,418.6429231084292,3871.67586834628,728.8242408091553
2035-09-27 06:00:00,5513.607340784258,3524.3602961117945,457.6360262593924,3997.635484721569,849.335511711122
2035-09-27 07:00:00,5594.080545618043,3543.750062060197,466.44499643406806,4071.755681119412,971.5523469403488
2035-09-27 08:00:00,6001.294295402907,3541.735152614531,475.1134135321689,4136.00690461168,1024.9142857358042
2035-09-27 09:00:00,6326.37217857878,3542.304412047274,470.2157224644528,4127.04730345316,1035.909632019484
2035-09-27 10:00:00,6290.147596299352,3570.193022977427,454.7560584727563,4113.330312273571,1032.392579939823
2035-09-27 11:00:00,6162.064780925783,3503.9293439462385,454.1394358306762,4117.114027286869,1035.9571896572963
2035-09-27 12:00:00,6116.45113923515,3484.5509630954843,450.5330473869059,4069.86827835476,991.6719748638131
2035-09-27 13:00:00,6157.4616474242575,3451.460721526384,454.2499276873513,4036.5779870170577,966.8704577997792
2035-09-27 14:00:00,6270.224319719524,3470.0389641025195,466.5022645159564,4088.747984696214,978.4977368150892
2035-09-27 15:00:00,6280.740019897129,3530.8380603319374,457.5910767302657,4042.173666089862,977.2389016867904
2035-09-27 16:00:00,6296.926057258489,3708.763218152757,476.76933761938847,4221.249548325667,1041.652042849481
2035-09-27 17:00:00,6362.031909029407,3800.821440653975,514.0942560856039,4367.744464255029,1080.8296377004488
2035-09-27 18:00:00,6360.560018160238,3880.230437544625,529.2757773373812,4381.307369005671,1109.004616904684
2035-09-27 19:00:00,6309.209596928915,3849.401458964762,546.6685803837304,4480.49622779283,1115.1911913681568
2035-09-27 20:00:00,6458.145665394868,3721.560001116391,540.8179609108698,4424.100621511451,1087.5226381967018
2035-09-27 21:00:00,6278.208224722445,3652.3661602620873,501.3235533987476,4218.0792831846775,1034.933187445666
2035-09-27 22:00:00,5915.991032940731,3393.65875514198,452.1946169407802,3958.728785637377,942.5340475468472
2035-09-27 23:00:00,5494.990634070392,3169.6722100863,423.5491140409212,3804.011544625456,823.2291208618872
2035-09-28 00:00:00,5226.313533626744,3030.073083666789,397.2355724743629,3730.228072386444,717.9391773019979
2035-09-28 01:00:00,5062.041371820839,2988.413679553986,382.2069169294713,3652.205945714904,697.9058612567989
2035-09-28 02:00:00,4984.067652925656,2937.2502976022315,374.09112380732427,3679.80113458346,669.0257494311963
2035-09-28 03:00:00,4936.062188945445,2963.657252081845,382.0843809177216,3635.381426578133,671.6097170190054
2035-09-28 04:00:00,5005.413543319726,3078.4258468421503,386.1375255376891,3752.665991459861,687.9733481361051
2035-09-28 05:00:00,5179.995943304118,3310.802758694071,414.9942067981916,3739.1596381985696,713.6731691176188
2035-09-28 06:00:00,5232.310612379022,3508.9534057392207,463.3517246921704,4008.055961606414,826.1806758720554
2035-09-28 07:00:00,5583.69301558004,3477.3953901770487,461.5282182634605,4023.0629484736655,964.0692153343454
2035-09-28 08:00:00,5915.92894194895,3601.656674535828,476.1395919202748,4186.209554922309,1016.7901620772984
2035-09-28 09:00:00,6112.353978994324,3568.2167298354707,454.6912677256787,4141.686955400969,1024.7124469507037
2035-09-28 10:00:00,6248.998255472763,3631.179555648648,458.9766300852792,4139.393365631064,1023.3276454479796
2035-09-28 11:00:00,6187.446523567485,3443.978696256249,450.9571246641402,4132.767006010348,1017.3625080304
2035-09-28 12:00:00,6055.751888216067,3408.3855196459126,446.6133100092852,4016.331996470528,990.2872053323111
2035-09-28 13:00:00,6153.642659224624,3457.668242957761,452.1046384312558,4025.754219635992,968.2436061601549
2035-09-28 14:00:00,6200.494674276177,3486.5032990488417,453.24370216112686,4016.906921597704,977.7977383348256
2035-09-28 15:00:00,6185.849923524382,3594.130226624831,458.9939273729615,4110.089265744394,992.9416284268495
2035-09-28 16:00:00,6309.582248321144,3648.441838938679,478.6074243163821,4100.334218362782,1019.8169087112244
2035-09-28 17:00:00,6421.441363454938,3758.405720839632,509.1124804009007,4344.252547915699,1079.407585826726
2035-09-28 18:00:00,6314.682150786955,3860.480456919076,523.0847814201526,4415.2900120928925,1090.09609957333
2035-09-28 19:00:00,6263.940457027033,3809.281829787093,547.869397129885,4330.6396046683785,1090.8918183038718
2035-09-28 20:00:00,6371.093188116199,3835.476342006241,547.6599990098299,4425.685134434501,1096.3694020837884
2035-09-28 21:00:00,6116.326025690698,3595.356789324512,514.009483647108,4212.979443305284,1047.8154462312928
2035-09-28 22:00:00,5812.543774492689,3380.079568358315,464.9595118228208,4041.695635903882,948.8168176005868
2035-09-28 23:00:00,5442.244061640321,3144.125330683092,420.5670618862763,3870.896691908419,816.6154000627254
2035-09-29 00:00:00,4968.660332959485,3038.7238505197192,392.09926369512783,3686.4345502382657,729.8842579843658
2035-09-29 01:00:00,4882.610935370587,2951.5961835413323,386.3585091795122,3672.670287563715,691.6663264899521
2035-09-29 02:00:00,4810.685733736161,2926.530479794808,378.613345976972,3603.815607348679,670.1740069225779
2035-09-29 03:00:00,4779.257143004981,2961.591203684283,371.4764369874084,3638.1143925030833,679.7756387151926
2035-09-29 04:00:00,4868.618155243376,3091.720865621717,386.28057383052106,3668.417192413068,671.7113149319433
2035-09-29 05:00:00,4910.091816022776,3292.2570240739465,412.6232016895012,3805.3064934087097,714.592636341596
2035-09-29 06:00:00,5130.297640873435,3507.411017248145,462.0569978231185,4014.179113565444,834.8111482304334
2035-09-29 07:00:00,5478.490216631781,3487.0359358808464,459.1205899414879,4047.73240095663,958.9828286875488
2035-09-29 08:00:00,5772.407914084104,3519.718939577356,466.2365091855044,4109.822470612839,1017.504773798358
2035-09-29 09:00:00,5998.5608740671205,3493.5646670726965,458.2029269218423,4205.220961563521,1029.7556563064643
2035-09-29 10:00:00,5965.449680394689,3553.247851675954,456.7555173071979,4021.627818027449,1037.7290681368388
2035-09-29 11:00:00,5925.292509711797,3440.9647407190737,449.9886172604644,4031.309640653059,1020.5197422404232
2035-09-29 12:00:00,5901.4593539716,3393.12844831214,450.3236946473045,4077.7278527819,972.9295250688034
2035-09-29 13:00:00,5996.262550433006,3416.9208442783656,449.9389308026055,4017.019950373696,954.2102956333904
2035-09-29 14:00:00,5904.272343922723,3454.2609491113003,451.0177590151741,4056.547967288764,973.6612028067448
2035-09-29 15:00:00,5847.046654376744,3512.3068234891407,465.2864160133516,4066.18248947192,987.3933145337072
2035-09-29 16:00:00,6003.485967912407,3653.784673818586,476.0605612539868,4125.619999883406,1034.388381300355
2035-09-29 17:00:00,6179.948940514134,3754.5026807733616,506.1073286304181,4305.058639091262,1057.2881679088202
2035-09-29 18:00:00,6087.565115132313,3810.663119961527,519.6128870766235,4328.468447692244,1091.902528572043
2035-09-29 19:00:00,6229.9431430097775,3793.699700418366,543.5345826520124,4316.243809845506,1107.9633932796326
2035-09-29 20:00:00,6146.060162668245,3742.0968410139176,534.2058621086389,4363.539430570608,1099.093424424885
2035-09-29 21:00:00,5912.39381251878,3554.6810955471333,507.4455331141088,4222.434024676805,1049.644182659909
2035-09-29 22:00:00,5655.2873313748605,3335.1246873844098,448.9093203492971,3940.515866857076,948.7054767666576
2035-09-29 23:00:00,5305.158417683007,3103.966593277265,419.3160207615912,3811.9433855932207,824.6262315146369
2035-09-30 00:00:00,5240.845727785157,3068.5822461280063,398.6552253289055,3671.990177588149,740.596339902588
2035-09-30 01:00:00,5060.05489219629,2974.140155606397,384.9107681414748,3652.305949335311,688.4281336361329
2035-09-30 02:00:00,4897.663650620908,2932.70213216244,378.4886363160392,3679.806412932491,683.6638388942555
2035-09-30 03:00:00,5055.51407325464,3041.107582818357,381.6070903039443,3591.603532899054,688.2251491506753
2035-09-30 04:00:00,4981.725877677394,3134.432313131156,388.7608618033634,3673.5333272684734,692.8798274134975
2035-09-30 05:00:00,5240.5574900422735,3353.2941859165453,411.07794243091024,3792.228683783538,726.1336253704321
2035-09-30 06:00:00,5371.391237554026,3532.039260035945,454.4403750195143,3961.418896766198,846.4580357903434
2035-09-30 07:00:00,5505.932299956412,3467.699807426591,460.31312579352897,4171.450792786176,982.9249481867174
2035-09-30 08:00:00,6075.851665056454,3564.954669745922,453.5172997094809,4130.239645773677,1017.6233110531105
2035-09-30 09:00:00,6305.983608781992,3571.831258829663,454.4814975219779,4137.87344527479,1018.4779020665987
2035-09-30 10:00:00,6360.323936182678,3509.419125139741,457.05854897989707,4029.798164205277,1019.6577152892
2035-09-30 11:00:00,6101.785784267576,3450.1089869192683,454.1447300720082,4129.382036549618,1017.7986902479832
2035-09-30 12:00:00,6060.774434462093,3392.880185713157,440.9503987060698,4083.468309234534,977.6884807742066
2035-09-30 13:00:00,6128.974775144235,3453.3644567391525,448.7506913573316,4063.233969082109,956.7874284344484
2035-09-30 14:00:00,6086.459916000585,3449.899330784298,459.0812958502869,4056.3291656069264,960.5991811244468
2035-09-30 15:00:00,6129.159401361621,3533.3111068459734,460.0104069080541,4019.076246443868,987.7577932559992
2035-09-30 16:00:00,6195.128449436584,3638.214210156885,482.0646891701961,4157.772108937386,1014.9393046473429
2035-09-30 17:00:00,6287.06957599482,3766.98472997752,504.3404562539076,4426.686588006669,1078.0664760582076
2035-09-30 18:00:00,6351.997041209421,3902.921674794098,530.1830177510485,4342.560240580923,1099.5199223105567
2035-09-30 19:00:00,6319.64751062485,3943.096956312292,547.5346337503124,4345.482210359775,1085.9398976295329
2035-09-30 20:00:00,6362.6222541677,3804.5027988024954,546.2164732452916,4365.64073392721,1097.1811282309554
2035-09-30 21:00:00,6171.246931848508,3593.6605420587816,503.783586953545,4268.634004709268,1050.1882422099056
2035-09-30 22:00:00,5887.882318726049,3361.4889399067783,463.038627875759,3959.619075718996,944.5594776565214
2035-09-30 23:00:00,5379.179895331985,3170.1398270021377,419.6992490862097,3795.446302825367,828.5094009170427
2035-10-01 00:00:00,5748.234439203678,3762.226300031748,416.4651317241546,3806.070409468162,787.9502951996998
2035-10-01 01:00:00,5669.418840438777,3611.0855845464935,396.2731581316132,3710.946926610534,733.8099333207252
2035-10-01 02:00:00,5505.789043975174,3735.95079994474,393.56289971870245,3696.612253548185,718.4310893919799
2035-10-01 03:00:00,5490.472219464784,3723.335344738529,390.59153250613656,3725.940687211263,719.6653417140967
2035-10-01 04:00:00,5557.56528561496,3878.728111994758,409.6566976807708,3761.08571958769,726.3431923735135
2035-10-01 05:00:00,5768.536229208365,4068.421256874087,433.09896919693546,3817.545720445535,764.427277457805
2035-10-01 06:00:00,5975.214407623463,4366.566466458757,475.678980495916,4056.485472851343,889.0236262915939
2035-10-01 07:00:00,6113.080961828721,4298.655881906949,485.58892646026464,4075.6548802633065,1014.1518408018244
2035-10-01 08:00:00,6618.31880599373,4365.093670926875,487.1625100379415,4127.987435699235,1082.2332540969337
2035-10-01 09:00:00,6937.574346368872,4348.523711942629,467.44886155881176,4196.031199813815,1109.0935469841825
2035-10-01 10:00:00,6900.598480087719,4380.973501152238,471.2885760713549,4221.496957771317,1105.399389839024
2035-10-01 11:00:00,6757.528068108816,4285.887767356812,463.7171694974671,4062.7089156535017,1102.3038039081453
2035-10-01 12:00:00,6584.912033418714,4241.64141980118,463.2218492540536,4066.765593825825,1054.975557508689
2035-10-01 13:00:00,6889.513434833832,4257.898770437836,469.3997982910879,4084.341159971348,1040.686137491916
2035-10-01 14:00:00,6920.614528725319,4342.182116655391,472.6884490879968,4058.191208194497,1031.9059409271365
2035-10-01 15:00:00,7053.201007117524,4438.378078828252,478.13147359254737,4078.529823577804,1041.5896488019232
2035-10-01 16:00:00,7001.2845514837,4524.2288788691385,494.14678574794186,4148.674169478573,1092.2093073692597
2035-10-01 17:00:00,6955.277871338762,4742.562083139103,529.4736305186352,4382.244745013306,1131.9473868083585
2035-10-01 18:00:00,7031.811551049713,4723.88292576003,544.5588730087019,4359.671893060179,1169.6480087051475
2035-10-01 19:00:00,7051.2975273823495,4802.040470389908,571.9447971670104,4378.929108204483,1165.4093002713105
2035-10-01 20:00:00,6951.422944169609,4709.213870514799,548.8552944581153,4407.769710962572,1176.2233315619385
2035-10-01 21:00:00,6851.253768588906,4384.833706463591,517.4598653616526,4268.896152112012,1118.1252418098568
2035-10-01 22:00:00,6348.46994148495,4162.892950157395,475.8427772772846,4050.5225547025457,1014.2376839374272
2035-10-01 23:00:00,6051.029100970615,3884.748372547671,424.8839240702711,3862.437310156736,891.2696498174668
2035-10-02 00:00:00,5746.466966827359,3757.5616948180095,412.9489696157012,3796.956172313322,789.1583310887678
2035-10-02 01:00:00,5549.912713765353,3696.555984027856,393.6298375253685,3772.769577876759,735.3299859606448
2035-10-02 02:00:00,5531.23382760913,3664.708282885955,390.9792210830641,3649.667283827204,715.0848608485364
2035-10-02 03:00:00,5573.219051087963,3673.455801098793,396.89567801064055,3634.945094374677,726.732264541286
2035-10-02 04:00:00,5534.516927617251,3811.322819742632,408.60855356169367,3742.572172112263,727.3602496233491
2035-10-02 05:00:00,5725.276244914884,4236.114829797484,434.8345607599679,3777.72887251922,764.8435875132919
2035-10-02 06:00:00,6002.061554057374,4338.116827639194,478.3419607529854,4062.144527309049,902.9483120850704
2035-10-02 07:00:00,6078.195862004209,4343.515961544935,477.7067356139502,4118.164688233569,1032.1567272955044
2035-10-02 08:00:00,6669.818721460714,4431.848941467406,480.56745533578487,4185.673078223952,1083.2850550787657
2035-10-02 09:00:00,6880.071826660702,4297.189536404229,465.5579957960678,4173.345390075246,1097.752474212809
2035-10-02 10:00:00,6926.9164289534365,4451.515897010338,467.9201856415976,4190.639548205916,1105.1146002780044
2035-10-02 11:00:00,6903.493605722273,4322.605310599035,468.6058222241175,4062.027363630684,1092.9620129101602
2035-10-02 12:00:00,6748.380141210072,4275.228735242816,467.09311589115873,4092.416108723811,1045.628849238472
2035-10-02 13:00:00,6832.041156384699,4252.155705487727,471.90936091018494,4058.1393621675657,1053.463975202758
2035-10-02 14:00:00,6898.977052172416,4237.737174610026,477.8697032174015,4052.424059532528,1024.4534546252914
2035-10-02 15:00:00,6905.909204561714,4298.544453710115,470.3497817657527,4166.920247604044,1045.1376194080651
2035-10-02 16:00:00,6960.932572718997,4475.153340759999,492.6998915034265,4232.029842242298,1082.709678689696
2035-10-02 17:00:00,7075.988202349639,4681.113607285837,524.9955338668966,4368.557708994929,1146.7741610882535
2035-10-02 18:00:00,6976.060156506272,4730.120013940942,543.2940415082388,4374.993153641387,1188.7033677780043
2035-10-02 19:00:00,6946.064795700774,4784.048021490439,562.0982789110647,4444.864672422049,1185.740275378162
2035-10-02 20:00:00,6891.019617451963,4677.605548960285,560.4889859348443,4386.420521315371,1188.8726384676224
2035-10-02 21:00:00,6867.113068819824,4445.845748259915,535.1733638158987,4301.147779056621,1137.3932228769702
2035-10-02 22:00:00,6540.594637660087,4133.484662069828,465.6486661101658,4029.0056047275216,1018.1197242129124
2035-10-02 23:00:00,6105.908003922405,3889.6463683836128,435.4070472580896,3866.7517779771097,860.701210399361
2035-10-03 00:00:00,5857.130054532931,3712.072241561002,407.08278536885166,3808.826583939792,781.9668414956519
2035-10-03 01:00:00,5672.848652826218,3726.963459358516,401.43496116031065,3672.6736283251785,747.2299343110526
2035-10-03 02:00:00,5556.497629444532,3709.707331127772,394.9620272474429,3745.848500805832,723.6196037825239
2035-10-03 03:00:00,5591.8615503902165,3764.9439913379497,399.60792048630674,3735.733909388816,711.1949706175657
2035-10-03 04:00:00,5610.02430751652,3815.636531655138,401.5410997450348,3679.713206539621,742.931206517612
2035-10-03 05:00:00,5820.142273317174,4080.2539112934114,434.53479350951727,3847.205767508922,767.9632635892868
2035-10-03 06:00:00,5968.511044098854,4390.203404936508,480.5596612529201,4176.600938960349,894.6115107532812
2035-10-03 07:00:00,6285.033206597848,4307.586426139908,470.5693977281714,4150.900551164228,1052.7776343297187
2035-10-03 08:00:00,6596.556434889092,4411.447465294853,486.5222546326439,4215.510270829624,1090.3353481044942
2035-10-03 09:00:00,6852.973589703885,4507.581884665888,473.173381486737,4142.112766503058,1099.3102092451113
2035-10-03 10:00:00,7111.36257727566,4379.725630747182,470.6911363148371,4127.341311853748,1082.5400897514917
2035-10-03 11:00:00,6809.6788650236185,4367.858030247221,475.4274684579286,4179.021201460617,1101.3221643436896
2035-10-03 12:00:00,6819.993633534504,4188.742723669737,470.2847292011738,4068.741404880871,1073.038040731431
2035-10-03 13:00:00,6908.297852411991,4326.236970917714,475.29661124303385,4067.112440576724,1047.7712222151197
2035-10-03 14:00:00,6783.037455968353,4281.51107927556,477.0220752351105,4099.9566432282245,1030.3723790666627
2035-10-03 15:00:00,6924.450462350101,4378.862578333796,470.1085664533004,4097.77179421198,1065.2210796206175
2035-10-03 16:00:00,6966.44121996168,4586.249350115895,489.330193625884,4211.566554148394,1078.4780823783335
2035-10-03 17:00:00,7112.914434173695,4705.350076376406,525.3433666266599,4380.722696201752,1145.2860167872575
2035-10-03 18:00:00,7091.652440743482,4810.856840314244,552.1556977129176,4454.227686810429,1182.9062490163578
2035-10-03 19:00:00,7133.52676248186,4832.743337478085,564.9096565318716,4454.319356083011,1186.589871726938
2035-10-03 20:00:00,7014.065878105624,4640.520688688484,562.1296969984527,4415.230547404671,1164.087479645551
2035-10-03 21:00:00,6771.440310594745,4484.896489444937,529.8059476300077,4270.475225570262,1116.6798863530996
2035-10-03 22:00:00,6427.67856689506,4157.902276581052,467.9358777495873,4062.0123566758703,1025.582973353398
2035-10-03 23:00:00,6071.774236391023,3889.717211393287,436.25555005872286,3861.0836313985938,876.5728604571634
2035-10-04 00:00:00,5827.99035301746,3761.155312184757,410.0525355574279,3759.897910586969,775.7346907647693
2035-10-04 01:00:00,5678.961313259062,3714.1332432986296,400.3151842550728,3740.504471706346,736.4431706651969
2035-10-04 02:00:00,5579.479217754312,3668.9679604881176,394.3995696436936,3734.659881768528,731.2123342579984
2035-10-04 03:00:00,5597.158997798055,3693.987464192459,389.0833512896899,3708.92563706345,715.1238508719135
2035-10-04 04:00:00,5641.973132726706,3872.2945073872,396.1861079687068,3757.779048877911,719.8182822274191
2035-10-04 05:00:00,5796.119092760108,4163.365431907262,435.579723204562,3881.2696062806936,782.7199340038852
2035-10-04 06:00:00,6112.682444980919,4353.833332986547,475.946956833356,3985.4684362488497,884.6903769319915
2035-10-04 07:00:00,6350.347802037686,4361.841388136991,480.3461105137421,4216.435376089269,1053.639310577246
2035-10-04 08:00:00,6713.8912082023135,4442.378492512722,486.5968425117497,4158.624552643297,1083.1052802814522
2035-10-04 09:00:00,6864.830634539492,4448.608620067741,469.93880161590937,4241.6535961700765,1104.9713853087342
2035-10-04 10:00:00,6867.479878980977,4367.224690369764,474.6405114893721,4187.469152355827,1093.3712882482018
2035-10-04 11:00:00,6808.255636928488,4335.712157541921,464.7294067104058,4088.994332176699,1101.3120566519738
2035-10-04 12:00:00,6693.867547109112,4231.808405435339,475.5324595539415,4064.048870641757,1045.7618633710208
2035-10-04 13:00:00,6847.989542617564,4326.220024425138,471.3160334914373,4090.128730390086,1044.932454450025
2035-10-04 14:00:00,6829.577440642156,4337.729718838854,466.2716534237415,4067.116005652723,1017.351471116441
2035-10-04 15:00:00,6781.135352220244,4383.926037164011,475.8042333508169,4186.9006546197625,1048.0093103132897
2035-10-04 16:00:00,7028.406564071403,4530.527720689322,489.7172370224337,4154.063476017971,1082.682487286401
2035-10-04 17:00:00,7020.188455514039,4661.100899241746,522.8629914697661,4287.132399474705,1135.7949219115271
2035-10-04 18:00:00,7083.863236469736,4749.338195958338,554.9174420814243,4401.575919192044,1175.2113576910351
2035-10-04 19:00:00,6986.295112684633,4831.982864981006,564.6798608589107,4395.705956091511,1183.8085702008962
2035-10-04 20:00:00,7019.000017394979,4721.549264013705,559.6258489335671,4443.305911177165,1181.952714541581
2035-10-04 21:00:00,6844.380093030413,4412.4301766852495,523.1550543157275,4301.26359011111,1103.509862716327
2035-10-04 22:00:00,6460.822258235441,4175.170849918593,474.4298925114717,4084.369738576409,1038.659094222592
2035-10-04 23:00:00,6019.240024569401,3840.481132571171,427.9361180588703,3877.274780136759,881.4770562940507
2035-10-05 00:00:00,5758.903748032121,3803.113880935176,420.8577776431495,3755.2229679646985,783.0310666522698
2035-10-05 01:00:00,5610.472840444762,3715.0847350089393,396.8515502841949,3651.819548604603,746.5175156382539
2035-10-05 02:00:00,5614.320648030837,3677.705587684898,399.6078027278886,3678.284723713318,720.5899079353782
2035-10-05 03:00:00,5429.593025796881,3739.1244857306906,402.6682185499847,3618.372523583771,704.0548496963295
2035-10-05 04:00:00,5454.012559960401,3775.645028921703,395.05568006054926,3749.310929310446,717.2133703538573
2035-10-05 05:00:00,5626.68270563319,4216.23870044458,431.72626134017855,3818.923407610583,765.4497491955703
2035-10-05 06:00:00,5968.692372719372,4352.555372202892,476.4854320817098,4046.315957406006,898.9442279083502
2035-10-05 07:00:00,6176.654395012768,4322.654310069788,474.7817446021021,4059.2219370952,1029.9650794257109
2035-10-05 08:00:00,6616.931606422083,4421.171750662684,487.7070723277777,4113.478567485535,1091.0905196812148
2035-10-05 09:00:00,6901.625331702473,4403.403356211001,472.7245794064037,4149.34511229377,1075.5067028455878
2035-10-05 10:00:00,6862.021277103011,4417.7355830821,468.2635123723129,4096.794396419745,1095.5275749595287
2035-10-05 11:00:00,6825.463176161361,4365.72475464976,479.3800186179181,4014.598031215159,1093.893934874521
2035-10-05 12:00:00,6611.294444395277,4202.153197996871,467.0666272703467,4108.839377560151,1029.5867463944037
2035-10-05 13:00:00,6706.343402918331,4238.129055304161,465.00345829568704,4088.48861723422,1041.2722284978988
2035-10-05 14:00:00,6880.3362750762935,4324.205824391654,467.2073581722289,4030.024925529023,1023.2473629912588
2035-10-05 15:00:00,6858.562446151341,4356.189729097034,478.06598636304335,4155.3446953284365,1037.35900994835
2035-10-05 16:00:00,6751.69602633574,4501.350587600075,494.617851054022,4289.475417444385,1075.152656982677
2035-10-05 17:00:00,6942.204652672034,4672.209140172021,525.9623956190044,4332.1044552078565,1154.1536517446723
2035-10-05 18:00:00,7039.364454418384,4801.755430949745,553.021680294671,4407.046853896266,1128.1191567678263
2035-10-05 19:00:00,6915.587254344368,4778.452679524788,562.6032488448277,4470.584317492788,1185.2651185849186
2035-10-05 20:00:00,7101.101745712753,4694.449556519421,558.50272163898,4443.19887829889,1166.003183617576
2035-10-05 21:00:00,6745.099811805634,4423.189465573404,520.5506869169814,4218.353072364313,1114.2394029471095
2035-10-05 22:00:00,6408.364747158867,4189.354846779747,472.5478005443847,4055.777070217449,1002.0791807087256
2035-10-05 23:00:00,6007.34613709842,3923.01994329222,429.342884237932,3811.867317305848,863.2420004150085
2035-10-06 00:00:00,5503.600142033639,3652.855198829765,418.5027603405917,3747.604329947194,785.4691763076116
2035-10-06 01:00:00,5407.813786774334,3604.064738271588,396.1203277330728,3749.892949563037,725.8819763904913
2035-10-06 02:00:00,5267.477058556668,3582.5928144019467,403.1991786484543,3694.7565735556905,716.7959473665933
2035-10-06 03:00:00,5237.388170511459,3518.746216083288,390.0297231165121,3719.0306116831,718.404099116561
2035-10-06 04:00:00,5334.721323992454,3759.355783037679,394.5417479368324,3718.907310394709,715.234487132728
2035-10-06 05:00:00,5549.918873249837,4158.876335433288,428.6675510822137,3897.874841982835,758.1204265171065
2035-10-06 06:00:00,5773.15006180933,4325.134732066788,467.751218667622,3984.289879632722,876.639878952889
2035-10-06 07:00:00,5932.195619426763,4319.623598254172,472.9723308436313,4137.330689282563,1033.5979077483444
2035-10-06 08:00:00,6237.55462031234,4414.312053675803,475.0043655230706,4136.06085777188,1073.6765581510065
2035-10-06 09:00:00,6498.983940367192,4342.749877203131,469.2814877416808,4104.356655034831,1078.5235343097152
2035-10-06 10:00:00,6475.885231832884,4370.970216879809,483.5471387716965,4109.072080843555,1093.2819396352609
2035-10-06 11:00:00,6675.620795171317,4310.749509914289,477.6294038249113,4127.484640057485,1073.0342580264874
2035-10-06 12:00:00,6475.284826888961,4156.092632317571,475.8376303183944,4019.335422780709,1035.8409477839148
2035-10-06 13:00:00,6350.781462514433,4303.543013696044,466.2589925619041,4051.752027885302,1005.1906376414252
2035-10-06 14:00:00,6473.304919748529,4183.633670730317,472.829479701175,4089.997048489415,1027.029402995441
2035-10-06 15:00:00,6578.818974370552,4274.423600634162,477.1270604357695,4071.5463844836927,1039.894662153197
2035-10-06 16:00:00,6700.9938622217,4486.788882648798,491.2700129594645,4138.506143577982,1082.4014894198697
2035-10-06 17:00:00,6662.891886729687,4613.000818120405,527.2881130740379,4234.2293490528,1123.0132389142177
2035-10-06 18:00:00,6788.2653343453885,4706.453927557725,538.1975705398725,4399.204290939004,1159.598740029874
2035-10-06 19:00:00,6832.199546543344,4763.209732256736,550.6287447497593,4491.210462486303,1162.359137935501
2035-10-06 20:00:00,6704.224518979965,4704.844594716146,554.867124588185,4367.5077027599245,1162.3568538886457
2035-10-06 21:00:00,6496.181831446707,4447.377753517303,526.3447688442026,4169.187508055197,1123.6653583116004
2035-10-06 22:00:00,6197.820356650236,4095.862270334354,480.2786372013383,3991.95692464664,1005.4044149725618
2035-10-06 23:00:00,5677.46691478679,3861.429696813849,431.9042330491338,3867.0456755465625,875.5220861620253
2035-10-07 00:00:00,5745.788652129615,3780.455779311003,420.9899554560085,3724.61633968779,780.3802445323263
2035-10-07 01:00:00,5523.513182880556,3737.3538131085625,395.36564038116927,3772.35928097963,733.9412542545833
2035-10-07 02:00:00,5548.887494209397,3739.992494070466,392.7157494941961,3713.332142535105,714.3093080483369
2035-10-07 03:00:00,5541.710814214503,3680.020025968565,394.7019625654736,3701.0099745517,714.3962824003643
2035-10-07 04:00:00,5467.764391169144,3795.488117517296,398.7518453900265,3701.419423739482,716.8449515053634
2035-10-07 05:00:00,5693.385231498994,4075.85288207196,437.3685324928073,3849.254566664349,753.4697810379624
2035-10-07 06:00:00,5886.757583090008,4345.881209451407,477.8783511731991,3947.591933741696,887.7235567039309
2035-10-07 07:00:00,6135.187281434767,4337.340091861204,476.9940575193424,4136.752608675536,1030.6245894277145
2035-10-07 08:00:00,6502.98176761257,4466.2299650602,475.01253605373125,4176.056575445768,1079.324890641125
2035-10-07 09:00:00,6866.087345983379,4440.271051653421,460.9653683373671,4175.92448875101,1099.2019051693874
2035-10-07 10:00:00,6807.464031345955,4365.706536125752,472.3866612663488,4161.671063005771,1091.5225444334335
2035-10-07 11:00:00,6748.791068704281,4258.339346354801,473.3114940025796,4107.182638089305,1094.6918438484556
2035-10-07 12:00:00,6572.541077687316,4234.424033992975,461.144321512622,3946.4501736576,1038.722170833083
2035-10-07 13:00:00,6793.733712911635,4216.850591630016,474.6607382798551,4046.7094375100655,1042.9641208790963
2035-10-07 14:00:00,6689.900273119533,4265.479388000667,469.8710953463354,4057.948808114639,1010.800207183271
2035-10-07 15:00:00,6807.048580178811,4369.935173172369,482.15902348891177,4073.791018341416,1033.9829471114208
2035-10-07 16:00:00,6988.987553225854,4463.721084736214,496.8870669452484,4282.241694850848,1080.7399701027405
2035-10-07 17:00:00,6899.125643199381,4683.78153830276,522.33968995523,4393.884346728658,1144.582376653576
2035-10-07 18:00:00,7000.837633828517,4664.085939866535,536.2511610970458,4446.588318697342,1175.1401214617924
2035-10-07 19:00:00,7096.991515520149,4734.562502850968,553.3564550960174,4431.630620630554,1149.0668880810958
2035-10-07 20:00:00,7106.587206949487,4629.889568024993,561.118411678284,4334.73096909903,1171.7660635682644
2035-10-07 21:00:00,6764.472297526313,4405.695267648441,520.5136703922134,4281.949859457427,1117.6089748780353
2035-10-07 22:00:00,6475.6768869220505,4140.041293018719,473.3281726735737,4062.614298507868,1005.2871862677894
2035-10-07 23:00:00,5982.75224644378,3919.379175898441,440.1572567715825,3904.785467997416,862.9788679113653
2035-10-08 00:00:00,5717.269523546361,3848.037842171797,418.3211181444227,3786.620420148101,774.9510677271272
2035-10-08 01:00:00,5558.649380522894,3701.4086488946464,401.2897626442969,3672.045708967796,738.0594033218517
2035-10-08 02:00:00,5615.465454368807,3588.838373687191,398.336063178522,3743.150178426557,708.9293654071683
2035-10-08 03:00:00,5505.220462608635,3696.511109947108,396.5771321888727,3680.181621042499,721.5967780587492
2035-10-08 04:00:00,5597.245416276779,3834.831350619129,398.8082996363537,3714.347457057184,735.5679179168246
2035-10-08 05:00:00,5844.201908196715,4214.988566500372,432.03917394190745,3811.88208831014,756.3531726727281
2035-10-08 06:00:00,6003.20582489679,4371.702902928036,472.067767434855,4053.064026671663,900.9434278045204
2035-10-08 07:00:00,6138.065323282214,4414.346077990427,478.72345659972615,4148.037631634631,1039.9692887700885
2035-10-08 08:00:00,6655.092207588682,4576.432704817693,480.4745950864973,4110.94613782912,1067.5273092804578
2035-10-08 09:00:00,6881.939969005752,4456.439922029268,472.1722868549303,4232.892199562615,1099.869103295215
2035-10-08 10:00:00,7052.326976300906,4391.719763999853,479.26968781340014,4161.121187640511,1104.346583654593
2035-10-08 11:00:00,6909.308086456686,4294.443447150867,480.0887196683619,4113.525921176749,1093.6354486812158
2035-10-08 12:00:00,6800.963264441455,4254.270726748938,460.2982275441587,4074.5371867339386,1049.7171842630892
2035-10-08 13:00:00,6742.376687947911,4306.824330744568,473.48647390427146,4047.099620518047,1002.1944758945156
2035-10-08 14:00:00,6897.689757124915,4289.600991336863,477.2995761678127,4159.103167638205,1034.8013321165283
2035-10-08 15:00:00,6788.130312690751,4360.907852735049,468.5091444945492,4055.1653342110126,1047.5955619882004
2035-10-08 16:00:00,6902.430279169341,4547.452810530425,499.8339943889447,4206.1691796298655,1084.5002200184654
2035-10-08 17:00:00,6976.958805157223,4667.142693513015,523.4717059373576,4394.822188135472,1151.1404441390682
2035-10-08 18:00:00,6846.729260552167,4810.791203213715,543.8063944990135,4410.025910788414,1191.8805389785975
2035-10-08 19:00:00,7238.121764313888,4801.530123791269,558.3545455324422,4433.3799577641175,1186.288020281595
2035-10-08 20:00:00,6962.596243034315,4716.199951197948,560.3527325728663,4443.639938749316,1150.5792721424289
2035-10-08 21:00:00,6937.220795109733,4482.194554017658,528.9702754525116,4290.768045196133,1111.674588410527
2035-10-08 22:00:00,6435.547488615552,4176.01957335616,471.7147194771955,4015.445374168696,1011.8165346817055
2035-10-08 23:00:00,6117.580788480757,3884.345963248604,429.9569636106098,3854.2545968295176,859.7440854834923
2035-10-09 00:00:00,5882.268115986433,3751.878942825148,402.46589963358366,3761.655571095012,794.6364461664474
2035-10-09 01:00:00,5590.107175203575,3747.8291213444554,399.5466337246885,3713.6786422173286,746.548992277788
2035-10-09 02:00:00,5560.798573262682,3665.565131173906,391.90402544552273,3702.379578902301,728.7592820834843
2035-10-09 03:00:00,5527.898942219221,3768.287415886805,397.3512710411502,3669.398339395648,729.7968752009073
2035-10-09 04:00:00,5574.165513281037,3845.746123042726,400.6940897626346,3768.758681160162,737.4356052556332
2035-10-09 05:00:00,5852.261540457611,4127.5802340150285,430.98982494492,3843.331749224328,751.5681856599326
2035-10-09 06:00:00,6001.83993665394,4396.497768465066,478.9077782976751,4061.218922398148,901.1741497415958
2035-10-09 07:00:00,6223.3181432054735,4316.445011665956,474.5787342490584,4168.117691865213,1040.62533658238
2035-10-09 08:00:00,6667.727108460017,4352.569339905353,482.2180541433952,4182.70134815295,1076.146031017205
2035-10-09 09:00:00,6782.330110369726,4364.337243654609,469.5982144253908,4154.040942357708,1113.1653728174929
2035-10-09 10:00:00,6989.643316170855,4489.169808879621,476.1452503416145,4170.452451933517,1102.259318713794
2035-10-09 11:00:00,6830.540068021293,4259.093690126561,480.0402043742015,4184.340820682944,1095.4199538540058
2035-10-09 12:00:00,6644.99130955608,4189.443754563356,462.55179129262274,4046.944282751031,1051.1718168074783
2035-10-09 13:00:00,6823.750918708052,4406.740532479569,467.139009203995,4032.952125917018,1008.0833183961912
2035-10-09 14:00:00,6899.132959917063,4296.2398399533695,472.2165816444459,4067.167734921261,1030.17019492254
2035-10-09 15:00:00,6941.727235852242,4400.87221643952,482.4420660407056,4219.342837059419,1064.2542788775747
2035-10-09 16:00:00,6928.539786200367,4515.940046033977,489.9248887061977,4258.869048950872,1083.1861891851877
2035-10-09 17:00:00,6980.315064952527,4746.281458141205,528.8264972498328,4348.454508603557,1136.1251738293072
2035-10-09 18:00:00,7120.642361119623,4818.822338228344,551.3510867730001,4507.844561894477,1199.0659986581304
2035-10-09 19:00:00,6917.529636712257,4836.87677595576,560.822018391973,4416.808549257092,1160.0504349018722
2035-10-09 20:00:00,7169.41042892158,4653.643730878865,562.2610415391349,4464.629144686788,1169.6698828970682
2035-10-09 21:00:00,6768.688484518551,4502.1895180220345,523.5701124331014,4317.026226803303,1115.7562307707751
2035-10-09 22:00:00,6422.29114720586,4184.594486162042,475.1642558997594,4047.1746863734543,1006.1673077269768
2035-10-09 23:00:00,6034.034166970715,3940.196971762294,431.7670342163021,3957.693973260331,872.7667260757567
2035-10-10 00:00:00,5747.789460087164,3792.502707164384,407.6075968174916,3777.086338135881,797.5963554396649
2035-10-10 01:00:00,5623.197167125284,3658.63845015403,400.49296303860353,3703.990555883504,732.4866469227408
2035-10-10 02:00:00,5517.810277104429,3704.1508723498832,396.6118090785846,3727.9243297038697,718.0016846128833
2035-10-10 03:00:00,5555.760322170131,3766.8911665072096,396.66327583158574,3731.2835618753465,708.324511383966
2035-10-10 04:00:00,5631.094895417538,3867.9324305368905,397.6457317049283,3761.0566264966574,736.9138175181025
2035-10-10 05:00:00,5790.096154788083,4176.491092624087,433.0435901958054,3837.4905584284647,773.8537539224571
2035-10-10 06:00:00,6035.342485247376,4376.951559717493,476.7071576489682,4158.6990413405065,905.4243080727924
2035-10-10 07:00:00,6121.216430025755,4316.600527613991,470.6249277832267,4166.155101554135,1050.121267767769
2035-10-10 08:00:00,6609.191145175751,4499.675802374266,482.9072339568584,4274.333694878205,1056.418901153833
2035-10-10 09:00:00,6872.143409044155,4507.109331987977,467.2918463815478,4156.5455387482725,1109.3778984852524
2035-10-10 10:00:00,6881.570054713099,4471.7877583741465,476.447179906218,4187.663649355847,1107.9827415981856
2035-10-10 11:00:00,6777.062668361301,4323.187812679598,475.0706105228697,4139.297110284559,1100.9925302709926
2035-10-10 12:00:00,6704.026321672981,4270.71457330832,471.77836098666273,4025.2208651469314,1062.982774046274
2035-10-10 13:00:00,6859.345716303656,4278.132389946412,463.60244793480246,4064.2410313010687,1023.3015169766508
2035-10-10 14:00:00,6873.066302669949,4317.191011822773,475.7066624400114,4104.263300143734,1021.5291990472776
2035-10-10 15:00:00,6945.823766878228,4392.393717104888,476.7507902638652,4118.962619441394,1036.692561400215
2035-10-10 16:00:00,6943.936853129317,4519.849058127873,488.5256603075297,4294.260566088883,1085.0532995696744
2035-10-10 17:00:00,7085.370126210349,4685.765518452369,521.7357996903319,4341.37094348219,1158.2225204537106
2035-10-10 18:00:00,7062.132925714656,4772.740598948604,545.0804781623673,4452.98088829584,1185.9886945960595
2035-10-10 19:00:00,6959.406006423664,4851.129933091893,562.8724031112729,4478.598163601342,1150.387057623709
2035-10-10 20:00:00,7130.108624552312,4735.8187132977,559.7240812773911,4420.702967728781,1197.0470603821716
2035-10-10 21:00:00,6833.783703816644,4439.421892299492,525.3504266406046,4310.507706790866,1124.7871948771308
2035-10-10 22:00:00,6502.259858499272,4156.625250609139,469.3531538953853,4046.132127415018,1029.6660682243871
2035-10-10 23:00:00,6015.906268038239,3936.280869355722,434.4789142729769,3841.1388062518536,883.4491725004633
2035-10-11 00:00:00,5769.0128226939205,3756.891707453796,412.1851485896356,3777.493173444703,781.4142032345652
2035-10-11 01:00:00,5715.269685979172,3722.0223545829353,393.4033816791447,3699.09003544433,734.2467064994356
2035-10-11 02:00:00,5526.175436004061,3683.443957946187,386.7918758259558,3748.1680932522695,730.1035932608644
2035-10-11 03:00:00,5541.604550630517,3693.860998027541,397.05068984909445,3712.944747407266,724.8706596711976
2035-10-11 04:00:00,5542.181012495558,3845.753353652584,394.7996804311225,3685.4545917786168,732.5519752453218
2035-10-11 05:00:00,5732.854474088789,4070.833694914381,437.8282435519274,3843.081644595918,753.6919735236885
2035-10-11 06:00:00,6059.807048280051,4345.0152090940255,481.75232768480186,4128.747119801908,898.4343742112081
2035-10-11 07:00:00,6132.663030041856,4397.911052810763,485.3282112969005,4117.011050434088,1036.455953006218
2035-10-11 08:00:00,6651.716449412796,4379.06387587158,480.7422631057426,4152.305584737306,1086.2136882999523
2035-10-11 09:00:00,6911.00406014657,4431.752842041575,477.9012202985365,4145.663116622775,1126.930772602709
2035-10-11 10:00:00,6987.804644867612,4462.8805475083,487.3466644355207,4188.5608396778525,1113.2813708303222
2035-10-11 11:00:00,6907.722341084066,4345.733673302595,479.6721568167481,4202.174355441558,1095.3101368564228
2035-10-11 12:00:00,6840.279472401254,4249.489777815344,460.4185226732972,4052.236669011637,1068.6627286654211
2035-10-11 13:00:00,6854.530509144987,4306.648290255623,468.39782699116455,4091.0702632115135,1032.8391347309778
2035-10-11 14:00:00,6849.731282597552,4262.837193788464,477.0937844554314,4127.071831478137,1046.9324985951837
2035-10-11 15:00:00,6828.468118967908,4362.300934848369,479.2870242807905,4150.563420845478,1047.579412102127
2035-10-11 16:00:00,6873.215615667995,4539.18851098618,500.7726324424015,4227.976750158839,1087.8163905333572
2035-10-11 17:00:00,7136.654776828566,4722.08323105361,534.4650316539479,4320.781223455943,1145.3422655688337
2035-10-11 18:00:00,7080.78093197697,4754.272384557223,564.1260469765139,4472.239949045064,1176.7708429414909
2035-10-11 19:00:00,7133.007988332657,4788.505594069395,566.9878921939253,4444.551817254116,1169.7798713581278
2035-10-11 20:00:00,7024.318345340371,4696.963977810497,559.7657152321577,4434.300173400358,1175.8997259389002
2035-10-11 21:00:00,6891.291685698314,4485.770031658054,509.9286717611431,4340.274955874241,1129.5104359536313
2035-10-11 22:00:00,6365.824780335086,4122.244275883436,475.68278331343714,4091.027971030142,1018.3436162060664
2035-10-11 23:00:00,6019.954879061755,3909.991398058059,440.0576523999782,3868.6216191599065,871.9448156847844
2035-10-12 00:00:00,5780.317773760731,3813.358354773135,412.5123096452506,3772.920537617543,778.6753425255296
2035-10-12 01:00:00,5652.949911128561,3713.088896760636,396.9768879850562,3678.3976217578415,747.1070363850342
2035-10-12 02:00:00,5552.861085934634,3629.0345180534136,408.2105555968915,3683.7797819112425,724.851047597572
2035-10-12 03:00:00,5489.329075395996,3700.083611085744,396.6090392907457,3685.214734726445,715.0991801134267
2035-10-12 04:00:00,5550.25915520796,3883.621254802355,398.8426056194019,3736.827595498692,734.3091875683822
2035-10-12 05:00:00,5594.542810478109,4123.808311587555,433.2266992391652,3800.080469727412,776.0369757378106
2035-10-12 06:00:00,5892.423595982105,4323.614473157054,476.5511637341587,4186.09475530792,889.0363923796726
2035-10-12 07:00:00,6183.573979045699,4354.879975975923,475.2301532871366,4139.401772211653,1013.3840234842352
2035-10-12 08:00:00,6605.414492723526,4463.624838265042,479.7785930865329,4199.50658601677,1096.5748908790874
2035-10-12 09:00:00,6895.392920382166,4393.520847823397,476.9127296249807,4214.904781791053,1108.944665839084
2035-10-12 10:00:00,6742.499800698211,4419.225754764862,471.7754637944467,4127.713828760756,1085.325448156502
2035-10-12 11:00:00,6818.681749587479,4313.581816231692,469.00748991714977,4114.29082780375,1086.5583473635872
2035-10-12 12:00:00,6575.153114115243,4188.647681206719,477.4438321241533,4007.762792778764,1033.571921143689
2035-10-12 13:00:00,6862.510096176163,4220.905909868407,466.7585380757495,4083.05650109865,1030.4019951003113
2035-10-12 14:00:00,6927.020817687885,4286.721485290027,473.3781087460333,3996.739037275127,1015.128569733268
2035-10-12 15:00:00,6754.249934956146,4431.024088823186,478.612633009643,4109.52689913619,1031.4259106975237
2035-10-12 16:00:00,6999.116111166156,4497.8788648904765,486.3181835761493,4218.952045242506,1080.7768140447083
2035-10-12 17:00:00,6968.334858405924,4733.438267185787,533.5922094045715,4326.518293676034,1129.409350277076
2035-10-12 18:00:00,6952.697467999861,4739.636785535074,545.8443675285656,4411.906076864933,1173.8532845168452
2035-10-12 19:00:00,6894.095877718344,4788.784552570239,559.1233771080614,4468.434182692707,1178.6612353752969
2035-10-12 20:00:00,6922.819805698634,4735.380197715234,557.2451386921368,4429.469004823432,1173.0149746006202
2035-10-12 21:00:00,6686.805483761796,4458.171793260963,526.0298173099087,4252.609009888148,1105.3831742324312
2035-10-12 22:00:00,6395.880918374784,4173.33982710996,474.2930663597908,4105.516169871079,1007.1813507117504
2035-10-12 23:00:00,6000.254455845028,3909.380127408082,437.45750559456616,3856.200098577633,866.777796843031
2035-10-13 00:00:00,5435.564911335734,3751.5849305232896,415.8386519555729,3787.096904649204,776.3540182450394
2035-10-13 01:00:00,5408.932575417011,3642.6500617168554,394.30682168718334,3691.915327890842,726.4485981774297
2035-10-13 02:00:00,5323.449279453428,3640.641281063563,399.1142129747048,3702.507611981168,716.5532681612756
2035-10-13 03:00:00,5285.889117330061,3621.669102614724,392.8755405018048,3642.671170864505,718.3732159681219
2035-10-13 04:00:00,5450.787671022074,3815.610735643423,398.0383448645029,3631.669698084141,718.665707461229
2035-10-13 05:00:00,5536.784701972148,4102.5774493933295,431.4238086411447,3859.77105713116,766.5677692915773
2035-10-13 06:00:00,5772.878327139899,4343.486353050125,477.2769782964232,4053.6360706347,884.9429230117389
2035-10-13 07:00:00,5919.209842235508,4277.15810135182,485.196461119955,4056.243961537452,1027.7705894773244
2035-10-13 08:00:00,6406.997469090916,4302.465771426388,475.8473923429595,4160.721993655611,1066.139267773847
2035-10-13 09:00:00,6608.35590698555,4346.0588362611625,466.7831903972521,4129.706738135766,1127.2540483493965
2035-10-13 10:00:00,6652.037299642946,4313.379167613449,473.3695240628088,4088.663652105322,1103.5975202180357
2035-10-13 11:00:00,6633.361872341978,4248.166841903708,471.505468100666,4184.001849902709,1074.3394393202109
2035-10-13 12:00:00,6381.583692483633,4169.489329353955,463.5138865835563,4007.9952434240377,1063.550200263216
2035-10-13 13:00:00,6562.732151399538,4213.816197380577,468.81316460363513,4050.194939915847,1019.8916874199848
2035-10-13 14:00:00,6552.713059518493,4206.842607810697,469.348814164924,3975.271311029235,1051.266601119372
2035-10-13 15:00:00,6545.33736787314,4328.615961737564,475.2862573683519,4075.839864630801,1042.619692102635
2035-10-13 16:00:00,6737.275302717705,4500.518889928541,495.4009623685113,4174.743660227457,1077.012869740527
2035-10-13 17:00:00,6735.172182799114,4735.98445297251,524.9343073746223,4278.314443329233,1110.9516331617635
2035-10-13 18:00:00,6749.459489745424,4706.5609038203165,551.5744691821048,4369.628655770053,1155.0372008010506
2035-10-13 19:00:00,6788.584613956996,4701.112973004507,559.2297695930357,4389.992884762315,1148.7770424658986
2035-10-13 20:00:00,6811.261031693662,4563.816144118645,562.9707976673011,4404.772163582286,1150.4510659706957
2035-10-13 21:00:00,6682.498954171089,4409.617741692664,517.8698686299566,4169.652838770615,1119.634753223498
2035-10-13 22:00:00,6132.518549898676,4184.141152638281,469.2060181356081,4058.950727470826,995.043152492961
2035-10-13 23:00:00,5831.155536957797,3877.669309161207,437.7192710401449,3835.209457738655,858.403969408949
2035-10-14 00:00:00,5746.619792929421,3764.568745497139,414.61259627576464,3841.430278756725,787.6827267761507
2035-10-14 01:00:00,5649.905789318078,3678.370832290071,399.2030674819046,3686.6723114936062,743.2656029688233
2035-10-14 02:00:00,5411.820448646752,3638.5090752756514,392.99843796512647,3727.787720445735,730.8821441484456
2035-10-14 03:00:00,5498.429018098835,3668.930543015909,397.36615026591227,3679.526474872612,719.0193273337962
2035-10-14 04:00:00,5545.131582121464,3864.028973713329,393.6184367295354,3744.6087054390473,735.1707327825718
2035-10-14 05:00:00,5634.757082845217,4152.193853197246,436.2753427538385,3842.764730976505,761.5348832918622
2035-10-14 06:00:00,5975.674464239482,4357.394205113116,475.32588762940185,4067.8177201536873,899.9277289383499
2035-10-14 07:00:00,6068.282108662166,4424.369788550241,476.5630616692268,4066.3600708081335,1026.2155925196407
2035-10-14 08:00:00,6568.810813519056,4361.228100522543,486.1972791122907,4174.399294612538,1077.0771217478482
2035-10-14 09:00:00,6864.224089530928,4437.772179614299,471.47231172296944,4179.12853475929,1091.0333313308122
2035-10-14 10:00:00,6918.660128595798,4419.99306739127,484.5372537437635,4150.836525322136,1076.0240198835525
2035-10-14 11:00:00,6811.962499140094,4306.45875860829,470.3767285899317,4085.8787293448863,1092.412829990872
2035-10-14 12:00:00,6683.665863107946,4260.93260373284,461.783613296565,4072.880408278146,1033.075524396312
2035-10-14 13:00:00,6813.891430208434,4264.961472241456,473.4914881326355,4048.285807615032,1012.5534909129644
2035-10-14 14:00:00,6729.3538680756,4365.028692049058,468.1167916080401,4104.634656822381,1021.4699628324516
2035-10-14 15:00:00,6781.8263142606265,4395.856394719534,475.5549919437298,4146.954555992422,1046.1547270006745
2035-10-14 16:00:00,6941.409951365549,4526.66391819764,496.6206655318508,4189.448135461212,1097.115961005249
2035-10-14 17:00:00,7050.385615000087,4637.945016748754,529.1520704156683,4362.632298620027,1147.5041138063518
2035-10-14 18:00:00,7142.098769387,4815.002213596357,557.3845786395714,4361.207844580693,1178.006240498992
2035-10-14 19:00:00,6969.507790251733,4810.901817557829,563.4955766653667,4433.500584268072,1162.6415541668955
2035-10-14 20:00:00,7077.363496923192,4608.961020518046,550.6203889313521,4395.514373592079,1179.915686380109
2035-10-14 21:00:00,6767.735752369891,4511.343066276708,525.9008016197581,4261.910422018096,1139.6465138373117
2035-10-14 22:00:00,6442.000805089527,4170.561949844454,470.6531514741879,4024.7888702141486,1015.5678472830832
2035-10-14 23:00:00,6007.657771685408,3966.623577272069,429.91923590564886,3854.6387217338743,866.8331903623196
2035-10-15 00:00:00,5824.909851931733,3782.957205165877,409.944466842772,3740.643511245836,792.7324507741906
2035-10-15 01:00:00,5577.712842851979,3700.154933014121,396.9891423194834,3764.7606474561535,743.3549059197295
2035-10-15 02:00:00,5578.175793911839,3699.52898418048,400.8769078890077,3705.240410316678,725.469998249931
2035-10-15 03:00:00,5588.078176224395,3723.8077311790894,388.2663532070738,3743.366054132605,726.896426403323
2035-10-15 04:00:00,5532.149017050426,3826.936425001299,400.7585939297294,3773.145622758431,738.5594346998117
2035-10-15 05:00:00,5844.045979917053,4198.641888438178,436.40566000133646,3843.9587903537,769.6466738592637
2035-10-15 06:00:00,5938.929458465166,4352.886899466856,481.8997981655877,4063.09388774505,888.4122703559347
2035-10-15 07:00:00,6198.205926003499,4334.777185299824,480.8190390038824,4073.9261028473743,1021.7184629372148
2035-10-15 08:00:00,6497.109278156029,4423.144746086996,487.1848462159412,4202.073493078037,1074.293603238218
2035-10-15 09:00:00,7004.342328441875,4452.414896337759,470.6466182199482,4209.793974750943,1093.895312810381
2035-10-15 10:00:00,7013.411645652936,4379.826122493291,482.5844945802162,4168.004695097371,1111.076554439744
2035-10-15 11:00:00,6923.513903998802,4345.776679686461,475.0505606276423,4157.260379828992,1088.5943986040495
2035-10-15 12:00:00,6823.462394950564,4197.33098068746,472.5904366001846,4073.480230904766,1051.093173167999
2035-10-15 13:00:00,6691.295069863158,4261.523786719207,471.7988514337282,4011.8701853549055,1027.824833761952
2035-10-15 14:00:00,6808.156107354125,4353.553546191539,464.8662682763828,4012.1051137513487,1042.4300884012243
2035-10-15 15:00:00,6781.143665183697,4416.684725438676,480.66910480157753,4155.811592177234,1043.905775780468
2035-10-15 16:00:00,6964.395633574928,4522.292978703049,493.8012894808652,4128.856990572934,1094.4301278699809
2035-10-15 17:00:00,7047.792430601734,4616.413187506698,520.2704222753626,4396.149939765616,1152.3659927090916
2035-10-15 18:00:00,7011.499162307949,4793.596793840007,558.1528241177855,4421.812197157898,1177.8103694002452
2035-10-15 19:00:00,6903.005804158332,4806.847317767715,560.1710958179888,4459.242930986483,1160.965520801809
2035-10-15 20:00:00,6992.579622431363,4733.292499231649,554.6796619732394,4375.168384793384,1157.4426854332476
2035-10-15 21:00:00,6705.037863831141,4399.761258947221,534.375201992396,4309.236680002536,1103.9999785191635
2035-10-15 22:00:00,6428.503680848311,4227.199271453833,471.6547194271777,3995.653517122043,1002.5840274726926
2035-10-15 23:00:00,6072.063329700378,3900.513108167732,433.8242847563813,3837.6773919326015,871.0097548246252
2035-10-16 00:00:00,5738.502525902035,3745.527111468994,407.32476093110535,3749.267850870937,792.4896434441829
2035-10-16 01:00:00,5621.184939674836,3674.766781473025,401.1710632027807,3687.7487320847554,755.2974355296315
2035-10-16 02:00:00,5605.684351761607,3697.3570306991214,408.3670022747078,3675.266741611225,729.5383572072956
2035-10-16 03:00:00,5529.809198846413,3746.5116503132263,402.2802857482666,3691.042257115369,743.6974310388274
2035-10-16 04:00:00,5571.677741416045,3868.841731100012,396.5633751579397,3776.376952592031,727.5894040285779
2035-10-16 05:00:00,5817.376437691447,4167.2964619692775,442.0649930692017,3919.2423566107145,777.2404284105659
2035-10-16 06:00:00,5935.890234886552,4340.478003315455,477.4144795703384,4079.0215765983858,898.8478239154263
2035-10-16 07:00:00,6314.624971474649,4412.782573490511,474.77204721202406,4147.415151482598,1035.1050342451067
2035-10-16 08:00:00,6635.095427444294,4426.434854783402,468.04057943898727,4228.043793249428,1060.493581089511
2035-10-16 09:00:00,6891.404813622545,4436.7360835969685,473.1147893993193,4186.421584939167,1096.8566148399937
2035-10-16 10:00:00,6985.2035087628265,4346.313199141387,480.6353788743062,4179.340878484123,1120.0535139639492
2035-10-16 11:00:00,6980.10754020932,4346.200224071072,473.3748669589604,4115.296495229024,1079.9011657762346
2035-10-16 12:00:00,6842.65358366041,4273.9626386338,465.6473002451346,3988.867017970462,1068.8991817026374
2035-10-16 13:00:00,6826.6249266075365,4316.727585514391,471.2420797182455,4054.657188657492,1041.461513715268
2035-10-16 14:00:00,6811.224651532864,4367.081899076153,476.5587733609002,4096.704120501535,1042.1692708179548
2035-10-16 15:00:00,6911.663492507722,4324.130695244912,477.56129413753,4131.183695864012,1060.2442298319288
2035-10-16 16:00:00,6968.116144137541,4476.162115624535,497.7194952234864,4253.679315368946,1072.4354391751783
2035-10-16 17:00:00,7155.224377673335,4771.0759694878125,520.5529021865391,4402.196057922767,1147.0371668940045
2035-10-16 18:00:00,6885.262617075013,4799.814370367018,547.1382702440208,4370.397699122453,1178.9564584469467
2035-10-16 19:00:00,7056.434777398457,4841.319320560629,557.5898046444098,4505.981731049968,1176.7724528265471
2035-10-16 20:00:00,7105.752157399012,4685.006781091892,564.3547561418048,4378.956562197764,1188.0361857113512
2035-10-16 21:00:00,6905.094645926301,4498.192553519954,522.812291468218,4244.926979504774,1114.3682867416344
2035-10-16 22:00:00,6550.546616906092,4213.536140318875,477.0115338746281,4031.471938594884,1025.9110404312205
2035-10-16 23:00:00,6089.176286694469,3915.119591637151,428.8751860408798,3821.9327880638098,866.4832860363816
2035-10-17 00:00:00,5775.59218436499,3829.271693867376,414.72188903550585,3742.536579239893,793.0283223780847
2035-10-17 01:00:00,5690.383511066302,3699.2483712576623,406.6222601002351,3766.7221358847305,758.0260458513239
2035-10-17 02:00:00,5529.600380322607,3739.29409302421,388.9552148104439,3735.058413186963,734.6809738040229
2035-10-17 03:00:00,5619.935321779659,3736.952414122523,397.2910074264909,3711.624876984364,718.49881186688
2035-10-17 04:00:00,5575.710159790492,3857.536182008774,409.7636220321499,3784.3506172420784,720.7236300265464
2035-10-17 05:00:00,5807.613588842374,4221.958985847368,438.4770524727903,3871.104162161458,779.4577647587892
2035-10-17 06:00:00,6008.264827159448,4410.615182963761,483.1965271319015,4096.307341214696,914.9142635645404
2035-10-17 07:00:00,6290.394252670155,4381.834711766059,468.37965093409264,4103.813799437896,1027.6278383477045
2035-10-17 08:00:00,6696.162312236897,4539.752140267407,482.5410082020984,4226.8557811153805,1082.5119529762817
2035-10-17 09:00:00,6848.057380045247,4439.895508773139,470.3643545559908,4195.03129429168,1094.619027696478
2035-10-17 10:00:00,6923.09882311007,4487.184742856237,468.6699497582027,4210.978476415979,1106.322311817185
2035-10-17 11:00:00,6959.388741481779,4371.067631138266,474.2776138410077,4165.221351739351,1083.5207247346696
2035-10-17 12:00:00,6831.133919877229,4282.391862270563,462.6808692910108,4099.697787723314,1071.2424604953592
2035-10-17 13:00:00,6849.328172915553,4318.244179885955,481.36435044233735,4064.357968988412,1018.5276231361444
2035-10-17 14:00:00,6877.12153881215,4260.177619726835,471.605897716768,4058.4328136688287,1046.1020662330136
2035-10-17 15:00:00,6873.610456826184,4467.314222533482,470.7382992241327,4100.463182891464,1059.4866746886748
2035-10-17 16:00:00,6910.897353481928,4591.530101730402,490.6260024267902,4217.349288726608,1109.946510624353
2035-10-17 17:00:00,7004.962235801839,4750.928657037402,525.7900964418715,4348.014726577902,1154.9585806881244
2035-10-17 18:00:00,6933.528215534808,4744.898131454327,553.8529080223858,4483.780805738871,1168.0191952024454
2035-10-17 19:00:00,7010.766270983389,4841.444885699696,555.2738444592969,4431.264528035159,1210.719347894647
2035-10-17 20:00:00,7240.205719261106,4761.299779526888,554.2251584225759,4434.899072056642,1164.6582262423403
2035-10-17 21:00:00,6952.55521664315,4471.296150468763,531.0184945720484,4301.110953376278,1125.3198483151466
2035-10-17 22:00:00,6551.074841504756,4251.293189007449,470.1738078775694,4057.9944522466,1014.6326066908535
2035-10-17 23:00:00,6108.129511457237,3939.7717451030258,443.9736245979987,3890.425676836384,861.9903943266324
2035-10-18 00:00:00,5775.305095936327,3754.565196646134,417.20940504968206,3715.9419547182015,772.0089384979658
2035-10-18 01:00:00,5710.963177364331,3720.5221379553936,395.82776839631896,3703.652964645045,751.2443692118846
2035-10-18 02:00:00,5605.298548412834,3705.24698024164,398.9385363398756,3723.10677047068,729.2581063243445
2035-10-18 03:00:00,5571.466439633631,3773.60631736392,400.3734147402142,3694.5872586560695,731.0842078484171
2035-10-18 04:00:00,5632.438238020857,3881.734581898837,401.4770271570968,3684.838549921376,712.3516066176497
2035-10-18 05:00:00,5726.58865914989,4156.588539755313,437.34751565739776,3878.261382861667,775.0883973537746
2035-10-18 06:00:00,6060.825631626795,4445.725372821737,478.04280139256304,4161.266866907917,888.4955352528485
2035-10-18 07:00:00,6245.840273098502,4421.080859928966,483.1308208720032,4203.42256547132,1047.2612937855315
2035-10-18 08:00:00,6694.5858264471,4485.701951186436,483.9632035438607,4170.182688415646,1098.6327921829086
2035-10-18 09:00:00,6986.522124254773,4482.905890692698,468.58712234478,4188.798725384101,1091.0541623760416
2035-10-18 10:00:00,7035.274969056247,4389.645715843622,477.2104790644176,4164.024231655316,1091.157827269284
2035-10-18 11:00:00,6880.457529076258,4355.130298081442,478.7854047929604,4158.888200833414,1104.94635718658
2035-10-18 12:00:00,6785.712943130378,4287.856773118173,474.7588262335396,4133.942623760238,1045.042989208344
2035-10-18 13:00:00,6885.150889361975,4357.25666541848,475.4649385953398,4040.4261698067903,1058.7523061415782
2035-10-18 14:00:00,6949.995698329671,4295.58626696677,476.4734427176337,4080.453420053268,1033.6464879369669
2035-10-18 15:00:00,6969.316546554367,4392.427314502806,480.07752075084136,4095.955187556792,1065.8000816283222
2035-10-18 16:00:00,7088.483205388624,4528.139651017765,501.3102671717984,4262.100899968135,1091.38716690256
2035-10-18 17:00:00,7052.969874515504,4777.591252235247,536.594439808414,4361.733605887308,1170.2531610322762
2035-10-18 18:00:00,7191.392663994087,4782.025704082878,555.8403287950027,4426.548171739092,1182.113184319303
2035-10-18 19:00:00,7024.551687533514,4839.460272717621,569.4330820056001,4451.159275277442,1172.1953797730437
2035-10-18 20:00:00,7105.848326193026,4685.340542753743,559.8967305596003,4372.289225310409,1180.9728832473124
2035-10-18 21:00:00,6787.712496885529,4473.76934572881,530.8925808887086,4221.470009417595,1147.396693724723
2035-10-18 22:00:00,6517.497322707614,4224.821300058813,482.9800423391485,4105.107264512681,1040.6686693381032
2035-10-18 23:00:00,5983.153234505223,3954.0012205880607,440.80940233628365,3817.103453895272,876.3824188850226
2035-10-19 00:00:00,5774.136347657009,3793.972065133373,412.0605143476241,3814.9327099160623,794.9566824168288
2035-10-19 01:00:00,5701.339351915133,3692.4608304451112,401.8815040752107,3685.082310287533,738.0947875451322
2035-10-19 02:00:00,5460.762170641176,3646.9274404086727,398.1877783854867,3663.018859455693,720.8069917590868
2035-10-19 03:00:00,5612.268784370715,3723.188915884661,397.75097258229033,3739.563333758801,720.6632996067265
2035-10-19 04:00:00,5599.743605780564,3757.788894808653,402.23700862811455,3760.9739166823615,744.5611781955573
2035-10-19 05:00:00,5716.850398050853,4213.397645273494,430.6304008392901,3893.039652624975,769.8429503136347
2035-10-19 06:00:00,6014.041273184338,4407.765629200083,486.7691697615987,4066.522056233882,894.4733582053112
2035-10-19 07:00:00,6152.04542485482,4295.759769425813,486.8415953970163,4063.781768250838,1036.2882231578712
2035-10-19 08:00:00,6549.828114310603,4502.391419684469,481.07449286135386,4141.6698139871705,1089.114043478157
2035-10-19 09:00:00,6909.2014121245575,4394.222221457332,466.7476067862679,4225.189613446862,1106.892305312932
2035-10-19 10:00:00,6900.3240093515815,4380.468297612309,475.3644823378256,4200.187338377827,1110.0443455461186
2035-10-19 11:00:00,6668.36363508144,4308.275104417116,471.3484127657133,4035.8915031944366,1095.6685567405784
2035-10-19 12:00:00,6621.509851554682,4233.206447046081,469.9151486403946,4022.3275042604687,1040.25291784521
2035-10-19 13:00:00,6942.768042263773,4273.50896648342,473.3160985351955,4058.9846998550834,1055.5396908500013
2035-10-19 14:00:00,6827.857504214143,4298.376705172191,469.9434032722229,4081.1943690014423,1044.1375404353887
2035-10-19 15:00:00,6708.435575466311,4328.011942392254,483.8597185001025,4120.065954864357,1025.223485009201
2035-10-19 16:00:00,7030.096893497968,4562.190998323379,492.63623543918,4113.243576314698,1092.7950562814904
2035-10-19 17:00:00,7066.530828700843,4643.851968948486,537.6320055245106,4411.834105038628,1125.5699990208811
2035-10-19 18:00:00,7036.9273613669575,4776.22391752802,552.2562563182229,4423.335415920306,1169.8948499830888
2035-10-19 19:00:00,7043.6861131354,4855.419089780691,561.8407181919853,4434.055194972453,1176.6523859045114
2035-10-19 20:00:00,7067.388027792216,4610.455220596137,563.8012577217366,4395.943017748886,1169.2998097143047
2035-10-19 21:00:00,6858.995599560027,4493.660973974497,528.9327011099579,4240.316206072405,1109.6633986546628
2035-10-19 22:00:00,6423.828344586208,4191.846047883569,473.8325283585598,4065.393056543319,1002.0077824285264
2035-10-19 23:00:00,5954.395315528074,3913.79374084375,440.43414859213874,3919.44213617973,875.9172499175731
2035-10-20 00:00:00,5549.800672866283,3751.0653331793897,410.2525489050635,3700.160333303461,764.8971860023966
2035-10-20 01:00:00,5464.442353879106,3629.825346827574,399.80260357260346,3749.371674908365,737.8241698530003
2035-10-20 02:00:00,5379.59255394517,3622.797360449146,398.3716042654963,3647.4816262682257,711.9668424224559
2035-10-20 03:00:00,5306.87970152897,3659.661342177576,400.5627367160456,3692.8511506909854,706.2991090131002
2035-10-20 04:00:00,5225.944408723499,3733.462654699829,395.215314374664,3748.723050443683,734.741770303909
2035-10-20 05:00:00,5470.66444919353,4149.756825905354,436.31870422851097,3834.731407639179,759.8762729592129
2035-10-20 06:00:00,5682.336833329991,4358.233906489444,478.2366186696615,4095.856419496556,890.0526508957144
2035-10-20 07:00:00,6018.755829634754,4275.135757712868,484.1564809617833,4171.596493900662,1045.360165591051
2035-10-20 08:00:00,6334.917653929593,4294.854024866207,473.1962486543515,4102.100163035995,1092.2209376544045
2035-10-20 09:00:00,6605.263229923189,4405.551528546211,472.8623699704431,4137.89455595772,1078.3381204365205
2035-10-20 10:00:00,6713.531280628674,4333.019705979765,468.3465700209324,4164.816915148728,1095.8126442347198
2035-10-20 11:00:00,6510.510997462712,4205.075820642598,481.64294050869,4086.2972023329753,1101.034728774105
2035-10-20 12:00:00,6440.473690826215,4240.405303820244,468.8933636216547,4012.158649077509,1047.122390547111
2035-10-20 13:00:00,6493.449887378122,4196.340059398738,473.84405682657,4034.636681085655,1031.4411230027342
2035-10-20 14:00:00,6669.09375105227,4292.929291225828,465.66984580532704,3996.6866397294,1030.1847200626992
2035-10-20 15:00:00,6656.269355098413,4269.04332256288,481.127396358353,4077.085656538212,1048.4137578067985
2035-10-20 16:00:00,6565.722256566452,4442.2471249501095,491.9003363302909,4244.775902413127,1069.9710195609412
2035-10-20 17:00:00,6703.709872816561,4641.906897864657,524.8133819825817,4344.116221124298,1126.2329871547415
2035-10-20 18:00:00,6740.674735572445,4727.444975635677,550.2848367201036,4409.332100409429,1142.6306062578008
2035-10-20 19:00:00,6689.592619191585,4766.782655793806,547.9162127530934,4342.622551601381,1155.6857585526536
2035-10-20 20:00:00,6785.440612485503,4713.66452281808,558.8951920074439,4390.608261431989,1180.3025493805424
2035-10-20 21:00:00,6570.475244550589,4423.075186042728,524.2853247690406,4257.834008658577,1108.1014143040984
2035-10-20 22:00:00,6215.993106846735,4070.380345149752,470.9162740504652,4005.038785471541,1016.2841918148964
2035-10-20 23:00:00,5781.834207639912,3932.8982858078607,434.8774814735922,3892.094965727098,851.5272293078442
2035-10-21 00:00:00,5778.288835679196,3762.762475185636,413.4066893284562,3750.728534641055,788.2070239290488
2035-10-21 01:00:00,5685.91024193916,3730.31128962672,399.8064197410581,3702.3828327741353,730.7691612070934
2035-10-21 02:00:00,5572.774316366009,3650.9543495425382,390.2223765195108,3689.261940110424,718.151611676305
2035-10-21 03:00:00,5543.537983536585,3727.566664452266,393.79724738679306,3699.420902184252,721.1690571379967
2035-10-21 04:00:00,5546.352306740199,3837.4890565061646,405.5310704180805,3719.609355127661,722.7102007075547
2035-10-21 05:00:00,5754.7269601030985,4110.860252368943,435.17273239402255,3846.837610541799,769.2287549067339
2035-10-21 06:00:00,5897.409621710473,4419.957800725155,479.9607730800758,4019.7624742271,895.1981206568926
2035-10-21 07:00:00,6197.438612470345,4314.320484084144,473.8124272235277,4156.312709150448,1019.108890791082
2035-10-21 08:00:00,6493.238528296905,4421.7784887969065,481.7292396240736,4313.912937329726,1081.9775876114993
2035-10-21 09:00:00,6669.577976231431,4462.830921883893,470.9549248145802,4209.21604759101,1108.3700699912786
2035-10-21 10:00:00,6892.4311115963455,4440.5905262928245,470.232327359713,4235.302507882542,1088.3484574584254
2035-10-21 11:00:00,6841.469243487504,4407.669506803899,471.9974463540867,4141.700465435558,1071.7069557946709
2035-10-21 12:00:00,6728.920821712506,4282.097801236529,466.6896063644813,4081.839719517709,1036.025781587305
2035-10-21 13:00:00,6792.832455660036,4271.425790322359,465.7136806775856,4155.541945553174,1038.2642651810158
2035-10-21 14:00:00,6956.019471059619,4307.476967009458,471.7725184491615,4158.324447999843,1032.2705022218877
2035-10-21 15:00:00,6861.165176927012,4395.879662011912,477.42851221723816,4090.210965372392,1023.1544076405788
2035-10-21 16:00:00,6982.67241633966,4496.092567059929,499.2240822201401,4234.201903234885,1096.8783937051478
2035-10-21 17:00:00,7135.531570241213,4695.411060742895,535.7816083878904,4384.9116164986735,1148.3461151799331
2035-10-21 18:00:00,7048.2494937386045,4816.179586090896,550.0158228479221,4391.455491211654,1182.6915503635266
2035-10-21 19:00:00,7038.09816088862,4857.3033647666025,560.9053269302353,4524.795448724755,1150.405174419133
2035-10-21 20:00:00,6961.887395562555,4730.866589788951,563.3048860294942,4359.599672515238,1163.7791269806962
2035-10-21 21:00:00,6855.662999012841,4497.100387809157,522.3310068772616,4220.614220273119,1131.7511404745462
2035-10-21 22:00:00,6463.265683807782,4185.319266631236,477.6919322044398,4023.92665051983,1027.3684822768043
2035-10-21 23:00:00,6038.670991057232,3872.595243300913,432.1995231757308,3892.6528303987407,873.103317831572
2035-10-22 00:00:00,5751.555835934903,3798.035365442095,412.3006276799586,3789.306191948369,800.4352312585476
2035-10-22 01:00:00,5677.247804769134,3613.7273033409137,398.50009287426445,3680.7182535331926,737.2796232178007
2035-10-22 02:00:00,5595.778096719594,3711.346901916088,401.6099721512162,3691.803477469909,724.0759955630683
2035-10-22 03:00:00,5476.581046764592,3731.978912756626,393.2621051798,3645.270564175613,722.3164393991347
2035-10-22 04:00:00,5610.208954154522,3793.14479218106,405.0971733046188,3671.344416877342,731.3126425718743
2035-10-22 05:00:00,5764.587185722912,4147.335313480348,440.1596834826634,3873.046256984833,766.328971367775
2035-10-22 06:00:00,5991.069186425081,4309.122837838818,478.8869724635144,4027.1278279430817,892.1208099382319
2035-10-22 07:00:00,6140.957699094214,4333.356839068775,476.5720812542336,4197.579177371062,1033.1395476600524
2035-10-22 08:00:00,6639.839379608748,4408.0747657868,484.3599881906356,4173.807879128636,1093.2331917650974
2035-10-22 09:00:00,6893.364177308124,4451.550101914617,476.3054898703245,4240.246266926674,1100.2084586911706
2035-10-22 10:00:00,7034.741007516003,4431.889229738872,481.0763038003527,4126.688396660808,1105.5864154637188
2035-10-22 11:00:00,6855.076816154841,4371.3514052006085,474.52979134218026,4090.203840388366,1091.2599235046605
2035-10-22 12:00:00,6763.8445911273775,4280.074946635168,465.4483463626516,4053.378259275532,1047.5273233834798
2035-10-22 13:00:00,6632.770380747185,4336.540305841497,470.6394741714884,4075.7920090565217,1040.3319327928364
2035-10-22 14:00:00,6856.011506973078,4320.169123551977,475.32832431897725,4067.323864808508,1039.6664255129392
2035-10-22 15:00:00,6928.375226922439,4368.431386506986,484.2021710460429,4152.292434360719,1044.9525244319896
2035-10-22 16:00:00,6909.756383900303,4574.742138500711,494.1711333105862,4250.687154749774,1087.3614732890592
2035-10-22 17:00:00,6918.879441830233,4683.606630860385,524.4037373212856,4297.529085654583,1129.1384142187342
2035-10-22 18:00:00,6955.553369596308,4735.032602574311,555.8988808028238,4471.873731981636,1174.4714940950853
2035-10-22 19:00:00,7155.320702297676,4767.099329977025,563.5310572542896,4456.003205657754,1193.000305624291
2035-10-22 20:00:00,7041.647789606532,4775.785117395416,556.4149136462627,4340.751100007107,1177.938852235511
2035-10-22 21:00:00,6818.68066363625,4468.471713306001,527.0808205503499,4294.12657583929,1118.1968182144851
2035-10-22 22:00:00,6685.363500446289,4194.785516317632,477.04992720065707,3998.679705649206,1033.096927487961
2035-10-22 23:00:00,6007.3057265158905,4025.0087182816487,430.3178807603922,3924.6586473895777,857.8946985690902
2035-10-23 00:00:00,5790.639821322349,3847.398348322353,412.8217959809833,3744.530034415764,778.6296120660353
2035-10-23 01:00:00,5629.17362235457,3625.84343279487,391.1092287771854,3703.467282128071,743.8236317696479
2035-10-23 02:00:00,5645.055920612654,3680.054074761661,387.2067840825509,3631.7846265293874,723.5463448218478
2035-10-23 03:00:00,5580.526181292059,3772.5248557874015,399.7092168438625,3708.813534237114,731.821019415993
2035-10-23 04:00:00,5527.083635212951,3880.5580632073193,400.1369489431628,3670.726270625317,725.7391600536243
2035-10-23 05:00:00,5747.468893115029,4183.576665493012,440.3884593888284,3796.344948210073,764.0712273012573
2035-10-23 06:00:00,6037.480120435956,4412.342464251185,475.6851713615556,4119.169562258099,906.5237614915872
2035-10-23 07:00:00,6207.926893949752,4376.374318394348,474.8967218203885,4113.910928732402,1037.8862117328963
2035-10-23 08:00:00,6648.958023839889,4457.17086184012,488.00269790954223,4241.71288149393,1098.0114192929684
2035-10-23 09:00:00,6776.650776251508,4359.829060191271,474.5402525445774,4233.153176602587,1099.8267034177063
2035-10-23 10:00:00,6997.497823887801,4498.043281377459,471.0557433907392,4160.784926759129,1100.8412030861011
2035-10-23 11:00:00,6900.038549311829,4346.549620671512,474.42814286155885,4159.682054794481,1103.3010865315164
2035-10-23 12:00:00,6676.923759007943,4249.812019032092,471.8935992432021,4093.2750451429542,1027.2316245190698
2035-10-23 13:00:00,6755.825581626437,4292.338650864319,474.6171558923185,4145.183522792493,1044.0650054785726
2035-10-23 14:00:00,6942.424788675238,4269.978874960949,466.4458211717121,4032.3506048303134,1017.371159608309
2035-10-23 15:00:00,6821.564892857445,4404.446621453126,476.8387219512854,4150.704706499794,1055.3022054543655
2035-10-23 16:00:00,6927.273992847641,4579.528398140323,484.32649266769033,4311.498849958832,1087.0716743407163
2035-10-23 17:00:00,7003.153249382169,4655.672586068,533.8697688263063,4355.8189666923645,1160.9850934192789
2035-10-23 18:00:00,7091.597026812432,4800.545235578637,550.1333624188167,4387.943547998444,1175.2392364794002
2035-10-23 19:00:00,7102.226346000185,4754.89635556231,551.6698083427906,4426.033607336316,1185.7676125929634
2035-10-23 20:00:00,7034.302034586793,4741.236863687251,556.9063912057677,4336.766262486031,1170.4914158215145
2035-10-23 21:00:00,6874.570375120056,4406.548376143492,526.4178952950432,4294.027181818546,1141.0180331016704
2035-10-23 22:00:00,6525.997819181261,4237.515285111484,471.2804491344914,4090.694884683468,1009.3148249425636
2035-10-23 23:00:00,6074.23705500893,3923.6988108665146,433.5380381933285,3931.267496662192,869.6658040078105
2035-10-24 00:00:00,5879.75197621188,3881.019359674208,404.3372221516943,3780.2138848445466,788.1502593424799
2035-10-24 01:00:00,5611.30673383963,3777.2549781698176,404.22894143542726,3804.130016680635,758.388541235411
2035-10-24 02:00:00,5591.218305045956,3764.495653118196,394.9592146141507,3687.5713982924913,725.0242891259799
2035-10-24 03:00:00,5577.628014019192,3669.149446909244,393.8975465584094,3754.454462455433,706.2531548407812
2035-10-24 04:00:00,5580.455236773235,3930.6970420314337,406.3465172891064,3737.265777507093,729.4180036940597
2035-10-24 05:00:00,5829.536600918933,4191.0231298384015,436.5276733924876,3865.7421243453127,776.5499241208014
2035-10-24 06:00:00,6033.942874380036,4484.794987967432,479.4914736123267,4068.640666658919,893.5864813345166
2035-10-24 07:00:00,6216.218177385507,4349.888420995546,470.6740319592853,4180.810273119365,1044.9881537768129
2035-10-24 08:00:00,6677.20090586828,4390.101759909506,478.2904329794544,4120.594774939557,1098.7268964764182
2035-10-24 09:00:00,6912.939802539739,4511.109001189504,469.1421680644652,4191.35924125606,1103.7945178790578
2035-10-24 10:00:00,7052.463589536905,4448.6765423678335,474.7671980656266,4203.034910947181,1110.2368461074498
2035-10-24 11:00:00,6878.661322732329,4344.807204650124,475.7151082310733,4181.438143403676,1113.234346652508
2035-10-24 12:00:00,6801.159403734206,4276.623963095616,465.47454373996976,4073.3589450189415,1042.6331547174598
2035-10-24 13:00:00,6931.873524523857,4287.526820794329,474.0785108637762,4124.1396537270175,1033.907146754308
2035-10-24 14:00:00,7020.476845857359,4345.811939784665,469.1678536497468,4123.9900057553,1031.68882685847
2035-10-24 15:00:00,7135.393342568575,4369.8911678534505,478.30843617709945,4158.7248051120605,1038.7459467091714
2035-10-24 16:00:00,6864.6840043003,4602.907129192866,489.596852868228,4331.441650921661,1089.2864025994047
2035-10-24 17:00:00,7090.363232635287,4776.753401512009,526.2642726168763,4361.353046452812,1140.892099885774
2035-10-24 18:00:00,6943.389782650962,4732.76906396331,542.002690066496,4406.242731806012,1220.2086545105506
2035-10-24 19:00:00,7042.717688645834,4907.07738851845,566.0337972757826,4513.371919321491,1183.864414171922
2035-10-24 20:00:00,7188.336278828834,4788.076451791313,552.9165076558521,4389.747683300511,1171.241543752228
2035-10-24 21:00:00,7003.79203689285,4521.629034042013,527.3848901168111,4327.839352196803,1134.2936282999565
2035-10-24 22:00:00,6616.693280743793,4203.891174853328,474.81877808940425,4124.145762681074,1008.1442851830376
2035-10-24 23:00:00,6050.885683601343,3919.035513077488,433.70683953413743,3959.820944058292,885.5648606765333
2035-10-25 00:00:00,5855.007958719,3751.228617182991,415.1560109662206,3742.880650550759,802.437021494001
2035-10-25 01:00:00,5558.621464163018,3686.99818584046,397.2930723032428,3716.034072501836,740.2039514299726
2035-10-25 02:00:00,5508.294879111572,3685.283135790971,407.1940254000056,3658.8890752283874,733.0668929987543
2035-10-25 03:00:00,5696.048142562045,3674.4631729582097,397.9886278093076,3692.909237747648,718.6625578326059
2035-10-25 04:00:00,5444.866784950789,3829.7208908104953,404.2110900175054,3818.6430477464014,733.5304578784584
2035-10-25 05:00:00,5613.731260900374,4241.365628024481,444.3376558962909,3947.922684509159,774.5902786618436
2035-10-25 06:00:00,5916.6028080956685,4401.03326162616,478.2238637566164,4090.5449551703614,897.6793452858606
2035-10-25 07:00:00,6148.467511452437,4430.510302191289,476.5223931390251,4123.159971712669,1017.446191797361
2035-10-25 08:00:00,6671.410458240513,4559.511938007065,478.8718577147949,4214.0464094467,1093.720619224959
2035-10-25 09:00:00,6978.211648473602,4386.5506645646055,481.6633871011487,4150.77013971211,1085.2347664784388
2035-10-25 10:00:00,7005.791149467085,4464.527898892888,482.5131698626382,4230.937444547362,1099.2270455486923
2035-10-25 11:00:00,7004.9540711439,4337.641187380143,474.82845426395454,4091.817156017985,1120.0366562199486
2035-10-25 12:00:00,6811.360521872851,4276.623365827072,472.2534903311721,4082.040077102816,1052.471309202843
2035-10-25 13:00:00,6904.029896760319,4352.609997758767,472.301389509018,4066.006768027496,1047.0749293430908
2035-10-25 14:00:00,7063.68472131342,4385.465131993634,473.36977763138486,4137.185223393251,1050.4796977937865
2035-10-25 15:00:00,6932.872978298014,4372.7866235640895,477.1661391076282,4126.903458947548,1051.5266973008695
2035-10-25 16:00:00,6916.027369597168,4516.531041415401,495.4589882292343,4273.949649446805,1067.5127301549946
2035-10-25 17:00:00,7105.49520026242,4750.341010142733,536.6967345080927,4373.291592913859,1164.9414189845015
2035-10-25 18:00:00,7080.714857971391,4690.153534988428,550.9738476150038,4430.292462404308,1183.8513184555266
2035-10-25 19:00:00,7044.506013100517,4814.211952505157,564.5308783508108,4506.542197583259,1177.4333054989183
2035-10-25 20:00:00,6929.3146432206,4694.451108786642,559.6554637928255,4452.400376459103,1168.703475065177
2035-10-25 21:00:00,6873.449886752442,4496.667046282269,528.3755078723349,4245.633992996562,1146.411541852105
2035-10-25 22:00:00,6598.357119568452,4166.976160277631,470.9665308853392,3991.344373881226,1019.4782606531688
2035-10-25 23:00:00,6176.476553685304,4010.10993177304,430.7569392338567,3910.2275826300815,899.7838098030273
2035-10-26 00:00:00,5729.698449681299,3766.727886867093,411.7067904431168,3788.731172171888,784.0090535536943
2035-10-26 01:00:00,5511.52933898767,3754.642094696279,399.4813786369439,3800.910476025447,750.8094658064563
2035-10-26 02:00:00,5676.904375202963,3736.597280147423,394.388193223404,3703.8509670963904,720.6081118315349
2035-10-26 03:00:00,5480.30617994033,3747.614397430129,400.9248037617072,3683.339818798269,713.1138132253415
2035-10-26 04:00:00,5560.1814079605,3909.755982700885,401.4442688345777,3746.774282927801,725.7074209300907
2035-10-26 05:00:00,5767.785404501635,4195.3466754003,439.4743614686619,3855.795310203997,766.6719045400594
2035-10-26 06:00:00,5979.326705374429,4325.94056140579,481.1971068953782,4041.699032512685,902.1534000090955
2035-10-26 07:00:00,6101.720648086307,4436.471627952178,482.8787233516327,4153.971942688993,1043.0853107705086
2035-10-26 08:00:00,6637.048845498469,4472.348431408932,486.0873771013326,4158.738279001313,1069.6536107108932
2035-10-26 09:00:00,6930.094561468275,4388.099313269154,468.6475304658016,4150.2187556497975,1100.4827140613552
2035-10-26 10:00:00,6839.119692044923,4358.270387368635,469.6176390930228,4132.245921114256,1098.2561687256994
2035-10-26 11:00:00,6819.467701019211,4311.074538158455,482.8712847993325,4178.978779791869,1096.1223670975992
2035-10-26 12:00:00,6570.815398722829,4271.390839423485,470.2060171967616,4048.4042981811463,1047.1207558237288
2035-10-26 13:00:00,6746.612362340785,4230.817345894674,476.39315830348994,4055.016637628789,1037.9639212395457
2035-10-26 14:00:00,6822.612410535638,4277.66895576862,471.10984788732907,4084.683342700372,1018.6286522325008
2035-10-26 15:00:00,6843.332714155446,4390.827507234921,484.4624649509234,4114.546182014934,1043.0910303720495
2035-10-26 16:00:00,6867.252386589884,4562.353727158493,495.9509507361383,4218.8646527594365,1066.8577872478295
2035-10-26 17:00:00,7057.739139886852,4769.445700240275,526.6610398566588,4333.959652030573,1117.2552902895648
2035-10-26 18:00:00,7036.519859164321,4771.857852900544,553.7067035895096,4475.726771544091,1174.4095345470332
2035-10-26 19:00:00,6917.519909849695,4779.019555433166,557.9390648381642,4453.867708175218,1171.0882868130004
2035-10-26 20:00:00,7028.512276790613,4786.543563127763,561.0302037564084,4464.394371769619,1169.223082381381
2035-10-26 21:00:00,6770.737618682977,4500.766347172694,531.2429960134638,4274.516485860201,1120.606936536948
2035-10-26 22:00:00,6455.79747299144,4238.192082204606,472.1547787651412,4064.58143612374,1020.3231368363456
2035-10-26 23:00:00,5984.070733455097,3971.034808666602,439.7159182338409,3898.734937632996,888.6595720331775
2035-10-27 00:00:00,5551.485467855774,3818.314086351004,413.4191113094462,3693.708003245616,785.6032282585661
2035-10-27 01:00:00,5420.183445290365,3621.4040095807086,398.8711595259245,3728.686021369264,734.1811510511376
2035-10-27 02:00:00,5285.655396861404,3653.372533886582,397.76801939501377,3653.885575111456,724.6747798626394
2035-10-27 03:00:00,5323.976304350798,3662.382462034771,397.7983274510224,3710.150780867092,717.2115404515202
2035-10-27 04:00:00,5344.463395788184,3764.5703908981377,402.4906731189237,3689.0296215966,731.9826030283557
2035-10-27 05:00:00,5443.238950757597,4125.133874471661,437.7553752541863,3775.6111154854057,768.251014157907
2035-10-27 06:00:00,5828.944689023589,4271.092636553376,475.94254831303255,4092.049233020464,876.1260262757852
2035-10-27 07:00:00,6012.840684923141,4311.703024005027,478.34342676520345,4101.882895949991,1049.847156294243
2035-10-27 08:00:00,6303.704159752753,4314.946860765662,467.6570312319847,4155.568789385534,1088.934410422243
2035-10-27 09:00:00,6560.124638789597,4336.905080720148,469.8941144873446,4089.710638287862,1101.8899701106675
2035-10-27 10:00:00,6711.148383538492,4361.950248005699,468.0155549347322,4134.57001386178,1110.9029188509126
2035-10-27 11:00:00,6577.027618164738,4283.074567342772,462.5583583031807,4142.256236112093,1115.3757845211785
2035-10-27 12:00:00,6408.187464668819,4161.42366801006,470.4809771676973,4009.3846354914126,1060.3619229863723
2035-10-27 13:00:00,6547.491795199306,4203.060429237621,475.5781556364177,4003.550109102768,1019.6199463655032
2035-10-27 14:00:00,6657.116424887578,4268.617404624076,466.4342001583975,4001.9349889155455,1035.0091882353397
2035-10-27 15:00:00,6526.150803341103,4333.568151896374,481.38441914004966,4136.619896390018,1056.9941215708611
2035-10-27 16:00:00,6776.231973915549,4451.426525156022,500.8207799630783,4132.874429118815,1087.7132582750023
2035-10-27 17:00:00,6827.03563371055,4601.92154144737,534.0346766147984,4332.644710551065,1134.394111989716
2035-10-27 18:00:00,6760.502794955748,4746.079905643179,554.1894183660798,4475.171432406676,1166.5084444922177
2035-10-27 19:00:00,6724.553034658638,4722.683182945214,565.8729605070441,4423.376232721841,1176.8393740241886
2035-10-27 20:00:00,6820.854511948752,4566.980974002863,553.6282732317827,4331.13813465968,1166.460429607837
2035-10-27 21:00:00,6615.824542880087,4511.768539315867,526.1741910293484,4255.301603394499,1130.7305897537651
2035-10-27 22:00:00,6242.766985569815,4184.572964417795,470.4491417520063,4074.270495386084,1007.0391763403412
2035-10-27 23:00:00,5838.531365632126,3856.764498526765,436.7255535608211,3829.736214672883,866.7717781694569
2035-10-28 00:00:00,5699.356629821593,3729.862064808977,412.0273799829267,3773.277675865913,789.461512803179
2035-10-28 01:00:00,5601.19847959144,3716.5867132944327,398.9362218363112,3706.780785616673,739.4623096153338
2035-10-28 02:00:00,5513.793891018874,3717.105223305326,390.7740500724812,3677.4596682688953,726.6469277470308
2035-10-28 03:00:00,5544.861361713868,3768.0917674019006,396.2816029892526,3718.7606323554655,716.1526184137902
2035-10-28 04:00:00,5587.167680995307,3817.467343565116,402.31312917471615,3783.3349712041136,717.2489356380338
2035-10-28 05:00:00,5676.613552401633,4117.51360231507,434.1111637170191,3919.992722107929,761.7389515463179
2035-10-28 06:00:00,5918.605940549862,4262.018641897627,468.4304348058471,4092.344333394847,900.047523614052
2035-10-28 07:00:00,6225.7955366939,4363.003235778018,480.07651622476766,4123.04179464434,1031.5377346685525
2035-10-28 08:00:00,6552.74006730234,4414.595659159388,481.5900615416737,4265.0324647306015,1094.4672611668118
2035-10-28 09:00:00,6893.91045207393,4471.229721328341,478.3701765453329,4207.306750285239,1094.7873102475835
2035-10-28 10:00:00,6801.0748926991855,4341.22859429573,480.8461603899906,4202.083154557708,1088.3442694784335
2035-10-28 11:00:00,6737.98752157006,4360.772192014738,468.7595564306088,4180.940007445543,1098.585666250136
2035-10-28 12:00:00,6687.34519862754,4295.052570607234,471.253715245684,4122.723648709432,1038.8167484565945
2035-10-28 13:00:00,6785.646266748538,4359.23464349238,467.72720502513255,4048.296408128839,1020.0576134736556
2035-10-28 14:00:00,6833.505029186534,4272.066365480067,472.4490875117529,4164.464343513771,1039.4556196275323
2035-10-28 15:00:00,6831.630583816808,4310.523796498952,480.1500955475116,4119.648468933084,1030.3091467079462
2035-10-28 16:00:00,6987.383464055674,4520.647560557324,496.50862836304566,4163.711698766288,1069.481420723738
2035-10-28 17:00:00,7059.950828716361,4728.404318860851,531.8714530267138,4365.964618237761,1118.3410324214628
2035-10-28 18:00:00,7054.594120534863,4779.736919898083,545.7898947224406,4396.200136547531,1182.22242950272
2035-10-28 19:00:00,7183.075551824422,4763.938703115216,558.2492502237437,4441.560951598234,1154.74499235111
2035-10-28 20:00:00,7038.417568289268,4675.3772556256645,544.6708148848644,4406.108416748443,1164.8526536207307
2035-10-28 21:00:00,6747.024631088947,4466.954528378957,528.5267049869045,4246.8356084071465,1092.507458063316
2035-10-28 22:00:00,6526.561268719763,4146.595979091481,472.2179086206804,4102.064191567333,1003.505890699678
2035-10-28 23:00:00,5900.972365846718,3924.9196413065183,434.5491423540592,3948.171783650421,882.9919127594636
2035-10-29 00:00:00,5678.2542021111785,3805.228355874838,413.5328828265809,3785.7719244913496,800.5802601333647
2035-10-29 01:00:00,5623.4964050747485,3725.284766179358,394.4236498302883,3720.282433897925,743.8619942489679
2035-10-29 02:00:00,5633.942403717205,3748.416395153721,396.1323613154484,3733.975421607104,728.9265637202003
2035-10-29 03:00:00,5578.553083492756,3712.528175752666,392.16127232622097,3703.9899109071753,730.320122847398
2035-10-29 04:00:00,5549.880794947264,3858.212188839534,407.73123659244027,3766.799419272613,717.8364195868506
2035-10-29 05:00:00,5733.4911702771,4166.326681805009,433.4197395545612,3869.835488858309,764.5456955605605
2035-10-29 06:00:00,6018.123854940538,4436.6295537595,478.39835019144425,4119.698453093256,903.9817179346132
2035-10-29 07:00:00,6257.9953729002345,4421.26218865847,472.43625772421257,4149.372004033444,1044.840814147714
2035-10-29 08:00:00,6685.2931890329855,4417.154617984475,491.2357107757787,4146.921275006732,1075.621708682114
2035-10-29 09:00:00,6891.565826541709,4417.506013765265,481.7245030826887,4149.184108422112,1096.387449549401
2035-10-29 10:00:00,6911.249048590664,4462.841405201054,476.391314871726,4180.614881412713,1107.1885905141676
2035-10-29 11:00:00,6796.840068728007,4301.934344167943,474.0102654108271,4164.662542907037,1110.5245493302336
2035-10-29 12:00:00,6722.96811771343,4384.352461125845,465.53630725341696,4012.4476754846287,1076.3368241998703
2035-10-29 13:00:00,6838.923450001586,4302.683501312589,466.7124128716327,4113.442332694359,1037.4540902484332
2035-10-29 14:00:00,6847.32587846371,4295.37578871986,477.2787995438647,4101.378712697661,1043.3996939836595
2035-10-29 15:00:00,6923.836280132146,4428.698391700842,479.54456025752825,4063.125030613359,1040.950452563315
2035-10-29 16:00:00,6972.136208311191,4547.243962192068,496.1413794579604,4239.068199721825,1077.9968652458992
2035-10-29 17:00:00,7064.342332438087,4678.182477615071,539.5450371185665,4340.171961388322,1136.5130760071106
2035-10-29 18:00:00,6956.645944369744,4822.520357996933,554.0305028289314,4416.706629817381,1196.0480805895904
2035-10-29 19:00:00,7114.873410945476,4936.2369203376,565.2950162759284,4417.787794019203,1163.1082389107992
2035-10-29 20:00:00,7017.1292943830895,4705.636305186671,563.957043117738,4525.56650130181,1194.653158318743
2035-10-29 21:00:00,6933.6941109798645,4460.528060905095,532.0163911709263,4266.343320694077,1129.8443907850342
2035-10-29 22:00:00,6638.870976695523,4156.462869772197,479.96131779977935,4081.273125774207,1010.2341223028382
2035-10-29 23:00:00,6083.027435236421,3948.348855083773,438.7941332918491,3900.3318314326425,873.8715536486714
2035-10-30 00:00:00,5740.380160463275,3801.145338321928,407.4520315553698,3757.4083554459608,795.2882208705594
2035-10-30 01:00:00,5579.473476710481,3733.6440452639313,392.1474498675138,3744.0158898132568,752.5543100600771
2035-10-30 02:00:00,5640.155420292457,3643.87654306609,395.1459824588684,3765.9412653140143,715.8609256058337
2035-10-30 03:00:00,5526.845863896385,3753.334737464733,402.5698798035791,3667.927117820626,721.6067502473392
2035-10-30 04:00:00,5666.5073296304245,3884.962174527093,399.595470860235,3695.241754305313,729.6028203651565
2035-10-30 05:00:00,5801.088907060424,4193.370415455429,429.8970758792517,3847.241255125333,763.9845811663379
2035-10-30 06:00:00,6019.912071709211,4423.257134931025,472.71417071664126,4126.142308732517,922.3179385208332
2035-10-30 07:00:00,6242.02170293458,4325.86686199248,473.0300830941186,4152.419462172308,1057.6759610591776
2035-10-30 08:00:00,6609.469316820981,4498.418263172245,476.7696420763892,4135.098953833824,1080.8850857126813
2035-10-30 09:00:00,6845.349855249785,4434.824494545747,475.2066963669722,4169.319189714431,1112.8079305314548
2035-10-30 10:00:00,6958.343763980958,4388.947178680652,468.60558875042943,4193.501422699035,1099.4719760355683
2035-10-30 11:00:00,7046.168317424303,4299.313502171892,471.8235753679184,4158.686591464057,1120.0925136643566
2035-10-30 12:00:00,6802.780015823223,4251.201781000075,459.3568111421613,4066.586706052119,1055.1331176744245
2035-10-30 13:00:00,6880.391497286737,4295.965700111615,471.4564677402383,4070.65588832212,1018.7498404298324
2035-10-30 14:00:00,6899.915024210276,4359.230917175357,470.0188777146022,4108.529781323435,1021.018120938762
2035-10-30 15:00:00,6970.396948328727,4422.814411440603,467.295631762828,4160.852944901861,1054.7598177209602
2035-10-30 16:00:00,6902.812732999206,4573.105795282847,498.7046246925269,4171.145533046042,1093.9271789493648
2035-10-30 17:00:00,7102.039394153423,4736.925923773922,532.8558997737108,4371.672262716813,1139.443511622711
2035-10-30 18:00:00,6917.457531226595,4831.343433767758,561.8755915200974,4481.809563311106,1174.2446662076354
2035-10-30 19:00:00,7149.928150622322,4900.377076404963,562.5671978944772,4450.470722437824,1168.115751280435
2035-10-30 20:00:00,6965.979657380541,4719.579042247726,558.470145024475,4402.592776497152,1185.0491990568878
2035-10-30 21:00:00,6966.562331259682,4525.194397327283,517.7507267146545,4271.162080270173,1129.2869785842458
2035-10-30 22:00:00,6549.4543692591415,4153.000464444399,465.6618177991216,4051.893949831973,1039.4065085719192
2035-10-30 23:00:00,6088.114392206306,3893.519435395644,432.31326107090695,3895.5629698064,871.2806978675447
2035-10-31 00:00:00,5905.162373147057,3821.1357450435385,404.77605615255175,3731.403408768354,794.0281428670173
2035-10-31 01:00:00,5640.53706978607,3689.348883713259,405.08589522348376,3718.5920796406895,746.8055669901381
2035-10-31 02:00:00,5696.424856681696,3650.684259786028,399.1370954735573,3759.899710670031,733.3274753685922
2035-10-31 03:00:00,5559.034669712391,3720.0542517130807,393.7938951154025,3756.586192599003,724.4515515078181
2035-10-31 04:00:00,5561.792962969577,3902.450528904396,398.6885276063801,3756.585421876253,737.7416778035504
2035-10-31 05:00:00,5818.536585041,4132.4937550794575,436.4895377700855,3866.623625218877,771.4311908572435
2035-10-31 06:00:00,6057.5921578493135,4404.005182838703,476.9027493741783,4123.100518041861,905.879940962884
2035-10-31 07:00:00,6191.750004502289,4397.999031389302,480.6447294176753,4106.602449463519,1044.281052396348
2035-10-31 08:00:00,6720.842546457947,4424.284785456802,482.718954820788,4238.434578777004,1096.206753885206
2035-10-31 09:00:00,6961.019484886271,4520.163754440539,469.14373217962645,4205.5405149666485,1111.7971338459265
2035-10-31 10:00:00,6995.3024047554645,4435.141383498077,475.75450864904633,4287.470303517679,1094.664170136848
2035-10-31 11:00:00,6996.774062304062,4362.589322699273,471.759278254958,4081.694129925625,1104.7346892243268
2035-10-31 12:00:00,6835.611073368937,4209.54098932957,456.12127294357714,4044.813275977087,1060.152944983638
2035-10-31 13:00:00,6917.727782757582,4331.514984990153,471.5571420174455,4072.1864818367126,1027.6637117613284
2035-10-31 14:00:00,7055.077510920415,4392.493096878419,474.5076784376953,4056.9814356725697,1039.091885835265
2035-10-31 15:00:00,6869.770398673777,4386.060193881724,490.930954356741,4182.994160649973,1055.6688931490653
2035-10-31 16:00:00,6986.883941633049,4610.119995206569,504.19592775447126,4239.676528583759,1090.9249854528332
2035-10-31 17:00:00,7146.128145361799,4798.965045208414,535.4759348323265,4375.1935399806935,1123.412863183425
2035-10-31 18:00:00,7102.881486267201,4846.941015540086,559.0972810350497,4496.7613932669365,1203.6630629115032
2035-10-31 19:00:00,7102.400231009961,4887.583639023152,559.1971423537532,4384.586203050655,1163.300072058715
2035-10-31 20:00:00,7253.382025144082,4714.470420040985,551.4819432424534,4391.03299326548,1179.148585384754
2035-10-31 21:00:00,6792.617702308829,4443.978302184211,522.8512638013245,4282.0454641689785,1129.9275390123
2035-10-31 22:00:00,6584.302022953161,4215.121715835912,464.6610780755356,4102.912489353261,1029.855816742523
2035-10-31 23:00:00,6086.02059937295,3980.74571115164,432.1601975775587,3829.123572575824,858.4496031807224
2035-11-01 00:00:00,6794.965217246829,4944.730788633843,526.4921202628088,4259.829895110647,943.5298835823976
2035-11-01 01:00:00,6682.401146346727,4769.3327838669975,517.5511174500555,4251.195165463387,907.4417692038816
2035-11-01 02:00:00,6610.775472366989,4722.5316873470965,504.2468128362967,4099.44372188353,872.6323817142816
2035-11-01 03:00:00,6479.782477262656,4836.183943817794,500.1811037184977,4237.780036391487,871.2092103844046
2035-11-01 04:00:00,6605.219885439382,4927.479624766221,513.8942644709373,4197.347293176446,880.7855717570002
2035-11-01 05:00:00,6662.696660885876,5329.799217587867,552.8006367249117,4360.113532962718,945.59642465029
2035-11-01 06:00:00,6974.626546268302,5631.457082165281,610.5331851872538,4535.132113198499,1089.7571952312264
2035-11-01 07:00:00,7224.004208087576,5651.280378558021,613.3772777784548,4642.750718035462,1263.279195642262
2035-11-01 08:00:00,7716.283052991562,5696.649114104664,610.4666201284944,4722.52642969176,1338.284548107218
2035-11-01 09:00:00,7985.359663053711,5781.215214532372,598.4943366615233,4728.635404535882,1312.0469976200443
2035-11-01 10:00:00,8145.150762958382,5765.24820209725,603.6165755439763,4696.471703053418,1345.2752487309842
2035-11-01 11:00:00,8261.542585210393,5681.488770664779,603.1505027023742,4568.852604115822,1337.9613621039107
2035-11-01 12:00:00,8036.934189974998,5585.8921754434505,605.2845502842882,4615.345474444543,1265.863589763113
2035-11-01 13:00:00,8001.733618994888,5478.3608097347205,603.1136121669699,4609.678284840755,1265.8004690370376
2035-11-01 14:00:00,7971.991061657102,5527.229981011937,591.1242552390853,4547.8363130239495,1251.163028638784
2035-11-01 15:00:00,8074.733897620945,5598.184509772534,617.2703150864453,4594.310658980238,1278.3934927852606
2035-11-01 16:00:00,8233.513419938748,5951.8173617002985,638.2127586324829,4793.119992727034,1301.97689316503
2035-11-01 17:00:00,8160.867176121972,6073.668366379151,675.8324514580056,4860.782004626281,1386.9714779590922
2035-11-01 18:00:00,8290.063180371719,6187.962878294242,711.8756231239234,5007.546795662873,1414.85512203226
2035-11-01 19:00:00,8276.942902035613,6258.306018825838,714.2977226309898,4945.352444114179,1390.0533656461369
2035-11-01 20:00:00,8375.368382263076,6081.051960356461,693.4701107035357,4983.566789640127,1385.916005677742
2035-11-01 21:00:00,7914.201389515953,5738.01065956717,663.6241934526341,4843.743287837931,1349.0355995762436
2035-11-01 22:00:00,7495.2167126227905,5408.82729930605,603.7505743274448,4484.167543173108,1231.60644920733
2035-11-01 23:00:00,7168.380040566114,5017.252534466859,556.3498860114032,4296.199702892993,1070.229598256397
2035-11-02 00:00:00,6676.333458760876,4908.197887847412,516.7604884891549,4220.179615066549,957.5390704319163
2035-11-02 01:00:00,6494.92423535075,4759.658745518028,505.0348124123448,4194.207160798463,883.1025460025327
2035-11-02 02:00:00,6432.631964788326,4666.583492431633,505.0466078286777,4147.292658266262,874.619094477149
2035-11-02 03:00:00,6565.13312580033,4787.344317710045,506.4277083934424,4142.512263265982,879.2597464066466
2035-11-02 04:00:00,6536.008241332085,4907.733417435691,501.74155317867184,4126.359290204482,878.452848300165
2035-11-02 05:00:00,6610.509575415676,5389.829848719778,553.3612985469085,4294.1486989072255,939.8049632519666
2035-11-02 06:00:00,6832.528760881466,5567.859538673903,612.4468330696626,4573.753735599029,1076.1184075541355
2035-11-02 07:00:00,7302.575737064536,5573.538859757964,594.4760910095897,4712.549028765202,1224.4928323895017
2035-11-02 08:00:00,7729.233449905065,5697.012126723771,613.8945892695069,4628.867283785948,1288.0346547865977
2035-11-02 09:00:00,7901.554202878907,5607.413540999934,599.6711765582331,4619.692287514798,1343.0496321007772
2035-11-02 10:00:00,7940.22048258984,5637.188048801752,610.2269443201369,4693.182981468176,1304.5090784248998
2035-11-02 11:00:00,8040.222340881882,5536.133329875333,601.5807342944025,4590.636541743022,1292.6349211844015
2035-11-02 12:00:00,7905.501280927354,5442.20272455245,596.1441390622981,4592.421562645839,1258.7079458305216
2035-11-02 13:00:00,7893.778983423718,5514.84253692743,582.5825346869306,4521.45340593102,1230.9125328930727
2035-11-02 14:00:00,8014.330404713994,5583.064801519163,598.6896244682249,4486.323906714259,1245.2458161988554
2035-11-02 15:00:00,7999.135118564401,5529.3538254615605,606.8014406995528,4612.313511087516,1276.5328009523073
2035-11-02 16:00:00,7982.496469531932,5829.063966815674,620.043247924806,4720.057538209698,1311.045937826577
2035-11-02 17:00:00,8172.231015907698,6033.803548810288,671.0858032871823,4821.651960461039,1392.7791144818812
2035-11-02 18:00:00,8170.576041769959,6207.370814285423,698.3144454968456,5001.692732332233,1400.9461597307954
2035-11-02 19:00:00,8260.27174547685,6192.170403537321,719.4824593876122,5036.622110764092,1394.617092616218
2035-11-02 20:00:00,8316.139518513615,6024.608547881936,703.0318832397676,4931.535946618058,1406.7332641198273
2035-11-02 21:00:00,7921.457348493589,5760.889889274191,658.8474814745288,4770.289682581162,1344.1143070933551
2035-11-02 22:00:00,7570.445956171595,5381.687241596568,590.0077010888889,4544.295586991348,1251.54201073001
2035-11-02 23:00:00,6949.153843329279,5040.977310019044,549.6292719942176,4279.001164048798,1059.7540782674664
2035-11-03 00:00:00,6433.2678279786605,4833.25331273319,526.2792241728524,4123.941501624705,943.4007233314456
2035-11-03 01:00:00,6354.317837840349,4682.049348182291,494.1046194414137,4183.75512123862,886.9223065079402
2035-11-03 02:00:00,6253.981096872604,4655.55285025174,499.9956876599685,4030.660873871813,861.711785679335
2035-11-03 03:00:00,6267.191567216959,4717.074067883252,503.3192143751337,4079.042806046076,864.8805886167154
2035-11-03 04:00:00,6199.8833306649885,4908.583808745318,502.424994571016,4070.3559142258673,886.160107838481
2035-11-03 05:00:00,6465.449538450278,5303.184385434701,541.9663607567416,4345.882989823079,907.9348115004144
2035-11-03 06:00:00,6642.011302700964,5508.86863267048,605.0359240409389,4514.253661219513,1098.5477483069308
2035-11-03 07:00:00,6892.3589955796,5512.03897958957,611.1672081450313,4650.816206462162,1239.1951869464272
2035-11-03 08:00:00,7649.775284186177,5724.46085352736,616.5764513544972,4596.478515855397,1301.963655712247
2035-11-03 09:00:00,7575.061798929699,5562.423658272225,602.7798563639292,4643.806074862504,1335.389480958291
2035-11-03 10:00:00,7711.122729359847,5588.955525703222,589.793054034751,4666.826432902304,1304.6930460296887
2035-11-03 11:00:00,7723.358530970094,5531.972620160384,602.6431113735997,4594.448771013739,1323.4396876630851
2035-11-03 12:00:00,7553.027155821712,5475.030319663279,586.6705665477456,4518.133356525451,1244.6932346239582
2035-11-03 13:00:00,7728.03678967284,5496.508124133819,611.7305809328832,4433.562156242936,1226.9015293156217
2035-11-03 14:00:00,7733.513659115312,5440.3538401819305,597.0149111213506,4506.44109903716,1234.771663173472
2035-11-03 15:00:00,7659.644857709634,5579.214598049188,610.512910294814,4630.830630994728,1256.4473402048402
2035-11-03 16:00:00,7869.344945962976,5826.63656329387,639.0271714003694,4653.38383256271,1279.5556478913666
2035-11-03 17:00:00,7944.393486057716,5956.201859730174,674.2054444690194,4796.423332125336,1394.8039935922295
2035-11-03 18:00:00,7758.1291025756655,6112.737622517184,689.92565381365,4875.863598601496,1407.4708964511296
2035-11-03 19:00:00,8006.507976711124,5963.977298052595,718.6908085023027,4920.433659116167,1404.1651148091285
2035-11-03 20:00:00,8004.432034323071,5879.852202459775,695.9528056291873,4929.871467938425,1411.8529839469843
2035-11-03 21:00:00,7701.429538107835,5608.99500798502,661.549014057167,4764.424956423191,1339.3689256047317
2035-11-03 22:00:00,7265.0962756460385,5300.939421116665,600.1228944844418,4530.889673117863,1227.1763725963374
2035-11-03 23:00:00,6822.312098300077,4978.745298147869,545.4193021787606,4466.830980190296,1038.8083254966907
2035-11-04 00:00:00,6623.227994635606,4884.377476320847,515.6909438556784,4203.891451062402,949.4587037657482
2035-11-04 01:00:00,6440.78810419146,4773.848771048245,512.1928174710658,4205.937516283632,905.8023012981348
2035-11-04 02:00:00,6486.786246622329,4734.739806422357,494.89399141056265,4118.917795545189,864.3063364401968
2035-11-04 03:00:00,6298.830408439759,4721.402433950988,491.4213070570857,4117.543358615998,851.2666469259788
2035-11-04 04:00:00,6379.958938539303,4946.015257682234,516.472060461829,4200.596903378461,881.4659584204886
2035-11-04 05:00:00,6634.514211838384,5434.786929138708,551.8114686082727,4381.971132332376,926.7578313530748
2035-11-04 06:00:00,6857.498093757453,5626.168353070547,605.6961743447496,4514.586135785365,1064.095518086437
2035-11-04 07:00:00,7121.91776967369,5675.130240398539,615.6506703998941,4691.465836883868,1286.774208931062
2035-11-04 08:00:00,7713.916975980345,5647.049048385232,609.9658779556252,4645.776892629982,1313.574207916102
2035-11-04 09:00:00,8027.446858327409,5655.351840337049,599.7905288839286,4625.479762324065,1330.5428286847623
2035-11-04 10:00:00,7944.78298106367,5752.79568189606,606.5784680525883,4659.792529372194,1328.201402660556
2035-11-04 11:00:00,8032.555462620193,5425.923457378783,601.2274924481802,4582.379827044829,1295.152346814525
2035-11-04 12:00:00,7781.96542743937,5460.221019937432,595.1857325090466,4475.374797102438,1281.7633725313804
2035-11-04 13:00:00,7938.162772472184,5569.013579042543,601.1542832146968,4596.040353313105,1246.023422819189
2035-11-04 14:00:00,7915.316132549721,5428.879893005375,589.704069477013,4540.721499495703,1255.1856086372288
2035-11-04 15:00:00,8057.5951464232385,5696.552909339756,606.9874216115431,4613.426412699621,1262.4661736590483
2035-11-04 16:00:00,8166.506598907883,5919.811769470445,626.0245501523035,4692.017194077891,1297.964199287769
2035-11-04 17:00:00,8303.545555766583,6062.487506537893,673.1212949791346,4903.668542877737,1396.0292942542535
2035-11-04 18:00:00,8248.146836859674,6117.339286179803,697.4824706332536,4986.128651871989,1408.8588468904832
2035-11-04 19:00:00,8304.02213717197,6238.761617395384,719.369455556645,4906.5860367242485,1414.5945731906045
2035-11-04 20:00:00,8263.306875376955,6019.262755488956,710.7712036915988,5024.1956777922105,1417.9489158805825
2035-11-04 21:00:00,8037.686603250321,5752.753909890439,670.6294646494091,4806.9290688684205,1365.228497526098
2035-11-04 22:00:00,7448.447737364957,5300.78327815568,600.9352349091947,4488.523992858762,1245.1421594264618
2035-11-04 23:00:00,7026.08405754186,5077.732945575025,545.6046471983585,4355.027328048693,1058.4049141004543
2035-11-05 00:00:00,6693.2836014084005,4842.469042650729,517.3423774033745,4206.426953031779,939.8653795907796
2035-11-05 01:00:00,6652.898154333275,4857.939610980738,504.3157310055196,4160.993766914016,888.836840980142
2035-11-05 02:00:00,6503.724702465734,4780.68600686569,497.510646451616,4186.206605845629,878.6710699920086
2035-11-05 03:00:00,6497.191432494356,4742.442872168088,502.0947047189694,4156.108443971606,859.6668228258123
2035-11-05 04:00:00,6524.961299912779,4941.081298471505,504.1442687489256,4128.260900507267,881.2529000852473
2035-11-05 05:00:00,6657.428042118386,5366.749032357799,553.8090477751402,4327.902006706243,949.1656904035486
2035-11-05 06:00:00,6947.274598366983,5631.424924189528,601.7544208667874,4568.972651080299,1085.3685076694603
2035-11-05 07:00:00,7239.863724539696,5658.343380717894,615.2666814647415,4639.041401604711,1267.3450624563056
2035-11-05 08:00:00,7698.900983835758,5685.172566267498,608.4652269961455,4652.71830485092,1303.1534363231603
2035-11-05 09:00:00,7962.599895704661,5629.209159186782,600.171750177284,4660.136194382352,1339.466245585959
2035-11-05 10:00:00,8049.448683400019,5753.310901791038,605.328209860601,4661.582270046155,1355.868384110521
2035-11-05 11:00:00,7797.827037813406,5593.984660550777,598.344473140687,4609.049287502298,1315.1719743642752
2035-11-05 12:00:00,7828.818182444672,5454.870940243965,590.0793759590767,4535.774026638451,1261.2469877158671
2035-11-05 13:00:00,7999.856848211231,5539.354190666763,590.8103476335444,4543.537941267785,1231.27940518147
2035-11-05 14:00:00,8021.912872099803,5619.071477555151,588.8385672361887,4640.7029460077965,1242.028725699496
2035-11-05 15:00:00,7967.441515247866,5733.358864286675,602.5788145803137,4608.238349930635,1262.0424581460318
2035-11-05 16:00:00,8216.924890803448,5860.006720184709,644.669500816306,4724.113036005863,1312.6323032447908
2035-11-05 17:00:00,8225.442838817027,6097.824795609869,673.8188220009592,4910.290838493812,1362.480034900931
2035-11-05 18:00:00,8138.237130955472,6181.565782921876,697.4462538534581,4874.614043509688,1415.8443206194895
2035-11-05 19:00:00,8315.134928142777,6202.706525155058,719.5664642784925,4972.085014477488,1446.5383636463628
2035-11-05 20:00:00,8264.220784888692,6034.539498324358,706.5191117609924,4968.033844676832,1401.1909386937225
2035-11-05 21:00:00,7940.229651042676,5717.94611511324,667.7746784312303,4802.55215737338,1367.1583504844873
2035-11-05 22:00:00,7608.380235068271,5400.627403041054,597.0279902295547,4508.280159678246,1225.070209026758
2035-11-05 23:00:00,6975.170184043362,5089.987147591819,547.0888645798473,4292.968435697263,1056.9792595242225
2035-11-06 00:00:00,6777.093666003856,4919.991001600615,535.3112718623178,4201.098380207741,966.3710778529844
2035-11-06 01:00:00,6660.31674941256,4800.320595728744,515.8637593934149,4203.322145650211,892.2425276194556
2035-11-06 02:00:00,6618.858591690868,4732.383309641868,497.13760535599465,4124.96552848229,879.932578268914
2035-11-06 03:00:00,6396.530419858204,4829.684607397478,504.7896319495524,4121.6235703721,877.6374490599403
2035-11-06 04:00:00,6540.485497305032,4984.741496583116,509.2451481017759,4248.215802531126,866.4882312599688
2035-11-06 05:00:00,6714.127878927398,5409.503678577823,541.4003809585763,4313.941225513997,927.3867144712116
2035-11-06 06:00:00,6941.63384206509,5682.569786277942,595.7806925826321,4605.312067786224,1087.8625917862648
2035-11-06 07:00:00,7256.494277281831,5630.892403062951,607.0696836988782,4657.445427231672,1254.361170563808
2035-11-06 08:00:00,7640.088967723006,5701.694224582381,613.994502158968,4674.4707672807535,1298.7641844792608
2035-11-06 09:00:00,8081.641019482261,5817.198286283631,609.8281935240664,4612.883581054785,1328.2282234856727
2035-11-06 10:00:00,8201.196946452528,5656.172372352256,604.5781396852499,4760.577744181057,1347.7090668436867
2035-11-06 11:00:00,7986.905792212685,5533.508085994234,607.4921989856897,4650.8846425994725,1324.7684901406578
2035-11-06 12:00:00,7840.827291223592,5465.714841478113,586.8276668662018,4477.1122249210175,1283.077765830478
2035-11-06 13:00:00,7973.682161013341,5568.145936575775,601.6098884377609,4659.079392781884,1246.265256665141
2035-11-06 14:00:00,8198.896417796972,5388.231779613332,601.9228710791771,4633.67987119569,1266.7211981130272
2035-11-06 15:00:00,8011.068430337001,5761.963538118516,605.9659518103364,4590.518094694595,1269.1842854365095
2035-11-06 16:00:00,8219.679843853475,5872.74702846535,627.2302554881422,4694.107078041336,1292.2110501409047
2035-11-06 17:00:00,8229.291865379882,6045.637950149804,667.9876120296348,4851.369189467289,1379.0485129433794
2035-11-06 18:00:00,8035.678971690336,6091.848726841135,700.4293346316432,4909.733987441576,1438.0472054642275
2035-11-06 19:00:00,8175.744941514341,6256.121933332889,707.9907493968896,5017.3329034859225,1432.077946030663
2035-11-06 20:00:00,8205.979583289063,6079.950643650802,716.8944870280554,4981.384455195173,1403.0972954833353
2035-11-06 21:00:00,8078.431033289955,5748.449201474502,659.9188815544384,4722.277353565278,1362.0337967872117
2035-11-06 22:00:00,7553.142931794179,5427.816891877186,603.7172770841265,4625.877914953477,1215.395159913868
2035-11-06 23:00:00,7132.373495164027,5051.7679870607535,550.3833865204917,4334.158700110923,1070.2786541077094
2035-11-07 00:00:00,6780.87270521399,4853.60369138721,525.1590726346516,4196.369696423926,936.4826916938176
2035-11-07 01:00:00,6598.771218593195,4789.697380581375,500.8489576929871,4209.827405394962,892.8596493175467
2035-11-07 02:00:00,6655.951303274234,4771.475645376578,499.1360410602799,4204.348679876824,891.1191735191668
2035-11-07 03:00:00,6592.176497717008,4847.775072713466,496.2835237145783,4104.568518563539,863.106576473779
2035-11-07 04:00:00,6410.809476538112,4974.219809911733,509.5398015928788,4175.992572740278,882.5278079046019
2035-11-07 05:00:00,6798.168526818729,5392.968121045487,543.4766856173286,4377.907737793279,937.3030488439704
2035-11-07 06:00:00,7023.912870378799,5611.065032134654,606.1822196332593,4498.031947606814,1076.161405509144
2035-11-07 07:00:00,7144.608677376445,5659.433899024777,614.0262303102401,4633.74830844873,1253.5821555303437
2035-11-07 08:00:00,7806.641226581074,5755.860540536239,620.7935798845805,4801.943557649907,1307.3070678021124
2035-11-07 09:00:00,8093.980146152271,5728.960678862868,600.2274118807071,4634.642350999603,1341.9864032087191
2035-11-07 10:00:00,8024.996555333116,5703.148633803222,592.4585776552607,4631.005651913421,1348.9294957204163
2035-11-07 11:00:00,8013.946437772787,5606.466590942016,595.0761766783947,4657.835248460929,1335.85444187399
2035-11-07 12:00:00,7837.449745688638,5428.311250083274,592.8416678362996,4659.126148116873,1252.6032297941326
2035-11-07 13:00:00,8060.616580949935,5566.720228006323,588.2220185817108,4588.81703911455,1265.6859262454457
2035-11-07 14:00:00,7955.980597203005,5498.23625456398,595.7993141507411,4522.452820128512,1249.6381257595265
2035-11-07 15:00:00,7876.540010196588,5711.384410706717,615.2952243086384,4689.25212475527,1248.6355026707588
2035-11-07 16:00:00,8302.924716427517,5690.14626789977,628.4213113576768,4740.38028681546,1340.040768809561
2035-11-07 17:00:00,8345.868195709349,6075.293130691021,671.7762874533391,4888.894701092115,1361.0900593212714
2035-11-07 18:00:00,8067.713061794157,6123.694956558026,698.5776490447255,4892.691087692042,1471.5798619681325
2035-11-07 19:00:00,8267.167950941417,6178.608165102515,707.3796955598777,4990.597347644466,1441.781015105155
2035-11-07 20:00:00,8319.10376521696,6114.522180222945,710.5731766309337,5059.385741456781,1411.1406501977983
2035-11-07 21:00:00,8020.156946874148,5849.483968205887,663.3964848037078,4787.973390835274,1353.4099209295105
2035-11-07 22:00:00,7545.617175483043,5450.841743855132,601.0455610591798,4502.416404059089,1229.7156504889815
2035-11-07 23:00:00,6974.473828180224,5147.349691961799,541.7128985211186,4339.758472561163,1046.315285730058
2035-11-08 00:00:00,6849.122705025254,4842.119915913865,522.5132607493001,4297.180022658356,952.7469256495638
2035-11-08 01:00:00,6619.570022375802,4827.165196403358,509.8375123822424,4197.595553286053,885.9573181979227
2035-11-08 02:00:00,6442.280103369097,4697.973323469134,503.8090171357166,4109.641095795156,890.3011313062418
2035-11-08 03:00:00,6530.241222233679,4831.505392054698,499.59905605231546,4137.569030792674,860.735924297627
2035-11-08 04:00:00,6582.46207928936,4998.5655610295,513.9535789539351,4175.844041953103,894.2568827732114
2035-11-08 05:00:00,6690.433715847067,5355.774009669043,554.6507022641622,4335.845894009718,929.5809375525032
2035-11-08 06:00:00,6903.329227703185,5647.898912860285,606.3867031615105,4646.462633165826,1091.3760604859758
2035-11-08 07:00:00,7279.827127853291,5680.625251933217,593.1100160080802,4603.993087028623,1272.7451607240134
2035-11-08 08:00:00,7666.54502733592,5723.170922956096,604.2527187709449,4650.932162326411,1351.60354160127
2035-11-08 09:00:00,7970.110697437412,5670.889383195315,606.8231857798538,4618.959818891308,1337.5384592513371
2035-11-08 10:00:00,8172.979924149493,5827.1538685946425,604.616094874932,4678.829866035341,1299.4265128704542
2035-11-08 11:00:00,8024.648420873351,5624.863375969951,602.9111461310107,4575.278108273257,1333.2306816696143
2035-11-08 12:00:00,7739.79901440575,5466.708565991762,602.017955288387,4548.147694968023,1249.7792362120958
2035-11-08 13:00:00,8105.409912374186,5493.43037869505,607.1116602076096,4567.522487902174,1277.3192123238491
2035-11-08 14:00:00,7970.288956166052,5561.091147011039,600.5654136152783,4568.9987704392215,1254.6834182310802
2035-11-08 15:00:00,8037.728379875526,5637.525747247926,605.3401209346623,4706.295055638432,1274.3575198550625
2035-11-08 16:00:00,8223.986700150603,5882.0839388568,635.2348039827285,4802.552902846609,1302.5524915771448
2035-11-08 17:00:00,8149.031547958357,6105.056760800635,664.6377516827748,4967.311054823863,1396.275917293033
2035-11-08 18:00:00,8266.963664991621,6123.402081523213,696.9216414094553,5038.041993455619,1401.2979767599031
2035-11-08 19:00:00,8091.757454715688,6200.701367245341,714.7488614292313,4858.745366765505,1427.028781809669
2035-11-08 20:00:00,8284.23422449745,6049.170224559551,704.5203663135218,4975.52169698848,1452.6512085333268
2035-11-08 21:00:00,8152.214997310346,5624.031740808912,674.8697396124182,4769.934723654641,1349.6519739652863
2035-11-08 22:00:00,7598.124994373261,5356.771626246899,607.3893039178938,4566.599594445322,1235.0841664449822
2035-11-08 23:00:00,7150.018749039489,5099.029954533199,563.5927373077318,4255.747485627206,1054.2047759643954
2035-11-09 00:00:00,6638.0222569950965,4889.10484344089,520.5442000286746,4245.346836502335,944.7387007845252
2035-11-09 01:00:00,6595.516634139796,4763.863036975468,504.3277535560702,4196.728484317675,886.6656055733317
2035-11-09 02:00:00,6426.31505027991,4692.040985664258,502.8768429879898,4111.473857933005,871.987420018725
2035-11-09 03:00:00,6511.964022428243,4818.643033278151,504.86769109992457,4152.745422439982,869.1800845545051
2035-11-09 04:00:00,6412.2035674062045,4862.894995190743,519.5671494668939,4194.7517273029,868.5657877433605
2035-11-09 05:00:00,6722.544845714475,5308.081877631637,550.9298523266663,4324.496443282278,933.157590886114
2035-11-09 06:00:00,6893.067532698258,5646.49044921848,610.8285288991076,4532.397920813931,1063.2233861169127
2035-11-09 07:00:00,7121.394886542757,5756.7975157829305,621.8556681986187,4602.394083182495,1251.8171387137477
2035-11-09 08:00:00,7759.447782051277,5697.603127600309,608.7120239627933,4659.340762113308,1308.2606866482215
2035-11-09 09:00:00,7932.55222187398,5676.06855451638,590.7346951560772,4682.085905091632,1336.823246196559
2035-11-09 10:00:00,8140.185350951835,5567.4940084851205,606.5522785704203,4661.2362996108695,1318.2783486342855
2035-11-09 11:00:00,8008.306817072212,5647.354458671842,595.5995267248622,4628.952746286783,1328.254165555284
2035-11-09 12:00:00,7760.791207991027,5411.91196039856,598.0863071201371,4586.729204943673,1273.055948159542
2035-11-09 13:00:00,7799.484469126402,5554.623207653269,613.5901419322179,4534.034087634627,1229.3143325969286
2035-11-09 14:00:00,7948.984012175193,5611.484402320062,593.2028086070832,4672.759203297012,1246.8075954711549
2035-11-09 15:00:00,7875.625192695751,5627.0296236939885,603.9624865161358,4646.841423000683,1261.53043161173
2035-11-09 16:00:00,7965.359011099875,5817.713492864405,640.5856626992617,4673.669348075232,1311.286140290414
2035-11-09 17:00:00,8276.064839908106,6184.050688566733,677.4138252963745,4844.791367451627,1375.1485301305468
2035-11-09 18:00:00,8037.485443337643,6117.751672523615,691.2172163963265,4959.627037905541,1377.3769576025702
2035-11-09 19:00:00,8300.252664567995,6230.385919048619,723.9714083364586,4952.37965115855,1418.6084788146968
2035-11-09 20:00:00,8155.621519825084,6066.899439332815,714.5471218695878,4859.888857574728,1413.191952503444
2035-11-09 21:00:00,8006.286777155354,5774.269099030401,663.7083829053681,4726.56138404484,1374.1542096571695
2035-11-09 22:00:00,7523.996297728944,5461.469480508032,608.7239256464545,4501.796081471101,1230.3673804526088
2035-11-09 23:00:00,7050.468807550995,5069.704158881202,550.7606462218985,4381.129701035684,1074.203337846568
2035-11-10 00:00:00,6398.709080840411,4784.927670502294,521.5245349475641,4219.122068597154,936.4578102194048
2035-11-10 01:00:00,6305.745288483946,4708.161835081533,504.51774172472375,4138.218214775992,873.8247278640572
2035-11-10 02:00:00,6285.768852483901,4740.548113201607,502.9940952319107,4126.990153025796,855.2340615075071
2035-11-10 03:00:00,6192.306179699884,4763.464348393861,502.370127063401,4078.1928431930487,864.9051084561462
2035-11-10 04:00:00,6165.905394159017,4971.243916420641,521.7651086712472,4146.1081860064205,877.0237059569113
2035-11-10 05:00:00,6569.127422449681,5332.561061146785,549.7727810158044,4330.892706976239,913.5730583643758
2035-11-10 06:00:00,6675.655306192162,5530.570891583683,613.2168217265323,4512.269917208259,1090.46131105951
2035-11-10 07:00:00,6954.899370711478,5586.324820277574,610.9179162180739,4583.451693489833,1263.0140664933383
2035-11-10 08:00:00,7326.553532090709,5672.643452786912,607.3438410542989,4604.692554034805,1314.2236502413296
2035-11-10 09:00:00,7771.743213771143,5691.840202027514,606.1783167179497,4686.088950623931,1306.589617895015
2035-11-10 10:00:00,7716.271074132868,5649.116143733591,600.9899569387293,4654.944115283424,1328.0585915655477
2035-11-10 11:00:00,7726.216100147033,5539.013063958181,599.9297403868846,4493.875368336629,1327.9418218633243
2035-11-10 12:00:00,7564.73028225885,5449.709658169962,591.1580229867656,4487.630073545578,1267.67212869861
2035-11-10 13:00:00,7558.835819765943,5382.503798371153,581.3959409036243,4505.793201248736,1254.2700525949556
2035-11-10 14:00:00,7724.861572527707,5502.644702348073,597.153082559034,4547.076745428034,1230.6800484559813
2035-11-10 15:00:00,7636.447510024518,5518.502463196314,607.1738841540655,4636.673214220614,1271.9849986867457
2035-11-10 16:00:00,7882.974588805226,5735.869201649373,618.7571676996456,4688.268105701825,1311.4384715253716
2035-11-10 17:00:00,7907.56515722642,5993.463130862076,676.1980792595378,4854.744358596882,1385.3349426554146
2035-11-10 18:00:00,7837.453970858807,6192.498084630313,709.1189031665856,4933.689971706792,1403.5455602884892
2035-11-10 19:00:00,7789.190905108058,6090.631774742507,711.7295495931875,4920.010685570602,1404.539125515562
2035-11-10 20:00:00,7844.571004191611,6038.4248654024,694.4052033986276,4889.5872812257685,1407.9495097421593
2035-11-10 21:00:00,7679.995166111342,5702.022099550094,666.8722155587411,4711.9062864874,1358.686744768612
2035-11-10 22:00:00,7243.16052842171,5302.925185497293,606.1882082649212,4566.717452056588,1217.0607052846829
2035-11-10 23:00:00,6788.421283399661,5014.605079182745,540.449409051338,4310.061970648186,1044.8248132655929
2035-11-11 00:00:00,6825.267894822948,4846.047430847111,524.5742472107571,4208.200362424855,946.6821889999532
2035-11-11 01:00:00,6482.350662165574,4796.2961455388695,508.07101488694286,4174.30123898493,890.8305886157749
2035-11-11 02:00:00,6474.092658644949,4773.425027977696,498.7341070755856,4168.576203291286,875.9226022189931
2035-11-11 03:00:00,6434.627966996271,4821.076153986107,502.4120795485829,4114.750717222747,868.2712719732558
2035-11-11 04:00:00,6477.544823292551,4992.993159138335,502.3126475610944,4136.567183457837,892.7732264427476
2035-11-11 05:00:00,6756.186738383719,5361.016977577814,546.590856173506,4303.9155058771,930.7630723755776
2035-11-11 06:00:00,6842.25650094899,5617.686166482069,604.4913641211715,4485.952167036592,1101.5408286776908
2035-11-11 07:00:00,7133.083904778385,5677.925526790857,602.5448509669471,4635.542175986505,1246.589144158439
2035-11-11 08:00:00,7552.381753984783,5688.461755242559,608.2675287240456,4636.059065317259,1320.522658188149
2035-11-11 09:00:00,8010.274008574784,5666.181284909138,599.3773670880972,4745.12709202149,1305.969871177603
2035-11-11 10:00:00,8141.787298171817,5682.6246139935865,605.8820492171963,4633.041194270038,1333.1660251731748
2035-11-11 11:00:00,8135.971523555473,5513.726646613785,602.9354476838466,4671.376346206845,1307.1335317188684
2035-11-11 12:00:00,7766.753330198986,5456.374884030393,604.7787422840418,4536.807844782855,1279.6932474523935
2035-11-11 13:00:00,8050.089140446471,5524.471501663204,596.4573962704712,4499.668527575223,1250.9464286850257
2035-11-11 14:00:00,8043.547436801705,5458.266620676026,595.7480578799442,4460.625995359693,1247.1447580231047
2035-11-11 15:00:00,7920.262233660532,5707.7104732653015,606.8255140190455,4587.627899118312,1267.3410752762263
2035-11-11 16:00:00,8066.768650042976,5789.613733857108,628.0176982379983,4679.725014666085,1303.5664547487856
2035-11-11 17:00:00,8181.976321303911,6088.3061779077325,672.3493511726826,4825.291641205719,1373.1145388037758
2035-11-11 18:00:00,8214.167890131876,6183.042776406982,697.8298316279415,4826.794085140029,1412.70245440121
2035-11-11 19:00:00,8139.506518435605,6125.198585224251,713.9015614501332,4933.596201126508,1407.8093866151669
2035-11-11 20:00:00,8222.262543135503,6153.754298000688,710.115623019142,4957.134721012328,1413.0423886862752
2035-11-11 21:00:00,8029.554850120986,5739.7738787834505,658.5352577037102,4787.036851911352,1332.447922006839
2035-11-11 22:00:00,7462.154713089952,5393.012249886324,599.4985825580306,4573.437336576439,1206.275672101856
2035-11-11 23:00:00,7030.457043328306,5011.290953421799,548.0075240797798,4395.161538441692,1051.0413938000972
2035-11-12 00:00:00,6733.702729030796,4892.919507287916,513.8837857562509,4200.868353811535,954.520751273128
2035-11-12 01:00:00,6652.46881093728,4749.32060851141,510.0008958133237,4124.647547566027,895.1745220816695
2035-11-12 02:00:00,6691.687517571154,4813.204765119967,507.21447063457737,4093.757486362525,868.9100280508086
2035-11-12 03:00:00,6433.19078817597,4773.354032468648,502.4223737894476,4052.188653273627,855.406078724739
2035-11-12 04:00:00,6495.131785051123,4911.546158906793,511.9516138565864,4172.003448211145,884.8212968590448
2035-11-12 05:00:00,6689.427890230437,5336.571827222273,558.3091760154629,4311.546198016542,926.9295874725724
2035-11-12 06:00:00,6853.298453564389,5639.920944666442,593.0020485402085,4549.9686997241615,1085.719430884376
2035-11-12 07:00:00,7256.610819307786,5645.3255159441815,609.7401393232667,4709.818353533672,1237.5473706831162
2035-11-12 08:00:00,7859.523615646672,5653.018306632995,604.5410078397482,4727.726319256854,1316.5114863888316
2035-11-12 09:00:00,8167.347580698342,5735.8805870083615,594.3994867171947,4716.214702721805,1333.7930942548433
2035-11-12 10:00:00,8183.667424482754,5684.0399379699,605.7306246739325,4607.427938054215,1340.15011246192
2035-11-12 11:00:00,7910.982056804802,5614.622614955243,593.0242343176195,4766.448458474899,1315.389890044105
2035-11-12 12:00:00,7742.423107802063,5475.030544472907,589.8373873750737,4571.000626193137,1261.869705882552
2035-11-12 13:00:00,7873.83591081038,5463.731958528587,602.2297060189308,4556.912993306914,1231.5438010257928
2035-11-12 14:00:00,8106.084642097518,5559.553026208967,594.055064355206,4525.5065196996375,1249.2055623270928
2035-11-12 15:00:00,8030.324068907803,5731.145690403937,596.5777285487447,4636.674544128859,1269.41471454956
2035-11-12 16:00:00,8094.071823011578,5898.868596694049,639.2569603914031,4741.425300633679,1309.3851214498752
2035-11-12 17:00:00,8366.74498902768,6010.182582575777,688.1961548687301,4884.411033247315,1397.7219215475532
2035-11-12 18:00:00,8169.222164099757,6148.921592909661,704.0583997607933,4893.8458215821975,1428.310059023972
2035-11-12 19:00:00,8113.459434077581,6116.262490231036,716.7033766932167,4908.519513434275,1423.228626506589
2035-11-12 20:00:00,8285.451943459053,6061.338327149684,703.2953234774452,4930.02800237608,1423.1206608785444
2035-11-12 21:00:00,8043.674532568046,5805.696406636001,669.3775891718511,4751.103623260886,1358.0801425803077
2035-11-12 22:00:00,7577.161395770893,5475.558967391537,601.1825109758977,4500.167868661202,1223.25357743732
2035-11-12 23:00:00,7018.167457732466,5137.418736685985,543.9966043720244,4383.348106817809,1068.6572999367877
2035-11-13 00:00:00,6722.980641671136,4812.0581377479,524.5163895026435,4210.090011683456,948.5769126604208
2035-11-13 01:00:00,6753.662069779981,4912.6954864590925,504.79738889564624,4168.880424606705,900.979011424204
2035-11-13 02:00:00,6467.114273593952,4753.376724639604,502.07849486446565,4117.707739731054,876.53813714909
2035-11-13 03:00:00,6446.623961614772,4787.071801062371,501.8632877609432,4152.372322739238,864.288713873184
2035-11-13 04:00:00,6607.183233631968,4879.71654681872,511.9059451455175,4227.400710062824,887.5101200376333
2035-11-13 05:00:00,6759.020529261629,5367.452969669405,550.1874364733712,4326.28636415479,934.2079114325204
2035-11-13 06:00:00,7029.888183738142,5742.407388060209,616.8359039946317,4584.681540186384,1107.5359643967158
2035-11-13 07:00:00,7364.471494480187,5646.254219299236,598.8583790524799,4665.395245482215,1258.5459548451522
2035-11-13 08:00:00,7843.343368495186,5775.706612811625,611.2028691062994,4621.847415251625,1324.5162826108703
2035-11-13 09:00:00,8025.965135538331,5708.4259233624125,603.7465823121108,4687.988395524256,1333.1060920035038
2035-11-13 10:00:00,8180.486429596143,5681.8525636139375,609.5811468147156,4689.810076048397,1353.1977887608225
2035-11-13 11:00:00,8000.057086050521,5665.791114046741,604.8271153503747,4644.906888825163,1314.7217859132772
2035-11-13 12:00:00,7837.545175745437,5593.03765993266,587.861655956383,4551.483425175744,1282.7855604325994
2035-11-13 13:00:00,8062.650685067914,5581.662276357124,600.9000301999041,4469.416432417351,1257.3126330987368
2035-11-13 14:00:00,7952.659387362428,5541.959180397423,593.4345243749999,4667.040718261338,1250.220932954921
2035-11-13 15:00:00,8182.030841936089,5622.288556758296,607.4542967613387,4641.887345686625,1279.1632281492691
2035-11-13 16:00:00,8101.587405190032,5846.181465611898,628.7718900550256,4690.84906074903,1342.8891672677266
2035-11-13 17:00:00,8285.399561127922,6022.621025048372,666.2826211667426,4914.686403031192,1398.3383289772926
2035-11-13 18:00:00,8172.002854833885,6137.691347655229,697.7322374810102,4993.122181011067,1401.3330279114505
2035-11-13 19:00:00,8305.108129076592,6268.096124945947,708.2633841385392,5018.163234757646,1415.5305429041437
2035-11-13 20:00:00,8280.263635095826,6066.272735094918,709.1788231041047,4881.089176366354,1418.5567353936983
2035-11-13 21:00:00,8054.315121470384,5656.388348405028,675.4857135400198,4805.702792086852,1363.5625745836455
2035-11-13 22:00:00,7578.724121363844,5514.762312463459,590.7434510270814,4573.785917096597,1247.7326003417663
2035-11-13 23:00:00,7102.197239079055,5070.509483575734,548.7381792389964,4284.630469500806,1061.7202925891363
2035-11-14 00:00:00,6764.871812637733,4839.9164363281225,525.2887677993197,4233.746771777511,948.9417412532428
2035-11-14 01:00:00,6619.765717114771,4896.341895859056,512.9416488316571,4136.938374653741,897.4747933580123
2035-11-14 02:00:00,6577.047479398457,4720.575105926272,503.7396101954681,4099.224776546601,870.5709224096274
2035-11-14 03:00:00,6581.534986973513,4796.898789370496,509.3881586506751,4130.589659726636,877.9919477053762
2035-11-14 04:00:00,6672.6676417067165,4934.214012253336,512.4305631571781,4221.514524585385,880.0230373922997
2035-11-14 05:00:00,6816.275794889534,5335.266440073167,555.6977405134103,4365.952189600637,934.433630015193
2035-11-14 06:00:00,7179.218665077381,5695.578981213856,601.4012171009824,4603.512850619748,1102.9688341684146
2035-11-14 07:00:00,7243.075185220442,5735.823215385973,614.8868122721279,4689.553859429924,1253.1951992128609
2035-11-14 08:00:00,7859.204303893686,5715.371899611857,605.4916773291513,4702.772886195744,1317.3341476054736
2035-11-14 09:00:00,8085.996612472272,5724.006453401471,601.1399706582685,4630.2199860436,1318.969532232909
2035-11-14 10:00:00,8081.809522147486,5766.576575792847,609.9570665336463,4676.908041027586,1333.4462803179842
2035-11-14 11:00:00,8149.329528644085,5615.908127949023,599.5680517596376,4629.358548742117,1331.287587902545
2035-11-14 12:00:00,7984.511174579974,5493.322173393638,592.6659220422035,4609.42456662023,1252.732362458668
2035-11-14 13:00:00,7992.150939126631,5616.810717761266,594.5711965210199,4486.620319632173,1272.930667201974
2035-11-14 14:00:00,8046.988274765828,5616.167105983676,598.3235126995354,4564.279601538853,1279.9543394199763
2035-11-14 15:00:00,8059.149107061864,5585.839766980354,602.6760827544616,4561.49138199372,1277.6836402078466
2035-11-14 16:00:00,8219.136171433136,5819.771422378552,621.1181202881844,4669.733751851537,1318.0264978728617
2035-11-14 17:00:00,8179.1322737474065,6135.117235737378,669.6498531265884,4876.706547117954,1374.0424145620973
2035-11-14 18:00:00,8192.457657526857,6253.00285382377,702.7989332528354,4975.319753468537,1405.0725352557438
2035-11-14 19:00:00,8353.108109190867,6324.404741963501,703.7919867967083,4950.50799708186,1401.1037868079068
2035-11-14 20:00:00,8334.26002316554,6038.2869850792085,711.2618511681649,4941.161153713092,1413.4077251887502
2035-11-14 21:00:00,8034.874608896127,5833.133880403271,674.8966722230857,4809.913982465292,1364.3540930770898
2035-11-14 22:00:00,7519.484199086459,5370.87531684116,582.1204017663649,4605.763574458946,1239.397751484942
2035-11-14 23:00:00,7087.368630231315,5189.9161291744,557.5092269910414,4371.252361202452,1065.7225492654538
2035-11-15 00:00:00,6777.87122334541,4922.410023202337,525.4294244260228,4303.62776976458,961.6986753364886
2035-11-15 01:00:00,6697.4120691282005,4900.730448329092,512.4302474827062,4163.836738939269,885.6434458577843
2035-11-15 02:00:00,6589.7190138409005,4815.499051754787,505.6288274551592,4153.186601246396,887.7420726547602
2035-11-15 03:00:00,6357.442660263155,4752.620015743261,510.4934527314449,4142.449561497498,880.4707875315103
2035-11-15 04:00:00,6598.065692643821,4994.292880949363,518.6309828338009,4186.380561299655,876.5477483099218
2035-11-15 05:00:00,6824.867272448854,5419.75838275684,551.5866809664577,4338.217080253851,927.8652377735102
2035-11-15 06:00:00,7092.31176056645,5676.643073971901,616.706071613264,4587.807574583674,1072.464540486308
2035-11-15 07:00:00,7089.831498060274,5641.892225369705,607.5488236299931,4649.38287182642,1259.436578718725
2035-11-15 08:00:00,7847.347894319239,5756.364514863373,619.5502720669019,4609.4800266352695,1305.5944551226685
2035-11-15 09:00:00,7983.90648791793,5748.286425091473,606.6016897207343,4748.253250363127,1336.4101532800723
2035-11-15 10:00:00,8211.106196839339,5655.565860865913,604.8791854654856,4688.757829911986,1336.5126875633996
2035-11-15 11:00:00,8049.53652366677,5676.624474463572,600.2599814399073,4611.747458115407,1331.1918107297115
2035-11-15 12:00:00,7723.965521611834,5392.218386065354,593.0580244817379,4554.80095622058,1263.9149771582115
2035-11-15 13:00:00,8156.112691110846,5561.132267972901,600.1944591383361,4655.315416143322,1253.3877286985228
2035-11-15 14:00:00,8007.234422081838,5610.9793145962185,588.0810309251668,4479.32031200186,1248.9138373608787
2035-11-15 15:00:00,8225.130396027298,5723.517287414453,605.4405999335032,4567.429850633982,1257.461039922198
2035-11-15 16:00:00,8165.89919797865,5901.995420183894,633.5725071054695,4709.319273393576,1334.4184096156305
2035-11-15 17:00:00,8116.876299581735,6087.304790471802,671.5134941336767,4865.854000233632,1392.7935213699454
2035-11-15 18:00:00,8352.163882517585,6265.49704303841,699.2529197036699,4928.238634699648,1433.8185164044662
2035-11-15 19:00:00,8249.393845609664,6312.766933047688,715.0199899811471,4939.20061570685,1414.7093737986538
2035-11-15 20:00:00,8351.47595649019,6321.540478213263,709.4553110035785,4884.619028750979,1428.5540569840591
2035-11-15 21:00:00,7916.242134837358,5799.419948737072,669.1784183197939,4810.318947622652,1364.3899748155848
2035-11-15 22:00:00,7595.024195077293,5461.85554999364,606.474280642078,4568.571933385478,1234.1053762530803
2035-11-15 23:00:00,7137.81320098258,5159.208119789481,552.0907285517773,4416.08447139848,1081.2330745133684
2035-11-16 00:00:00,6708.110028717253,4855.154830827871,526.8427537771045,4214.719746089349,955.982294050806
2035-11-16 01:00:00,6472.442701888774,4740.28410261666,507.7416023366957,4112.809908319935,888.991514651682
2035-11-16 02:00:00,6543.952297892644,4782.678332423992,503.0978496922675,4173.146571043823,857.7182339294919
2035-11-16 03:00:00,6443.51591413593,4751.758142375617,512.9065557833728,4156.845727421749,858.5365431634804
2035-11-16 04:00:00,6519.46715687943,5044.393254140783,505.5252594297672,4193.383773157679,875.4009837820482
2035-11-16 05:00:00,6657.375844128224,5341.857394109045,554.538522161623,4320.3304933387535,924.641791545313
2035-11-16 06:00:00,6943.876769061199,5693.884258663854,606.8394104179291,4515.268265497704,1089.2533768502071
2035-11-16 07:00:00,7259.043306543286,5670.789449471898,609.853306849724,4596.509880067611,1250.0397488327808
2035-11-16 08:00:00,7722.08207591543,5692.104313444161,621.282973368095,4661.003613922146,1317.1398617240577
2035-11-16 09:00:00,7938.426563208096,5675.913029618608,612.8659993878653,4726.4467694009945,1320.4505738966689
2035-11-16 10:00:00,8073.04256516708,5673.71877383907,602.8746914961021,4706.960117479605,1314.1145069259253
2035-11-16 11:00:00,8050.1023677577905,5517.119204014739,605.7706880152955,4597.214648207292,1321.6692578762995
2035-11-16 12:00:00,7921.8760278008,5567.234545162874,602.3009168537627,4606.356194391459,1269.6556569068762
2035-11-16 13:00:00,7881.019957675798,5536.719843472587,597.4711641869515,4550.314887131014,1222.5552462209516
2035-11-16 14:00:00,8038.591918133532,5570.164173786408,606.8985360093642,4622.336064902718,1238.7399269601456
2035-11-16 15:00:00,7890.624076342043,5736.749644284728,622.4019977873919,4648.264463960182,1280.3918846202212
2035-11-16 16:00:00,8093.196189001021,5864.956102661345,627.0672408927912,4712.112257256265,1322.8168681850707
2035-11-16 17:00:00,8318.338149206338,6181.1648279466135,672.5158329747866,4819.130085084025,1379.5358290234806
2035-11-16 18:00:00,8078.775272361197,6136.810257747293,703.2006738807187,4949.190827492012,1417.9564773773188
2035-11-16 19:00:00,8245.048057598999,6094.799958750554,720.2385261396277,4852.099049153497,1437.7726764816125
2035-11-16 20:00:00,8318.592682678252,6180.4516779609785,716.1842044369974,4938.563875110731,1390.6230456733217
2035-11-16 21:00:00,8061.423960551856,5848.248049128589,666.4902038871837,4821.238003559999,1382.5362441986545
2035-11-16 22:00:00,7440.848787725017,5396.997043264262,597.2998309314207,4510.00755028485,1234.9770827756176
2035-11-16 23:00:00,7095.562341861318,5039.0167308159325,563.1191488497329,4319.594803423032,1055.2176521949384
2035-11-17 00:00:00,6580.016366044154,4802.636284825828,515.4467164051804,4197.790924568642,958.3630301810084
2035-11-17 01:00:00,6353.138870830509,4696.980192183427,507.7076898141572,4171.937021164763,910.5610841694308
2035-11-17 02:00:00,6246.989800340472,4639.124356279725,496.715397173772,4168.020165969935,859.698381867292
2035-11-17 03:00:00,6241.756359969368,4813.0806181436965,496.8879046307462,4178.711896846424,862.2010436470946
2035-11-17 04:00:00,6184.548964808766,5027.903202464089,509.4013952735205,4115.260900985289,871.0052564346511
2035-11-17 05:00:00,6313.194672931612,5281.522559894971,554.6004788973099,4272.771506263487,927.6561376296568
2035-11-17 06:00:00,6742.463605749434,5628.40497241754,617.3421330492968,4496.896679298717,1079.3730012641058
2035-11-17 07:00:00,7065.000465851431,5553.05146718227,593.9715982580603,4576.496000404532,1245.382291214097
2035-11-17 08:00:00,7380.37896988299,5597.268178876105,609.7161152892772,4631.977650637124,1294.8757255253026
2035-11-17 09:00:00,7592.868786931835,5651.764195997921,605.5238348968471,4625.040186471549,1312.3492441347105
2035-11-17 10:00:00,7842.605750203974,5657.160919449022,593.8889507426869,4568.525131209478,1312.879445749395
2035-11-17 11:00:00,7798.296963261305,5527.259575537129,590.4458368040732,4610.003856861283,1325.824382577647
2035-11-17 12:00:00,7521.40379971609,5358.958814720928,578.1096638143193,4557.525756960364,1249.1219862343498
2035-11-17 13:00:00,7759.521120608145,5480.456819468053,597.9421393695015,4523.338501822135,1241.8714090169628
2035-11-17 14:00:00,7760.789898263937,5388.712758069477,605.6364856381585,4606.164098197895,1243.477706628324
2035-11-17 15:00:00,7811.545969928216,5680.374034585912,608.6178462502733,4550.89274450839,1246.53006570651
2035-11-17 16:00:00,7739.564862236654,5887.570923818809,631.6921713555394,4645.424196506753,1320.8472115979623
2035-11-17 17:00:00,7893.412129166569,5916.377544959077,675.1823678642838,4885.956551898146,1365.6066665704182
2035-11-17 18:00:00,7855.638491006343,5942.1949786278055,694.3853605387349,4957.583817193196,1415.261267243591
2035-11-17 19:00:00,8068.72913904671,6139.185619892724,705.3731238675506,4920.094197273839,1416.3188193924966
2035-11-17 20:00:00,7966.048929427007,6106.040654638081,704.5608643377459,4919.3054340610815,1408.9015116652386
2035-11-17 21:00:00,7563.768872883651,5818.976706655077,670.5915762765933,4682.43699074803,1350.86933279583
2035-11-17 22:00:00,7270.101919053786,5317.723955577757,594.1094793911229,4578.363125339498,1218.1586179944777
2035-11-17 23:00:00,6796.105051549395,5012.253851563225,539.2862022640821,4392.344723232449,1059.6721139286851
2035-11-18 00:00:00,6768.766638406134,4831.469237139029,510.82233005868767,4232.566106168132,954.3596410522704
2035-11-18 01:00:00,6540.976287363798,4749.873280801298,500.9545103809386,4063.772119386649,887.1580411527239
2035-11-18 02:00:00,6426.676637648525,4763.43596223072,508.4415323526986,4169.316815848366,862.2346968997695
2035-11-18 03:00:00,6379.976940872791,4696.760081368341,502.2402555684359,4193.71649991564,849.5916832972063
2035-11-18 04:00:00,6620.98586497368,4947.598134603003,512.7450816324234,4245.476522205943,882.7376905216132
2035-11-18 05:00:00,6685.511060090229,5266.069645030389,553.6325825064083,4369.360396169013,929.1203771119922
2035-11-18 06:00:00,6890.865411159438,5662.619399678159,598.4108519795144,4512.630607517266,1073.7210988181546
2035-11-18 07:00:00,7092.424400091672,5701.092937000881,608.2173408337233,4651.177177852187,1251.6724241421146
2035-11-18 08:00:00,7716.403597527714,5748.793177916022,609.7704982348025,4615.28973771992,1296.6369766634848
2035-11-18 09:00:00,7906.910945292007,5618.58348056101,599.309349955998,4704.4027187026695,1333.4795800780842
2035-11-18 10:00:00,8136.918638627356,5754.647863205406,613.2523892034172,4735.558141966942,1324.3840585527842
2035-11-18 11:00:00,7935.8209311965475,5643.055406085746,600.4764881713006,4564.630489110116,1330.3826468936093
2035-11-18 12:00:00,7857.679093891375,5424.454121696535,593.3711830097286,4542.489040950432,1272.095873960969
2035-11-18 13:00:00,7775.549725809919,5602.107316111306,601.0703475022775,4521.107263129956,1259.074671147143
2035-11-18 14:00:00,7948.332720038886,5592.70913930685,592.8848984979334,4656.409476838982,1244.21165979514
2035-11-18 15:00:00,7925.982767088131,5636.846441562801,615.2866466723358,4652.680217358653,1264.9125007430366
2035-11-18 16:00:00,8004.064334141216,5831.576633000616,635.1833760662624,4712.410032257019,1325.521393391203
2035-11-18 17:00:00,8116.724396533702,6057.045686882505,667.3780959002914,4887.210879289471,1364.282807779352
2035-11-18 18:00:00,8259.001582410156,6150.774265382542,705.0786680416697,4978.14723956732,1393.426663982651
2035-11-18 19:00:00,8215.176089860563,6276.098833171657,704.4082973978262,4909.448811298207,1435.4221440275326
2035-11-18 20:00:00,8219.162085856018,6165.131067804217,704.4952219508859,4879.332423028147,1386.9028218043711
2035-11-18 21:00:00,8096.459541007957,5765.570862837439,668.2920571942518,4824.897131471618,1353.7075437063786
2035-11-18 22:00:00,7522.769087353313,5359.791802575093,602.3779455396633,4645.601305392907,1215.1859403605513
2035-11-18 23:00:00,6838.199285469173,5023.690253621078,551.0854136452095,4328.165179190825,1053.6800525443227
2035-11-19 00:00:00,6675.187688024305,4908.312791207826,521.5784028402463,4198.4613706089785,939.6030546387929
2035-11-19 01:00:00,6645.968497846388,4699.060147099983,514.4982631661711,4200.205844665759,893.4771448299873
2035-11-19 02:00:00,6456.037247993611,4774.880116819921,498.89619717576767,4067.638119090719,874.3123316432973
2035-11-19 03:00:00,6540.490607477598,4879.46264448865,511.39330421854,4162.089027810048,868.071568309406
2035-11-19 04:00:00,6503.290432218867,5010.330912048396,510.2195757763164,4181.0300842712295,886.641837363197
2035-11-19 05:00:00,6682.581251993308,5365.702564125103,555.5178387947165,4307.077022144077,924.0887088900636
2035-11-19 06:00:00,7001.062360221589,5670.227913086012,610.7278487521165,4554.728453539446,1088.161521719148
2035-11-19 07:00:00,7341.106514010236,5642.846321646231,608.8776103321866,4680.910654913716,1244.0490581367314
2035-11-19 08:00:00,7691.403212667041,5649.436669195274,602.0461905011643,4624.980665441414,1297.0382403052142
2035-11-19 09:00:00,8001.797790651164,5668.9656210811445,601.8565162899866,4690.841937855149,1339.808707419157
2035-11-19 10:00:00,8049.772469784834,5599.080448731292,599.2483083574991,4546.611891824866,1351.8220451395778
2035-11-19 11:00:00,7981.802330898087,5580.619928753524,606.4198808598042,4653.06598500166,1344.9625123878338
2035-11-19 12:00:00,7999.416821019808,5501.343853430492,604.038901997448,4537.064463395587,1284.2969106191033
2035-11-19 13:00:00,8049.799928090398,5531.415364128908,595.8545861545341,4609.434579159518,1263.9705927360164
2035-11-19 14:00:00,8200.878972549142,5610.031935980127,599.3266589991183,4498.58728108049,1240.1620514423314
2035-11-19 15:00:00,8031.836936492649,5693.256547208101,604.2406944398285,4598.039878966295,1255.9458106496118
2035-11-19 16:00:00,8107.182422054221,5855.238379467709,625.3403166568881,4665.506683000593,1312.528774330953
2035-11-19 17:00:00,8092.394362585278,6112.185318280775,664.4574838935854,4844.871255796971,1375.1990284674318
2035-11-19 18:00:00,8229.481095052488,6170.763138481313,715.1658582201917,4941.042348974849,1425.0469718948143
2035-11-19 19:00:00,8329.965583194074,6280.833723619258,721.7649814645064,4958.487530550894,1435.6127292173248
2035-11-19 20:00:00,8280.066100268963,6026.756861653104,703.4427876142367,4926.501690381736,1420.7123174510568
2035-11-19 21:00:00,8041.4462374694995,5800.386075057983,653.9892624825235,4785.603357959699,1341.0297978873907
2035-11-19 22:00:00,7626.497758762678,5376.932945365705,598.2934323556792,4570.564618922575,1221.9474187185672
2035-11-19 23:00:00,7113.78412352636,5060.011816690327,548.4257948541581,4425.56357846265,1060.4989889617502
2035-11-20 00:00:00,6715.200337876095,4953.814974504387,527.6325847276042,4233.958938797749,973.887339409036
2035-11-20 01:00:00,6683.947010986703,4739.31117926448,500.3813898996723,4208.34817939698,909.7148777446132
2035-11-20 02:00:00,6437.134743736516,4702.821938245676,498.08081698647896,4131.458152452907,873.102145087102
2035-11-20 03:00:00,6379.52643676564,4840.490091929492,497.0643320635328,4162.1733849641805,880.8205328886588
2035-11-20 04:00:00,6559.888774630309,5041.240334464179,505.0861906229424,4248.634111153189,883.9083861006209
2035-11-20 05:00:00,6705.668873528295,5388.663842496482,539.427684981811,4364.2680943869,937.4013604587764
2035-11-20 06:00:00,6939.4662262010825,5657.51331540192,599.8342693036681,4601.378223937964,1088.654631477573
2035-11-20 07:00:00,7281.376015842666,5700.306161954552,602.8737193516425,4615.896667786403,1266.806963603518
2035-11-20 08:00:00,7712.685679312979,5700.965742397124,605.2407003817278,4647.398082634143,1322.830274329491
2035-11-20 09:00:00,8090.559099166709,5716.58042266134,605.6713331852744,4693.082801047641,1340.825226685556
2035-11-20 10:00:00,8242.130844712328,5721.02092306383,611.3393739730742,4665.985248391993,1333.5164639217055
2035-11-20 11:00:00,8033.43443387882,5488.3114513586825,605.4815192250239,4669.88957800663,1339.570654383688
2035-11-20 12:00:00,7938.096273893091,5489.324081398177,598.118333444646,4572.95773406345,1271.2990666147134
2035-11-20 13:00:00,7866.759298503983,5682.921303818469,602.230081003858,4638.129630411966,1264.9776364978306
2035-11-20 14:00:00,7986.685622866006,5599.30687486416,600.1236710937808,4531.328006452972,1281.970757736099
2035-11-20 15:00:00,8022.274743373092,5721.294471154837,603.7184968877747,4572.401651189789,1309.5321660592458
2035-11-20 16:00:00,8119.589477172357,5816.651359668069,627.643757028464,4612.472668246911,1309.6654450529998
2035-11-20 17:00:00,8308.81028062227,6163.780087236077,682.9557853083578,4797.132277294546,1377.126935626799
2035-11-20 18:00:00,8229.414942425497,6139.354322489728,691.3510134763102,4953.457085920991,1426.395969602048
2035-11-20 19:00:00,8148.135171186728,6326.00498747994,705.0290054462645,4957.87639620396,1428.0797975443068
2035-11-20 20:00:00,8203.815828566776,6021.837201997636,698.7096135508269,4984.503175986114,1421.4958470149493
2035-11-20 21:00:00,8105.988843446471,5900.033369923649,669.463830656655,4770.419399313046,1369.9969746999188
2035-11-20 22:00:00,7674.556785189641,5382.029489209035,598.1632533714399,4559.586421809097,1224.4700332836203
2035-11-20 23:00:00,7120.704395849946,5020.938504397245,551.4196482162012,4327.819716086218,1059.202884282624
2035-11-21 00:00:00,6760.292053170842,4910.8532998360015,523.6091298090752,4259.31403407161,947.5204686512736
2035-11-21 01:00:00,6609.214091171727,4810.706195079527,513.3887747579166,4214.257647661486,888.0096299511389
2035-11-21 02:00:00,6658.016369400513,4852.955067029579,501.8608374856514,4178.631140454802,886.7811811325503
2035-11-21 03:00:00,6576.855257867606,4794.877990506948,500.8409241959866,4203.09839548771,861.0267564005618
2035-11-21 04:00:00,6527.264562317743,5060.384900839582,516.9059429226457,4236.497357108153,893.4872657499706
2035-11-21 05:00:00,6816.875343758439,5449.523469110856,549.969142572169,4333.265287947482,929.2121303874748
2035-11-21 06:00:00,6978.7955081192085,5673.700033346479,607.6223104380315,4609.026468984518,1114.6828288618756
2035-11-21 07:00:00,7156.501005436016,5632.21277844611,604.957151032995,4724.038487114559,1259.323332297325
2035-11-21 08:00:00,7852.469699249786,5702.715398897198,615.6758749450672,4653.333254824093,1312.280683115622
2035-11-21 09:00:00,7981.087605512071,5720.1409316431445,597.3799014543396,4706.482952174023,1348.877889335109
2035-11-21 10:00:00,8206.766580376192,5700.518994022307,598.3634417457284,4694.919732173532,1327.9181017261033
2035-11-21 11:00:00,8093.452744529305,5584.317412841732,603.7737551117197,4649.137978192703,1348.0847601387914
2035-11-21 12:00:00,7891.915752900035,5512.343610087304,595.83362499225,4527.694769429603,1277.8853933465612
2035-11-21 13:00:00,7959.247466058933,5504.789135776345,601.4234621785838,4540.071367172568,1256.9697458096978
2035-11-21 14:00:00,8049.996466432544,5581.2920908986,586.3452168316118,4512.313971685691,1267.1005192219732
2035-11-21 15:00:00,8090.161527810973,5742.077897704412,619.9274602245824,4665.22138878921,1283.6039791680666
2035-11-21 16:00:00,8185.848296486281,5982.834049269263,624.0591849964387,4679.822069621016,1321.4984743296282
2035-11-21 17:00:00,8230.278547396296,6167.139923010212,671.9349435290941,4858.028559540956,1393.624991855356
2035-11-21 18:00:00,8162.045701325789,6092.463959836595,696.1233696112636,4933.14905929631,1416.741315034637
2035-11-21 19:00:00,8401.186980961866,6369.655097743989,712.3036642880994,5046.75744490467,1442.5656831498072
2035-11-21 20:00:00,8129.164122833318,6207.682758158233,710.8342841943313,4980.2022286659085,1414.388574447103
2035-11-21 21:00:00,7953.714768600778,5853.161723537796,674.3923404675581,4873.21375479623,1318.6425194336236
2035-11-21 22:00:00,7627.008043996229,5411.251315964744,605.7110484780088,4558.493805113812,1248.6459858744895
2035-11-21 23:00:00,7159.536621565745,5187.427001871982,553.2996561560668,4439.045115737318,1039.575830798185
2035-11-22 00:00:00,6678.015772886558,4904.88824763048,521.6065615879548,4289.745041482843,953.7191186807826
2035-11-22 01:00:00,6574.351059791,4753.014900376379,512.6528427876004,4212.623275812935,908.1590348142444
2035-11-22 02:00:00,6615.457829163158,4792.529877709025,504.2135588957719,4175.859591557724,877.9030192340074
2035-11-22 03:00:00,6497.152804292784,4791.368657446922,498.70248788124,4170.543133483037,883.9483550035904
2035-11-22 04:00:00,6633.835513727403,4946.299541983416,506.166160604158,4209.915582064559,883.9083660325334
2035-11-22 05:00:00,6795.8730533253565,5371.025002207376,543.3026132006769,4372.0700591975865,936.2080461859614
2035-11-22 06:00:00,7047.156913120591,5708.525607541847,613.3421363320314,4543.550398569067,1089.734772042899
2035-11-22 07:00:00,7271.400399501054,5713.22623578182,614.5386747512044,4635.384649913893,1279.1426848781607
2035-11-22 08:00:00,7788.138238574529,5810.084658465445,618.8006357080693,4772.272915074972,1325.573937360343
2035-11-22 09:00:00,8107.592061780381,5815.857069999109,592.5738116229041,4712.655172150232,1355.3024821863075
2035-11-22 10:00:00,8238.53730320573,5701.079971498864,604.9168764162658,4633.465536198431,1345.052067902723
2035-11-22 11:00:00,8056.724400481584,5541.830036746887,606.3961690874844,4619.606268628823,1348.5221205534922
2035-11-22 12:00:00,7934.894025297195,5484.164124745291,580.9704271081907,4552.181986228265,1274.0570398937175
2035-11-22 13:00:00,8099.953981336794,5540.666597031708,600.0958886229655,4561.074171214667,1246.5852167619057
2035-11-22 14:00:00,8007.724283057307,5602.577303162184,613.9198619772966,4569.700400708358,1260.202858151076
2035-11-22 15:00:00,8038.716623395829,5743.257464582581,609.5168213337397,4683.865599932228,1276.974539345601
2035-11-22 16:00:00,8201.489522385926,5810.798911010305,634.1443510491324,4711.959590833781,1312.4888285097634
2035-11-22 17:00:00,8289.402006841814,6114.488598213909,679.7685444240267,4878.161261468644,1408.4208425037484
2035-11-22 18:00:00,8340.613605244722,6143.790545534338,704.3503539880288,4916.300221051029,1425.0963670625094
2035-11-22 19:00:00,8244.200006973904,6199.931906897655,722.9936735483603,4979.508007646967,1415.283451699302
2035-11-22 20:00:00,8470.398939315932,6086.627485324015,704.8552810610913,5033.82842737997,1427.527613178121
2035-11-22 21:00:00,8181.178130345852,5762.969772662124,671.9364586529406,4737.435258880876,1382.9332899097756
2035-11-22 22:00:00,7587.684105545424,5383.206763552602,608.7602686244464,4574.128862017936,1242.570447427543
2035-11-22 23:00:00,7231.869675335679,5152.987296728594,569.3990128164426,4393.921843492951,1063.3708736230524
2035-11-23 00:00:00,6748.922211221714,4881.061000445786,530.3097353948123,4225.6219620161255,945.4000768822398
2035-11-23 01:00:00,6415.257710368443,4763.872297162154,501.8160514860342,4160.150163496994,894.104842845992
2035-11-23 02:00:00,6521.012347965581,4762.929376630436,507.4815906707794,4080.710788633653,855.5091464409834
2035-11-23 03:00:00,6458.724855678924,4727.496714551831,495.1246524354066,4142.333137675236,859.4133380579075
2035-11-23 04:00:00,6500.910813122376,5026.971843036432,509.55739875863645,4137.327479207048,857.8437449905922
2035-11-23 05:00:00,6673.768681924248,5326.625804871868,541.6716586576805,4354.022539139041,902.6736557338112
2035-11-23 06:00:00,6896.9615355175865,5716.879277413458,607.6874958218505,4567.506145654096,1076.5906367365587
2035-11-23 07:00:00,7334.2203577869,5730.590579572936,608.9036703551068,4662.032899468551,1234.986261143832
2035-11-23 08:00:00,7615.978742894431,5722.539588275182,606.5678475761324,4590.781551345988,1309.5190640793612
2035-11-23 09:00:00,7849.03095518915,5781.799277275256,596.9857105981844,4762.182947715235,1340.6499790574774
2035-11-23 10:00:00,8145.063508422732,5769.017196629036,602.7227078787831,4689.753299072921,1336.739164678762
2035-11-23 11:00:00,7975.147531604007,5533.161102697391,597.4442646096832,4582.876256440075,1302.0517675145954
2035-11-23 12:00:00,7835.960774377019,5465.571424183656,581.0403543040148,4565.162538349672,1264.3195717073966
2035-11-23 13:00:00,7962.301308233765,5631.457212728349,594.7547612755692,4504.428112960121,1237.1253326496358
2035-11-23 14:00:00,8005.472482889389,5456.413057702536,598.643184490246,4649.422979375368,1246.086273712812
2035-11-23 15:00:00,7997.522424147133,5684.631763066787,606.4041351798991,4595.210477763204,1266.3509925837548
2035-11-23 16:00:00,8171.237706063915,5927.678574049171,625.9463507596352,4700.04674495256,1302.3094444956098
2035-11-23 17:00:00,8153.784687294181,6005.943259759973,675.7552654919383,4900.215406986762,1397.6890816757054
2035-11-23 18:00:00,8171.228335888531,6176.4550981252105,692.6975986043548,4984.17050731406,1440.2050206847011
2035-11-23 19:00:00,8015.507820951127,6248.776435483811,720.1634860115288,5022.753317339725,1409.112311425383
2035-11-23 20:00:00,8261.104734547836,6209.440829703285,714.5124018602527,4929.717870203439,1431.0814365475665
2035-11-23 21:00:00,7894.642146017683,5755.452351307501,677.4101218060906,4777.966290602173,1343.4970544441524
2035-11-23 22:00:00,7526.718659514285,5439.399926437481,606.00949164984,4530.192784932187,1221.864804611056
2035-11-23 23:00:00,7045.4083188537,5063.346822392517,559.8725999376721,4355.819624963903,1048.401791078099
2035-11-24 00:00:00,6365.246544086459,4824.117034591246,521.5503131147387,4178.880710498668,931.2127615507172
2035-11-24 01:00:00,6314.626191786027,4708.611015867582,511.1516652216394,4175.871134100223,902.4456658300122
2035-11-24 02:00:00,6314.444630424777,4720.021919948524,501.8199821701972,4081.9524845022856,862.0855942860654
2035-11-24 03:00:00,6262.305224823845,4727.034612144595,508.373331880371,4107.347415545687,860.4420051142557
2035-11-24 04:00:00,6349.735877283156,4945.86405694717,507.5554163940948,4121.384009071385,884.5397042717545
2035-11-24 05:00:00,6528.81631545943,5315.257896913774,546.120364716323,4345.074286000493,915.854686416489
2035-11-24 06:00:00,6714.848840941256,5573.793558828861,602.7770717439034,4546.910587159732,1060.8765264385918
2035-11-24 07:00:00,7011.403236387302,5581.535807409491,603.8113096221648,4647.493908669364,1251.3464652308658
2035-11-24 08:00:00,7371.112408081807,5636.730263523106,610.9723402085668,4628.685386535472,1294.4720130201792
2035-11-24 09:00:00,7704.117045881176,5716.165933506916,605.0931433315847,4662.056939934516,1336.320051823111
2035-11-24 10:00:00,7790.533101064548,5488.752145673799,597.303806973784,4681.418227648021,1323.0620235019917
2035-11-24 11:00:00,7770.849803039233,5486.6179483394,596.2716956589056,4587.636700854232,1315.2813606567074
2035-11-24 12:00:00,7647.7947323313665,5492.335591875434,587.1178549544547,4569.095539385455,1272.65336317964
2035-11-24 13:00:00,7562.560597071488,5507.178423012725,593.0295432513836,4490.550441954557,1245.2567767902794
2035-11-24 14:00:00,7847.5883640462,5657.981544683417,595.2778053901253,4591.10526063381,1223.734146580384
2035-11-24 15:00:00,7787.062999748562,5621.8578232082455,608.4463145678714,4612.016093629174,1242.3027424733705
2035-11-24 16:00:00,7904.910942540823,5822.903329439528,616.3797208293175,4727.161547468767,1308.5250270064842
2035-11-24 17:00:00,7953.130608158084,6047.333643216489,675.0647027465291,4813.6625636569,1365.3286170393558
2035-11-24 18:00:00,7916.262206052957,6132.971292404979,688.1490860922811,4919.0832363499485,1421.432145518749
2035-11-24 19:00:00,7917.341736975951,6241.317591588991,709.4726310217787,4933.462014034642,1406.1681462251086
2035-11-24 20:00:00,8021.502325141774,5927.091958201655,705.2662909286447,4965.6094202772765,1399.1438529269208
2035-11-24 21:00:00,7650.364666991101,5763.875121406822,670.8051002024107,4745.87124617544,1335.4162737125152
2035-11-24 22:00:00,7303.734226350595,5269.051610624569,599.9651059829308,4541.316433370021,1235.7575818816003
2035-11-24 23:00:00,6784.087461863887,5046.164487486104,543.0537468015511,4364.119600233327,1037.2414652918617
2035-11-25 00:00:00,6702.181526887492,4923.933007578834,526.7692144896522,4249.116675194197,941.4045147544626
2035-11-25 01:00:00,6655.415581324957,4837.1701969244,508.140634293122,4172.243793898818,899.6128818701291
2035-11-25 02:00:00,6497.573327380801,4720.573335013083,496.9245457398092,4123.506451442823,873.2900410137706
2035-11-25 03:00:00,6501.696302861868,4963.912325693499,508.5130299304346,4162.526424195872,881.1987293722143
2035-11-25 04:00:00,6503.631354856095,4929.341610025831,516.2237474328775,4192.124471721008,887.9361950923337
2035-11-25 05:00:00,6665.084698471993,5320.191098428719,549.1649092010067,4317.325782689192,921.5814007812716
2035-11-25 06:00:00,7004.929007025284,5673.073162197003,604.6964226838674,4632.915598560728,1063.7421802720128
2035-11-25 07:00:00,7158.669146530336,5590.934448859489,611.7450759766408,4589.999452063074,1240.516176302941
2035-11-25 08:00:00,7644.496091006283,5702.4743484194905,603.9788470776795,4700.667862971522,1314.86250533542
2035-11-25 09:00:00,8094.317960988914,5842.597620434152,600.0142340374098,4723.766481658622,1315.4971448260346
2035-11-25 10:00:00,8034.228909272355,5650.15234892702,598.5953879142122,4739.6134460143285,1319.813377506213
2035-11-25 11:00:00,7950.5247455351455,5582.78962230404,598.9655049131495,4682.271319342729,1322.5579139496342
2035-11-25 12:00:00,7974.007182749993,5439.947581717112,591.2205638723826,4598.758532941284,1283.3061607311236
2035-11-25 13:00:00,7944.547275697852,5563.838989401536,599.1183800710012,4543.927831498461,1254.2132361672927
2035-11-25 14:00:00,8127.137985507256,5563.995123868902,598.5941895545554,4632.84289933277,1246.078167813484
2035-11-25 15:00:00,8054.605798059314,5642.44512883852,603.2405597984373,4621.623914448794,1255.4801985586191
2035-11-25 16:00:00,8238.532269772599,5780.8250983798025,628.1112331426528,4637.472506230953,1329.3288442764415
2035-11-25 17:00:00,8157.436582239429,6125.335731334814,671.2069495388381,4850.385241641105,1396.0076592687162
2035-11-25 18:00:00,8161.658498074748,6145.929976928597,694.0089902783461,4918.38986579718,1408.6956398890727
2035-11-25 19:00:00,8323.929500222843,6178.851032704365,709.9685747843647,4995.797004292919,1400.4867790649018
2035-11-25 20:00:00,8323.00860886871,6062.807427004234,705.3441744462837,4937.306639005748,1416.5436854144575
2035-11-25 21:00:00,7972.917848319776,5756.6370635487865,662.916347666735,4840.946144505762,1357.7158561748604
2035-11-25 22:00:00,7667.092854503611,5365.011438458535,610.1761165705518,4601.01907706579,1224.9839501586823
2035-11-25 23:00:00,7175.220177722114,5106.5937351061775,559.8173995742602,4368.999287464965,1069.3366194993291
2035-11-26 00:00:00,6639.379513748435,4902.453574926663,531.1994207577476,4218.957942791854,950.7263622638563
2035-11-26 01:00:00,6703.968352260687,4728.925399461553,497.56528244095546,4164.160035430826,910.7393574219726
2035-11-26 02:00:00,6534.710296318964,4696.8751633123375,493.7942816681693,4138.517558925464,874.292327604254
2035-11-26 03:00:00,6525.447592648807,4912.253155270239,501.24230672827576,4145.430635269437,867.2139125981753
2035-11-26 04:00:00,6523.054831825148,4934.972446850534,513.4890227827887,4170.352559073523,885.4241028734176
2035-11-26 05:00:00,6811.928638043005,5271.799418833174,554.134438534762,4347.313526301987,922.273159593676
2035-11-26 06:00:00,6992.623658832316,5714.624212675888,604.9294256072976,4631.447917712041,1082.0631117658668
2035-11-26 07:00:00,7285.791964958182,5689.5359983134085,617.8830064649545,4749.61404352372,1231.9227889189217
2035-11-26 08:00:00,7838.463183234489,5862.4837076731865,607.2143363962243,4636.649572304116,1341.0352350172157
2035-11-26 09:00:00,7995.516575683871,5744.151424044095,616.2399278451082,4734.809917636227,1323.5877079129868
2035-11-26 10:00:00,8029.478383853833,5693.904578231735,595.4962197949591,4711.096625146601,1335.1272733649198
2035-11-26 11:00:00,8032.704616673564,5581.389850993361,608.837052145835,4647.970411307501,1326.020726857821
2035-11-26 12:00:00,7672.754331835945,5508.129425419068,588.8993919221692,4524.95150824955,1264.1131701158608
2035-11-26 13:00:00,7976.660791853531,5653.7081035332985,597.9527128765576,4558.466474799459,1259.8929751862877
2035-11-26 14:00:00,8004.455869898596,5607.877900428855,600.01920819783,4574.377048131893,1251.8733142095184
2035-11-26 15:00:00,8137.544597810628,5666.755148040951,602.8753085574126,4556.915683674259,1283.8003388628472
2035-11-26 16:00:00,8104.05152042874,5866.59324461263,635.3717736504856,4666.091096418622,1338.8672119798448
2035-11-26 17:00:00,8246.367077012777,6084.150247811475,671.7869622218411,4781.83223797984,1369.340184448571
2035-11-26 18:00:00,8395.650672856264,6215.9091724231885,704.7878069366845,4923.207036138375,1416.9531237092392
2035-11-26 19:00:00,8164.0524897523965,6127.399701874527,719.4569829856363,4926.64928163662,1402.344745693805
2035-11-26 20:00:00,8360.348278102068,6206.890847492407,705.9861748373119,4857.706225799014,1433.913275190332
2035-11-26 21:00:00,7925.2865335186525,5784.790052488664,677.8728382346419,4700.360945508862,1352.218328012555
2035-11-26 22:00:00,7693.616221481571,5502.234558358214,608.5763731409304,4445.789134363907,1239.5071427617052
2035-11-26 23:00:00,7112.941743133497,5045.668348722496,551.3738938357134,4381.788891191727,1043.4180362749655
2035-11-27 00:00:00,6810.358671735781,4844.498760952116,524.4687016799352,4248.787004163888,962.4390718693944
2035-11-27 01:00:00,6746.48752372238,4688.27305168935,508.3786686078207,4230.951001517239,924.1645928704776
2035-11-27 02:00:00,6645.24467221768,4731.851073895797,511.4703972640227,4143.542862099681,878.7064251656752
2035-11-27 03:00:00,6482.978009594992,4878.766545206015,504.7631822116827,4101.112618336646,875.704657681396
2035-11-27 04:00:00,6479.459957677149,5011.878984692457,511.0879780210474,4192.276365980113,887.4847293088252
2035-11-27 05:00:00,6822.72603699776,5311.465855496664,539.7989051955017,4351.448881691267,930.501049446066
2035-11-27 06:00:00,7144.998208626846,5694.446397403102,611.6725648835677,4592.418915700364,1071.260193214323
2035-11-27 07:00:00,7211.751577792185,5768.600853319292,623.0300057739984,4662.412989222473,1254.016252217359
2035-11-27 08:00:00,7811.844899683412,5765.675536889504,612.2966550129906,4636.289882043062,1330.6362247181664
2035-11-27 09:00:00,8011.995665400514,5761.41820891793,607.5346465054449,4698.728929657838,1320.8141946033936
2035-11-27 10:00:00,8232.284714752283,5652.373333721536,612.6163265397839,4625.177605939047,1312.7875112122088
2035-11-27 11:00:00,7862.251827019121,5614.310117338455,609.1528451066233,4635.775460857013,1318.0504775440163
2035-11-27 12:00:00,7935.700677996506,5477.435355685096,583.1330941370126,4524.11975850982,1273.369391592959
2035-11-27 13:00:00,8278.322831930924,5518.777392016006,599.4875791433399,4573.163682895432,1253.976153285418
2035-11-27 14:00:00,8057.089382708929,5608.672651116691,596.6898748900319,4547.34896243089,1278.7340691840511
2035-11-27 15:00:00,8146.558744799742,5737.482697648863,613.0249428578919,4558.6759533801205,1293.8836315324393
2035-11-27 16:00:00,8224.909439679011,5927.700076961319,630.6037147313752,4672.558647924581,1320.3009397217884
2035-11-27 17:00:00,8180.196085018614,6149.502496782171,677.6647405308701,4858.199922733839,1387.10291563637
2035-11-27 18:00:00,8249.27083231884,6241.8736566234265,702.5008568650215,4889.378956691333,1438.8981615007397
2035-11-27 19:00:00,8280.684587038038,6275.461265542047,718.3271064536593,4982.6815876811,1473.8558037746288
2035-11-27 20:00:00,8399.73322705037,6065.959420536566,708.8216727490567,5027.177039342949,1439.875945148582
2035-11-27 21:00:00,7989.281370247067,5765.621124765993,666.5677513706896,4831.415998264544,1368.0321687266655
2035-11-27 22:00:00,7704.291917812006,5399.809320552508,607.8094564051006,4601.813630118028,1252.6627305925222
2035-11-27 23:00:00,7098.845147723236,5061.669257606419,551.2047377796805,4353.180395636109,1060.853363866127
2035-11-28 00:00:00,6855.841386434254,5050.479397272962,535.194210431701,4254.928436149371,956.5953452146096
2035-11-28 01:00:00,6697.981269463451,4884.224310559287,498.1459718858069,4149.576272042441,915.060725226798
2035-11-28 02:00:00,6544.279105435177,4809.423051440792,508.352928378182,4191.860800928504,883.1610454065037
2035-11-28 03:00:00,6549.064432726675,4794.267571118712,506.6847485733996,4133.749980790454,864.0799782441009
2035-11-28 04:00:00,6565.654106210429,4960.287829096115,500.47751492118846,4245.047821205211,899.3859122091533
2035-11-28 05:00:00,6702.98685505445,5454.861522428697,555.0029320417264,4357.009599599688,941.810289197236
2035-11-28 06:00:00,7182.935691742824,5645.830189149887,605.9457009469193,4603.314943713069,1121.844536761962
2035-11-28 07:00:00,7322.04784938763,5739.628018500872,618.9637199517937,4722.73771712788,1258.7662740739584
2035-11-28 08:00:00,7713.184073080271,5837.788262434093,616.9160022133354,4652.61903463782,1329.307723391104
2035-11-28 09:00:00,8130.843567455804,5721.545987971824,610.4592153688945,4697.966320627276,1361.6061591758355
2035-11-28 10:00:00,8225.684726009578,5780.812259144452,601.5308464318031,4710.957696724892,1325.537895538847
2035-11-28 11:00:00,8105.149659250304,5610.707043678616,615.8947507350681,4598.609442313444,1323.0312434456682
2035-11-28 12:00:00,7855.00137065845,5539.089093630905,589.5184119569409,4564.298231232011,1307.117717849346
2035-11-28 13:00:00,7963.681488171336,5656.574752884827,597.445777359526,4566.366077503714,1239.777734837694
2035-11-28 14:00:00,7950.970603511904,5597.915346022351,599.4099463141788,4629.17521096549,1271.8896873610613
2035-11-28 15:00:00,8074.5066665270115,5793.467981352857,612.973114539099,4580.559962024167,1260.5422878872685
2035-11-28 16:00:00,8057.990860428581,5936.996218821799,623.6191593571294,4812.382625215631,1325.951665513898
2035-11-28 17:00:00,8276.281061539406,6224.760713832412,669.5196954266373,4787.577260128214,1388.270490546022
2035-11-28 18:00:00,8217.592038211058,6157.071168019504,689.8211467036308,4986.7871519334185,1445.2647396467592
2035-11-28 19:00:00,8433.348630683564,6302.534424810343,725.3030504686499,5014.690301190506,1442.4708947631702
2035-11-28 20:00:00,8352.391785366795,6189.152553253944,707.8514431673882,4940.743455213416,1438.1998681141697
2035-11-28 21:00:00,7972.818337397805,5819.819573942093,668.8206030209146,4910.242620208357,1359.0002605137588
2035-11-28 22:00:00,7735.930955326729,5483.677471172237,594.9883756859069,4551.339205930783,1250.3026280950153
2035-11-28 23:00:00,7146.975234318489,5122.702954081472,554.515596202029,4367.821972636792,1059.926992725248
2035-11-29 00:00:00,6764.81222516994,4868.362203414871,525.155415064762,4269.894368837116,973.5959862280504
2035-11-29 01:00:00,6664.529505728355,4916.883019737913,511.9961733871089,4260.377911452794,913.3119864812464
2035-11-29 02:00:00,6543.289545940925,4803.236180762509,506.0537700915716,4214.131870142863,867.0637005903565
2035-11-29 03:00:00,6647.743368599922,4813.787031216696,501.98891324618296,4135.686478585933,869.7325615161812
2035-11-29 04:00:00,6555.824209916832,4980.345973912449,509.8921390243178,4242.94150678117,900.8530977589418
2035-11-29 05:00:00,6710.795290861958,5498.3839089721,555.1018090342194,4274.039904616644,934.8656868269286
2035-11-29 06:00:00,7050.49760312273,5687.811698048227,618.8078284716147,4635.592391730199,1079.8130584706291
2035-11-29 07:00:00,7364.199056661756,5720.250287050887,615.9300892935628,4680.717710138148,1265.3244756142235
2035-11-29 08:00:00,7708.191357122377,5752.857333895115,626.0608027022259,4741.318585965406,1307.0059706314637
2035-11-29 09:00:00,8169.288854568507,5723.609524295152,604.7886211674604,4732.303295080728,1340.287508233632
2035-11-29 10:00:00,8220.898751428802,5806.8696083594405,603.0976837469418,4612.0076496929805,1340.2862389530874
2035-11-29 11:00:00,8074.459204421158,5775.327231166699,614.866124173702,4662.627497620128,1322.7829711782902
2035-11-29 12:00:00,7998.739688246957,5486.242767043959,590.8349035046203,4566.284915477542,1281.9100181921526
2035-11-29 13:00:00,8199.378756970826,5698.74193083784,612.8651798123403,4570.555966582319,1257.9469269986848
2035-11-29 14:00:00,8130.372778569301,5600.272277268515,596.4177080857975,4618.487489749467,1257.3345593981276
2035-11-29 15:00:00,8086.083139463668,5756.905759708402,609.8017958579205,4632.176995128347,1275.0478508563235
2035-11-29 16:00:00,8229.807425747204,5950.965070813179,629.0956220071697,4787.567969941563,1328.1042356159337
2035-11-29 17:00:00,8238.734202330841,6135.792434792647,670.148462068807,4833.66827377618,1380.0876236372126
2035-11-29 18:00:00,8347.28744242164,6243.986238534922,707.9695808201748,5004.061308353617,1440.040174454586
2035-11-29 19:00:00,8438.367248549186,6262.050365004635,721.8766144912578,4930.687522854737,1432.8649696333823
2035-11-29 20:00:00,8231.186454020537,6138.953996457337,711.4070631500591,5004.340255147044,1441.455590622615
2035-11-29 21:00:00,8217.66553486752,5885.25962836353,656.8599812826633,4710.819574126928,1353.482723119136
2035-11-29 22:00:00,7758.343985417507,5473.138396511397,593.5426491734827,4518.197672352332,1248.2149619118454
2035-11-29 23:00:00,7095.584683808616,5211.68791684733,550.7086346388419,4278.675538979817,1074.4070748518263
2035-11-30 00:00:00,6641.787053234746,4974.252004965722,530.0544434383453,4299.546999145563,952.0658987622808
2035-11-30 01:00:00,6609.125377027329,4848.07603973117,504.06582598748025,4164.21221449347,909.5242948746352
2035-11-30 02:00:00,6622.599504997989,4686.332820805274,496.35826556624926,4144.64906571599,878.4608362967393
2035-11-30 03:00:00,6480.910939496415,4827.958621091645,510.00472503996457,4215.608747441649,877.7420169886
2035-11-30 04:00:00,6537.668001073564,5024.820115234193,511.8589122275751,4167.748279607274,869.7667908642737
2035-11-30 05:00:00,6603.02645795481,5313.597046289109,547.1294900825743,4298.4048331770455,940.960680515038
2035-11-30 06:00:00,6996.565278188025,5677.987970495641,608.840027806748,4563.102362796773,1089.669671692122
2035-11-30 07:00:00,7213.471129030805,5586.234201751197,623.7989187759858,4519.389931792882,1255.4392134598622
2035-11-30 08:00:00,7857.066307533817,5680.075705306755,611.147416973122,4633.7338948425,1320.9081018351665
2035-11-30 09:00:00,7981.47746400374,5760.227485753893,606.3827443979566,4696.142165988375,1346.6531931464956
2035-11-30 10:00:00,8167.320754962796,5637.819921531471,602.5695474899272,4575.709374800996,1342.0142562473038
2035-11-30 11:00:00,8168.531168522722,5543.186869304127,596.9852520212696,4681.847360437249,1300.472735893821
2035-11-30 12:00:00,7714.016888416167,5523.912980974352,585.6285017370085,4576.876842705041,1276.20130616941
2035-11-30 13:00:00,7759.32569533445,5518.783360141081,597.3861041000602,4532.614113813478,1243.5441681955188
2035-11-30 14:00:00,7925.028541407412,5650.470308131696,599.5589721015393,4686.335641745291,1265.7485817912254
2035-11-30 15:00:00,7987.713444320344,5701.2675273651375,617.1643444925318,4545.221905257569,1288.336272979989
2035-11-30 16:00:00,8076.309512848094,5888.639062524208,640.87508990296,4752.585092112204,1324.071911912942
2035-11-30 17:00:00,8119.913260109337,6146.371158966112,672.3649304896416,4906.081825653834,1376.2418817713751
2035-11-30 18:00:00,8288.304561200533,6049.409239585976,707.9101575550932,5000.896877497012,1424.532683922905
2035-11-30 19:00:00,8164.240489429895,6168.167957111788,699.9546824144134,5012.443894245923,1431.1368159752117
2035-11-30 20:00:00,8325.35517185734,6158.569163461252,707.6719207534478,5020.023780643427,1429.29234655272
2035-11-30 21:00:00,7853.119226707001,5762.671830075264,675.4218590693972,4744.382872132083,1383.6921814044265
2035-11-30 22:00:00,7568.225208539887,5426.866173072266,605.5119856464872,4507.630115982404,1223.579055923408
2035-11-30 23:00:00,7144.246876455781,5119.164178449009,548.2009603490898,4385.082118045539,1063.384959620444
2035-12-01 00:00:00,7013.395622223375,5148.814870714049,556.2121500296417,4498.56462888283,1114.4007591751115
2035-12-01 01:00:00,6938.071707066963,5026.506140431795,544.1308573183134,4444.828849861588,1054.3840975082271
2035-12-01 02:00:00,6752.877851263317,5030.201564701965,530.565525401292,4368.821466918302,1010.1613469884242
2035-12-01 03:00:00,6836.850058336656,5026.232712842791,539.61462902469,4395.455820129714,1015.720839685539
2035-12-01 04:00:00,6661.792642759513,5269.0167059362975,547.4983365002362,4440.634354905492,1018.8865717045315
2035-12-01 05:00:00,7001.150477872033,5669.414041658736,595.1936971705335,4540.132983649612,1083.377892070355
2035-12-01 06:00:00,7144.554154004567,6028.862833584184,642.5979058667999,4895.924474136749,1242.02381588854
2035-12-01 07:00:00,7595.229004783298,5998.556331487229,660.8782446787136,4876.888066964995,1468.302304970195
2035-12-01 08:00:00,8044.783943678679,6040.019392788158,651.7312885870009,4950.284025699676,1515.1280596385318
2035-12-01 09:00:00,8413.625346781897,6107.431028161628,632.2686909845712,4846.398099444324,1544.680528868732
2035-12-01 10:00:00,8497.972786032127,6014.154121064818,651.3514144128453,4878.398926334405,1534.8262522785255
2035-12-01 11:00:00,8350.488314460317,5820.566236022929,645.8684117648926,4857.684845254436,1529.032132874796
2035-12-01 12:00:00,8048.338405974073,5783.49725480046,641.6181306689972,4695.148581016851,1456.510113490624
2035-12-01 13:00:00,8330.217247908437,5850.243456736204,642.1988250557114,4752.045612012776,1452.2099563977367
2035-12-01 14:00:00,8352.473387350423,5964.33941994877,635.4033355925543,4869.834181332439,1454.4609436496748
2035-12-01 15:00:00,8301.203271265094,6022.990710279446,643.2713744809628,4915.65156584678,1450.337871916403
2035-12-01 16:00:00,8525.562643852365,6221.495550331852,668.7248062426972,4932.210380820943,1531.1322918099222
2035-12-01 17:00:00,8611.24146233542,6554.158730087896,716.7799033146965,5129.710494149926,1591.320674868855
2035-12-01 18:00:00,8527.625180222118,6446.416332814638,756.2278391609802,5211.381529091673,1677.4273088839027
2035-12-01 19:00:00,8572.142880932071,6568.944359635173,771.7555988873153,5194.890646528969,1646.7420371198084
2035-12-01 20:00:00,8578.458477230759,6449.266950293,746.4627010473066,5165.757527096572,1629.6498122402108
2035-12-01 21:00:00,8181.561705921977,6054.681864435139,720.3792556253366,5088.689866703886,1575.3108600048524
2035-12-01 22:00:00,7776.634688559067,5734.2946243539855,647.6541172081144,4825.65116406811,1408.6148885420912
2035-12-01 23:00:00,7268.06252707621,5309.657869440383,598.5020298903609,4625.044615131999,1238.631962401532
2035-12-02 00:00:00,7247.56548802285,5143.195645360842,554.6971379580399,4491.382937482241,1114.5001653953768
2035-12-02 01:00:00,7056.800195153997,5113.995257389387,550.4852390013054,4500.548819289528,1036.3786481921604
2035-12-02 02:00:00,7009.582979919784,4988.065449539901,521.7399919447507,4550.444182916123,1007.319193866382
2035-12-02 03:00:00,6914.387631997896,5029.098807241508,540.3653601812293,4430.2688395207,1022.0534788301512
2035-12-02 04:00:00,7059.005157917023,5268.110410067362,554.3952547088583,4492.0166729251805,1017.536525412092
2035-12-02 05:00:00,7054.637678448608,5720.12303203257,590.1468018750779,4638.402120357318,1071.2196698643486
2035-12-02 06:00:00,7540.729027548871,6012.801097888417,659.7998000528155,4853.561339064441,1270.5409261776288
2035-12-02 07:00:00,7773.100300670064,6055.34367923096,650.9733061251718,4940.544723002213,1444.8997055556597
2035-12-02 08:00:00,8336.880825211732,6077.510527061709,655.722682369847,4967.143811436948,1545.3723105777133
2035-12-02 09:00:00,8472.720555468346,6136.946751353095,645.4445114172024,5005.123809282946,1535.210347287392
2035-12-02 10:00:00,8708.073769290262,6147.453952009849,644.5926643592809,4963.152790151699,1537.7815646868114
2035-12-02 11:00:00,8532.221168137014,6036.6843701999605,650.1202155634136,4962.372389356591,1521.4764052087212
2035-12-02 12:00:00,8384.31580320594,5940.776478803335,641.6021265936157,4893.340218504959,1490.491038795568
2035-12-02 13:00:00,8567.804986544063,5914.788358035108,635.7688524983814,4822.711381432508,1435.778512918051
2035-12-02 14:00:00,8559.004781706672,5878.836336735614,638.273040959067,4862.324793947868,1426.2236581899394
2035-12-02 15:00:00,8613.669676828937,6094.023377365157,654.1278434661133,4899.616347741317,1446.208010422852
2035-12-02 16:00:00,8605.903104791836,6246.255915148036,684.2046902852408,4998.986086639256,1525.7437692002202
2035-12-02 17:00:00,8812.80444954442,6460.705187273557,722.0556881232415,5154.427692032516,1617.1969119770429
2035-12-02 18:00:00,8832.57016637748,6518.094218624109,767.1545091019643,5238.6140639556725,1667.9531154447532
2035-12-02 19:00:00,8807.60978455415,6658.212357119015,772.5485538433059,5374.073447953951,1661.959067399576
2035-12-02 20:00:00,8903.401386026655,6570.542654817365,767.4875697280648,5333.381333403249,1638.13126972493
2035-12-02 21:00:00,8652.204794136533,6112.831223771634,716.5640736692496,5155.614976166802,1574.1521404960586
2035-12-02 22:00:00,8148.84544466746,5833.40323116774,640.7891638685744,4829.49339631731,1434.5945763817026
2035-12-02 23:00:00,7500.072625106554,5416.421430262299,589.8555599931204,4641.372187457572,1230.5828558248256
2035-12-03 00:00:00,7238.069452465067,5277.296201957492,563.7228560046317,4476.666782311984,1118.1391260072137
2035-12-03 01:00:00,7049.108123766805,5171.682205589204,547.4365470641192,4486.296596806811,1042.9448852321918
2035-12-03 02:00:00,6969.073442581775,5028.974247034969,537.2497146822263,4459.227950316102,1026.8039662990984
2035-12-03 03:00:00,6972.8571840692175,5263.310698542022,540.634751419298,4366.249542858584,1013.3166230523722
2035-12-03 04:00:00,6973.583099897424,5320.70703455546,550.3869618600007,4471.004070118523,1028.7092394282515
2035-12-03 05:00:00,7274.712305570225,5602.375411532027,593.1112336266918,4540.938855921518,1089.5574247724182
2035-12-03 06:00:00,7558.559414428918,6037.01201740911,645.8830859193304,4859.599612217213,1263.7676444941212
2035-12-03 07:00:00,7719.7708330271325,6009.103466839194,654.9185989387433,5008.475931826266,1471.8939873679594
2035-12-03 08:00:00,8311.718026238546,6176.225741296277,656.3632099412698,4973.085782564323,1513.6664022805855
2035-12-03 09:00:00,8685.341767204922,6131.017800812062,651.5576397834303,4994.418535413559,1533.6007109322877
2035-12-03 10:00:00,8830.576040569122,6142.500771568899,651.6637530219452,4875.390277187033,1550.0834514520814
2035-12-03 11:00:00,8725.301651604863,5928.751723328041,633.9306062224956,4957.17161717345,1552.4778339249358
2035-12-03 12:00:00,8434.710130977786,5846.495144394,636.5788622086783,4909.370968157324,1514.4456586359363
2035-12-03 13:00:00,8557.610719282553,5943.311710872913,644.8432393147892,4953.895864155767,1447.413688063862
2035-12-03 14:00:00,8696.808628220826,5943.694938375308,644.0200918940675,4856.772123610328,1452.1741891534857
2035-12-03 15:00:00,8701.703179641727,6119.996930354524,651.1899625019934,4950.030307827107,1479.7085518493045
2035-12-03 16:00:00,8712.069342796847,6187.8340217811065,674.7454749884681,5157.701176507771,1538.9680912443598
2035-12-03 17:00:00,8885.831306328073,6447.61356177163,719.1592533123924,5161.411447405472,1609.0269590216712
2035-12-03 18:00:00,9063.284215361256,6717.848248073477,757.51257270441,5316.468422363861,1654.409231104214
2035-12-03 19:00:00,8781.874762974465,6663.878391975238,778.1551343220191,5400.705222903735,1655.853761933421
2035-12-03 20:00:00,8847.621188989031,6546.826384604969,753.4868741611572,5216.777148987689,1691.7992543421717
2035-12-03 21:00:00,8640.503867452013,6212.942365100319,718.983462608241,5086.772254652145,1565.5793795457027
2035-12-03 22:00:00,8099.703174497018,5797.893707626956,649.7631799277855,4897.787674200455,1402.2041189699532
2035-12-03 23:00:00,7720.591844681309,5478.388369061123,591.7046468723388,4639.391057261503,1245.4461109081865
2035-12-04 00:00:00,7194.856602563018,5276.019622619817,580.2699669057965,4501.301875642702,1109.8959393269963
2035-12-04 01:00:00,7000.845401823676,5165.416872610055,544.8446873825881,4484.861926600598,1051.1210766728736
2035-12-04 02:00:00,6987.981529389367,5117.697146440034,538.7580919280209,4510.183871715288,1010.6905654563262
2035-12-04 03:00:00,7109.95904017188,5137.555529689822,536.8948974257729,4417.754528787948,1029.249919247309
2035-12-04 04:00:00,7116.159723125217,5296.990281810523,543.0360190148554,4453.332758999238,1023.0409620263152
2035-12-04 05:00:00,7341.615066964696,5721.122920467444,596.3508103068777,4644.030248064705,1087.1422815311817
2035-12-04 06:00:00,7706.452980045354,6067.504836823599,657.0562052827892,4907.162399278591,1289.4292938197989
2035-12-04 07:00:00,7880.694971289447,6027.801801610159,659.711020936787,4927.96866525916,1468.798820533262
2035-12-04 08:00:00,8241.47520512367,6071.030531492325,653.814598694031,4914.835090654875,1535.6906146219037
2035-12-04 09:00:00,8678.138929389404,6188.692621878567,644.1470292849743,4907.032270625821,1547.020927702158
2035-12-04 10:00:00,8882.050049989644,6110.683604741483,654.4738371308738,5056.702182813794,1534.8650494286414
2035-12-04 11:00:00,8659.709979919873,6056.851974957192,648.996566809574,5026.210361626365,1560.9467917128711
2035-12-04 12:00:00,8501.818261759812,5866.774165239851,635.0730544260581,4860.35124604697,1485.4956733644633
2035-12-04 13:00:00,8577.55117818581,5877.919057412913,649.330648317068,4839.205107067807,1445.5562946519308
2035-12-04 14:00:00,8701.810758400317,5964.810803852148,634.5222509787473,4869.445413113616,1480.8544554501668
2035-12-04 15:00:00,8767.422396532922,6079.958475747872,650.4262956910114,4934.93987374799,1495.7769464072635
2035-12-04 16:00:00,8790.328266820343,6277.508332865456,682.0247072351876,5117.974936002168,1516.1737793925415
2035-12-04 17:00:00,9032.525426752609,6554.814437582209,729.1267512733382,5204.778748993673,1636.6862825324854
2035-12-04 18:00:00,8811.646213292177,6626.86136636107,747.2531176870343,5232.365518563936,1647.031301871675
2035-12-04 19:00:00,8901.666636754297,6744.7582789016205,761.0024229220235,5243.370033942498,1633.6496688038935
2035-12-04 20:00:00,8935.259267972568,6522.633697294203,762.2831539378882,5239.668778666482,1687.871925068065
2035-12-04 21:00:00,8652.972432574565,6131.966284556687,714.1160414292505,5084.821327444638,1596.7625728214684
2035-12-04 22:00:00,8222.44296358855,5823.733300765649,655.8044207915474,4920.640955144113,1456.5189522801425
2035-12-04 23:00:00,7595.173271430145,5383.382411319043,596.8131465750098,4714.559073442738,1240.8922368480498
2035-12-05 00:00:00,7415.055824159745,5299.826308757073,572.6495735854955,4610.112263178529,1106.6411359357187
2035-12-05 01:00:00,7084.1005041893695,5106.996271737376,547.4614769608419,4519.7734555520565,1060.9384464902528
2035-12-05 02:00:00,7049.571083531898,5024.331117775144,533.5107352322862,4388.605966095872,1029.4173660020033
2035-12-05 03:00:00,6925.264786610859,5146.319575812848,531.6058792748352,4510.584230159781,1021.0805436727112
2035-12-05 04:00:00,7031.235008860935,5282.622169147398,544.6404162272955,4495.830786697937,1020.190673439512
2035-12-05 05:00:00,7469.791190307891,5783.578128082048,602.3670615083898,4646.512593701558,1083.832980316269
2035-12-05 06:00:00,7586.991233049203,6072.10361984993,663.1771166955241,4870.013397971717,1263.2873360108351
2035-12-05 07:00:00,7847.043962965817,6041.144467938968,651.3971502520586,4983.44440244945,1468.1519126151895
2035-12-05 08:00:00,8383.073048468641,6150.942891148876,654.1664824071802,5011.916092117692,1537.1845866977044
2035-12-05 09:00:00,8729.597023667742,6203.591422265391,649.3778947972492,5008.585293016148,1562.8727564638864
2035-12-05 10:00:00,8782.259026122027,6119.187338436224,646.0648056341635,5026.032639748532,1537.357714290697
2035-12-05 11:00:00,8889.580976879384,5895.843627890674,651.299058151492,5025.4548341790505,1561.952811986825
2035-12-05 12:00:00,8473.085732995043,5892.959571205708,643.7260931282719,4900.845488304894,1524.839667893649
2035-12-05 13:00:00,8721.637754811314,5871.527953115964,637.7634719915818,4919.8253019101685,1458.358264376052
2035-12-05 14:00:00,8507.550053861192,6004.570099480972,635.5789539951874,4864.131539784277,1459.078296046054
2035-12-05 15:00:00,8617.608261641033,6170.007867591998,652.1265051619245,4941.039132616756,1480.5439312072624
2035-12-05 16:00:00,8668.934735732606,6365.283991692396,686.0219522880151,5078.306156109121,1515.0312821435375
2035-12-05 17:00:00,8909.827553425126,6427.562466609479,727.6688978173244,5213.788175762598,1604.3894303071695
2035-12-05 18:00:00,8828.927411971497,6640.357357062674,743.4276584823891,5342.908912738153,1630.4993448226542
2035-12-05 19:00:00,8986.309745952969,6675.516781244152,775.8585632073659,5237.974772155483,1678.8436506393352
2035-12-05 20:00:00,9117.396665649823,6599.969500081896,770.2702351902352,5319.280703768781,1664.4764869617795
2035-12-05 21:00:00,8770.812325960758,6161.276308565897,726.6688486858679,5104.9625088807925,1577.965279228299
2035-12-05 22:00:00,8314.835809253602,5841.148737967613,643.5383763553082,4847.366360184611,1448.7100793019529
2035-12-05 23:00:00,7709.197475408037,5415.248054888871,590.3280976413029,4669.993518829411,1220.6970074240148
2035-12-06 00:00:00,7279.4979109007345,5277.294421276305,570.6675438550462,4580.267225554378,1094.55697409329
2035-12-06 01:00:00,7185.351830304498,5159.48642033067,541.1748122294391,4541.963811508035,1033.6340706767069
2035-12-06 02:00:00,6947.093524965067,5140.104802251352,544.8553738991516,4446.733453944788,1037.4520499738649
2035-12-06 03:00:00,6929.050722069214,5181.434390046535,551.5885731664276,4420.1671415048,1026.8888934617198
2035-12-06 04:00:00,7044.229291747705,5272.207094997047,558.5927025195713,4453.020452829355,1046.0132654822078
2035-12-06 05:00:00,7324.542913946436,5806.437951903521,608.7525936293164,4594.301478666186,1105.553229307634
2035-12-06 06:00:00,7522.248967192374,6101.8507422600005,650.7418078420499,4878.247614199381,1272.463494979272
2035-12-06 07:00:00,8056.414178851584,6155.027836803169,659.654886000917,5002.029567965675,1469.4952479358426
2035-12-06 08:00:00,8423.439834013992,6196.857512262062,658.9700144325101,4897.5693782586695,1542.5192153136322
2035-12-06 09:00:00,8607.90234145643,6060.189596118958,656.4216511493494,5102.673413916443,1571.2123094549715
2035-12-06 10:00:00,8658.24822441514,6214.39111791185,653.8953322885967,4985.127258094178,1574.9783585880225
2035-12-06 11:00:00,8659.051049272832,6031.891469313861,661.2817591881274,4983.926279172923,1523.088548015956
2035-12-06 12:00:00,8471.375285981674,6028.76085010312,639.2114258510966,4926.420933770198,1503.7104489234032
2035-12-06 13:00:00,8643.48782554806,6129.04304654838,632.2839350754158,4970.019046318741,1452.290023195436
2035-12-06 14:00:00,8587.466559725704,6056.719563369309,659.6016035559602,4860.920443921651,1496.1860009000925
2035-12-06 15:00:00,8722.774496763233,6118.84969211505,654.9650091773319,4952.038060318359,1505.5794231693055
2035-12-06 16:00:00,8768.851107990677,6387.414750028126,681.3925027918875,4967.666327324815,1527.042174412268
2035-12-06 17:00:00,8728.358200472625,6597.201547892802,730.5146114526598,5206.213754910396,1634.5846860106892
2035-12-06 18:00:00,8805.577912516894,6573.357505778044,750.9330617971005,5329.075013427999,1681.5011500128596
2035-12-06 19:00:00,9062.711361288646,6710.1060480601245,761.6713020449725,5323.06702468575,1691.158240204365
2035-12-06 20:00:00,8791.73212014829,6602.934498657713,752.31358503763,5286.648799646528,1661.963069962539
2035-12-06 21:00:00,8809.186348947273,6257.298271335891,717.5407991129642,5169.642420290556,1611.3952146461177
2035-12-06 22:00:00,8304.830766169882,5825.647442053377,652.2750267307846,4942.2319861169535,1461.717651438581
2035-12-06 23:00:00,7868.850097905747,5388.891475500435,614.7745729701073,4675.648191368452,1239.264521445611
2035-12-07 00:00:00,7174.101020565445,5230.134243906441,566.6115965355007,4508.767343602874,1101.388050045723
2035-12-07 01:00:00,7132.375509428901,5060.1179612802725,545.324849330244,4436.922132200446,1051.727574853012
2035-12-07 02:00:00,6893.381089810992,5043.630877228954,544.3304372188737,4395.976380857148,1010.8590381117924
2035-12-07 03:00:00,6941.823222855918,5196.80892757883,552.4309548292979,4474.459763751357,1014.6984169822844
2035-12-07 04:00:00,7133.213935432234,5241.421121516396,557.0997842907011,4484.840930134847,1023.103289934822
2035-12-07 05:00:00,7202.068407719372,5776.64872953601,599.3416468730574,4595.033561047223,1072.6568546344088
2035-12-07 06:00:00,7385.684023467718,6100.013335045663,655.6250772928433,4892.211565446095,1258.0280610570023
2035-12-07 07:00:00,7763.420665878706,6046.152785460953,652.9638582527466,4959.694566693487,1466.3226214681486
2035-12-07 08:00:00,8236.434152477925,6059.740436231391,662.5827582451644,4951.772454117611,1509.1061214983738
2035-12-07 09:00:00,8593.027356300896,6062.903148618748,644.8403405330714,5008.789747545731,1542.3813403972742
2035-12-07 10:00:00,8582.672164113312,6151.103240859409,647.0114490938654,5042.482967414949,1569.892792044412
2035-12-07 11:00:00,8522.416282158825,6010.810580831586,649.3447817640608,4867.493824715752,1549.5507946952887
2035-12-07 12:00:00,8466.486967132603,5868.408174674271,635.4275585834406,4839.924386556711,1499.4969160369649
2035-12-07 13:00:00,8713.64011145108,5990.437024015773,646.5156061322273,4858.9678227547465,1460.8625126436862
2035-12-07 14:00:00,8514.986202239295,5965.760209474525,649.8773882796604,4856.164034188999,1465.9175057137882
2035-12-07 15:00:00,8695.930616203084,6016.247438421737,653.1934883056147,4915.605738090333,1464.3929750312384
2035-12-07 16:00:00,8727.49581392684,6303.783355048976,687.3778845781376,5043.806145449121,1521.048234536254
2035-12-07 17:00:00,8887.666232375335,6436.035378836344,732.0700622713788,5246.1116285849175,1621.344421400936
2035-12-07 18:00:00,8788.917031431,6660.283401298755,733.6913375823856,5411.388063320823,1633.811430296363
2035-12-07 19:00:00,8780.61862263331,6705.1794668611365,762.3852211164266,5445.661940951502,1652.5976071358727
2035-12-07 20:00:00,8979.891553071351,6523.225542374501,768.485131275401,5250.416952635059,1636.7011088703086
2035-12-07 21:00:00,8491.59260982304,6235.943705917239,722.9285118329598,5000.555160582489,1577.2840600348875
2035-12-07 22:00:00,8148.197116875692,5775.4290387655965,649.5637980640952,4850.778603369137,1442.5704111884506
2035-12-07 23:00:00,7663.9207569442115,5497.73664421133,598.0833605349337,4699.054658247635,1241.4224047453497
2035-12-08 00:00:00,6946.086994941452,5159.239408143813,561.5307598445056,4458.794700874151,1090.4425917646442
2035-12-08 01:00:00,6800.834722741358,5130.330748956242,547.4470061523385,4395.295609644657,1048.0835098356183
2035-12-08 02:00:00,6713.7318540631295,5049.1640146121645,548.2148569887462,4431.462245416643,1019.9611733942112
2035-12-08 03:00:00,6740.18211404916,5020.176710820909,535.134017951569,4447.167530004288,998.4389868681112
2035-12-08 04:00:00,6693.7772444110215,5240.997445789131,547.7233378096313,4493.744946642796,1029.467755340734
2035-12-08 05:00:00,6982.671066162337,5616.954994165144,605.6702338573449,4514.150333635047,1070.3946488982745
2035-12-08 06:00:00,7320.737140223839,5933.107722771523,649.6822706617929,4794.148927319005,1254.520161727204
2035-12-08 07:00:00,7653.551758621259,5996.387117539304,662.5328119002713,4855.921606909686,1439.3712484866394
2035-12-08 08:00:00,8001.677772345714,6140.915366434344,663.9702776268217,4859.435110116676,1514.6674645271248
2035-12-08 09:00:00,8387.285410127073,5931.787135626436,648.8921821835572,4967.403025413804,1567.9661672512575
2035-12-08 10:00:00,8301.513347155595,6115.040559561697,646.952663972671,4941.034581262323,1521.1098321730178
2035-12-08 11:00:00,8296.707100897756,5872.865423811778,642.4092088164459,4873.636398971985,1513.7849151811308
2035-12-08 12:00:00,8246.391967552687,5842.997836871688,640.6034505093301,4857.312117293716,1475.921048402189
2035-12-08 13:00:00,8171.075487514596,5916.473677718597,640.5957597151096,4822.303190835626,1454.2343881823128
2035-12-08 14:00:00,8360.702137154502,5908.22892781977,638.3237176681453,4899.132952105283,1463.3880964921857
2035-12-08 15:00:00,8436.20179323132,6015.367555860296,658.8971740845684,5006.8483078574845,1449.7272535033444
2035-12-08 16:00:00,8238.833870074057,6306.167217644534,680.7325565734285,4920.933901574204,1514.1764108609864
2035-12-08 17:00:00,8580.573080021832,6393.244063002114,703.1649348821281,5077.556153322489,1610.3185368395082
2035-12-08 18:00:00,8574.560018458225,6629.20276637677,758.9470379828949,5247.438241879964,1617.594145659158
2035-12-08 19:00:00,8406.727534283798,6579.376336544147,756.8729161884286,5234.487433573079,1645.3448292795242
2035-12-08 20:00:00,8426.084916416368,6410.854877456967,753.5519659508433,5178.048366471902,1633.081342958068
2035-12-08 21:00:00,8205.486414058101,6101.163582506109,720.8494931201266,5040.390790842263,1590.0564844256708
2035-12-08 22:00:00,7879.067081333751,5791.820882207789,651.4971709375294,4822.350229306386,1408.8646436039194
2035-12-08 23:00:00,7174.616358851536,5344.069912659566,594.554893619013,4593.702958032387,1231.6974859830284
2035-12-09 00:00:00,7212.777170028821,5218.951753041388,574.220067793136,4496.642598282225,1097.667740526297
2035-12-09 01:00:00,7006.749717700933,5062.97489924702,565.7898979822057,4483.893945847506,1035.019178489649
2035-12-09 02:00:00,6845.154725769731,5096.521854813841,545.2682643149449,4350.182199298831,1020.037927344726
2035-12-09 03:00:00,6950.2440765100655,5218.49825999816,547.7084430782318,4422.797441669825,1008.8187814773888
2035-12-09 04:00:00,6973.1785098109485,5224.039205104052,548.173408942178,4502.419439130869,1051.1692529695356
2035-12-09 05:00:00,7234.654609342388,5752.787347035227,592.0560216366499,4677.333718899669,1087.8745416458785
2035-12-09 06:00:00,7319.523858950812,6019.872496030192,668.6558286644797,4907.323306691249,1265.8654082230892
2035-12-09 07:00:00,7723.69628706785,6055.517812333927,664.7617486562784,4939.673374461174,1461.4396880138684
2035-12-09 08:00:00,8446.576482745113,6148.640706389043,658.9431078263899,4950.1023467383575,1495.7898487411808
2035-12-09 09:00:00,8558.89511314934,6165.689576466469,638.507318018888,5009.725904417977,1537.8511940344174
2035-12-09 10:00:00,8528.773522056603,5908.751361828932,656.5246497582394,5024.919955492991,1548.986529337334
2035-12-09 11:00:00,8729.488565508267,5988.791934121015,651.0997816540089,4972.927163776467,1521.995461547379
2035-12-09 12:00:00,8441.619776225243,5883.518416777907,626.2552713421242,4788.927191058029,1475.7541029024912
2035-12-09 13:00:00,8529.476319037281,5919.038560246818,640.5461476666491,4924.576325280536,1470.0320869058069
2035-12-09 14:00:00,8711.160537224787,5965.098155518799,629.2258160379833,4852.697344337375,1448.0107149234248
2035-12-09 15:00:00,8612.074859903512,6142.534378582774,660.2956288377522,4942.33587770946,1466.832811390104
2035-12-09 16:00:00,8745.366944254898,6356.711069119486,678.9184762487158,5003.538595845223,1527.2668501822204
2035-12-09 17:00:00,8800.476488700091,6652.992507957926,724.9495546239091,5239.590382427368,1613.0895038797992
2035-12-09 18:00:00,8819.418165011139,6536.581179401539,760.0733762457407,5279.911903099483,1657.187768367711
2035-12-09 19:00:00,8870.882001111724,6664.353273339393,768.4371841949147,5276.584156818721,1645.283876242192
2035-12-09 20:00:00,8846.106975352275,6437.521723072615,750.0953468554214,5314.932850216806,1652.9038091638029
2035-12-09 21:00:00,8599.817765176356,6213.354697854919,731.3978185795402,5128.069407112688,1569.59228472669
2035-12-09 22:00:00,8180.68911404861,5726.765275482298,655.4408512059925,4883.449123863677,1411.6515482587756
2035-12-09 23:00:00,7653.843189220155,5374.107873678109,587.3872724158869,4601.964826840597,1205.718151398196
2035-12-10 00:00:00,7320.246841398938,5276.248556666402,566.6115062011803,4504.38287472434,1119.2024118827203
2035-12-10 01:00:00,7238.479638147845,5102.057352816,539.5408737621668,4475.620733329452,1058.0411920839856
2035-12-10 02:00:00,7012.595131193511,5096.448491005411,545.5212690918917,4417.212576311864,1029.3567069870878
2035-12-10 03:00:00,6943.958223697436,5077.42443038865,545.7832358399256,4419.464735555446,1023.8156740543684
2035-12-10 04:00:00,6879.896658212447,5352.81027828533,553.4044564672987,4456.583308349444,1036.1279080195563
2035-12-10 05:00:00,7162.37246975137,5788.940776622806,607.7860983608255,4628.118067776314,1073.6503132187008
2035-12-10 06:00:00,7615.862429524736,6171.417881307703,654.715871698233,4879.1478229794575,1259.8500647270484
2035-12-10 07:00:00,7957.52106625669,6048.306886920248,645.6323484538784,4904.039208752781,1460.7124029631907
2035-12-10 08:00:00,8268.951442640058,6112.750462868828,643.6706421953207,5029.052048285606,1535.7943380706029
2035-12-10 09:00:00,8649.379293862841,6213.325898833302,639.4792956577271,5058.721424236985,1550.47661997539
2035-12-10 10:00:00,8559.818427274733,6045.188585215174,658.4957947291452,5029.576014070689,1554.021062326314
2035-12-10 11:00:00,8683.747060924208,5954.885682612893,652.254084766004,4899.253134381358,1541.3913830103284
2035-12-10 12:00:00,8430.129321429049,5987.476260799483,643.3173015486059,4833.315107788218,1449.1949404703678
2035-12-10 13:00:00,8663.514423966833,6021.669504358059,659.2293757408461,4893.657058209604,1459.9806324562676
2035-12-10 14:00:00,8728.09555370727,5985.272071664194,653.1922813949994,4881.599080258776,1477.082858789077
2035-12-10 15:00:00,8620.38537894047,6093.189633083556,651.0162026661262,4926.187898825859,1470.9242830426842
2035-12-10 16:00:00,8819.833019166077,6284.9894418778495,680.7033530656329,5062.689124741163,1532.2934840223309
2035-12-10 17:00:00,9092.29845325911,6488.125599180975,736.6645244450389,5201.50510478531,1605.6595532119968
2035-12-10 18:00:00,8937.433741413888,6743.623062940166,750.5457127649046,5221.035305303863,1691.8280324859431
2035-12-10 19:00:00,8971.167789427864,6726.670529233065,769.1131309448249,5347.3208621084505,1680.1348329268508
2035-12-10 20:00:00,8989.186154561366,6546.1360686860135,761.8881021394841,5262.641163198361,1640.3621508058318
2035-12-10 21:00:00,8596.780191692156,6290.748180744197,711.7616597423921,5196.900213366166,1581.709233817112
2035-12-10 22:00:00,8193.998757175179,5738.485490324881,652.0145797158762,4949.286014348108,1425.5939637483586
2035-12-10 23:00:00,7623.399999504015,5481.046426190696,594.5292871112536,4625.127568636911,1227.4381339721706
2035-12-11 00:00:00,7332.342501664865,5235.908087950563,559.4384839124375,4477.364444713202,1114.1241498562174
2035-12-11 01:00:00,7121.792238011248,5101.372502507368,538.6620226804191,4532.057825351669,1040.7881178865016
2035-12-11 02:00:00,7015.079056704867,5132.264002252776,546.8334413972156,4496.484827406428,1032.3150493760318
2035-12-11 03:00:00,7061.992509736387,5210.260738627007,538.5441251869737,4336.4885958852265,1011.6504619103964
2035-12-11 04:00:00,7039.796229009096,5225.734835544031,543.8344888437286,4486.237556507823,1039.0034974476746
2035-12-11 05:00:00,7322.402825641406,5706.47104094402,602.1816926725148,4628.477417785371,1086.2095484084816
2035-12-11 06:00:00,7838.377602826307,6019.15039956189,656.7372218124896,4844.673585030338,1265.9652356715137
2035-12-11 07:00:00,7876.74048326503,6129.91471375691,652.9513951158428,4934.22170653181,1477.7084549648291
2035-12-11 08:00:00,8455.217667092484,6198.290522609448,659.7636410932207,5041.264669958633,1543.1071578227188
2035-12-11 09:00:00,8709.132194792799,6202.217680636296,644.208316826426,5082.333825807393,1583.0880379750486
2035-12-11 10:00:00,8823.815972876746,6111.127601568873,644.5217808236797,4961.457371173693,1570.240714621338
2035-12-11 11:00:00,8720.564493782154,5949.174317884907,653.5484960817759,5042.010672904254,1542.204704338173
2035-12-11 12:00:00,8682.812326784053,6014.514528128671,632.5083366855264,4894.63088144934,1481.7756868921206
2035-12-11 13:00:00,8581.443707899058,5906.391594794631,642.8944555499025,4891.188598443879,1478.2205005982755
2035-12-11 14:00:00,8670.898743762424,5779.103529192659,631.744145392634,5007.218163627731,1466.070184969522
2035-12-11 15:00:00,8576.701459768827,6154.8895860451485,650.562595895498,4956.697236247142,1456.0717990724777
2035-12-11 16:00:00,8734.025520564364,6186.063163638965,674.5699105631446,4944.102112229446,1542.0068671656256
2035-12-11 17:00:00,9057.687886617692,6564.513188075767,718.2726207888276,5301.879483406973,1646.517312270996
2035-12-11 18:00:00,8602.593740011122,6691.172055686178,757.8062104293357,5313.55847013832,1684.8855444749402
2035-12-11 19:00:00,9081.543126700995,6683.725345968656,758.5831203964902,5290.440651099852,1664.6032650609156
2035-12-11 20:00:00,8836.982914919306,6518.546792094723,764.2922990635315,5321.483416375817,1698.9973425246071
2035-12-11 21:00:00,8803.06320923073,6230.76480945249,720.5338906280202,5110.973871178338,1601.3831791893
2035-12-11 22:00:00,8420.41535510745,5824.39803210624,642.7291364855497,4888.2850709051445,1431.1907496763915
2035-12-11 23:00:00,7653.436683465792,5422.579223452062,599.9397606800568,4777.61557642022,1219.3531005580196
2035-12-12 00:00:00,7362.573859689477,5245.365675002157,565.6367551918136,4550.136939644915,1117.4991821679844
2035-12-12 01:00:00,7265.187293982859,5183.383449023418,549.259677930685,4503.75576467545,1052.5306426673037
2035-12-12 02:00:00,7069.182768045704,5086.403133604686,536.3305981872238,4458.15312385281,1031.9590298878093
2035-12-12 03:00:00,6997.2009840611445,5228.622492435572,538.7390954312881,4489.888307858162,1007.5121884097504
2035-12-12 04:00:00,7240.502487939265,5357.405046632024,550.6481700326381,4465.258878348733,1046.464579522818
2035-12-12 05:00:00,7305.249872140346,5614.9211430007,602.0617609097995,4595.513537777535,1090.6913523829114
2035-12-12 06:00:00,7386.972421765066,6098.114318962799,636.3707708778733,4909.469305382926,1250.463213951067
2035-12-12 07:00:00,7756.971000598067,6114.132354379463,659.309904468019,5018.046892301418,1494.7863308463209
2035-12-12 08:00:00,8261.642558096493,6173.764830820282,653.8373444019524,4967.298020403481,1533.4219146664848
2035-12-12 09:00:00,8674.273054612171,6269.086428131008,642.5343894820343,4935.611953162276,1560.1360816502172
2035-12-12 10:00:00,8898.482657123232,6098.987099830667,649.6133629331916,4924.592103872936,1539.101510823474
2035-12-12 11:00:00,8715.219875694162,6195.669289824134,641.3188494801905,5016.126379674929,1517.45453726519
2035-12-12 12:00:00,8583.023395735736,5861.273648653661,629.5665772341983,4991.8333063158425,1505.0596622070707
2035-12-12 13:00:00,8652.35555298393,5982.146368363598,642.5417925554027,4864.447244044683,1472.7826214191498
2035-12-12 14:00:00,8652.290883940392,5919.95891548035,643.0186804485664,4858.145516459529,1453.2084001252465
2035-12-12 15:00:00,8653.3095059659,6132.045341088203,648.6400863758554,4943.686193472999,1475.455325499377
2035-12-12 16:00:00,8753.281893591684,6353.489412501117,680.8279375724591,5087.761089742495,1533.1672216850436
2035-12-12 17:00:00,8840.044672943688,6543.261179793468,735.4470639413665,5267.327881081275,1606.3034308122997
2035-12-12 18:00:00,9088.5535399688,6654.055325763658,765.5896841371879,5290.521602414213,1691.8695598407485
2035-12-12 19:00:00,9054.816356493153,6609.651782061741,770.566059185061,5354.925073266832,1649.342126298322
2035-12-12 20:00:00,9014.844961856636,6568.313184633093,760.1083530872843,5236.897673959714,1635.7460373743202
2035-12-12 21:00:00,8619.785684969269,6301.303031942813,718.8856162549504,5147.340311902241,1582.8637581788262
2035-12-12 22:00:00,8328.029879772646,5731.570482476527,640.947999771355,4902.646674332594,1428.8081702504185
2035-12-12 23:00:00,7740.53648707592,5536.430017449781,597.2707938402142,4559.034629175751,1222.0235157732568
2035-12-13 00:00:00,7325.333936294543,5222.885523385014,566.7475485596267,4641.698811293356,1107.5842416896926
2035-12-13 01:00:00,7026.343120485147,5172.453006373957,555.3738789546301,4507.994223596128,1040.1562106535494
2035-12-13 02:00:00,7084.188456037882,5012.67188798986,543.5004154389812,4394.723946932794,1041.2984152605875
2035-12-13 03:00:00,7107.991479969343,5153.527812272007,542.5969478916352,4508.752559412,1001.5535732224524
2035-12-13 04:00:00,7000.968571972465,5383.989741434597,556.1236014632537,4427.11876984792,1056.023691753369
2035-12-13 05:00:00,7290.642018954679,5808.945138202582,598.3179004681664,4634.620261513781,1092.50611402698
2035-12-13 06:00:00,7522.187584144478,5968.099252336797,654.9842659918377,4894.438967718762,1278.5170185569534
2035-12-13 07:00:00,7837.766635497797,6065.558665770833,654.9659916514519,4946.902920771982,1470.9007397516427
2035-12-13 08:00:00,8443.726760229216,6178.649120734479,662.2343092756045,5039.700099120502,1539.7468779253031
2035-12-13 09:00:00,8610.25452730214,6097.083742011342,645.2753126071382,5109.716189298048,1570.3544920466895
2035-12-13 10:00:00,8693.859766609872,6125.482098911296,661.1640006884577,5009.949145960245,1563.6714090988391
2035-12-13 11:00:00,8647.756876996764,5978.413523662501,642.9989191515804,5056.31024193441,1553.6840444201673
2035-12-13 12:00:00,8541.356297583703,5976.135930396064,635.2577830946635,4908.004485492671,1487.9765100511909
2035-12-13 13:00:00,8585.808183167244,6010.30164111992,652.9307120465187,4878.512957788853,1460.4978740322613
2035-12-13 14:00:00,8596.666814425289,5948.791285687146,651.779165569259,4836.465250843108,1470.23441363702
2035-12-13 15:00:00,8768.493573783922,6145.390768720554,653.3448567005845,5025.877113549363,1509.428432865457
2035-12-13 16:00:00,8898.060055307817,6308.6367554848775,682.3203188496743,5108.176511734547,1565.3865358405858
2035-12-13 17:00:00,8958.61244166408,6582.283481960054,716.3597850715144,5231.79399916401,1626.2358358589322
2035-12-13 18:00:00,9019.229251139865,6772.969544666224,752.224272360544,5272.061365684917,1675.24606189857
2035-12-13 19:00:00,9081.195046366169,6738.494822898492,763.0283811981926,5370.212608954332,1656.1538798119357
2035-12-13 20:00:00,8870.744980932652,6597.530671307389,749.2471670291688,5345.042143595106,1670.0433228065915
2035-12-13 21:00:00,8667.330132586641,6263.942081536852,733.0720386058446,5070.127717981533,1575.0528010629528
2035-12-13 22:00:00,8447.743874986892,5843.960037792488,643.9809983688343,4898.043147123403,1432.6375070196766
2035-12-13 23:00:00,7582.021769772614,5534.018841477309,593.7051259965084,4700.407667045383,1219.2887996381316
2035-12-14 00:00:00,7263.574328444136,5324.473232802628,551.3045153354155,4517.201375570037,1119.7698147637943
2035-12-14 01:00:00,7079.556840174576,5110.812045641379,545.7769900024088,4450.83466271042,1040.4551542030763
2035-12-14 02:00:00,6917.719166994017,5101.915534027608,537.3119658826056,4406.059377133258,1035.6806632410448
2035-12-14 03:00:00,6810.045998426429,5229.404678603391,531.7028608847868,4454.124476605438,1023.9889011657468
2035-12-14 04:00:00,6997.509699900278,5392.868067650785,553.5197316098512,4554.511428022456,1041.4383967077324
2035-12-14 05:00:00,7100.9657910370815,5846.408123953048,595.7843334755096,4546.394454302543,1076.8593621526516
2035-12-14 06:00:00,7552.789707555575,6085.0828068783285,650.8748708664116,4893.667888050384,1266.6446539742112
2035-12-14 07:00:00,7912.924527327899,6011.968601726258,650.9342006883371,5044.569544643757,1486.2909057235947
2035-12-14 08:00:00,8367.371264337862,6262.444494082454,665.2804819470438,4970.808659310035,1528.7454291157844
2035-12-14 09:00:00,8563.02575153821,6141.741980624707,649.5831860114702,4896.430837629521,1543.3814614877488
2035-12-14 10:00:00,8758.754605915308,6188.27327178095,649.8770726434718,4981.7476650671,1575.1960821293635
2035-12-14 11:00:00,8699.437645229964,5971.333216144177,642.9424861114087,4909.372684424027,1538.468857199064
2035-12-14 12:00:00,8369.876467492326,5986.506734582047,639.528364592118,4833.916384745799,1461.7970264563216
2035-12-14 13:00:00,8572.582078292658,5977.534913475787,653.6110620346313,4931.468683830316,1430.709802460017
2035-12-14 14:00:00,8552.294570209351,6064.314624094631,643.0033873489674,4853.850989130979,1466.47733260702
2035-12-14 15:00:00,8663.918456764697,6131.220519561593,647.5811414426178,4916.53597586983,1487.017413210154
2035-12-14 16:00:00,8702.950894583035,6251.635502667121,673.4429148941244,5089.841558087777,1540.841341077829
2035-12-14 17:00:00,8943.976796055362,6628.612575384005,726.7598243307257,5126.61769346972,1611.9904150192012
2035-12-14 18:00:00,8796.08384418483,6657.73426686686,747.2734230343983,5381.840680389135,1673.3489422919572
2035-12-14 19:00:00,8906.366411974928,6673.4546126911655,776.4992066686092,5310.949844064907,1656.1250379963894
2035-12-14 20:00:00,8700.099734009927,6626.30426775898,753.1387058572026,5356.952829169337,1649.80866498973
2035-12-14 21:00:00,8690.23879231456,6197.604570198419,710.9107617471105,5118.668768513014,1608.2571147421972
2035-12-14 22:00:00,8022.353256924713,5875.2987236607305,658.1074049845113,4916.591797679148,1427.5113286365145
2035-12-14 23:00:00,7615.620542691607,5491.851962954876,596.7583200138228,4599.286935570071,1218.3702853522298
2035-12-15 00:00:00,6911.640186381065,5092.337474996249,569.6867868226768,4526.242166906507,1106.3294247278225
2035-12-15 01:00:00,6771.872410524246,5055.210474762469,541.9055113935029,4413.124775912283,1042.094621796771
2035-12-15 02:00:00,6752.168254233727,5086.3909004770185,540.3534941203085,4422.975836273727,1013.1764954473202
2035-12-15 03:00:00,6688.591499790993,5099.887651708584,543.6434186501212,4444.831508372271,1004.5536369147674
2035-12-15 04:00:00,6760.666114565366,5321.112241141052,543.8407997945075,4461.480680612547,1016.2634974741708
2035-12-15 05:00:00,7002.716287692411,5749.909974020066,582.7217686573938,4680.532374578583,1089.1143103905513
2035-12-15 06:00:00,7197.045135531879,6061.4549721277135,642.4999893849105,4820.1564102037,1249.865960135846
2035-12-15 07:00:00,7440.749699387978,6046.383554611227,646.5109769286016,4907.025954857484,1459.772933926467
2035-12-15 08:00:00,8158.59612050456,6104.611046610513,662.9311918857758,4994.516543665951,1521.3975357636114
2035-12-15 09:00:00,8368.867154195463,5980.90577662738,650.0051316000054,4921.28695836411,1574.2024539282872
2035-12-15 10:00:00,8322.353270986669,6048.481253063074,642.6760743988602,4968.457806884141,1544.8185322151658
2035-12-15 11:00:00,8324.33000962928,5947.167035450237,648.8891126223998,4952.486200667036,1537.5978625326852
2035-12-15 12:00:00,8137.317555801996,5908.79104103101,625.1314489579776,4842.89608102201,1481.7134654428955
2035-12-15 13:00:00,8156.760641460904,5904.181934117958,649.1124634948239,4849.770941058659,1455.0946371655448
2035-12-15 14:00:00,8345.367276909708,5926.850624761296,656.24682855376,4891.94179074984,1437.1154716202095
2035-12-15 15:00:00,8324.651416446888,6035.151306264609,650.2654265752917,4956.265307129159,1453.8889712283592
2035-12-15 16:00:00,8393.027670691217,6232.610821892092,684.908106209255,5053.826676579501,1493.550745990584
2035-12-15 17:00:00,8483.336096504627,6398.508494365965,717.0692177616443,5234.760134479015,1610.8143814797108
2035-12-15 18:00:00,8602.052710718039,6494.94252536012,746.4621446682289,5279.362428678584,1617.3901419967376
2035-12-15 19:00:00,8744.962857631823,6558.39509803004,776.0763362151412,5316.607831058581,1642.0780183862878
2035-12-15 20:00:00,8498.35947347054,6433.2236110407885,756.6952114046202,5241.403449316171,1654.7502674773805
2035-12-15 21:00:00,8258.70642930511,6153.0692567919,723.5809075316984,5175.279181948346,1562.936260501855
2035-12-15 22:00:00,7842.35712986547,5688.971990739115,655.0191607914535,4839.524261332207,1424.3323441542468
2035-12-15 23:00:00,7364.49249292884,5394.329863443897,594.7022802880676,4539.78821302629,1234.615992392963
2035-12-16 00:00:00,7087.604752332646,5248.147787563703,570.640309412009,4630.771727062183,1105.7413995132126
2035-12-16 01:00:00,7221.427219352183,5114.385288852763,542.6018862547602,4477.65735603657,1047.9239814132332
2035-12-16 02:00:00,6954.468764662192,5158.8910055381,547.5561042771877,4373.6320706156885,1017.2710842421552
2035-12-16 03:00:00,6999.295067788469,5144.2598107640815,544.1335292346444,4399.164393588395,1016.0934945867414
2035-12-16 04:00:00,6920.164777993472,5382.021418173146,551.3274882353247,4447.4110538045325,1012.3603340352688
2035-12-16 05:00:00,7147.928773242939,5801.160949340218,599.5061466476537,4616.047876853278,1079.3143944876315
2035-12-16 06:00:00,7603.345276364916,6033.052069982357,642.0287593298981,4961.09617713153,1256.4113014637292
2035-12-16 07:00:00,7742.113366329767,6035.059893141431,651.9857203753437,4952.950050180804,1454.7543431608592
2035-12-16 08:00:00,8384.401306875594,6121.89587855387,659.9603295376121,4986.496602937663,1532.7453705113855
2035-12-16 09:00:00,8612.668948749035,6123.432805719823,657.6223026301815,5050.08989705874,1548.93193823454
2035-12-16 10:00:00,8500.014886043004,6075.956066488307,655.9223252907228,4985.551346313429,1562.142507350381
2035-12-16 11:00:00,8775.448659554175,6052.037252958504,645.5673183986676,4934.671792601916,1565.2793631885183
2035-12-16 12:00:00,8551.177473829015,5926.987151896918,639.4898200214409,4878.164992639563,1466.6788844020125
2035-12-16 13:00:00,8608.934799327124,5861.124070669121,652.5446986228626,4841.900474608216,1464.4638367775876
2035-12-16 14:00:00,8653.6054803751,5986.908797437444,639.8045359385308,4867.962643942607,1452.8449623588526
2035-12-16 15:00:00,8705.776860537244,6080.90353474533,652.7509976358917,4980.8898962847,1446.2867962487735
2035-12-16 16:00:00,8714.654140479897,6315.962321940056,677.7839215015218,5039.03070071385,1529.307319139224
2035-12-16 17:00:00,8809.089283760386,6539.928517340547,730.2764687532715,5311.851567962529,1621.0181903386158
2035-12-16 18:00:00,8953.19911604055,6569.586401263191,760.5667543279201,5266.2741397564605,1662.8283654152815
2035-12-16 19:00:00,8747.140554769177,6618.185613022285,763.8293474753987,5371.322292877429,1634.6187600517524
2035-12-16 20:00:00,9031.17555002165,6531.191381544534,774.1015541072059,5263.681255590886,1643.1308535563155
2035-12-16 21:00:00,8706.483792643781,6165.03426055314,719.4848764281544,5128.787526431735,1606.8299314778465
2035-12-16 22:00:00,8064.821093236395,5797.648068438518,648.977077214413,4845.919799760849,1430.18049920269
2035-12-16 23:00:00,7494.70303818894,5455.730452430961,603.6241098352266,4667.369971283392,1207.506843214711
2035-12-17 00:00:00,7276.947301041209,5210.348657753275,555.6998498969627,4625.010389530582,1097.6467272107138
2035-12-17 01:00:00,7144.796303607909,5064.853519840855,546.8576843166668,4503.095078984873,1051.228673377377
2035-12-17 02:00:00,7113.211194051404,5090.845277813307,542.4395148893198,4399.650869755888,1018.603947595589
2035-12-17 03:00:00,7045.628087599057,5342.567554814643,524.6584736928256,4452.473008674262,1023.4985491039124
2035-12-17 04:00:00,7106.943623556439,5413.236370790754,557.3583644075776,4466.449782812303,1018.228460673478
2035-12-17 05:00:00,7326.654106101453,5828.823263704759,590.2100264279708,4616.993024149032,1087.5225632564936
2035-12-17 06:00:00,7599.887409812008,6146.002866085924,648.6257814166331,4793.750308430264,1261.0439124164095
2035-12-17 07:00:00,7823.678829741124,6029.886945415081,654.8162748385153,5022.124666344481,1464.7339330986958
2035-12-17 08:00:00,8437.394170083991,6122.959743461998,654.5366504964763,4950.989409802084,1545.5073352711645
2035-12-17 09:00:00,8805.173563479499,6116.01792626248,643.887343066191,4957.618182625922,1544.5534763546868
2035-12-17 10:00:00,8886.955941452896,6106.530184813979,652.0653392652633,4914.249664969521,1544.5572065582812
2035-12-17 11:00:00,8544.304166909948,6082.800140775035,647.2217211039454,4925.0650222818895,1542.7552037379733
2035-12-17 12:00:00,8534.999004511665,5863.423189338051,633.3601018884935,4917.142520304821,1492.0254049368143
2035-12-17 13:00:00,8571.73874461087,5975.328739741323,645.7328755455748,4908.458634855153,1456.3552307603502
2035-12-17 14:00:00,8668.395968258334,5928.083412266204,647.3402564713867,4863.115873003291,1444.5219925302745
2035-12-17 15:00:00,8696.644106170612,6199.21274754387,655.1512605190952,4932.77014678036,1487.551949615426
2035-12-17 16:00:00,8781.83863088148,6362.643126984858,674.2128598912125,4998.323830334868,1506.4491301480125
2035-12-17 17:00:00,8832.080978793849,6554.732925388156,739.3083250945209,5123.6075757934905,1610.1851997539454
2035-12-17 18:00:00,8991.083674732969,6736.95053339561,745.2723455161965,5255.056254775428,1646.8753154584017
2035-12-17 19:00:00,9052.52227028386,6674.16962556401,767.4802954480367,5299.402180851451,1658.3231341760015
2035-12-17 20:00:00,8977.681209318087,6595.766071417414,770.7593571675233,5288.596788200577,1644.898050411496
2035-12-17 21:00:00,8675.00438063992,6195.764145446168,717.4343692710132,5082.320966623675,1619.978095199142
2035-12-17 22:00:00,8127.520886708934,5741.878979336229,647.0883806596524,4911.708068822739,1444.9317514518134
2035-12-17 23:00:00,7729.760852199622,5479.928894863527,597.5401762587242,4652.9235971620765,1214.2422193246005
2035-12-18 00:00:00,7179.833449316406,5259.576519727191,562.0939534583692,4520.642891992344,1103.1691158866568
2035-12-18 01:00:00,7087.239452728759,5158.2688404215805,541.0432249557686,4546.730958888238,1051.6542452267188
2035-12-18 02:00:00,7113.430365523187,5115.473457700159,537.2509881873351,4518.920704247171,1022.0244785774548
2035-12-18 03:00:00,7095.7742682286935,5227.333182903337,545.0155689080887,4345.846905968001,1048.5697656247012
2035-12-18 04:00:00,7016.347459366404,5376.492673516652,544.4116855990877,4396.1896165497,1022.8630976393738
2035-12-18 05:00:00,7245.6853578837,5823.011715970438,599.7344732606814,4613.5816663930045,1092.4741264339343
2035-12-18 06:00:00,7600.988151906416,6124.117862320508,651.1999252564424,4896.447348156459,1268.8645430445067
2035-12-18 07:00:00,7930.881627374232,6091.388067790264,651.447412696772,4933.562676549016,1468.1948836860238
2035-12-18 08:00:00,8368.900200587854,6141.144153515475,657.6806305440892,5040.426874579023,1505.6580351858486
2035-12-18 09:00:00,8810.35177893345,6147.970733764912,640.2499648463247,4991.460834991749,1571.6358225956194
2035-12-18 10:00:00,8927.631770651493,6085.444545926712,650.6735609532409,4934.331932871091,1531.0000658122528
2035-12-18 11:00:00,8878.797533911224,5990.587483827783,646.2386686646041,4954.933537069014,1539.7627980563088
2035-12-18 12:00:00,8518.404139113267,5926.108559511077,650.6652420232506,4864.642348249599,1494.1159697111768
2035-12-18 13:00:00,8718.655101412616,6009.747082240084,648.5351556038194,4943.028679407114,1477.16638627027
2035-12-18 14:00:00,8614.060419985204,6024.268083140595,650.027542442633,4927.579321940994,1494.321068639823
2035-12-18 15:00:00,8700.311842393046,6119.709184932891,648.9047773318796,4875.549058575039,1491.1968707472793
2035-12-18 16:00:00,8872.729790634592,6175.730882592142,689.102512290678,5081.822837428438,1543.5902239660809
2035-12-18 17:00:00,8927.917864455214,6597.499649433623,735.404870453076,5282.477781538456,1619.5452603437368
2035-12-18 18:00:00,9042.046271429668,6611.953520159994,757.898196380873,5333.788776202404,1623.3079521359207
2035-12-18 19:00:00,8849.866503269177,6750.870889833228,769.3408202321347,5359.148978116612,1664.0345035867365
2035-12-18 20:00:00,9003.071714896812,6492.643726882627,754.361520671371,5445.906346684781,1657.9966573421034
2035-12-18 21:00:00,8704.164702254613,6237.924557713184,714.618553306934,5202.358115171016,1589.247096843697
2035-12-18 22:00:00,8359.740986358654,5761.379630513529,653.1626930554099,4877.0147747980845,1463.96203165488
2035-12-18 23:00:00,7753.129958191279,5476.102490642173,594.0807959463891,4681.255606906827,1237.0887134253965
2035-12-19 00:00:00,7372.050222698142,5205.298720286471,556.8970977175483,4498.358086291823,1117.8461906437965
2035-12-19 01:00:00,7071.336755887526,5075.8310410711765,548.0756230877247,4536.652481794988,1073.0679981448657
2035-12-19 02:00:00,7053.577385727786,5164.043324945487,541.459545984385,4469.578103675589,1035.5381835167975
2035-12-19 03:00:00,7058.863637062131,5229.0596783354695,541.8379636285919,4507.230113529323,1033.36209813585
2035-12-19 04:00:00,7134.052596811817,5307.831840845855,554.6919239620502,4505.870911353004,1048.7060479520171
2035-12-19 05:00:00,7332.242546911308,5815.569617702849,601.0790971527351,4688.520461240475,1072.2743163923667
2035-12-19 06:00:00,7514.786632329504,6064.38809117403,659.6785825953336,4980.651399137358,1287.6437735600196
2035-12-19 07:00:00,7831.862803541941,6131.955188406321,658.5561107001811,4907.371803933739,1490.520990531001
2035-12-19 08:00:00,8435.321917615553,6181.959637332647,655.8187399295614,4959.417459336864,1537.2762497472563
2035-12-19 09:00:00,8710.91839855795,6226.800457365882,650.272348283922,4965.370326121672,1588.5637583805997
2035-12-19 10:00:00,8694.160085923908,6123.949343011509,640.74885845523,4999.301015348191,1559.3605616825855
2035-12-19 11:00:00,8661.411611199068,5916.931999077503,654.9524194495133,4968.795791885494,1556.206515195484
2035-12-19 12:00:00,8577.567278340122,5970.343684222887,645.7802562656669,4922.251974387623,1459.7703351341138
2035-12-19 13:00:00,8658.454119259362,6107.734880180816,658.2898582693657,4902.362485664098,1450.350737028455
2035-12-19 14:00:00,8616.062722721888,6034.496089342627,644.1468512496751,4872.645813554863,1459.8232181054696
2035-12-19 15:00:00,8820.449852018206,6149.029936928783,651.4733526434485,4986.932618068717,1495.1046349814253
2035-12-19 16:00:00,8834.69104920337,6306.377228571426,681.2986702381421,5056.166716824042,1530.817954808327
2035-12-19 17:00:00,9034.13114550005,6633.351072276373,724.1376609873203,5112.2759987411055,1629.5278516590283
2035-12-19 18:00:00,8851.65700390779,6583.165137192845,760.9382871662716,5408.22800914643,1665.552028159212
2035-12-19 19:00:00,8863.638741863462,6777.803026331181,758.9177694140864,5363.46907023294,1671.2742375237935
2035-12-19 20:00:00,9081.971519487097,6562.190755206374,765.8328019332054,5281.106376550743,1654.241320008367
2035-12-19 21:00:00,8690.748048272866,6285.1043096717,722.9870235804207,5054.333400727736,1573.1837266106604
2035-12-19 22:00:00,8221.914155184457,5698.424648561025,648.6882851728503,4884.9384519232735,1457.0461836414288
2035-12-19 23:00:00,7698.972480727642,5476.610615192618,590.2642993587433,4756.205303161517,1235.5420050031496
2035-12-20 00:00:00,7218.891178629652,5205.9078112966745,556.4435496436133,4598.755964260306,1115.8930403386832
2035-12-20 01:00:00,7085.157802182657,5131.720378904568,544.8376752182129,4519.653183100115,1058.7849210493018
2035-12-20 02:00:00,7044.892776041761,5043.702284422748,541.0310095114226,4363.432516370708,1024.6165123795392
2035-12-20 03:00:00,7004.292413339092,5100.2423106190345,543.9608961332206,4390.805911709199,1018.8985380862748
2035-12-20 04:00:00,7007.0998188397725,5359.496726436575,545.7590475641932,4447.5344445248975,1043.8752160810714
2035-12-20 05:00:00,7383.608706320035,5855.1877259079865,596.4249942991466,4638.578116288384,1106.8687815411265
2035-12-20 06:00:00,7558.670932444168,6129.0582039779765,660.5964758124275,5003.869210496028,1280.6116510244815
2035-12-20 07:00:00,7875.724791428473,6084.011706088935,657.869476294628,4980.752166403225,1474.8993935666792
2035-12-20 08:00:00,8434.05319269483,6184.639127303287,663.2514745963036,5005.53836261292,1535.1242168472932
2035-12-20 09:00:00,8814.32985972077,6186.557224107053,653.9931097006121,5032.61775900112,1576.5475255166416
2035-12-20 10:00:00,8799.99933796151,6119.9134563570215,652.1643007230315,5047.990181176824,1559.3318614085786
2035-12-20 11:00:00,8861.817866886528,5929.999748645262,656.1475689713563,4962.37640932899,1520.2894617983975
2035-12-20 12:00:00,8525.703125644353,5917.917466255897,654.6667472958219,4916.55434220978,1478.76515600673
2035-12-20 13:00:00,8606.97396481988,6039.565895697354,651.8191507078205,4837.847133736678,1458.4631860125312
2035-12-20 14:00:00,8562.494724414957,5984.9992542174,651.7336480108477,4867.5379235089695,1488.7697999361708
2035-12-20 15:00:00,8605.475274902377,6232.806235378356,653.2631424233492,4876.573750603906,1478.720203029726
2035-12-20 16:00:00,9023.384492515788,6239.612301187482,676.3066268186035,5023.231242477085,1537.976178391061
2035-12-20 17:00:00,9029.159990964285,6545.856063345488,743.7010793321173,5251.414896165623,1634.3782980240944
2035-12-20 18:00:00,8723.620339587575,6675.832139031555,763.3242581053435,5290.182825265938,1679.0218172707876
2035-12-20 19:00:00,8835.381495535363,6672.924779405636,759.940082464443,5315.084067781077,1647.234072240397
2035-12-20 20:00:00,8923.31924083708,6479.750002085484,761.3566845050001,5282.658590510141,1690.4043600785783
2035-12-20 21:00:00,8692.795125189465,6265.880699356843,719.5280554270425,5179.979460729517,1592.1590180757564
2035-12-20 22:00:00,8277.119485962348,5871.303106537174,645.5781727610484,4836.420752991506,1428.735250548934
2035-12-20 23:00:00,7685.339609870745,5506.567249595819,604.8217908005968,4719.115936783564,1247.2011371531469
2035-12-21 00:00:00,7185.795188676254,5321.415728575958,560.0327001599039,4546.558672356876,1100.7264418365828
2035-12-21 01:00:00,7134.332983764078,5216.814793139738,548.0511478067256,4385.638310011776,1052.8972256057186
2035-12-21 02:00:00,6993.791747935725,5183.459272413292,546.8829471121346,4417.259154479669,1007.2077467509812
2035-12-21 03:00:00,6906.760296071176,5114.190888368753,550.6758826029139,4419.846780330551,1015.8053376450008
2035-12-21 04:00:00,6959.148389248067,5349.566544200844,545.2129239026278,4467.721450466088,1040.386982737513
2035-12-21 05:00:00,7188.436810256723,5835.5449272227415,596.7638401653288,4529.940035806795,1094.7490237943748
2035-12-21 06:00:00,7562.04657811488,6146.109890761262,647.7362167573489,4928.429739742328,1271.2612948867843
2035-12-21 07:00:00,7769.3247029467875,6061.048552320183,657.4251285080076,4966.782164236231,1448.760456779808
2035-12-21 08:00:00,8328.697630785127,6197.122652440585,659.4251042578348,4962.361988359236,1505.5911983031483
2035-12-21 09:00:00,8578.74463798712,6196.02433808121,653.2931367880951,4963.319396068793,1536.781039891932
2035-12-21 10:00:00,8680.71091417267,6118.283946597804,655.9115592832056,5009.437345031359,1549.0234661648892
2035-12-21 11:00:00,8622.47294858225,6068.356590201075,651.800352083348,4854.278998354378,1536.8784492341476
2035-12-21 12:00:00,8433.367164146974,5875.366471663207,637.1290492195664,4890.374176132709,1489.9360591886575
2035-12-21 13:00:00,8570.321438630239,6034.583084650835,657.5302181486267,4847.828780632831,1476.44304753792
2035-12-21 14:00:00,8409.192591930288,5917.291687833962,649.1997394184713,4887.843096006975,1450.6556223437942
2035-12-21 15:00:00,8458.227877908837,6102.524402202186,649.162038196173,4971.841863027637,1473.9289581768755
2035-12-21 16:00:00,8763.961626468878,6334.311011687931,687.8639798595245,5035.700069179917,1541.0923014297832
2035-12-21 17:00:00,8816.101058838842,6542.21157774463,719.6184165442996,5286.340541923688,1648.5693752799796
2035-12-21 18:00:00,8983.637367726154,6629.025124427814,744.4328707228935,5295.881958244431,1656.88160977433
2035-12-21 19:00:00,8942.280673350855,6657.252510931863,762.46358717276,5295.192557376335,1640.5777471837273
2035-12-21 20:00:00,8780.642886952215,6494.999706539991,778.4913011951468,5313.1979421199285,1619.0712017317585
2035-12-21 21:00:00,8590.089709001224,6233.500902366988,730.8160053070261,5189.106934430982,1602.194251448059
2035-12-21 22:00:00,8247.64382208263,5868.791478285333,656.655088946189,4886.613195295592,1431.0684017553172
2035-12-21 23:00:00,7695.075900042329,5457.43599892286,588.5613136713793,4693.507941040221,1232.286296857273
2035-12-22 00:00:00,7089.573955206338,5205.343483977398,567.9572835005362,4465.558145821919,1100.9489512365394
2035-12-22 01:00:00,6810.170736147121,5149.981064175625,547.5123553817675,4357.007362527638,1053.3633007999044
2035-12-22 02:00:00,6782.055839090117,5113.40028315064,533.6705668326897,4403.439433216276,1016.1987689639524
2035-12-22 03:00:00,6697.234560874634,5041.081098939944,541.9482620899674,4465.739918868676,1003.2245632489604
2035-12-22 04:00:00,6913.999545550967,5212.031349015917,546.6339298731077,4527.661302180419,1035.0836708112456
2035-12-22 05:00:00,6951.703976203073,5732.1037149109,594.8708838552083,4581.084354274354,1078.648621380144
2035-12-22 06:00:00,7209.862368627786,6072.564846627697,649.7210303427639,4739.517087378419,1269.2061388210643
2035-12-22 07:00:00,7554.093796885961,6032.893340978601,645.6195259890976,5016.46699988358,1452.2678042962625
2035-12-22 08:00:00,7936.361364806849,6113.542234014112,639.1915043980597,5009.326313507276,1540.8083424434396
2035-12-22 09:00:00,8225.162759101544,6116.401762285702,641.8078765690043,4965.688041390993,1569.3199249519903
2035-12-22 10:00:00,8390.629445341729,6012.658188399095,637.6394490057586,4902.052830048961,1554.7292679459213
2035-12-22 11:00:00,8195.798867860067,5941.829835099788,652.9158746311517,4983.134988278995,1545.5230596946046
2035-12-22 12:00:00,8100.819806801397,5784.057134828542,646.5326144373196,4772.0547489141945,1486.2010791239131
2035-12-22 13:00:00,8273.124298158455,5843.10805132277,642.8668643991584,4923.592688960314,1453.1173532749692
2035-12-22 14:00:00,8279.908229147404,5958.25638250442,628.4819690320776,4901.3825416833015,1443.1001713403386
2035-12-22 15:00:00,8231.08714451008,6055.313112658845,647.6596338111823,4920.027758232324,1455.7913771361734
2035-12-22 16:00:00,8469.208504934839,6234.463523781786,675.6107441862112,4999.3793338658825,1549.2810960748411
2035-12-22 17:00:00,8573.106018282846,6412.965009461066,720.3430845359399,5087.687403485415,1602.3453418986026
2035-12-22 18:00:00,8545.933212717462,6589.165987515653,756.7051644832302,5212.63104345325,1642.5163151781496
2035-12-22 19:00:00,8530.387968576793,6704.582919662212,763.5105975411487,5342.640764519479,1655.189842914841
2035-12-22 20:00:00,8472.062905631587,6464.415483843343,766.874444626372,5258.010559631262,1678.1413138734254
2035-12-22 21:00:00,8083.386864011623,6146.5868053713775,723.577358899462,5144.316002744924,1591.6308057925348
2035-12-22 22:00:00,7872.482437527719,5744.452126261729,661.4598664783925,4771.724222810449,1444.7455231799177
2035-12-22 23:00:00,7320.825611390912,5389.406130234413,600.9704229608404,4641.819212016766,1222.8878867766707
2035-12-23 00:00:00,7304.375064938717,5316.45048157439,576.4131888505993,4561.727066357104,1101.3118689948824
2035-12-23 01:00:00,7056.7161790946975,5055.478855034853,545.4052256950963,4486.592964233371,1044.0238472040128
2035-12-23 02:00:00,6991.190305999616,5098.216127024243,545.7734185505709,4393.758984998391,1008.8778568036388
2035-12-23 03:00:00,6953.7348925116685,5123.2453473798605,544.7942525860731,4459.045769864414,1003.6243973254486
2035-12-23 04:00:00,6868.775121004324,5368.106377002876,547.0313363702685,4526.813164018833,1042.7391437523816
2035-12-23 05:00:00,7239.20221770022,5818.008076165661,595.7173005144666,4594.121288505946,1062.6093089108867
2035-12-23 06:00:00,7577.018577216115,6079.760680973758,640.7260472891428,4902.268502775614,1256.1472470031383
2035-12-23 07:00:00,7725.07837467523,6122.473028021524,649.6144189530229,4997.31539728039,1454.0613241381673
2035-12-23 08:00:00,8504.876409010663,6153.14227943866,662.2626235703073,5010.27198977438,1504.989188891178
2035-12-23 09:00:00,8354.341064035445,6131.617572822848,638.9009141996953,4996.728838777475,1576.7646644782203
2035-12-23 10:00:00,8858.582169669957,6035.939306122982,649.6604414971649,4967.275146843786,1539.7560055126162
2035-12-23 11:00:00,8486.926500871394,6077.760279695414,646.2578510829488,4924.792156578373,1523.3125529844426
2035-12-23 12:00:00,8425.859492566155,5915.020405196548,635.5983219739425,4909.153253777206,1464.5381712630706
2035-12-23 13:00:00,8675.483166081594,5953.44700508319,656.2162747816428,4929.375954319974,1461.6943603199643
2035-12-23 14:00:00,8553.962097789601,6086.376265473713,635.3017624060226,4795.655783819275,1456.1146762162016
2035-12-23 15:00:00,8848.814259223951,5998.074319257522,659.0908017679876,4960.606998810157,1487.8446977661715
2035-12-23 16:00:00,8645.208875042119,6289.182581715788,684.1924563127034,5078.932364659305,1562.4376902892568
2035-12-23 17:00:00,8864.221824438375,6446.274147916668,723.5198200216573,5225.515526950098,1643.1752897496287
2035-12-23 18:00:00,8713.762927423808,6636.210731270589,756.537624788044,5317.993855657823,1674.8424032100463
2035-12-23 19:00:00,8916.811611213638,6741.582553181891,780.4921353717554,5315.433489751782,1648.5145936372062
2035-12-23 20:00:00,8768.601458951869,6567.976495527601,762.0736328518083,5257.382888732104,1662.6552029221014
2035-12-23 21:00:00,8681.671272791444,6235.632834214452,724.9671447940035,5129.014901475242,1580.9843687734265
2035-12-23 22:00:00,8214.603267339597,5797.207378854359,658.6855418127756,4856.384958280986,1421.9729451984026
2035-12-23 23:00:00,7680.048537322577,5556.079861686836,599.0911937842702,4730.521462806937,1242.145896442143
2035-12-24 00:00:00,7349.686766369093,5309.2986820402375,567.7547676339055,4551.25104047156,1111.5646678292858
2035-12-24 01:00:00,7208.602749911542,5152.013263435022,546.2512703713913,4454.6655556603855,1063.4459491015657
2035-12-24 02:00:00,7047.315555961477,5187.449914137446,548.6549941009307,4436.635451064426,1013.5921248398726
2035-12-24 03:00:00,7046.856193959642,5233.037089793254,536.8396393644258,4391.075206745616,1029.4497848303074
2035-12-24 04:00:00,7155.903374972361,5336.10864679583,554.1504518887901,4545.901614335775,1045.3768159569524
2035-12-24 05:00:00,7142.515783307564,5826.705001486471,596.4246046578852,4610.516912360327,1106.4739446996189
2035-12-24 06:00:00,7612.590943299751,6090.789405298076,656.5273152653484,4944.930487126217,1295.8039577650018
2035-12-24 07:00:00,7727.602759781615,6080.027648237425,661.7458834831515,5032.556874692418,1462.2622944483787
2035-12-24 08:00:00,8235.372103312426,6095.703242257188,672.3745248157505,4911.321759323759,1536.023064578228
2035-12-24 09:00:00,8653.791468817266,6276.281550248042,641.5184056308468,5065.337401341033,1546.1662532604498
2035-12-24 10:00:00,8627.756294975003,6085.856871088762,650.8708653811893,5043.516372075087,1558.6188836067158
2035-12-24 11:00:00,8640.603450946006,6059.975964335996,655.1159817322525,4929.195384113273,1519.3225399379724
2035-12-24 12:00:00,8540.432684664864,5960.10718872996,639.1994413882384,4870.925966453415,1500.809236817283
2035-12-24 13:00:00,8573.400243094808,5983.96325097102,650.7736280614153,4974.726410598091,1460.81684557523
2035-12-24 14:00:00,8722.283711415883,5977.934842700113,642.3783415609181,4870.366244981789,1474.2788101875542
2035-12-24 15:00:00,8636.868565915578,6146.6256060243095,655.533446304587,4930.939695113249,1500.3609630372223
2035-12-24 16:00:00,8842.165708327155,6257.633921511148,679.8969104977431,5033.481952699566,1572.3811238868425
2035-12-24 17:00:00,9061.911454773615,6566.186710638072,723.5305320053028,5269.655924852901,1593.3842828562863
2035-12-24 18:00:00,8887.907616006762,6643.857152890317,756.640376702098,5256.374296693443,1670.902640586434
2035-12-24 19:00:00,8732.968340305959,6711.593691431159,766.8158519059392,5411.212568842178,1676.355963421355
2035-12-24 20:00:00,8985.285168410164,6589.02977221465,765.9895368594715,5307.36387455311,1686.4853418695882
2035-12-24 21:00:00,8712.542213839684,6289.878249410849,723.7089797726995,5162.21982207462,1583.8160652651625
2035-12-24 22:00:00,8206.982300987835,5811.719560932647,646.2296043535255,4895.144492142451,1419.7283633775312
2035-12-24 23:00:00,7710.347474341403,5453.750286478453,594.0868388710787,4646.482314188861,1235.7592138383247
2035-12-25 00:00:00,7341.476240952939,5484.340551330319,570.7591668219443,4576.426672436455,1108.4560746746006
2035-12-25 01:00:00,7146.1897960307215,5083.878849759452,556.9395897287233,4412.005066179573,1059.817211286289
2035-12-25 02:00:00,7098.33637336356,5114.873028569226,538.2351057626566,4449.937574935681,1051.603428183728
2035-12-25 03:00:00,7085.421369691904,5231.72377593395,550.2535893758652,4405.837944239677,1039.039575705711
2035-12-25 04:00:00,7047.231525468855,5306.023178713495,547.1220211744733,4547.370272324797,1052.6867087774697
2035-12-25 05:00:00,7190.090875980496,5818.580338679293,577.9042403781491,4622.312909878323,1074.621155645321
2035-12-25 06:00:00,7695.500871454852,6012.231467562685,648.0372761035303,4829.075377614988,1273.6855133544154
2035-12-25 07:00:00,7818.381605328725,6090.174646886002,658.1020777645822,4913.7198792697445,1446.2759376854635
2035-12-25 08:00:00,8435.771496626801,6143.832859455815,648.2913536599367,5024.01374968272,1545.3564685258582
2035-12-25 09:00:00,8680.503651096284,6077.252116769779,640.4923598611334,5035.541053790736,1588.0497937393975
2035-12-25 10:00:00,8802.07449298144,6076.129529066039,645.211831157118,5031.965085083265,1582.5623058344927
2035-12-25 11:00:00,8574.986783888846,6013.1653668694735,643.1736113366119,4970.262823243847,1545.0818060579631
2035-12-25 12:00:00,8615.689836162845,6004.849059514088,633.6607541922671,4847.887916482653,1483.663043340702
2035-12-25 13:00:00,8557.207762813772,6064.694880609291,631.5246154467628,4872.518960381114,1473.2145343640957
2035-12-25 14:00:00,8795.602758410927,5907.283233158015,631.696878870541,4910.758321158578,1483.9828337039548
2035-12-25 15:00:00,8842.084529777969,6127.229571389788,654.5385376117475,4898.090410255544,1503.2442320933542
2035-12-25 16:00:00,8725.568760325268,6373.193199552842,674.5603674489895,5068.62600957918,1525.1295372034465
2035-12-25 17:00:00,8960.664548901203,6459.307052982181,743.1748996753374,5175.360469849844,1629.8309791073632
2035-12-25 18:00:00,9054.33151999219,6604.844988053016,750.4334576609687,5292.7472531629455,1674.962622748211
2035-12-25 19:00:00,9073.516991970087,6609.629703608423,757.4347877351871,5400.37403046098,1666.734554719632
2035-12-25 20:00:00,8999.213149533509,6541.688156890042,757.2829171678059,5257.2392031389845,1662.6556776180664
2035-12-25 21:00:00,8505.72780917261,6254.684105653656,712.2994076862182,5098.150090374805,1604.376334426442
2035-12-25 22:00:00,8042.622791726443,5814.4471396731005,644.1648526655079,4904.874068794519,1440.8325178158177
2035-12-25 23:00:00,7651.548740819469,5450.638728704037,597.2990127132572,4680.06834022124,1217.2100620220983
2035-12-26 00:00:00,7360.892189293644,5248.729520979652,568.4961635234789,4567.316595347958,1128.0555022463022
2035-12-26 01:00:00,7144.659193070104,5245.655129082412,545.6319346287514,4415.936620758232,1059.7429479196394
2035-12-26 02:00:00,7098.655914741693,5208.419702697077,542.260639557499,4497.152818169655,1024.529804184697
2035-12-26 03:00:00,6979.181068808316,5310.537930020552,535.390146600424,4396.908272318645,1036.7880380843355
2035-12-26 04:00:00,7029.427310162369,5407.412444780683,552.763897017592,4481.976473981467,1028.2249913509618
2035-12-26 05:00:00,7226.3151302776705,5797.63360478083,599.9424908712895,4652.717393548088,1083.1913070046253
2035-12-26 06:00:00,7431.882864491789,5995.382326061769,650.8487673393199,4958.10338118777,1271.9709704089917
2035-12-26 07:00:00,7953.6733989118,6121.144230567576,660.11105152587,5007.959239888489,1502.381468895901
2035-12-26 08:00:00,8383.69664399551,6252.647778419728,662.810060672271,4984.930271932547,1527.0027453403536
2035-12-26 09:00:00,8707.789706611278,6105.669592478295,651.6052121169737,4998.038145703409,1580.450282635699
2035-12-26 10:00:00,8812.779334048506,6203.894832258818,661.1520757659158,4920.468539632774,1564.8054733499755
2035-12-26 11:00:00,8663.730814183366,6139.584879367551,646.7340263720557,4938.075998387229,1537.1025988415938
2035-12-26 12:00:00,8685.070539813889,5998.229411663865,626.1465166102096,4870.335654792554,1499.6566801934157
2035-12-26 13:00:00,8658.096917816289,6012.633249068996,648.8775235725026,4904.4766922334165,1486.95541858426
2035-12-26 14:00:00,8708.5285491,6037.912815453328,640.7305258095528,4863.435550687372,1463.419985863491
2035-12-26 15:00:00,8776.201014134438,6199.127248525268,657.8653404724594,4936.582560565552,1501.8076292170074
2035-12-26 16:00:00,8877.421664594909,6448.940139953879,682.7927804008403,5071.473469545926,1567.0109827808249
2035-12-26 17:00:00,8995.082005902084,6544.944438504246,717.7584878505836,5291.4483738464605,1632.5263842214308
2035-12-26 18:00:00,9006.688522451348,6661.832849941505,760.4103579651178,5339.238596110998,1687.273505341823
2035-12-26 19:00:00,8943.691529618796,6759.068363759287,790.4130965600972,5375.1264328341485,1667.5069978545068
2035-12-26 20:00:00,8956.061970601579,6614.694582875043,768.9228904166874,5196.971340799666,1660.690582021726
2035-12-26 21:00:00,8463.175796924837,6299.664341547456,716.322000197095,5219.450200419768,1582.6207268320009
2035-12-26 22:00:00,8249.729751206638,5762.082270448724,655.4757572845388,4939.4662185592415,1412.480638090617
2035-12-26 23:00:00,7733.427267679165,5514.10940036143,597.2733259869747,4670.509293711606,1226.281544305206
2035-12-27 00:00:00,7240.155117736761,5256.168596344141,564.510127044781,4477.135609572261,1122.6285394207116
2035-12-27 01:00:00,7167.777566600723,5140.7554662951,557.9511215896675,4469.65264421338,1083.3859684146562
2035-12-27 02:00:00,7075.627374087357,5111.806612629997,538.1438179827713,4467.067061232103,1004.5952816683672
2035-12-27 03:00:00,6939.636930490876,5141.358958838124,542.7856523383681,4347.973988165588,1026.514028670054
2035-12-27 04:00:00,7149.5809820310005,5380.804242689437,549.4926114809797,4426.480888618105,1044.0094666565424
2035-12-27 05:00:00,7218.727135834932,5876.405420118846,598.0226831528005,4562.435786337057,1114.7242190152026
2035-12-27 06:00:00,7638.226124027246,6120.120013969658,652.4953394724117,4837.055187321242,1275.761474722307
2035-12-27 07:00:00,7893.736650176734,6139.054198395847,654.1403059664603,5095.877279707695,1491.0840263851928
2035-12-27 08:00:00,8447.30078222583,6253.643539178348,667.2503930054071,5039.165132929317,1537.4368517202547
2035-12-27 09:00:00,8727.838865096437,6204.908332990479,652.7743197695038,5051.043236304908,1587.1673498778453
2035-12-27 10:00:00,9020.844551503162,6170.944058077183,653.7531728620913,5016.564248142161,1565.0756114645685
2035-12-27 11:00:00,8598.5396309046,5947.976972623462,645.3942054979696,4983.204510368024,1548.8291624974995
2035-12-27 12:00:00,8612.829212863,5914.5121872209775,651.83002348201,4892.5599321980335,1479.1742663143054
2035-12-27 13:00:00,8656.135847840878,6069.594107598573,652.976325445237,4854.148893021566,1492.783626874512
2035-12-27 14:00:00,8793.588995701359,6028.007754710425,651.5844328358228,4881.498828589335,1501.828101750876
2035-12-27 15:00:00,8780.806651502911,6125.627956220589,653.7743122655037,4930.198380869144,1505.6072323650133
2035-12-27 16:00:00,8832.00113459408,6249.534126310455,687.0601385242638,5040.864623950606,1529.1008249461013
2035-12-27 17:00:00,9139.124110766194,6474.7989682433845,719.9938145282662,5122.10030447068,1630.6700584996977
2035-12-27 18:00:00,8768.297419253542,6777.906503469891,761.6710313341056,5300.217776394914,1708.662449171307
2035-12-27 19:00:00,8847.532098608985,6728.841494816455,781.4761442977141,5368.404130714989,1673.4572787351476
2035-12-27 20:00:00,9047.41223974315,6496.854337186175,762.8452881206924,5244.8992290679325,1664.4389343920789
2035-12-27 21:00:00,8691.507775236554,6377.685035716495,729.6129223871636,5141.422084261879,1593.535404146449
2035-12-27 22:00:00,8356.661120836112,5902.319053403054,652.04115114243,4797.800943892416,1450.74759916561
2035-12-27 23:00:00,7713.500142099025,5446.495290086727,598.4461806278547,4647.862943513641,1237.912931172151
2035-12-28 00:00:00,7201.27556366792,5261.234361045382,566.3180670192212,4517.372628905732,1100.3582077833746
2035-12-28 01:00:00,7058.772752370136,5191.230651850757,545.3742356185771,4470.904221462663,1066.9178346461429
2035-12-28 02:00:00,7014.569472343296,5163.547930876406,535.720603261031,4420.285877514109,1015.1771983726215
2035-12-28 03:00:00,7011.506726929833,5212.351945374915,544.2747020422976,4419.1427106745805,1032.3057924262348
2035-12-28 04:00:00,6996.939220234861,5416.515608561949,553.6526693276944,4398.399445607945,1037.3715866787352
2035-12-28 05:00:00,7250.884632776985,5851.59986551351,604.6620119503409,4594.916241565177,1099.0503255372248
2035-12-28 06:00:00,7504.756237222796,6161.473296718766,650.3494441286657,4920.11467309318,1259.1400749651243
2035-12-28 07:00:00,7846.49179915312,6038.215726727947,659.1853530569654,4964.446355666683,1484.9394689740054
2035-12-28 08:00:00,8206.54448552297,6200.575308030298,662.8063993124792,4974.835483011144,1534.7990605290163
2035-12-28 09:00:00,8701.38939753556,6202.169984109215,651.075272366327,5102.661479511534,1574.1909885368368
2035-12-28 10:00:00,8743.722221338861,6077.784597610758,641.8561391813646,4964.485175455014,1535.0419971036404
2035-12-28 11:00:00,8632.820227005765,6079.808956220483,657.3636147868348,4889.433957829833,1533.9985542328436
2035-12-28 12:00:00,8542.404918926859,5890.804586102255,635.5179375644834,4901.030143069267,1499.394764759424
2035-12-28 13:00:00,8617.273410924623,6126.789775806695,656.7331754275373,4813.814494330364,1442.8974373411986
2035-12-28 14:00:00,8649.803712364765,5975.256636806982,642.0509055851012,4852.455270922183,1475.4993460558887
2035-12-28 15:00:00,8649.933609836438,6100.601422169601,654.2724367348725,5043.107505078461,1479.2196725820943
2035-12-28 16:00:00,8719.93538963044,6351.303003455124,674.5816375726424,4997.371777755599,1499.3859695928484
2035-12-28 17:00:00,8891.913883843563,6596.696942678919,731.6417986106475,5146.772233248254,1607.3061527426353
2035-12-28 18:00:00,8872.608957964545,6593.788549821206,753.4802295067841,5275.70094299861,1637.2620898185316
2035-12-28 19:00:00,8835.38639488023,6607.172025070596,760.4032072619939,5342.304978847073,1684.783771293187
2035-12-28 20:00:00,8788.942804659266,6480.218918385708,756.4308183080482,5363.801825996538,1668.2098376022566
2035-12-28 21:00:00,8620.09524313269,6216.076019401037,725.4361791959224,5173.533232599008,1594.3565300574398
2035-12-28 22:00:00,8126.986728837395,5762.068649728677,650.3906091643659,4831.160908492188,1451.0598549718538
2035-12-28 23:00:00,7597.582240315524,5421.336270835443,598.1088050256662,4664.326152087026,1236.1964052617373
2035-12-29 00:00:00,7115.976195360682,5180.769739572971,558.4342879461506,4579.879541101716,1109.3447021188088
2035-12-29 01:00:00,6867.433052387825,5036.152854666184,537.9598620207432,4463.000863149191,1030.2458177460503
2035-12-29 02:00:00,6753.242107537886,5084.4290091343455,536.7835580559035,4449.130367579573,1038.3510978668778
2035-12-29 03:00:00,6642.764671876496,5141.309874148383,537.4800657485656,4474.09579663137,1023.6748476527408
2035-12-29 04:00:00,6666.949139842965,5287.192106973469,560.6464807309753,4404.1940206408735,1015.5711779182902
2035-12-29 05:00:00,6901.623910478722,5774.812253885142,590.9694124622577,4685.148603046147,1088.4476698017006
2035-12-29 06:00:00,7293.417056780787,6004.771908147803,659.1252039315243,4781.699360671047,1257.4067294921665
2035-12-29 07:00:00,7675.408058767797,6041.428380840506,652.0225347452133,4888.885431832679,1460.3342159969668
2035-12-29 08:00:00,8135.630009570596,6198.996895308336,661.4337561848737,4928.991152166782,1510.505154028196
2035-12-29 09:00:00,8547.021446170513,6146.093645621247,641.308790388455,4983.885628740936,1572.9627884495862
2035-12-29 10:00:00,8393.267447972237,6049.262114138839,648.4535324215154,4980.515806122963,1526.3167679816652
2035-12-29 11:00:00,8215.40553857301,5833.711695154703,646.5411988066888,4930.3119972439,1531.6468052255568
2035-12-29 12:00:00,8202.30744278318,5805.122645645483,626.5408851817847,4828.720897511581,1467.4414606399669
2035-12-29 13:00:00,8320.236102509682,5885.520322650508,641.7326053098625,4782.306757640916,1442.4035520960265
2035-12-29 14:00:00,8432.87610044788,6033.922270781462,643.0058084161454,4915.908292305698,1457.0663067254725
2035-12-29 15:00:00,8333.297341029798,5966.544465233893,658.8727887396793,4812.87029633887,1479.305593854161
2035-12-29 16:00:00,8428.852185544929,6229.031987302061,670.2272972556443,5125.269741481462,1513.364637120496
2035-12-29 17:00:00,8767.984150440654,6595.939825552638,739.2196853654636,5158.869494680505,1600.800487437445
2035-12-29 18:00:00,8709.61660744281,6590.0222696795045,774.029713601466,5243.482349164111,1635.8382102168723
2035-12-29 19:00:00,8558.533365016907,6691.980824125115,764.4343199886175,5297.217575390991,1644.4211147105125
2035-12-29 20:00:00,8545.481045297924,6571.822648804522,762.8179856736798,5177.821831755523,1618.253389978237
2035-12-29 21:00:00,8432.930595989568,6178.24503367772,722.2015828356828,5151.7641123663725,1557.8267443317677
2035-12-29 22:00:00,7851.785485910291,5743.249308498393,649.1688451583286,4719.345014349531,1425.8084234724352
2035-12-29 23:00:00,7401.834045051177,5489.04220001716,582.8441878692377,4644.041230912923,1222.8991336664876
2035-12-30 00:00:00,7288.898181574469,5332.80262927489,567.7004635303579,4534.508641861628,1101.6781993004454
2035-12-30 01:00:00,6899.123407656486,5179.551056719875,547.0323973714741,4556.592344012767,1061.7722483346402
2035-12-30 02:00:00,7160.735673679939,5117.319417414267,546.099748056179,4474.113101488033,1014.5201752549096
2035-12-30 03:00:00,7002.652236374681,5146.107087552171,540.7001862214933,4448.493463149344,1008.0562709831974
2035-12-30 04:00:00,7159.3922173991605,5413.764332734188,544.5934608380916,4550.107490440823,1041.7398487513174
2035-12-30 05:00:00,7293.228692147114,5815.31232039743,592.8837224537483,4626.969841047886,1101.1928708905605
2035-12-30 06:00:00,7553.774774544826,6131.554747157923,651.7089586688954,4866.080571042522,1252.3745161178308
2035-12-30 07:00:00,7713.738306990383,6185.44162526892,667.766645378916,4963.093589602017,1476.87076443533
2035-12-30 08:00:00,8388.57725474398,6130.31308615532,658.6853639615572,4963.565826096387,1519.0677328057584
2035-12-30 09:00:00,8715.325488265158,6153.314732380412,647.3535714928386,5013.943875487861,1585.98113846124
2035-12-30 10:00:00,8811.062565271519,6226.832018921599,643.3018420930171,5027.279264592127,1527.747659310469
2035-12-30 11:00:00,8623.668294517209,5947.756946490083,655.5153717866191,4937.7844639559,1535.147432905407
2035-12-30 12:00:00,8497.485120619402,5904.159999771367,641.9084624914458,4916.428429054823,1504.0963535824662
2035-12-30 13:00:00,8506.588164327894,5974.860667101101,653.8927808898031,4862.999192869962,1469.4771033784236
2035-12-30 14:00:00,8662.529651516938,6180.718365475137,639.2341319289217,4970.648560864,1437.4920627919626
2035-12-30 15:00:00,8727.037801023178,6155.141937518008,649.3173078594792,4922.473909729876,1480.0068361631838
2035-12-30 16:00:00,8898.61373257937,6252.248625745335,682.9028442751845,5028.469530976116,1520.8357518929008
2035-12-30 17:00:00,8774.844578030928,6507.083585420275,726.4518296780465,5161.054918234467,1624.1853959825232
2035-12-30 18:00:00,8821.409593391687,6636.694394660429,744.8562612261682,5314.763930012383,1686.4052035819025
2035-12-30 19:00:00,9003.426233433525,6649.249341326674,780.1681141686047,5355.072664715072,1665.9602572439271
2035-12-30 20:00:00,8820.935030007235,6496.888887773977,760.6587848552521,5314.914038875407,1653.2017476835438
2035-12-30 21:00:00,8661.452832370873,6174.431315322332,721.6640110590428,5143.583679917271,1576.4143014190256
2035-12-30 22:00:00,8010.457030222265,5821.804854711651,650.4816803272432,4883.218905807177,1412.7327468969288
2035-12-30 23:00:00,7608.651136540477,5499.279827464759,596.1949241999715,4657.113830413804,1236.7965774389654
2035-12-31 00:00:00,7319.844689510301,5298.615925275491,559.2404094762477,4633.508366701964,1098.7653834163225
2035-12-31 01:00:00,7149.23360130234,5137.896951435744,543.0478527737936,4540.24813682942,1063.5896715176834
2035-12-31 02:00:00,7106.583087892981,5137.2978459846745,536.4608094319503,4501.207895702964,1030.9093471655626
2035-12-31 03:00:00,7042.170077063982,5281.505977613759,533.4391996173441,4460.082031084302,1016.9894681935186
2035-12-31 04:00:00,7043.426852630781,5347.399385303018,561.0194386945834,4477.586758855546,1026.1350520736949
2035-12-31 05:00:00,7389.044734138875,5870.817703700659,600.840053567062,4682.939589465946,1089.1945515461182
2035-12-31 06:00:00,7667.095298179796,6130.927778843272,654.5168064052052,4932.188893842387,1267.8859290137273
2035-12-31 07:00:00,7918.870924568094,6077.40854153683,653.5175042395937,4940.444164329311,1470.281812064786
2035-12-31 08:00:00,8577.462776371209,6106.924488414596,652.9103602474473,5085.395469059965,1565.011469240263
2035-12-31 09:00:00,8911.565191057205,6201.303563514187,660.9842280690837,5008.035785594081,1530.4222458597014
2035-12-31 10:00:00,8655.44173218629,6143.994332703423,658.7821401079144,5006.819643946601,1555.685070402374
2035-12-31 11:00:00,8690.887202367365,6122.864529506573,646.7031968266382,4986.412263452454,1555.8142826456829
2035-12-31 12:00:00,8605.885990723255,5955.87036958515,637.9276341982436,4905.293961585544,1490.3947414614124
2035-12-31 13:00:00,8808.774696322229,6051.919289227677,651.1824561913752,4914.079629710913,1464.1495140870247
2035-12-31 14:00:00,8616.814198172766,5997.868829849636,634.817652971464,4899.671131538088,1464.845632594733
2035-12-31 15:00:00,8652.164448126632,6064.84257973285,650.2557188553545,4942.447270616448,1483.7662665106675
2035-12-31 16:00:00,8828.949424961018,6327.08830394798,672.7929593515471,5043.3076927157645,1549.2254003336814
2035-12-31 17:00:00,8897.133986900351,6614.835012389981,741.1453294882551,5214.858484951267,1608.6127310766915
2035-12-31 18:00:00,8932.524178995916,6633.258614158168,762.3665444375492,5311.180591490598,1665.794268247257
2035-12-31 19:00:00,8939.679709995455,6681.76134777624,773.2196782296603,5281.960957900892,1661.0237981159305
2035-12-31 20:00:00,8831.554877880963,6518.459405814697,761.078178105689,5360.877218630607,1663.2529234580627
2035-12-31 21:00:00,8720.399784893518,6210.687964053792,724.8211043005302,5255.375198284132,1560.539515064412
2035-12-31 22:00:00,8258.627202068987,5761.862889360811,648.9262970635565,4856.77943701846,1412.0957182530344
2035-12-31 23:00:00,7828.705338830704,5395.289770947544,598.4856955316247,4697.950171249678,1208.2450331262992
