,Central,East,South,SouthWest,NorthWest
2030-01-01 00:00:00,5478.391207897815,3976.113281182284,452.243847586445,3799.784155424743,875.8305709636938
2030-01-01 01:00:00,5440.194989977428,3903.286015264872,439.9893782347367,3781.811116853009,821.6186175542462
2030-01-01 02:00:00,5356.765272012033,3862.5028343635536,434.5828565661789,3765.879083036679,784.3006383934035
2030-01-01 03:00:00,5391.235706390904,3970.4071703292566,438.3104857269282,3642.952692326136,798.9119258083281
2030-01-01 04:00:00,5399.903194705556,4019.0933098781447,444.2410755289554,3817.4518045052096,802.8749661551985
2030-01-01 05:00:00,5492.55449372273,4405.254608329119,484.9096344479805,3897.382003594681,855.1524899248425
2030-01-01 06:00:00,5723.467248189906,4589.534172460743,535.662462252208,4104.608957017613,991.0600160723084
2030-01-01 07:00:00,5994.939634864286,4596.582017008945,529.7287490559686,4092.156272811029,1148.3754126969077
2030-01-01 08:00:00,6387.38258166239,4742.495087957528,533.2499127849675,4130.899659325948,1207.6282249159765
2030-01-01 09:00:00,6673.814337920509,4729.198711079657,522.8595305188161,4277.753962489976,1214.1316918393577
2030-01-01 10:00:00,6718.174723048291,4675.569342350487,525.6104068177511,4136.196469285096,1212.4696940224512
2030-01-01 11:00:00,6511.883548301273,4612.197251232074,512.3932083008243,4083.482967709049,1208.055004157606
2030-01-01 12:00:00,6483.70175240631,4488.821815612169,515.6229709326134,4195.116177548269,1170.5571810942029
2030-01-01 13:00:00,6706.285628480521,4535.167503616834,530.7410471833495,4114.546522779614,1139.4598178015049
2030-01-01 14:00:00,6664.578110608801,4482.402618845343,515.3740675185544,4088.7039461082177,1166.7331352040924
2030-01-01 15:00:00,6553.900796215152,4695.981302601516,519.4964996986829,4030.730857525572,1166.189949397472
2030-01-01 16:00:00,6833.7501005849335,4793.552410027013,554.4154946045269,4155.140891218877,1196.3397671905518
2030-01-01 17:00:00,6759.101875113563,4921.652176622689,585.0506627127837,4436.249373335307,1271.5681086391576
2030-01-01 18:00:00,6867.486872153698,5085.402917310861,607.2982841846672,4549.289711131092,1303.4346325462775
2030-01-01 19:00:00,6893.654630836308,5104.513216111303,624.0203466118629,4502.264524434128,1295.8443228305223
2030-01-01 20:00:00,6928.130222106581,5034.967231991909,617.5206535615605,4452.356811411624,1284.430786134562
2030-01-01 21:00:00,6683.08127227003,4770.852720735282,578.7906622164688,4213.293716253522,1214.1473879721234
2030-01-01 22:00:00,6326.090591060709,4435.113728443775,526.7273149762707,4088.473782973913,1121.3518043243284
2030-01-01 23:00:00,5836.745101515114,4161.325867206925,487.940656167569,3927.4855469639024,982.3169417898882
2030-01-02 00:00:00,5537.739980315534,4032.902418979883,458.4665098130258,3782.5692444159167,867.5948824638076
2030-01-02 01:00:00,5441.390880924711,3864.8778791865566,437.31242467549134,3750.886611253255,823.0791825606228
2030-01-02 02:00:00,5406.072937437842,3883.347143148642,434.2367261411944,3777.297136000847,794.2387558967225
2030-01-02 03:00:00,5355.615092853543,3969.7415533835033,437.2670354031837,3777.009144675999,784.192554914565
2030-01-02 04:00:00,5319.494769558724,4029.3289982163824,447.2892283456915,3803.719209574071,812.543292261223
2030-01-02 05:00:00,5571.414748768558,4359.525334084538,484.823814209372,3871.343455076993,856.2087558339746
2030-01-02 06:00:00,5731.1848940691325,4683.153625705371,518.7451625263224,4126.542526284099,1013.0311591780192
2030-01-02 07:00:00,5951.236411668727,4561.73409112056,528.1807300372789,4211.542853816398,1156.5192950645207
2030-01-02 08:00:00,6361.412580066526,4728.453413167487,530.8894087387418,4169.70805107416,1214.4935170025826
2030-01-02 09:00:00,6686.132926580214,4712.047365338526,510.7972419296684,4291.667605678461,1237.3074666228458
2030-01-02 10:00:00,6606.169447884907,4519.074170512498,515.1317149395886,4175.23713932231,1199.574074236609
2030-01-02 11:00:00,6591.460618867281,4565.363966826679,521.2253070024205,4210.282696936109,1202.3325030249607
2030-01-02 12:00:00,6649.462473973023,4536.670691399078,515.0878967622359,4118.994987738347,1158.6738773142797
2030-01-02 13:00:00,6633.546402037247,4563.151767830308,511.3231879318079,4139.226917259025,1146.178582008526
2030-01-02 14:00:00,6580.370135160684,4549.001153517018,526.4777786944796,4139.250598054127,1135.9723206358522
2030-01-02 15:00:00,6723.529118645149,4571.791931620212,523.1698321734713,4171.803218814323,1162.9443832713998
2030-01-02 16:00:00,6681.041628039604,4880.3382023666445,556.4826439280974,4265.609923934589,1218.2128945515472
2030-01-02 17:00:00,6877.790794204522,5045.028829152514,575.3283860616568,4378.678433145923,1269.2321038329717
2030-01-02 18:00:00,6812.679244677101,5073.259347377949,590.9300717344827,4480.151087636727,1299.8744719966846
2030-01-02 19:00:00,6870.700815655491,5029.986364875826,616.643896698238,4449.505886883155,1310.269717484892
2030-01-02 20:00:00,6911.656864016621,4939.816022479553,599.7822494717301,4441.362835259127,1324.6836367361998
2030-01-02 21:00:00,6766.806271798713,4749.143764929614,583.9293243643572,4302.550919033141,1253.36768299021
2030-01-02 22:00:00,6279.85108021344,4350.872793682543,519.4318794111159,4227.353483092172,1114.4829052508371
2030-01-02 23:00:00,5880.5023468081245,4143.538852050511,477.4653715198169,3966.482524476544,960.8459070909444
2030-01-03 00:00:00,5552.153549656447,4030.43259080472,460.817380068083,3882.953660069644,859.5283889124286
2030-01-03 01:00:00,5527.482230239446,3918.0259070523616,436.9228318766236,3823.981834514157,820.7954104949673
2030-01-03 02:00:00,5435.753410076571,3929.323106418244,426.400969559507,3802.068472255373,808.2609174921329
2030-01-03 03:00:00,5425.826126736271,4010.523437280016,430.6101266703447,3753.152980287144,795.5702125068931
2030-01-03 04:00:00,5351.235305834472,4108.192019032555,443.5284831288648,3770.181090040851,815.0024307137207
2030-01-03 05:00:00,5572.764429462122,4425.300847707203,486.35497583361655,3855.8950851252334,855.3005933309006
2030-01-03 06:00:00,5854.145898515752,4654.626215004157,524.248105987508,4096.3299894441225,987.2816908874694
2030-01-03 07:00:00,6051.313063009136,4682.140069551464,533.9419733807583,4218.090798871441,1142.873792119002
2030-01-03 08:00:00,6546.51511723662,4592.287560319261,526.0687996723091,4233.010870624072,1201.4631525135617
2030-01-03 09:00:00,6678.228018690872,4700.653811842597,518.8173924446828,4205.340755361252,1243.095204987736
2030-01-03 10:00:00,6774.903458143757,4695.099448000042,519.9816873077208,4216.19948790553,1220.3130276937288
2030-01-03 11:00:00,6710.093746842501,4551.368427509441,521.2814533898288,4183.467087592731,1229.9835277204163
2030-01-03 12:00:00,6459.745737125331,4449.548724793418,520.440375810801,4162.46593956589,1161.0406107315166
2030-01-03 13:00:00,6467.010076904393,4559.380170555817,530.9270945836303,4110.221118374749,1155.7807532325098
2030-01-03 14:00:00,6543.672453443771,4592.55473705382,521.678751273551,4182.19863198708,1148.5511641574526
2030-01-03 15:00:00,6592.508613399315,4692.974222107288,523.3426377565116,4234.71808883833,1164.7168718614982
2030-01-03 16:00:00,6803.325311536299,4866.561992887358,548.7921919831857,4227.286634846739,1188.3024357115112
2030-01-03 17:00:00,6889.680249874185,4959.531265204556,579.3697631086803,4385.296667669607,1256.613684819699
2030-01-03 18:00:00,6783.575635279806,5001.22621342071,608.0465542567183,4502.94849838782,1273.560418387659
2030-01-03 19:00:00,6885.5998295759855,5115.467273505527,619.9971785477308,4497.299532850151,1322.936033707562
2030-01-03 20:00:00,6865.648617224165,5098.245191048849,606.0961166833647,4405.557996465009,1282.019390848929
2030-01-03 21:00:00,6771.4296546383775,4752.856269903452,573.0510476229714,4321.175646146232,1252.3935341704253
2030-01-03 22:00:00,6272.50441543265,4371.471215724901,531.6161559898113,4143.027620360446,1139.584590606072
2030-01-03 23:00:00,5840.517211415108,4155.760980871211,478.80798258656233,4005.667612817914,972.4894204039372
2030-01-04 00:00:00,5591.242627714327,4009.401911372521,456.18068935728223,3798.283646567974,871.4890901491206
2030-01-04 01:00:00,5381.313131769622,3876.007783212593,441.15871645958657,3766.166829003304,823.5004563204329
2030-01-04 02:00:00,5441.094721380249,3930.8454326947954,435.68294221841546,3782.2463560563538,807.2846195232192
2030-01-04 03:00:00,5342.875476338345,3949.849822995547,441.1835097987651,3774.549618346586,805.2970753615049
2030-01-04 04:00:00,5428.594965425595,4040.54338081826,456.038382830102,3748.0412942209487,802.5350664287649
2030-01-04 05:00:00,5551.154115140161,4396.473557393054,483.8736094569775,3872.246923590779,856.8147789196842
2030-01-04 06:00:00,5900.351181412164,4656.371370743693,531.5921181866437,4123.890182863624,993.9205272683467
2030-01-04 07:00:00,5962.726961837841,4749.080614998951,527.8714772064562,4119.495708002471,1157.555319601918
2030-01-04 08:00:00,6508.029965308382,4813.090868331704,538.7147712513139,4266.363678028403,1212.9317442448084
2030-01-04 09:00:00,6729.353623923549,4743.10288086137,525.1736936464875,4169.505679696865,1210.8013333087415
2030-01-04 10:00:00,6720.694534479726,4621.185096119122,523.857218218385,4159.137583291861,1208.2570300955874
2030-01-04 11:00:00,6697.064286516522,4632.484517261965,520.5676680744709,4207.631518010115,1226.370203098437
2030-01-04 12:00:00,6551.131495175588,4520.461243583309,522.1051274187778,4151.652577532651,1162.6499999921457
2030-01-04 13:00:00,6635.152936853365,4590.717191183307,517.5914923210919,4067.6790264690935,1156.2230360270048
2030-01-04 14:00:00,6551.123358597051,4558.979480784327,521.3278359982268,4132.354466243069,1154.3235558769625
2030-01-04 15:00:00,6683.51102884282,4613.061414497586,535.0814838489232,4191.807054998206,1172.2694522270529
2030-01-04 16:00:00,6679.860485468798,4811.149478208336,547.8816618544113,4238.540322943702,1184.634730118158
2030-01-04 17:00:00,6875.08911879609,4996.725044018331,590.0616932741874,4377.238000863887,1241.8975426029433
2030-01-04 18:00:00,6764.19278868067,5082.262938405178,606.4422027369479,4498.294738564117,1307.9234565896136
2030-01-04 19:00:00,6895.6806742062245,5107.778913975926,627.005675046259,4540.982749292365,1282.1493018262388
2030-01-04 20:00:00,6860.9203170017445,5029.763135873346,616.9923139779961,4473.924053868924,1297.7766971199565
2030-01-04 21:00:00,6652.419391753764,4680.364615339808,590.3478028128102,4352.032567246395,1237.630411692968
2030-01-04 22:00:00,6302.4398669073935,4348.738509686849,521.2710462622675,4103.220461268271,1133.5441589749355
2030-01-04 23:00:00,5841.661747067356,4184.842882524885,484.87277106378485,3934.588827796035,975.2799668705374
2030-01-05 00:00:00,5510.831317143188,3991.647440102192,453.693261576761,3851.10713998224,881.9231226528187
2030-01-05 01:00:00,5461.717636286877,4002.569692992253,429.6955192216288,3759.291551233212,815.3732954924012
2030-01-05 02:00:00,5252.435669865496,3901.236770032975,436.46900998228085,3791.149133805677,811.4883394020668
2030-01-05 03:00:00,5321.781615077507,3984.348070843488,427.47222033454943,3687.567429812791,801.3362791223065
2030-01-05 04:00:00,5432.377320723018,4038.928580237779,447.7877967565409,3723.311654820212,789.1165538261038
2030-01-05 05:00:00,5587.334388801924,4374.928516912647,483.897171108535,3935.658315081544,862.0711664795668
2030-01-05 06:00:00,5733.637992636834,4589.246712746191,522.3054915220386,4097.609146687083,990.9666922768628
2030-01-05 07:00:00,6022.230441172765,4597.482818580304,526.1562094705262,4180.028565729598,1131.8960862894423
2030-01-05 08:00:00,6261.314837463044,4644.7541549291,535.2227124171749,4163.181320155244,1164.387294647791
2030-01-05 09:00:00,6446.202542085905,4755.979980831045,521.3602810033344,4233.378471073032,1207.655937387453
2030-01-05 10:00:00,6695.738519234056,4639.398947250626,529.3642063317412,4149.873029685889,1203.3753243129572
2030-01-05 11:00:00,6561.634693191297,4574.1659129728205,529.0682841416949,4128.8373870277255,1204.223781884177
2030-01-05 12:00:00,6492.231066083459,4507.732690190979,529.5591296667708,4102.487549143491,1156.5979808986538
2030-01-05 13:00:00,6569.098861015431,4569.885558113483,524.5556380680702,4076.2811922115743,1140.3528897651345
2030-01-05 14:00:00,6574.406590363952,4487.161825194593,523.1140866175431,4112.995789693759,1149.5005928248356
2030-01-05 15:00:00,6630.536585984719,4607.451863620582,523.8095749075328,4176.951314438934,1182.1606593083245
2030-01-05 16:00:00,6680.745763396569,4765.310222537075,550.9135115798043,4199.551467547204,1195.0540998661804
2030-01-05 17:00:00,6681.44953118608,4965.533956612975,586.3418926848088,4378.138530859586,1244.7444793159627
2030-01-05 18:00:00,6652.161746180179,5084.3428736846245,595.3234501031887,4439.114302899961,1285.747843029391
2030-01-05 19:00:00,6788.024824766358,5099.953386499647,631.1013001626102,4426.714480223873,1287.795009124295
2030-01-05 20:00:00,6737.914181954451,4955.291758976076,615.0394112770718,4445.565678061663,1277.3784399399042
2030-01-05 21:00:00,6579.455456061483,4730.557272591045,583.4668692398469,4225.633105261063,1245.155148019019
2030-01-05 22:00:00,6272.106165474938,4451.999083678799,520.5628651310756,4109.906838725068,1126.1276705497378
2030-01-05 23:00:00,5751.137077238925,4162.039829137039,481.21579569523607,3800.787577122512,967.0670354401786
2030-01-06 00:00:00,5348.256293642058,3978.3256403710993,449.76193525360287,3759.072888050324,848.5033249601782
2030-01-06 01:00:00,5255.29873216511,3838.039947011896,436.91073124219736,3699.5950504317584,819.7261935787188
2030-01-06 02:00:00,5135.593923184692,3865.301291927724,430.0387753507442,3669.791399612312,791.4671923960886
2030-01-06 03:00:00,5234.9553436262495,3849.106370166952,441.9810468581376,3700.070836242021,779.5117436303758
2030-01-06 04:00:00,5111.613739712989,3958.5773015403447,441.2388493074147,3684.493650805865,805.5851889219873
2030-01-06 05:00:00,5276.8586161959565,4374.855583280003,484.7848819143125,3882.527568941316,846.1894737051524
2030-01-06 06:00:00,5559.029643283371,4582.111099344047,525.2471969296294,4080.3980843549434,977.3762246525936
2030-01-06 07:00:00,5714.960382030262,4591.326080825418,533.8971446528575,4139.379391826941,1139.206241153698
2030-01-06 08:00:00,6034.140146606784,4690.654373949448,533.0629268019584,4165.49690815951,1183.1544938108518
2030-01-06 09:00:00,6521.718971146415,4624.631666375075,516.1966839227916,4217.483667302872,1193.9976271293904
2030-01-06 10:00:00,6349.872559344376,4630.694174323311,525.2921617907873,4229.54074358897,1198.2535277454613
2030-01-06 11:00:00,6270.431460947031,4554.976620313253,520.3461133529603,4102.174317345096,1169.2504087961734
2030-01-06 12:00:00,6198.262881335523,4415.361303848629,511.6554723783179,4006.1071270271736,1163.1772417114855
2030-01-06 13:00:00,6222.639821067265,4468.085441731488,510.0715662037244,3993.977531283547,1125.2108510236624
2030-01-06 14:00:00,6362.679707865867,4540.350115376294,518.6348472848774,4092.551569858628,1126.3409566768446
2030-01-06 15:00:00,6313.61433715048,4526.624160662171,526.79667303072,4115.055117821578,1144.369069985545
2030-01-06 16:00:00,6493.833507161891,4713.347009849007,543.0890494029624,4225.815753899236,1190.2073508297356
2030-01-06 17:00:00,6508.231857508799,5005.28635404675,581.7913541308693,4397.342193625902,1269.4021062171323
2030-01-06 18:00:00,6491.933789519519,4995.799513151885,604.2339445307657,4489.463751390403,1285.8911696877465
2030-01-06 19:00:00,6587.5032681982175,5129.2519083407615,621.6215177832271,4455.020969622772,1305.1451052656278
2030-01-06 20:00:00,6609.95493469947,4932.005715286711,617.0229923465599,4465.325360588855,1286.0697379125645
2030-01-06 21:00:00,6491.288900069935,4710.614844133673,582.2217765728996,4292.018933796871,1236.8764848620874
2030-01-06 22:00:00,6027.551175353951,4434.598610051895,527.5092843098586,4033.1588649047576,1107.268243267749
2030-01-06 23:00:00,5656.78575724744,4023.170334626509,479.1812791354244,3943.030027336541,947.6433554057202
2030-01-07 00:00:00,5519.292696128811,4002.019828494189,458.74907483767873,3741.8368880605,860.877336946086
2030-01-07 01:00:00,5432.404726345289,3890.782865297195,450.9859353378951,3786.576622724168,811.7854230004918
2030-01-07 02:00:00,5415.714283239122,3855.11185077731,429.58534762810433,3731.7544626036592,794.5514986014255
2030-01-07 03:00:00,5270.004585241481,3910.270766493512,435.5082040002972,3683.544414462131,785.9940148700297
2030-01-07 04:00:00,5339.073643376426,4024.5071601805953,438.9305970517662,3733.5098434560846,798.9098632873942
2030-01-07 05:00:00,5403.951243218161,4404.369357900408,482.7201680776643,3864.509760408415,853.5582701076545
2030-01-07 06:00:00,5688.713996251862,4541.117762278345,524.4531823047636,4046.552976511088,991.998026525119
2030-01-07 07:00:00,5949.470654245397,4575.635138196971,529.3591793342739,4063.461413929685,1122.894660926816
2030-01-07 08:00:00,6376.789210130337,4667.183094168913,528.8156385531254,4240.378588866601,1193.7809026905552
2030-01-07 09:00:00,6588.848427708099,4703.884790116428,518.4808709692528,4203.979377330186,1220.2759945405128
2030-01-07 10:00:00,6680.973107664731,4629.617568328321,515.5339472649459,4223.983329811254,1217.6721786614548
2030-01-07 11:00:00,6537.731467911754,4592.8164111466685,509.5245977406147,4169.582065667393,1201.0038740479995
2030-01-07 12:00:00,6458.5207394528525,4453.039853253192,515.9756359746673,4094.0398348406175,1150.8384281818492
2030-01-07 13:00:00,6552.970177445367,4545.597277212403,519.9124969161364,4100.27068249642,1140.8503053976694
2030-01-07 14:00:00,6597.684462156305,4505.298491822085,519.9611957233863,4113.9653326127855,1137.0984250991023
2030-01-07 15:00:00,6605.560688867912,4547.714021324466,519.8257921733418,4126.720123847969,1158.1081022925664
2030-01-07 16:00:00,6580.86098116438,4811.112313662354,550.2525959195254,4268.52990821448,1213.9430940309378
2030-01-07 17:00:00,6852.997587915487,5055.335749272201,581.8182716803607,4375.199779720494,1266.852236658622
2030-01-07 18:00:00,6766.551345064215,4968.978099308031,602.7797078684938,4503.184338859638,1297.0185768351607
2030-01-07 19:00:00,6823.33704262251,5017.38446657868,614.7564314769519,4431.865399065156,1299.2972841895603
2030-01-07 20:00:00,6789.584103187975,5006.743231329574,592.2438676481983,4500.952315886334,1301.7648419182965
2030-01-07 21:00:00,6493.870333227776,4768.589654207231,581.1068511480652,4294.944836227776,1260.286268926197
2030-01-07 22:00:00,6325.005840888681,4420.423478781349,528.130757314823,4112.42248968594,1135.9114193084893
2030-01-07 23:00:00,5871.695082116981,4167.601279980039,479.0425709239316,3899.6305151294982,966.1096010199562
2030-01-08 00:00:00,5554.343437726609,4015.655505180211,462.7409049813389,3823.3158176327975,860.6989570210143
2030-01-08 01:00:00,5369.596331365475,3898.0401850698327,439.4528564584069,3741.0857075511935,823.717408048635
2030-01-08 02:00:00,5424.709545608347,3917.557402496393,436.2233022747901,3769.203574280026,804.213210899814
2030-01-08 03:00:00,5401.424141753713,3961.285626419346,432.7552835382936,3732.266789222564,799.9993051763932
2030-01-08 04:00:00,5423.995573339506,4106.328370642095,445.708401403688,3687.491746029213,800.3792062061817
2030-01-08 05:00:00,5522.517230866411,4346.720002724829,476.94772267221816,3963.550688085608,850.3846749274369
2030-01-08 06:00:00,5889.22744916534,4608.752233994606,517.5554760625786,4199.440045023659,987.4793883341108
2030-01-08 07:00:00,6053.170471239416,4633.597117477075,529.5673058262005,4168.1516389099415,1125.1957799118832
2030-01-08 08:00:00,6356.853281770484,4675.366021619016,530.2334496644996,4206.712197678499,1201.988836501508
2030-01-08 09:00:00,6652.81088217117,4711.15936460117,518.8034654607918,4193.31308019389,1231.4198435729209
2030-01-08 10:00:00,6657.41093376125,4636.418020531167,523.5975619727928,4218.001747921831,1206.9492807136792
2030-01-08 11:00:00,6642.224502445715,4573.579083536387,523.9744356897805,4163.8578143500645,1207.1366927828876
2030-01-08 12:00:00,6530.356343593855,4543.596233420631,512.6867011005421,4164.878875996317,1185.2932271216778
2030-01-08 13:00:00,6557.973607639998,4545.741950916942,521.6607746894575,4136.800961364028,1161.2765220620863
2030-01-08 14:00:00,6622.3684123808525,4596.027388724604,515.6291392767752,4088.814173641462,1134.1584338565565
2030-01-08 15:00:00,6658.905850640437,4663.824153728542,515.9118328906532,4155.80963509129,1180.9681195322785
2030-01-08 16:00:00,6805.5770823113935,4739.743477361944,539.5195488694974,4233.411300726924,1178.9648224383625
2030-01-08 17:00:00,6772.468518830282,5061.133741664839,586.4950461917041,4383.403049399388,1244.5157210144546
2030-01-08 18:00:00,6785.148785415743,5015.597283161046,610.1106727415059,4461.202977300204,1288.421244854776
2030-01-08 19:00:00,6807.202721329527,5029.156804687366,624.247472714631,4541.954545871841,1282.538932424962
2030-01-08 20:00:00,6786.076069992542,5023.155448844263,602.4859959647575,4464.68323972417,1293.7708803621006
2030-01-08 21:00:00,6631.348839039125,4796.006871833391,595.0927029431625,4322.1440062054935,1220.705686847583
2030-01-08 22:00:00,6279.259388246716,4437.844492952177,530.3408407472224,4030.201276100289,1107.4314290913856
2030-01-08 23:00:00,5882.413371415019,4139.435003966945,479.6124560121895,3946.0308666939623,975.8334654029336
2030-01-09 00:00:00,5548.067492211894,4006.388719134527,457.5276646387418,3852.6345959271903,868.5649606965115
2030-01-09 01:00:00,5441.926437692253,3961.396999317965,445.6199789020997,3807.233819668218,821.9399623066184
2030-01-09 02:00:00,5362.506903515033,3921.355711573829,429.27749200197695,3697.91361973682,806.5575125825305
2030-01-09 03:00:00,5295.85076617786,3966.8936340712503,425.8121035263141,3790.742558801799,799.6503639444927
2030-01-09 04:00:00,5314.899964808122,4145.2043379837005,447.8694319673886,3778.923983465746,803.4068948226802
2030-01-09 05:00:00,5501.559872510901,4378.195517493483,483.7396002225617,3908.912118623768,857.0207076487925
2030-01-09 06:00:00,5807.776769657124,4675.875088863672,531.8443030735581,4134.244011966012,1000.4576175198894
2030-01-09 07:00:00,6031.341205040734,4592.8539994263565,526.1740435941458,4245.442026108756,1158.523011870688
2030-01-09 08:00:00,6377.72853371658,4654.473997944777,535.2659729564631,4157.414914727324,1193.5151810819484
2030-01-09 09:00:00,6572.70199759153,4732.4928872522805,524.6501950015806,4226.917501723413,1251.8159805539838
2030-01-09 10:00:00,6666.230656974489,4644.978878826551,524.4932237703914,4271.556375892024,1219.886189086923
2030-01-09 11:00:00,6666.730558445345,4641.940274688811,524.7728676751963,4173.085566589026,1192.7125078671786
2030-01-09 12:00:00,6558.024830939171,4515.900293251087,515.1882173944476,4117.711272185706,1167.943476180791
2030-01-09 13:00:00,6654.999271491437,4527.11914706373,512.0948118959863,4102.178012456529,1145.5594582502574
2030-01-09 14:00:00,6674.109052856334,4636.624938392676,517.3587970914125,4087.5996503415863,1133.603007624033
2030-01-09 15:00:00,6544.556873536236,4603.327844362594,523.1023236375654,4242.373861998617,1163.466535513025
2030-01-09 16:00:00,6779.9955747719205,4831.166192119914,551.986160181078,4284.44471267907,1185.263440443293
2030-01-09 17:00:00,6882.843086003773,5009.839537147754,594.934651083598,4407.548728239631,1245.7959255164574
2030-01-09 18:00:00,6986.8763302989255,5169.8743958498535,619.4282153626633,4455.718868325581,1306.1883157795737
2030-01-09 19:00:00,6758.865064443998,5026.178515677901,636.2043447750353,4534.441502924038,1302.74207048697
2030-01-09 20:00:00,6751.436992414858,5076.422818819259,615.7186071715017,4444.811665414507,1323.8541105524598
2030-01-09 21:00:00,6731.6483283097095,4758.317348509238,578.9308952007502,4328.469393886402,1230.141184127115
2030-01-09 22:00:00,6208.861030265665,4388.138531270292,532.181827710313,4033.752431665748,1102.7888304448977
2030-01-09 23:00:00,5996.626647472042,4051.882979110064,476.7565603519419,3946.6614711596776,964.8514204048028
2030-01-10 00:00:00,5621.977779426139,4066.372191996792,458.6624909562231,3791.0952234902834,871.4296483795566
2030-01-10 01:00:00,5397.375877676193,3927.4281018532415,437.2547327377219,3753.140422598508,826.5145197269036
2030-01-10 02:00:00,5453.772899397864,3872.254130351935,433.21730251239626,3742.851787335364,817.1736096921771
2030-01-10 03:00:00,5407.803155117901,3887.554258003852,439.6076577792466,3757.7831460287166,800.7957194403656
2030-01-10 04:00:00,5460.154840789439,4057.60481322753,446.678504474424,3784.4323940574736,821.2168784632908
2030-01-10 05:00:00,5535.028908886715,4417.941774666814,482.537954759032,3847.3268830607217,853.0256420453667
2030-01-10 06:00:00,5767.009363258166,4715.669108886157,536.0399753091233,4065.427903270663,989.9039285053092
2030-01-10 07:00:00,6025.381312230483,4609.646093909915,532.3601170460512,4216.65637267997,1169.0714103013747
2030-01-10 08:00:00,6419.93715160062,4588.478509136631,536.3368657682197,4226.342344526984,1185.9381748503845
2030-01-10 09:00:00,6571.796088963214,4671.405406707559,528.497172001854,4187.929206868764,1217.6493557468912
2030-01-10 10:00:00,6819.437303286539,4678.439248670298,518.7470483987294,4170.8988533728525,1230.782748944665
2030-01-10 11:00:00,6570.329531618781,4658.782288866651,514.5543785245148,4224.313926438647,1220.4319114683033
2030-01-10 12:00:00,6590.828850912364,4524.893628156377,523.4882699648554,4134.761106634742,1162.9529849244757
2030-01-10 13:00:00,6727.3039230006825,4536.813311221064,521.943150636335,4155.948306336286,1168.491027208936
2030-01-10 14:00:00,6631.936001822723,4628.425577157409,520.3606015893834,4123.271897985332,1143.8722074425957
2030-01-10 15:00:00,6673.539174940517,4646.935421300692,526.936392622427,4154.986505555199,1170.9557515881247
2030-01-10 16:00:00,6703.12390026967,4830.709855253437,546.3959787031896,4298.148081523014,1212.7285397794192
2030-01-10 17:00:00,6762.090074844362,4938.223181710852,578.2983899794182,4358.814463773361,1255.4161925982123
2030-01-10 18:00:00,6837.022167730185,5180.12451478498,594.9832756578512,4533.615234320093,1313.830872416331
2030-01-10 19:00:00,6939.7396936282,5125.236019337626,611.4749722070896,4480.771520360943,1306.8521024795868
2030-01-10 20:00:00,6834.273479283495,5006.171150272601,620.0599134099596,4451.328577267849,1300.1058723859896
2030-01-10 21:00:00,6731.6103720145775,4712.475158156678,583.9164439274703,4339.239649742148,1234.537539576117
2030-01-10 22:00:00,6233.263098289879,4391.988683899014,523.8143590662409,4119.560404062298,1134.688284901696
2030-01-10 23:00:00,5881.630342516098,4188.677511033274,484.27743454388445,3887.569384158389,975.8304908769686
2030-01-11 00:00:00,5523.8947480596935,3968.343118349298,468.3893080023079,3888.676378451082,874.1495754152032
2030-01-11 01:00:00,5433.378869777862,3981.740607284567,444.6636467738595,3784.966530753033,820.0728708970793
2030-01-11 02:00:00,5342.200827397984,3966.8099448331263,445.1455099250758,3733.586607089813,798.7924439787496
2030-01-11 03:00:00,5321.177435748231,3957.7969561824248,436.4574436393389,3787.003516833353,789.5597637537975
2030-01-11 04:00:00,5442.649011168184,4111.710581584653,449.91122302837965,3802.66038752004,811.8839086245741
2030-01-11 05:00:00,5674.751339903431,4350.419230356588,482.7459666136739,3938.6992246817576,841.4251757375067
2030-01-11 06:00:00,5869.113877861843,4703.874129127733,529.2250584481876,4154.494683983664,998.5449118785922
2030-01-11 07:00:00,6000.591349629289,4695.808910086371,534.4298196779956,4246.220672602333,1160.8994060155371
2030-01-11 08:00:00,6461.078786557732,4790.817004322401,532.6505879574012,4278.339831295338,1204.876170125381
2030-01-11 09:00:00,6744.767592017206,4632.490469825984,528.0000875539569,4208.9546962752165,1235.5828967483435
2030-01-11 10:00:00,6694.214395003555,4649.029522233216,524.736815733507,4218.801854628621,1180.2852016450015
2030-01-11 11:00:00,6674.030437781528,4564.849071893278,534.0231652433969,4149.744495161103,1189.6807837596136
2030-01-11 12:00:00,6456.971712388367,4549.92780014051,523.7894226086358,4157.582614213963,1172.0236859926772
2030-01-11 13:00:00,6611.595756677453,4641.84711905723,536.8971889501637,4143.805896224979,1169.893540932496
2030-01-11 14:00:00,6589.750616849799,4666.873292394773,510.5781494408284,4111.627904648376,1141.049045970669
2030-01-11 15:00:00,6759.747040183501,4713.231898399337,527.1188204822859,4162.372566486973,1178.8663316959796
2030-01-11 16:00:00,6744.49275510381,4834.175833690706,549.9446127199383,4333.520958194389,1203.9094848856626
2030-01-11 17:00:00,6839.912855267334,5011.255487425811,588.3336928728454,4440.181141433523,1281.916585078137
2030-01-11 18:00:00,6886.4465058555625,5002.306128460459,619.5595904058805,4450.5096160474095,1291.9812984557168
2030-01-11 19:00:00,6813.579919798717,5060.452268544443,626.5381405381956,4443.407587634362,1302.181793813918
2030-01-11 20:00:00,6710.62846880492,4993.108539306879,629.9987043354631,4457.441948173385,1294.7597861081613
2030-01-11 21:00:00,6635.618097595649,4713.06425807466,589.6520998539564,4321.0404945442,1261.9897087901277
2030-01-11 22:00:00,6283.743253737802,4421.035617332984,520.5300230527807,4093.1417935020577,1120.0208348039505
2030-01-11 23:00:00,5882.517909117888,4168.001861903707,488.2023359036109,3995.0824106281502,979.1552764194028
2030-01-12 00:00:00,5451.120375865321,4028.727836997864,460.7318379573644,3832.873416302695,879.5643624109044
2030-01-12 01:00:00,5421.98681048161,3854.422481315386,438.8053448335163,3784.210378679812,803.0932557420257
2030-01-12 02:00:00,5378.042569220327,3911.57120389904,444.8673497902289,3734.360003497101,796.4891148922621
2030-01-12 03:00:00,5394.594644040557,3965.671939916248,430.170632338518,3680.455773912624,784.1338837168222
2030-01-12 04:00:00,5290.797039967008,4036.869718112268,449.27361910321343,3676.456285037636,798.6843631822532
2030-01-12 05:00:00,5435.704398653814,4459.231013146182,486.7286191833626,3900.782973223628,848.0103394808411
2030-01-12 06:00:00,5670.801895531797,4617.198565555344,529.5443325880756,4058.801258126971,977.8610907122996
2030-01-12 07:00:00,6018.534054891361,4682.361557105446,540.6839139787044,4128.609101706475,1127.9985642058907
2030-01-12 08:00:00,6264.908797882715,4703.907082132913,536.710912736536,4244.032804129792,1205.7885452120142
2030-01-12 09:00:00,6614.135556293631,4682.614759539445,517.9235651736117,4256.810935781437,1206.027479448913
2030-01-12 10:00:00,6761.205682788356,4607.085603227784,523.7736347073785,4315.534808308368,1196.3664683569266
2030-01-12 11:00:00,6613.2621300663,4568.388309151121,522.9537606651277,4215.1541828613135,1208.1957887476294
2030-01-12 12:00:00,6571.935321095047,4435.28097614342,517.6175007735387,4086.245147408262,1156.5163167365697
2030-01-12 13:00:00,6711.603193170818,4558.1973512042505,527.903553698544,4095.8697529193687,1120.9676395249264
2030-01-12 14:00:00,6622.782543478251,4500.5011112648335,521.5482654349607,4068.928424536273,1140.3748512043965
2030-01-12 15:00:00,6557.868944329476,4646.245644375545,524.5763888333698,4061.7682770860592,1148.027088991918
2030-01-12 16:00:00,6793.015182459129,4870.316712093689,546.5271169276743,4229.088064885863,1193.53598943623
2030-01-12 17:00:00,6760.985177019557,4987.241886011702,588.9536654764097,4463.009272093197,1252.5323249524824
2030-01-12 18:00:00,6815.8297871172745,5157.549431369207,608.5449661832147,4389.679028523591,1283.9693745744937
2030-01-12 19:00:00,6699.508038973767,5055.796995918968,619.536555871332,4503.265878174897,1305.7057064556789
2030-01-12 20:00:00,6866.257156212949,4916.458945104667,613.8692113641006,4499.595458167716,1300.4655162285444
2030-01-12 21:00:00,6628.787665506037,4747.46432022905,579.0926875380351,4280.4140086243415,1244.868705096897
2030-01-12 22:00:00,6212.938606098644,4394.001998332633,530.9345389894199,4149.355767055041,1127.4794663154353
2030-01-12 23:00:00,5861.8899426498765,4149.262376029144,487.6898971543802,3924.4690096917634,969.4701427456768
2030-01-13 00:00:00,5295.784498802943,3989.665655061964,454.1760779246324,3801.574043688309,877.2827366526861
2030-01-13 01:00:00,5253.516828136874,3920.550122557803,429.07838712284894,3736.6432880220736,830.1417964822998
2030-01-13 02:00:00,5094.533212063176,3847.3926929297513,437.5394345863413,3681.828159735668,781.5193696689944
2030-01-13 03:00:00,5171.325483628373,3903.185352784535,433.85590822461785,3666.858571111934,798.3280348234383
2030-01-13 04:00:00,5209.881642387875,4067.723235350057,444.9530534412536,3746.108091388277,804.5609757865094
2030-01-13 05:00:00,5272.190499975534,4323.806366270923,480.51320148237227,3856.5045717371127,843.3463745248335
2030-01-13 06:00:00,5614.798133983066,4669.225617429422,518.7163998526722,4090.123971574663,987.565271294217
2030-01-13 07:00:00,5782.2815268683,4527.152398021713,531.1230797923376,4114.822865671216,1145.6719704554837
2030-01-13 08:00:00,6185.657945242732,4665.10703545167,530.7971058675116,4211.497537585556,1187.3216788564275
2030-01-13 09:00:00,6318.586103503406,4635.398714401702,521.9472769703605,4126.743375208475,1228.3502284754688
2030-01-13 10:00:00,6462.705203950917,4623.821185588532,516.893532404807,4165.19374636935,1205.7512993012022
2030-01-13 11:00:00,6376.554662819738,4568.694475097874,514.7152199834806,4125.474946685123,1190.781575412485
2030-01-13 12:00:00,6295.341572599195,4431.50882520028,511.0713834540709,4055.06681998144,1135.2444424249456
2030-01-13 13:00:00,6283.33593559456,4521.744255748788,521.3747451329496,4072.416362343788,1160.0080729458032
2030-01-13 14:00:00,6428.649473031037,4520.450370802304,512.2179105953288,4095.782022080087,1128.9608486451195
2030-01-13 15:00:00,6383.485075471473,4559.375295450333,521.3538498493663,4136.696902430706,1147.4364621259797
2030-01-13 16:00:00,6468.443228465487,4704.371859977287,543.212764577422,4216.321615845724,1201.2222452166602
2030-01-13 17:00:00,6624.809796584354,4891.5133665871135,591.6204965082359,4380.523026284833,1267.8968224725872
2030-01-13 18:00:00,6479.677225287873,4956.620509334158,601.2169977887321,4388.915609412308,1301.802160058733
2030-01-13 19:00:00,6517.456691810994,5071.443374628671,607.9611052123877,4388.644756081519,1293.675846511759
2030-01-13 20:00:00,6538.486399934757,5050.741684405807,623.0999691757061,4468.973608875521,1274.695147398118
2030-01-13 21:00:00,6374.511058764431,4664.941628092493,576.1126301852619,4390.506864067525,1226.1239515212856
2030-01-13 22:00:00,6165.261202959532,4393.829260059452,527.240115284046,4104.76637478689,1118.641852405976
2030-01-13 23:00:00,5709.691613197131,4053.931265565316,473.40816899129226,3825.87525672766,943.6728302654412
2030-01-14 00:00:00,5560.072698446186,3951.596494671043,456.9213768018844,3822.521369021873,871.7830122516938
2030-01-14 01:00:00,5394.594065693918,3958.525519132117,429.5420460439125,3720.849901856134,830.2033026354752
2030-01-14 02:00:00,5421.014044302505,3932.2738731938553,442.8570356718024,3724.503094431384,802.6538027644556
2030-01-14 03:00:00,5331.21908319486,3985.791337125394,438.3530746140566,3713.795268394283,796.1571880579282
2030-01-14 04:00:00,5341.175571493071,4091.843628174051,440.90895431540656,3805.405534313284,810.7386381150769
2030-01-14 05:00:00,5674.671835178083,4373.392054089492,485.4022450070432,3832.693263321706,836.0439688691423
2030-01-14 06:00:00,5724.836702073634,4555.432596970283,529.4395832923863,4095.984577790792,979.0675741785044
2030-01-14 07:00:00,5994.513488911231,4569.784218902146,520.2136988329686,4204.152577678884,1163.8768115487703
2030-01-14 08:00:00,6357.778927702758,4649.772432214222,526.4631984505081,4192.436444309397,1197.2571724407546
2030-01-14 09:00:00,6548.860556329862,4663.894698340968,518.9267269145785,4289.365128635843,1225.7327891956968
2030-01-14 10:00:00,6772.923171660536,4625.904586544378,519.0236624999948,4192.533745983105,1217.2661945640937
2030-01-14 11:00:00,6542.71694360487,4562.245356797192,527.5691174869975,4160.066164607139,1214.897432702852
2030-01-14 12:00:00,6327.609584205478,4520.299378232469,514.6474209037839,4058.9767375703696,1158.989800298894
2030-01-14 13:00:00,6537.630897277203,4558.777457426372,525.2902580613676,4143.890428736785,1136.54403036212
2030-01-14 14:00:00,6738.20490959444,4547.364622932722,513.4741783129867,4151.075744095642,1128.0553761085546
2030-01-14 15:00:00,6570.163783677189,4665.379590550831,530.426191599418,4158.665449868096,1149.3559368088352
2030-01-14 16:00:00,6865.388246651622,4690.895099615363,554.3226289247585,4238.365036482376,1210.302914965087
2030-01-14 17:00:00,6747.83581704818,4937.853672299094,592.0520064850382,4379.98304942185,1247.0990919430592
2030-01-14 18:00:00,6812.878579324518,4934.128078208601,597.9214631198292,4435.208619814871,1335.4038812072135
2030-01-14 19:00:00,6786.035747872751,5126.33983909722,639.8753199646158,4501.297577594925,1310.8598216943742
2030-01-14 20:00:00,6896.358019292995,5008.209251796635,599.6283459415091,4456.061489202389,1291.581012495221
2030-01-14 21:00:00,6473.936813010041,4766.209333936327,583.7862714161936,4332.692643965447,1240.4115856198437
2030-01-14 22:00:00,6261.322008417047,4249.967157489633,523.6003817964994,4129.600472532097,1119.307352764533
2030-01-14 23:00:00,5710.14813585331,4141.040846442134,488.3009550414562,3842.2032548877737,961.4867237785968
2030-01-15 00:00:00,5570.992614967276,4035.303639792176,451.3501290295608,3814.002870804373,864.7559445660364
2030-01-15 01:00:00,5457.262141025495,3880.27024243681,449.4582572152585,3770.323735660783,819.0540517439315
2030-01-15 02:00:00,5360.041021318121,3891.0565423226494,434.20990179811565,3774.943914387594,803.1059213713853
2030-01-15 03:00:00,5433.207137406189,3979.057565621429,437.4905660843361,3754.743370200931,792.9169879335911
2030-01-15 04:00:00,5382.7267279409925,4115.775118773688,451.90354099122015,3800.759267938468,802.9195892175618
2030-01-15 05:00:00,5619.173684955095,4473.734600910189,487.4334949216706,3850.755298417141,851.4403543411358
2030-01-15 06:00:00,5793.274016948267,4682.260637360846,521.3863214519959,4071.624748244501,991.6920106312344
2030-01-15 07:00:00,6025.085656265371,4659.15352870367,528.8476182583955,4194.724386234862,1138.503100968543
2030-01-15 08:00:00,6379.875754992928,4666.298866898356,527.1380394084003,4217.271341119101,1193.305235314829
2030-01-15 09:00:00,6695.474766135261,4679.625873765654,526.5534767756097,4255.706888483784,1209.559053003854
2030-01-15 10:00:00,6742.514019779959,4679.514111291268,525.3199427825942,4234.335160752527,1209.4344743761314
2030-01-15 11:00:00,6576.9150428271,4553.079096202378,530.6975741084412,4113.898354310731,1207.067421016165
2030-01-15 12:00:00,6540.548991736719,4520.890746073214,522.2159639942818,4130.481334095208,1178.8058423314967
2030-01-15 13:00:00,6474.274915384779,4569.243086227593,519.9854744720927,4173.295861960725,1161.9446207577005
2030-01-15 14:00:00,6640.265702001409,4524.116347761591,523.7892836125187,4090.040912272425,1152.8710705786982
2030-01-15 15:00:00,6643.540508672687,4562.411837249349,526.7270086077807,4149.278093526925,1175.9297873678888
2030-01-15 16:00:00,6593.289239421874,4747.897980369661,539.8152209161782,4288.444979900408,1202.348488478598
2030-01-15 17:00:00,6863.544006897023,5037.650132674365,592.0694294911311,4390.20863908846,1272.9744813235468
2030-01-15 18:00:00,6713.414648670294,5086.833269694576,603.0081811983633,4488.265506262833,1311.5156025544763
2030-01-15 19:00:00,6853.272405692012,5139.2370728364085,618.2287755919424,4509.10539252127,1287.1016028080833
2030-01-15 20:00:00,6817.621963059153,4995.545881444087,615.8628900797524,4395.717786934369,1296.5423934143682
2030-01-15 21:00:00,6519.1672978675815,4812.259785668304,580.5204832567641,4316.804083965428,1240.435070592788
2030-01-15 22:00:00,6288.270489315297,4437.385499177641,539.3215877232024,4076.8505004624103,1135.4121837225457
2030-01-15 23:00:00,5911.330497428839,4203.74931055617,473.455405058373,3863.7653437572553,957.553772057529
2030-01-16 00:00:00,5619.944129834686,3928.986830711569,460.0919246910669,3793.651069910895,869.3566898994433
2030-01-16 01:00:00,5436.9800902029565,3931.154671676958,441.1743794147939,3769.0678458521616,819.269537170304
2030-01-16 02:00:00,5371.895143879215,3945.5637289591696,432.84928737419256,3756.529932668643,825.2009541973755
2030-01-16 03:00:00,5348.822842168307,3922.590113046024,445.1049353609927,3679.81308323234,801.0646390615887
2030-01-16 04:00:00,5386.546434258434,4142.585159476395,442.981986175666,3794.35545006348,805.7819994028688
2030-01-16 05:00:00,5560.369502956382,4377.897366626587,482.044123366272,3944.507186096923,854.2331338132922
2030-01-16 06:00:00,5736.570454941906,4586.86492145601,523.6539040997907,4130.703067933731,986.3918799483132
2030-01-16 07:00:00,6046.307088945298,4621.171541609761,533.535961438884,4221.863073192556,1153.1834301018632
2030-01-16 08:00:00,6463.009105634547,4709.910777427313,536.5553204858716,4192.787199468176,1228.3111569399114
2030-01-16 09:00:00,6656.734989850688,4747.707996484015,526.1687453880537,4282.894519407906,1234.6279501270108
2030-01-16 10:00:00,6875.720727021415,4704.661054118424,516.1327253051461,4249.473112853053,1191.8824654398447
2030-01-16 11:00:00,6604.48132062682,4531.460870537088,519.5291132228825,4155.404359866785,1210.259859760654
2030-01-16 12:00:00,6577.789988010865,4597.00421315478,525.4627053654242,4096.362634119888,1164.9054197090145
2030-01-16 13:00:00,6548.591451782445,4629.458941177177,524.7460789089682,4090.326176773984,1151.308281390408
2030-01-16 14:00:00,6588.179987033231,4548.382402738505,520.4703263009345,4207.313544817067,1152.7821998593931
2030-01-16 15:00:00,6652.912944694332,4655.119535440109,524.4296958490761,4165.571972564433,1173.334825700952
2030-01-16 16:00:00,6820.835532293253,4865.992110368873,543.460997050937,4360.706494360691,1205.7434960568137
2030-01-16 17:00:00,6862.6722687095535,5056.887717702055,597.0421208606042,4442.462696958683,1283.2674237599226
2030-01-16 18:00:00,6822.293176047414,5091.124309490451,608.4442352076528,4448.248758850662,1292.5626952165517
2030-01-16 19:00:00,6906.246258249487,5097.503736023109,615.3487657940179,4542.03959251462,1299.672535757221
2030-01-16 20:00:00,6814.054872575006,4988.452534840183,615.1330182558277,4380.16728051879,1291.6189475374351
2030-01-16 21:00:00,6760.326480662713,4669.38487187621,582.9298523646809,4277.443702825169,1247.991987797661
2030-01-16 22:00:00,6351.848569153705,4399.93280305741,524.0881233710239,4155.385244680591,1150.7020058619082
2030-01-16 23:00:00,5883.517001867984,4182.069849101268,479.81259574156553,3936.695018812866,969.9173621956191
2030-01-17 00:00:00,5584.742752840455,4041.41314679076,456.46632775618536,3850.922775518351,890.1524727915545
2030-01-17 01:00:00,5467.356072093524,4001.641025157,440.11078942563313,3812.995840252204,826.5355971111439
2030-01-17 02:00:00,5426.5554099651845,4036.77324748884,443.4371334472654,3818.126446444727,811.2801468926212
2030-01-17 03:00:00,5394.279524333431,3980.777441021019,439.0031512205519,3743.0939913838174,805.0576378115359
2030-01-17 04:00:00,5401.215928441236,4132.359467276025,442.2621731183454,3832.667026674988,813.9595394022624
2030-01-17 05:00:00,5511.13973054367,4429.207205929783,485.141985191753,3901.6665392466193,847.2392852572654
2030-01-17 06:00:00,5807.367074236378,4579.271164345232,533.9498523219979,4169.297074168809,999.5378914597376
2030-01-17 07:00:00,5955.509126018015,4667.36053468986,533.2490237746364,4308.041379113482,1176.092812780536
2030-01-17 08:00:00,6389.754129444858,4701.915014916544,535.9235134629306,4241.464132499819,1201.4638982275626
2030-01-17 09:00:00,6664.036134751154,4627.408592762265,522.6028172669294,4284.774666911468,1228.111935942371
2030-01-17 10:00:00,6861.718057312724,4654.294526806003,517.6843540622542,4229.485608467288,1227.00288951058
2030-01-17 11:00:00,6645.221970500681,4560.2170447481,524.5077849684817,4264.809041679202,1201.4183635029517
2030-01-17 12:00:00,6516.019246464552,4429.120496494535,514.707077524392,4137.368293389077,1164.5237992250277
2030-01-17 13:00:00,6457.799254371582,4591.669871100554,522.8478254525184,4106.405401642934,1132.041748024965
2030-01-17 14:00:00,6800.915125776965,4577.572794061826,526.1518208852161,4180.739713064143,1161.7197734085848
2030-01-17 15:00:00,6817.2709601719,4605.778358722871,522.4488173448012,4230.131919456502,1188.0010620501628
2030-01-17 16:00:00,6760.698430924135,4883.908603368875,552.0176577821544,4279.709874366118,1193.614690607514
2030-01-17 17:00:00,6889.931966239223,5008.429133446447,587.270535332094,4424.0527202010735,1269.7602970696928
2030-01-17 18:00:00,6876.901484661813,5183.913062888794,607.1546254399121,4550.942618948972,1294.838989607568
2030-01-17 19:00:00,6891.715943036836,5193.440536974958,624.3962353868378,4542.607555480951,1275.9696476704714
2030-01-17 20:00:00,6681.828874913543,5047.741824489499,612.8959091089522,4403.733534092559,1316.1241279201138
2030-01-17 21:00:00,6715.052185335234,4721.758260876265,571.7401282122037,4333.049870208097,1257.193518735348
2030-01-17 22:00:00,6179.191452714253,4475.241473913482,521.2796018044935,3988.7303632372887,1105.593784845885
2030-01-17 23:00:00,5938.914717710209,4193.832282871427,483.7609424631042,3961.6790434321215,952.0444100300753
2030-01-18 00:00:00,5612.659386431338,4012.3701490861713,468.0183624647878,3871.979814212696,868.323999460119
2030-01-18 01:00:00,5642.300065445314,3992.37710972778,449.6617008635361,3764.673955606301,811.4371155943411
2030-01-18 02:00:00,5316.679356715866,3922.0800614429018,438.5852703529033,3792.4674148878976,802.9057783098814
2030-01-18 03:00:00,5488.586444912417,3964.0197427325143,437.8148673149379,3787.695194121544,796.6146060057008
2030-01-18 04:00:00,5407.739956670636,4095.1872158590895,441.9210668692177,3787.3396822318,802.302092100653
2030-01-18 05:00:00,5595.717868620456,4372.775237808737,483.9001538284808,3934.2081176974657,859.8203895911665
2030-01-18 06:00:00,5929.616680587292,4673.502950869662,537.3000859412613,4052.083709215284,1017.021663376925
2030-01-18 07:00:00,6139.852349706264,4674.253352220557,537.7961326635635,4221.446928219957,1144.1365333184988
2030-01-18 08:00:00,6504.544207030314,4669.174061825815,539.240566993364,4233.054707652647,1206.274415291143
2030-01-18 09:00:00,6655.189533520727,4616.149002759891,532.326571356484,4286.598719551671,1234.0845314256724
2030-01-18 10:00:00,6720.227674947209,4669.232539125637,526.3599572953649,4309.750586835559,1204.359422146614
2030-01-18 11:00:00,6562.035454725015,4633.484839454583,526.3266073639703,4181.212868440165,1230.7035686208071
2030-01-18 12:00:00,6516.83633927517,4533.928335075508,526.6995351734734,4130.382749354501,1177.0186856735816
2030-01-18 13:00:00,6599.034722481036,4599.545942911023,530.6226859180781,4133.900008085537,1155.6101725125657
2030-01-18 14:00:00,6744.501034400036,4582.854789462246,524.0042922766808,4104.197165243112,1151.484492451902
2030-01-18 15:00:00,6597.767719659772,4685.819278006986,524.6773369984483,4167.372369641303,1180.0052446318834
2030-01-18 16:00:00,6851.78993933935,4874.194327757076,548.3412159019412,4324.794418936616,1207.0469369506127
2030-01-18 17:00:00,6852.333344094625,4988.048752421593,574.9564713762081,4394.809243454552,1271.1946774908529
2030-01-18 18:00:00,6912.625833998187,5108.090289892818,609.4885668461305,4497.815995484464,1314.7329017620175
2030-01-18 19:00:00,6767.155148879695,5064.515600879561,614.5088607303647,4442.030939946703,1310.0893408863917
2030-01-18 20:00:00,6888.873772509964,5045.099379429097,619.3185442577653,4463.79015169959,1286.6988086014208
2030-01-18 21:00:00,6685.201111313471,4730.603135191574,580.4720666966698,4285.687232145783,1249.1969201415584
2030-01-18 22:00:00,6337.666327813686,4463.199597248853,535.7148570092241,4142.103604489657,1137.3329127423249
2030-01-18 23:00:00,5841.260370860664,4175.390047231158,486.3544031296103,3891.357047198625,980.7943753922953
2030-01-19 00:00:00,5406.279759592825,3994.090440410213,455.9546174676256,3791.7129565032474,864.4079221152226
2030-01-19 01:00:00,5352.90025897441,3969.309118959467,445.2814854118004,3696.826407877301,833.3105824835022
2030-01-19 02:00:00,5343.271765465362,3919.059702206722,434.2231559524641,3780.4968796600583,807.5986473486377
2030-01-19 03:00:00,5406.761059463187,4003.5793764273976,429.7360292375625,3708.2759022771993,802.7485141280956
2030-01-19 04:00:00,5284.956810519181,4004.2940283395433,447.28543890613815,3753.235281728626,810.6853865481507
2030-01-19 05:00:00,5522.020894578378,4369.836448478479,487.06834447676766,3898.0086696008784,841.6540895253528
2030-01-19 06:00:00,5788.279791869663,4572.337329576096,525.6157370992951,4150.303700782638,984.4431689239927
2030-01-19 07:00:00,5990.067240345719,4602.262604286923,531.8749466655561,4260.903887116304,1143.27045940395
2030-01-19 08:00:00,6389.531213080411,4687.959013349745,543.3267714254602,4173.169424806955,1194.9442082885855
2030-01-19 09:00:00,6623.616280557608,4718.778697268829,526.7239136401723,4182.057218319639,1211.9646017736004
2030-01-19 10:00:00,6679.2622251188495,4730.288132438204,527.7351610379723,4204.545161152594,1226.9223821821297
2030-01-19 11:00:00,6665.719294956791,4627.686260678852,529.6267348471162,4097.724968743915,1211.6872825226487
2030-01-19 12:00:00,6468.531996342236,4575.402573794393,514.3226345622385,4123.551576016455,1137.778362792854
2030-01-19 13:00:00,6542.049463671116,4588.236851493126,528.0421201287472,4118.725974868687,1151.8062684484607
2030-01-19 14:00:00,6692.42905534088,4629.270076612431,522.5531458173019,4078.663858598783,1152.847665218552
2030-01-19 15:00:00,6496.122437549539,4710.415557689005,527.6704582125426,4199.697030240352,1155.3464000753686
2030-01-19 16:00:00,6736.324640143608,4798.602026889093,552.9064936256942,4209.843090585317,1214.9503822134182
2030-01-19 17:00:00,6830.51284357598,4913.209680988195,581.2286602643925,4307.81066129299,1258.674784124461
2030-01-19 18:00:00,6723.526016846038,5120.724908842178,604.0212383522066,4430.945882280579,1306.6905892683203
2030-01-19 19:00:00,6806.943822632941,5125.675593470507,616.3499060642504,4463.449541415097,1314.3879032115303
2030-01-19 20:00:00,6792.043507619731,5103.4315489610735,607.7279032012593,4415.676045832044,1294.5086093528748
2030-01-19 21:00:00,6632.493390115183,4727.767692969063,580.6102100090166,4401.545429448309,1233.2919824993653
2030-01-19 22:00:00,6296.86474681924,4456.750368727765,528.8972095021202,4092.392351150364,1123.114813144811
2030-01-19 23:00:00,5761.790742280917,4169.340129627766,480.0369605396792,3920.24044981684,953.9766353754942
2030-01-20 00:00:00,5304.080992252803,3958.6984546662015,449.0053784395366,3784.3142052035073,862.918345010654
2030-01-20 01:00:00,5255.8335673558695,3862.767421876804,444.9287196840809,3735.515209206013,826.9419605461512
2030-01-20 02:00:00,5162.203300056453,3889.086390368408,429.2133124402411,3722.32517255302,799.0316744354812
2030-01-20 03:00:00,5142.652558850558,3903.802557720223,439.0245517975033,3703.1047819345495,790.0349344354679
2030-01-20 04:00:00,5177.947836215306,3998.7285858498753,440.4034021072568,3717.623058058774,807.1746061407785
2030-01-20 05:00:00,5312.920409527897,4364.732972846356,479.9006190863341,3892.4082827219136,846.4836164645949
2030-01-20 06:00:00,5513.51116335427,4641.947594339962,518.6293390786622,4080.397639781496,981.8937142280508
2030-01-20 07:00:00,5687.986911935701,4642.143621579352,532.7417402139582,4159.545481312279,1143.6838088051536
2030-01-20 08:00:00,6226.161915939289,4649.906919683399,526.2181480870138,4257.414603720697,1203.8941992357115
2030-01-20 09:00:00,6376.180858255696,4651.308366737477,535.970475238467,4143.036931602522,1209.732404936289
2030-01-20 10:00:00,6474.55558857349,4605.76508135874,522.8409142214863,4173.658334868976,1231.7928527506415
2030-01-20 11:00:00,6541.632895221737,4519.095758038643,518.0193883250014,4140.288412890048,1200.450047463748
2030-01-20 12:00:00,6225.7938911473375,4469.070797769274,512.5554724666154,4187.460089475204,1150.6845053866598
2030-01-20 13:00:00,6354.5140481460585,4500.422515849021,516.8568494995407,4139.153527060208,1127.3154845959314
2030-01-20 14:00:00,6433.186552283337,4505.920140597013,512.3575808594643,4090.515165309088,1153.2313425462864
2030-01-20 15:00:00,6363.542491571355,4629.590675956481,521.5557104372522,4173.933946699444,1149.0217084858618
2030-01-20 16:00:00,6412.62411338044,4793.54277214674,553.2176863306215,4230.63468193461,1193.863353870874
2030-01-20 17:00:00,6654.530234222495,4867.720267604117,598.3944503194112,4289.015731613017,1256.290111327267
2030-01-20 18:00:00,6611.618573874653,5030.486563403612,611.3786980781267,4401.393068250906,1294.8088149688954
2030-01-20 19:00:00,6503.544292907509,5078.312088559452,616.9010246936972,4423.771007435915,1291.9583113775443
2030-01-20 20:00:00,6539.891146078904,4966.148663479203,613.3232710607056,4363.97816310337,1271.5207065890002
2030-01-20 21:00:00,6354.598755038342,4735.505914328236,595.1202989229015,4290.015962977093,1249.0600661788708
2030-01-20 22:00:00,6039.481824335092,4355.042337424868,523.0293345647123,4053.2314002203047,1147.4439644421286
2030-01-20 23:00:00,5609.504822780596,4200.053663824141,477.21060180433744,3868.6114007058345,969.214040116422
2030-01-21 00:00:00,5584.604035423582,4031.114637475652,449.9045474485556,3826.055330774896,869.4907120367396
2030-01-21 01:00:00,5429.1589484039705,3932.08968136716,448.6924895634406,3779.957178080634,814.5739147552365
2030-01-21 02:00:00,5377.95632908908,3866.6649221044822,440.746940740112,3734.054852356604,818.4472172079489
2030-01-21 03:00:00,5304.130474161844,3944.389873715195,440.5696793803876,3693.1868088832025,804.1099568349288
2030-01-21 04:00:00,5350.878873044752,4117.113294532465,438.5797696355697,3814.602381397872,811.9209374671302
2030-01-21 05:00:00,5531.024843966883,4459.332109779205,489.74981883686496,3941.7540512158216,853.1933798700496
2030-01-21 06:00:00,5698.3403523640745,4599.237875728125,525.7064554529776,4099.938679658245,996.5944321250709
2030-01-21 07:00:00,6038.860843879285,4648.3983769353135,528.4005678455243,4303.064660062377,1145.9077284424875
2030-01-21 08:00:00,6586.32274645339,4731.309538469774,538.4532030391732,4203.021791422164,1208.7160598438309
2030-01-21 09:00:00,6487.134276931926,4725.786587228196,525.7917756693504,4221.614980980505,1218.3984579867065
2030-01-21 10:00:00,6745.362489916408,4617.276419455249,531.2437490487455,4191.074640118975,1211.1528204820338
2030-01-21 11:00:00,6561.943756087087,4628.964312530712,516.9559258320065,4152.761544567776,1209.7298405045603
2030-01-21 12:00:00,6413.138260798384,4442.406767986162,520.6137127907461,4060.480602896538,1148.061765523875
2030-01-21 13:00:00,6572.030647650071,4573.813333804897,531.5265473977155,4064.035701340362,1123.6611656778125
2030-01-21 14:00:00,6599.048825356008,4593.4667221962745,510.4600197003684,4070.081784116721,1148.5624760780836
2030-01-21 15:00:00,6726.212926447705,4626.34636871117,520.5449378894064,4187.389593369421,1162.421231281222
2030-01-21 16:00:00,6752.837469286973,4848.550122488998,551.2057369760379,4208.126757593621,1173.6482118156412
2030-01-21 17:00:00,6708.567619884279,4938.223229450607,599.0925429041928,4394.675325271467,1263.261336120291
2030-01-21 18:00:00,6887.9730825820025,5048.995387769801,616.8437977400083,4421.805579012656,1301.444311381249
2030-01-21 19:00:00,6947.328913334985,5077.228569785018,607.3370213781818,4502.192908490524,1283.4716026643914
2030-01-21 20:00:00,6767.369385321282,5031.885822960289,615.411120917327,4371.417945968719,1286.0648264808808
2030-01-21 21:00:00,6492.3050825366445,4862.719970796798,581.747606034835,4286.522506008662,1239.8695696473592
2030-01-21 22:00:00,6199.545159687193,4380.132928563258,523.6957783109792,4103.780951444489,1135.0150994434543
2030-01-21 23:00:00,5866.837321492684,4127.044422919559,479.7803376444999,3871.588268941353,973.9813591068404
2030-01-22 00:00:00,5523.9961884743225,4043.4386913917256,454.8116371404487,3818.630722740029,877.0287444415451
2030-01-22 01:00:00,5488.422867055622,3924.2756171361375,433.5509260787448,3752.55068597772,797.3724310146247
2030-01-22 02:00:00,5329.246923409707,3896.751553151112,437.6526913960623,3751.842527871272,795.4512161542693
2030-01-22 03:00:00,5357.170839033539,3984.609970457352,432.6527769509193,3689.264731083631,792.2586978396959
2030-01-22 04:00:00,5486.076691579802,4069.268116979192,447.6438639242363,3737.317664725252,809.7501484043134
2030-01-22 05:00:00,5629.287374908154,4481.865948337307,477.7310140986855,3894.103737240933,844.559047838322
2030-01-22 06:00:00,5793.87800318799,4661.608214161464,525.3993403036936,4204.776434676571,988.1614418308136
2030-01-22 07:00:00,5997.601612218461,4749.042356912003,534.6369420443827,4210.589157416674,1165.384994833236
2030-01-22 08:00:00,6448.721648020823,4649.319602505779,539.763422661181,4167.23179891411,1197.3706095097116
2030-01-22 09:00:00,6560.244361883514,4713.303654228783,525.2196010098758,4250.982445788352,1214.2212124397436
2030-01-22 10:00:00,6708.563283622012,4640.760859350878,525.9190405341568,4217.897642581776,1199.285080407507
2030-01-22 11:00:00,6603.889308403569,4590.893399918671,516.9954573672065,4225.252347193129,1202.3979802086103
2030-01-22 12:00:00,6529.512832910058,4489.932298568308,519.9748261001839,4166.547323352524,1177.125379658216
2030-01-22 13:00:00,6536.45971998781,4527.020591262044,529.8205245490785,4121.096697756963,1149.4729064860044
2030-01-22 14:00:00,6713.371875769327,4577.373446356541,527.6439385240798,4178.650397023431,1147.9495327034278
2030-01-22 15:00:00,6749.182290276789,4618.451729296202,536.0191556266412,4169.9995704363055,1167.6321390943983
2030-01-22 16:00:00,6827.062637984977,4831.751160322311,546.8946613588365,4304.45519940596,1207.0961629273136
2030-01-22 17:00:00,6900.869765102676,4971.61308477369,593.2590150438299,4340.330292182742,1249.5421700818297
2030-01-22 18:00:00,6854.511400206758,5076.880525404119,610.3601871691435,4323.736461330679,1304.903822257986
2030-01-22 19:00:00,6875.083799789943,5111.673572621211,626.4616985301797,4407.899261780631,1312.6274651356375
2030-01-22 20:00:00,6869.00661339638,5016.808604627547,617.6188072254722,4403.192390146929,1289.1514807771207
2030-01-22 21:00:00,6761.753676678191,4708.066406543689,583.5053339430264,4324.152514366809,1239.0798309686993
2030-01-22 22:00:00,6259.167082172568,4403.215860468899,527.7615060762686,4079.2576367724223,1117.042219452228
2030-01-22 23:00:00,5820.6473591964295,4138.909675914681,479.6994031357885,3895.546614472233,969.4417305277008
2030-01-23 00:00:00,5615.224686107526,4022.008698712287,456.5389292190269,3803.8506472077634,869.9221407353352
2030-01-23 01:00:00,5492.460147146707,3966.341589798935,441.3759386808377,3775.574565645461,829.4066990183713
2030-01-23 02:00:00,5522.11222488223,3897.562337858943,432.2808813481376,3749.887972651549,802.6316810321142
2030-01-23 03:00:00,5411.335090025,4008.3570781835856,432.2381291993189,3752.699259728736,806.5289404309763
2030-01-23 04:00:00,5423.799828020157,4150.313022186407,450.4541411079705,3682.8385944599618,807.1629415820029
2030-01-23 05:00:00,5504.939427673864,4375.267569927297,474.2396165391317,3896.823868880364,848.5499687339673
2030-01-23 06:00:00,5808.1646073573365,4715.113861554351,527.3422580446617,4168.853882992776,994.2181972015788
2030-01-23 07:00:00,6059.468912453644,4679.818486447999,521.9473158420072,4172.685817257713,1158.3583109105507
2030-01-23 08:00:00,6465.317251954128,4738.051484685019,535.2545909235656,4235.563042867849,1220.3259414465456
2030-01-23 09:00:00,6698.374370588828,4722.681095176777,529.8611855461428,4271.600707932844,1226.171876327343
2030-01-23 10:00:00,6768.188213299791,4689.691413221101,515.4228785076795,4208.083138120545,1226.3874940756814
2030-01-23 11:00:00,6779.24516913294,4555.364541794896,524.0013992515067,4101.952901674375,1231.0471970370463
2030-01-23 12:00:00,6646.635523250847,4477.198538596589,515.3106762506177,4119.521832817407,1166.0693704420964
2030-01-23 13:00:00,6742.2059835387145,4608.8489681072615,527.1302014605099,4126.310926364416,1159.046756275391
2030-01-23 14:00:00,6738.999262257848,4532.435577989008,521.5394452239152,4173.380110993422,1149.5277702058722
2030-01-23 15:00:00,6659.173530751755,4705.800956826131,529.8459542083723,4170.612910702933,1172.0653523780643
2030-01-23 16:00:00,6965.084687633762,4876.538734099042,545.1920751692007,4199.564625856661,1235.758314101543
2030-01-23 17:00:00,6954.302328079139,4956.175983654956,589.8473869522203,4371.005938667569,1312.878700414779
2030-01-23 18:00:00,6774.342723988665,5072.600770579209,610.4058820393006,4552.709166652625,1295.7886027339605
2030-01-23 19:00:00,6907.864793267076,5190.916849979125,617.9443011526643,4456.658684638605,1325.7547570177326
2030-01-23 20:00:00,6816.026891841254,5068.046575996961,609.5413278378343,4466.672118660667,1300.6094991488355
2030-01-23 21:00:00,6680.124275439232,4827.145573962162,583.1544404567976,4392.022226432613,1238.0666756035905
2030-01-23 22:00:00,6412.942059205431,4448.886878345023,520.8792175047531,4139.538162180353,1141.2361835262186
2030-01-23 23:00:00,5836.160608255937,4134.333846150329,478.7835237861891,3980.496985124465,972.7340515930724
2030-01-24 00:00:00,5549.223921599711,4029.238875565804,456.3242724609912,3834.2434509279688,866.0787721467742
2030-01-24 01:00:00,5504.032468885119,3945.947027384453,446.0964883141716,3839.372084087487,820.4577272979994
2030-01-24 02:00:00,5452.345760801035,3978.532731575982,433.843462204201,3769.4027697668776,796.2008173255151
2030-01-24 03:00:00,5321.2879675625945,3917.0235194722186,445.18539446844414,3728.676942707281,801.7903480084417
2030-01-24 04:00:00,5372.076304400283,4101.718273934857,445.3922924945517,3780.372856593002,822.6026725876683
2030-01-24 05:00:00,5546.024303302903,4482.867950716938,480.9486318849566,4004.712989287033,850.5589294117959
2030-01-24 06:00:00,5843.464909990619,4578.826759639869,528.4746707160815,4050.6070838626542,995.3665491625702
2030-01-24 07:00:00,6208.86163947801,4723.338080524153,539.6964403666739,4214.695359640087,1159.4900223031643
2030-01-24 08:00:00,6442.37284939966,4808.476342710079,537.5228766226471,4248.132548336852,1203.7780164188744
2030-01-24 09:00:00,6790.588924030294,4722.135605729744,522.5200042261923,4302.151308333495,1226.359591938191
2030-01-24 10:00:00,6674.234793117734,4607.972700508744,531.4328064169802,4214.095101766738,1230.7352598583689
2030-01-24 11:00:00,6645.430168507452,4641.081764457448,522.2300294475033,4164.378477667026,1214.070795368397
2030-01-24 12:00:00,6517.798991217147,4505.063206733876,513.2996587432278,4116.960877830561,1167.268498297757
2030-01-24 13:00:00,6617.05686644756,4587.595958716367,516.2260041001442,4094.056387804285,1153.0065438475729
2030-01-24 14:00:00,6698.377836722428,4608.496549425326,514.2836557340199,4102.695017121742,1142.4256491274284
2030-01-24 15:00:00,6589.3069760868975,4703.739506294325,526.40228176023,4187.972189677159,1152.6555896423597
2030-01-24 16:00:00,6675.191549506776,4868.116189704511,555.3871583244625,4282.945810852807,1232.1189601584847
2030-01-24 17:00:00,6898.38673632638,5020.4184936642505,585.7886666338413,4426.220848419303,1255.1308028187634
2030-01-24 18:00:00,6920.342663139644,5036.383781575991,612.2006732433563,4499.344475131795,1304.0212028293545
2030-01-24 19:00:00,6822.7362019707725,5105.866838909962,622.6863628410533,4464.954219932882,1320.04823221169
2030-01-24 20:00:00,7007.448463588973,5036.602325870647,615.9088613317502,4486.6304134779,1277.1828787370623
2030-01-24 21:00:00,6680.340959224584,4764.491962489944,584.4241010587637,4358.762611191088,1248.5435757192654
2030-01-24 22:00:00,6314.66889356734,4449.223325174091,527.4344786853101,4113.030003760369,1117.7377332380224
2030-01-24 23:00:00,5879.732969085548,4172.411146578346,487.06847555653536,3970.5882827595465,958.1978848889704
2030-01-25 00:00:00,5631.335272473143,4033.668769855653,466.7808445582119,3850.042507799202,878.6111235530568
2030-01-25 01:00:00,5506.570404920519,3977.593363111383,440.7245091641005,3773.272382564709,828.5930832732732
2030-01-25 02:00:00,5372.346179800501,3932.777694615929,440.0681191919012,3768.640427794852,788.9150319723263
2030-01-25 03:00:00,5296.42899514537,4017.148980596999,433.3599359224721,3723.051201001719,801.7375889862669
2030-01-25 04:00:00,5458.033409226727,4039.157928722811,447.5948356734347,3784.501756733389,812.5727617606046
2030-01-25 05:00:00,5600.836231742921,4434.941968708796,490.6161286094734,3982.563838167983,865.0537841440255
2030-01-25 06:00:00,5857.017949875956,4596.271278768402,525.0599390307657,4172.004749951748,1000.0583769704422
2030-01-25 07:00:00,5999.104701423578,4677.333477864499,532.6357447344856,4217.7076006772295,1154.36057192179
2030-01-25 08:00:00,6410.87288825039,4729.4673758011495,525.786398948592,4181.600694322242,1209.8696314691158
2030-01-25 09:00:00,6840.319675035323,4773.264800265801,515.135940550675,4305.811099758382,1234.052755101906
2030-01-25 10:00:00,6728.368662967849,4760.070013286158,529.5393451204886,4243.322666295315,1232.5203231486282
2030-01-25 11:00:00,6630.390850210583,4595.484130199501,527.5467634303936,4188.861297910814,1224.395463159021
2030-01-25 12:00:00,6568.262125676352,4508.056399978169,519.2360106951394,4154.321933503643,1175.2975705795093
2030-01-25 13:00:00,6668.195513330638,4563.253776539051,530.3988350819543,4125.548295774586,1150.5598674989117
2030-01-25 14:00:00,6722.516593251992,4593.378062086538,531.6429852432318,4145.280008576564,1162.1175089162202
2030-01-25 15:00:00,6712.738099415928,4574.592096184357,537.0788212303668,4131.255204993706,1166.4707748790186
2030-01-25 16:00:00,6696.304406653359,4801.077728798365,546.7475283303005,4235.925533998055,1221.2310609237657
2030-01-25 17:00:00,6915.472181001518,4982.860532581328,587.7452098833215,4377.436731154273,1273.24483507791
2030-01-25 18:00:00,6932.933082965838,5040.172605614956,628.4410133717445,4508.562761951477,1310.2279628151027
2030-01-25 19:00:00,6989.050752834575,5153.955237380852,629.7301362351598,4515.839288482463,1296.5578538948837
2030-01-25 20:00:00,6895.454595391248,5045.2923794763965,613.1526512419867,4595.791977065903,1316.6471087513896
2030-01-25 21:00:00,6657.294232950418,4722.418176805307,579.7912513468093,4321.6516477501655,1269.9969325074203
2030-01-25 22:00:00,6292.9231765378645,4434.395927566874,523.2480525985582,4169.079956848384,1148.7848802388214
2030-01-25 23:00:00,5909.536900625746,4113.433124940449,487.3509485860176,3872.376509180583,978.8511949565826
2030-01-26 00:00:00,5545.711413319585,4047.607927625559,458.2723277875469,3847.317845846347,870.24455467119
2030-01-26 01:00:00,5455.009666704207,3933.795155050246,441.884177673414,3797.2581202912975,832.8213163132045
2030-01-26 02:00:00,5333.542859086182,3914.153150248245,445.9818318464828,3775.766161789166,800.7767535899387
2030-01-26 03:00:00,5343.073513262827,3999.845404111284,437.9808475783365,3743.6877281517177,792.226591760523
2030-01-26 04:00:00,5366.189965121858,3999.789646624824,451.13335315747696,3790.402878139529,806.2069630343229
2030-01-26 05:00:00,5639.748842442968,4394.265753023804,479.7714486614814,3979.186323245167,849.9740014236041
2030-01-26 06:00:00,5714.325564716696,4672.218952135051,527.4491852016071,4208.67179832473,981.0343691782804
2030-01-26 07:00:00,5893.28457189483,4606.166234822388,529.5114764302776,4166.569846995487,1155.474791895688
2030-01-26 08:00:00,6434.858458264333,4771.707030352507,534.8451013715836,4200.190719273084,1186.2547194390645
2030-01-26 09:00:00,6601.411286939099,4733.827406063672,530.2950541169379,4199.99831079283,1235.8995992429766
2030-01-26 10:00:00,6740.129983653651,4671.593771468538,521.5763770914757,4154.293028601232,1210.5882210878742
2030-01-26 11:00:00,6567.125227442784,4631.613799978778,522.683839990072,4201.335297342997,1219.779139271389
2030-01-26 12:00:00,6598.109549297215,4508.233781204208,522.0359002054083,4114.51330891674,1194.6152504756392
2030-01-26 13:00:00,6642.810441070327,4580.015290141824,532.1804739562759,4099.403876591345,1145.8260841597746
2030-01-26 14:00:00,6596.959754621621,4593.339295766436,526.3640704380522,4184.779369455868,1152.442341725982
2030-01-26 15:00:00,6651.277759918958,4710.94161409395,531.5881207260827,4197.827852590629,1131.0065771919833
2030-01-26 16:00:00,6802.07273105744,4849.821147197117,548.4496695780515,4271.945452065679,1227.1918241716169
2030-01-26 17:00:00,6769.762348580036,4988.282165548015,592.2206241393856,4364.16020205471,1288.7065457074857
2030-01-26 18:00:00,6859.257730293743,5056.894434504808,606.8012131543001,4440.761347423605,1290.320552870128
2030-01-26 19:00:00,6808.311870390997,5051.977336275764,616.3342928607325,4444.968101971395,1306.3188505630765
2030-01-26 20:00:00,6821.199801757662,5097.010885401427,615.8528051967243,4495.716171442353,1295.9888488414858
2030-01-26 21:00:00,6604.551171573115,4710.364516606656,587.2881202974796,4306.4088958641,1276.8438627434086
2030-01-26 22:00:00,6361.190730166361,4503.096521651401,530.0389394020557,4086.6298778141736,1112.4007009879278
2030-01-26 23:00:00,5891.34542655976,4177.413880881819,487.1660304139277,3957.468841085552,965.5096872456722
2030-01-27 00:00:00,5295.811300318174,4023.497669991637,469.76438325549,3737.339114883343,854.8898726036774
2030-01-27 01:00:00,5275.09566842384,3875.973054850825,442.68380120294177,3669.912556924257,817.153027405432
2030-01-27 02:00:00,5184.334721471617,3872.342787227223,435.7578771791092,3708.200277698459,800.355126589426
2030-01-27 03:00:00,5092.307952021022,3917.180344453664,440.4812091131397,3705.366769604773,790.1894951056439
2030-01-27 04:00:00,5172.270097932602,4031.805058589744,445.2143348295627,3675.6110302896063,810.3441431555212
2030-01-27 05:00:00,5251.814023093641,4365.00299589686,483.0590083935514,3945.57799875673,843.1570768603834
2030-01-27 06:00:00,5580.048250418315,4560.590258129282,518.9926031456091,4036.0923194020575,979.7219311582236
2030-01-27 07:00:00,5802.361821360683,4592.36475338315,529.7492149265784,4181.609234000436,1155.0508327834114
2030-01-27 08:00:00,6208.481843009066,4575.717757312585,536.1438321382888,4173.852289270948,1187.1525705299505
2030-01-27 09:00:00,6326.298640161765,4708.068942406619,524.6760909354024,4158.312528529432,1227.1244015805569
2030-01-27 10:00:00,6477.950988705546,4631.498909230499,520.2046427196548,4258.269262774417,1191.572732184313
2030-01-27 11:00:00,6371.5371911996735,4513.30619243482,523.515335076681,4151.518895059511,1200.84025149684
2030-01-27 12:00:00,6324.725000708285,4519.834430938451,518.2287711023074,4081.66775856504,1149.2466034617116
2030-01-27 13:00:00,6445.444103748099,4488.035028394502,523.2290332343669,4099.6234351147095,1137.421263354357
2030-01-27 14:00:00,6386.86026501469,4598.3826223747365,515.3148663318647,4076.875932617761,1152.1831307994064
2030-01-27 15:00:00,6275.919085917368,4610.208383706435,534.983229666515,4167.212357692666,1190.872552698483
2030-01-27 16:00:00,6535.737724133531,4782.690816498317,553.793316732507,4258.906307896314,1189.9252860002434
2030-01-27 17:00:00,6549.812130194065,4906.940126759339,580.9032777232774,4388.575384103033,1257.2018978823317
2030-01-27 18:00:00,6505.81108371646,4985.313502845306,601.6966691260086,4484.385721562328,1330.082315491584
2030-01-27 19:00:00,6565.736134029527,5055.702678365316,627.219164526862,4425.095690815955,1305.9122320532313
2030-01-27 20:00:00,6491.165767626663,4952.575282713554,615.9466991241752,4465.1147103014855,1305.889127654443
2030-01-27 21:00:00,6489.956335310528,4640.3090193329135,588.5584150382809,4227.335234714507,1231.1225652359362
2030-01-27 22:00:00,6055.936410973737,4365.976797877305,521.7709105374155,4105.004444325437,1123.3727036671823
2030-01-27 23:00:00,5620.188097161849,4137.426708473459,481.5841515176263,3927.102342575706,970.8609807806264
2030-01-28 00:00:00,5580.694421036076,3970.845062989471,459.1404199313805,3837.97967847228,869.9925083940021
2030-01-28 01:00:00,5570.778028273871,3874.9884594967066,439.9067075507964,3746.277979803783,824.677887902796
2030-01-28 02:00:00,5336.764956372229,3897.064829868394,436.3007512496195,3724.707612323301,795.5765150901134
2030-01-28 03:00:00,5314.879015809146,3985.113047341501,442.2115510679022,3770.561661879909,795.7938426816669
2030-01-28 04:00:00,5512.551728230276,4136.007805949343,450.4003325909667,3772.5968172402936,812.2753154558467
2030-01-28 05:00:00,5524.825492025861,4383.876647828817,480.33835581353486,3964.8767030221697,850.2086607663041
2030-01-28 06:00:00,5658.010108831445,4660.590664496728,525.3526804792604,4111.681964634778,1001.1660967443167
2030-01-28 07:00:00,5974.976176641764,4672.576794262939,529.2178079696894,4188.367722510082,1136.6257406020711
2030-01-28 08:00:00,6312.783378890145,4670.5868584413465,530.7536553120636,4249.218560367237,1216.6085096335426
2030-01-28 09:00:00,6651.623229482743,4745.765774556499,528.0687529734824,4262.180348477756,1218.9716143447893
2030-01-28 10:00:00,6660.838583955343,4680.3578995727785,530.0790116635881,4173.050866826208,1229.426792996088
2030-01-28 11:00:00,6693.895645661141,4592.466350578505,527.0241663761765,4195.416899480471,1213.308293251784
2030-01-28 12:00:00,6687.960798511016,4508.837914911991,522.9363573162784,4124.347473880387,1169.27011732736
2030-01-28 13:00:00,6559.013496593614,4620.874936708328,519.1367573334948,4158.568916604432,1154.917887928502
2030-01-28 14:00:00,6727.809295016104,4524.503320044927,527.4287722641657,4142.608614922472,1122.6242677451469
2030-01-28 15:00:00,6639.581862866274,4658.600846073192,524.4420084212115,4173.840132075147,1189.6479566484722
2030-01-28 16:00:00,6698.866614612712,4885.151567945302,553.1240096735023,4200.418597370933,1206.1966703280573
2030-01-28 17:00:00,6816.347470459489,5088.9688858482805,580.8218431007251,4467.9122960510185,1256.406230842775
2030-01-28 18:00:00,6835.683026260893,5064.113371774619,601.9308349843163,4426.237554116267,1317.732704743079
2030-01-28 19:00:00,6963.135334960456,5114.135430889269,631.00529272994,4581.467703563725,1302.354263094064
2030-01-28 20:00:00,6895.475770386654,4898.582832619254,616.9483807363596,4419.9167860306325,1288.7320364133138
2030-01-28 21:00:00,6556.898734936931,4722.366556952,583.1610744117174,4245.108644106009,1228.7432679904712
2030-01-28 22:00:00,6200.986525335277,4435.917619865107,522.9327107062734,4106.799274409854,1113.455688155255
2030-01-28 23:00:00,5949.978039928896,4188.628048815465,481.6307121157876,3871.796512239773,956.5828201479976
2030-01-29 00:00:00,5634.018163469618,4029.747575630905,467.56820124681207,3823.687058586128,878.412674649058
2030-01-29 01:00:00,5570.489106780169,3939.894975520797,440.6856862178022,3826.4265719791033,827.6008032136947
2030-01-29 02:00:00,5258.377155006417,3893.8506998146377,437.3389118791266,3689.382130755152,802.4239869248239
2030-01-29 03:00:00,5371.498321156482,3978.501726111479,433.7874758922517,3696.45371611392,795.3623584767379
2030-01-29 04:00:00,5475.140101009954,4099.842198082266,448.09439485422297,3848.253529814906,798.5819379690373
2030-01-29 05:00:00,5660.772666615717,4441.8253499416405,482.0746005646049,3909.19384142581,851.2118366444791
2030-01-29 06:00:00,5802.356091531568,4628.097327211543,527.3063709648818,4133.308385717698,984.6406080676704
2030-01-29 07:00:00,6006.362501808575,4606.21219143964,528.0075325912472,4267.375364949965,1157.2027771408111
2030-01-29 08:00:00,6378.569068780494,4775.907930321258,533.3632908558966,4201.692616520355,1222.4862196738138
2030-01-29 09:00:00,6657.438041716843,4690.692783310064,525.2218052214585,4178.71037773293,1194.2740213187485
2030-01-29 10:00:00,6674.084752047226,4666.726963496395,526.7511770865726,4100.237465095001,1207.3666615692653
2030-01-29 11:00:00,6647.276091240257,4635.608908758186,530.488746507236,4177.960416984309,1208.1169022735085
2030-01-29 12:00:00,6563.098373964623,4518.297259398456,515.900355352054,4123.636400318126,1190.219215543328
2030-01-29 13:00:00,6713.679860623541,4574.251520365517,517.5788206593745,4131.080455670207,1174.6129649973386
2030-01-29 14:00:00,6713.65450663322,4581.664236140807,525.7851099336561,4154.141784154764,1123.7536569932786
2030-01-29 15:00:00,6635.890178662366,4689.3545776171895,521.9803126126822,4106.388777927316,1169.3851838381454
2030-01-29 16:00:00,6809.122043566794,4825.782191994247,542.3549386504033,4192.773535993458,1210.3853643470488
2030-01-29 17:00:00,6914.536205218354,4998.498758890359,582.5465545528484,4437.094452713281,1280.3320437482353
2030-01-29 18:00:00,6784.186988075967,5113.943377417384,613.1765871253652,4504.160034831148,1288.6398593006895
2030-01-29 19:00:00,6849.509722310963,5165.513873534807,615.4958362445726,4449.972652712038,1279.7741994440462
2030-01-29 20:00:00,6893.973938908733,4997.359442673964,614.8277811528077,4426.167911179086,1290.0110313773582
2030-01-29 21:00:00,6640.305119991083,4831.218442692082,575.5027468555189,4265.9445280737855,1235.6556988122577
2030-01-29 22:00:00,6348.550157808541,4409.6732749815565,537.3312674508396,4073.1499378062113,1114.2453114907892
2030-01-29 23:00:00,5915.933229696281,4180.749081079805,485.4832489149293,3963.381315747126,980.097793208137
2030-01-30 00:00:00,5634.944844857183,3997.3515910708193,449.64680795727554,3837.5808642511183,894.461636497
2030-01-30 01:00:00,5554.470039168713,3946.413628409744,444.24443143812687,3761.650341183373,817.6827845358273
2030-01-30 02:00:00,5390.0981599050265,3837.382525679858,440.85886563340426,3721.716936037572,802.874747887111
2030-01-30 03:00:00,5451.940068448221,3971.775058322832,430.9390280981184,3700.2195935716622,805.5347982051865
2030-01-30 04:00:00,5417.539336013356,4057.474430711031,444.906129796644,3830.988334220643,821.6061273817311
2030-01-30 05:00:00,5577.631444238631,4391.362323321013,485.185819024766,3907.381866735898,852.5936026293714
2030-01-30 06:00:00,5857.580193918351,4641.593348021348,530.4023860178021,4140.285136091605,1004.8203048784442
2030-01-30 07:00:00,6115.178166269226,4610.10425186052,531.0298928779437,4158.47153249193,1152.339233009915
2030-01-30 08:00:00,6348.788806399921,4676.578780091299,530.2400112360999,4230.728171769676,1212.2864596289728
2030-01-30 09:00:00,6641.724079127853,4723.550981542314,518.6615672801016,4234.105254754434,1222.3283650425492
2030-01-30 10:00:00,6840.346053866382,4724.0208432345225,523.251226275423,4268.919822939166,1227.7865226379135
2030-01-30 11:00:00,6718.967398199474,4573.970654510839,528.9562193922833,4217.005219143353,1219.938974819964
2030-01-30 12:00:00,6608.588488011493,4532.235755318133,510.4187472230174,4080.751653692888,1156.297246574916
2030-01-30 13:00:00,6603.937351908832,4568.636706787131,526.2590363617097,4139.625272407463,1144.0445258397492
2030-01-30 14:00:00,6587.139629071119,4521.636559430432,516.8185717996707,4137.547170774933,1149.4471162553666
2030-01-30 15:00:00,6696.859500423102,4652.164871218127,527.1803884263088,4127.615072537816,1169.728571232789
2030-01-30 16:00:00,6908.319172040983,4866.879527467345,549.293465240666,4293.379387968219,1209.2256293584658
2030-01-30 17:00:00,6939.531226561715,5099.993125793891,586.7260397071711,4453.980695808279,1253.733770093454
2030-01-30 18:00:00,6816.860180815893,5089.075467470925,610.3518131951362,4471.407000556774,1317.8847753042387
2030-01-30 19:00:00,6842.887184894261,5124.195696904276,616.2012390262101,4463.543608696035,1285.3493557221311
2030-01-30 20:00:00,6878.513712798041,5059.962294596057,608.6848996239264,4401.024747272364,1292.0288528679098
2030-01-30 21:00:00,6630.310531376934,4800.165911276597,578.5393796469511,4350.558988654324,1266.7554699113953
2030-01-30 22:00:00,6340.353426530184,4424.682961987461,529.8520616059848,4155.119520245208,1140.773732399491
2030-01-30 23:00:00,5912.43002447438,4242.795494497516,475.7185942268329,3825.02185847968,967.1700938324598
2030-01-31 00:00:00,5672.43280062222,4069.14756817708,454.26725501888166,3790.737630559269,861.0166815087637
2030-01-31 01:00:00,5547.189518938732,3977.748105150804,442.2171305256093,3784.732343155962,830.9708105252153
2030-01-31 02:00:00,5414.768334995098,4007.728954780836,444.0480976909701,3758.760787792605,809.0183343921689
2030-01-31 03:00:00,5435.614444550131,4024.482752302751,439.0075657744532,3713.003668347782,797.6239413591485
2030-01-31 04:00:00,5314.016849433869,4175.321150544744,444.72162044942354,3753.249410795423,813.3980415932806
2030-01-31 05:00:00,5636.047808730987,4466.460345399357,489.2566696133226,3975.999410260125,840.5770835106608
2030-01-31 06:00:00,5862.805160539099,4692.815827112572,530.7424088015099,4152.280126713244,1000.0083686719048
2030-01-31 07:00:00,6115.034757172923,4686.00326713087,523.1782924149398,4174.429002681808,1156.5117282131528
2030-01-31 08:00:00,6389.579251379768,4684.302508704281,532.6173265893149,4256.543851874868,1226.2805913487423
2030-01-31 09:00:00,6623.046186252318,4662.791474926842,536.4468789396873,4183.260477909468,1235.5608674246876
2030-01-31 10:00:00,6734.133835540219,4730.748580738681,534.0171493122076,4217.536945202031,1228.429239818198
2030-01-31 11:00:00,6700.681602325603,4688.85971665586,519.8241415957667,4187.9920007549,1195.9648642383495
2030-01-31 12:00:00,6619.249213973247,4567.448260723308,514.2227832179207,4164.032206005822,1185.5119165251097
2030-01-31 13:00:00,6730.817642836511,4549.504111711724,523.8219735787122,4116.346277397047,1135.269180364139
2030-01-31 14:00:00,6810.389594929558,4607.493135856089,528.4402493488876,4106.664137438898,1151.6883646898802
2030-01-31 15:00:00,6687.131128152896,4630.970678692696,529.9950453800185,4150.117662690142,1163.509999602483
2030-01-31 16:00:00,6870.728818099572,4896.413530049771,541.7621735773029,4277.092009006878,1216.1359958630571
2030-01-31 17:00:00,6843.45504032648,5052.727247490565,598.4728732457996,4505.687289381554,1274.86852169822
2030-01-31 18:00:00,6634.12831028585,5065.266484569078,605.5959760058242,4497.697315906424,1298.6057350685774
2030-01-31 19:00:00,6856.920603690955,5189.601271650293,618.4825074207159,4486.820583417788,1290.7799078989756
2030-01-31 20:00:00,6886.873762811031,5063.062485103551,621.4808390400002,4413.082496673061,1286.6568059538697
2030-01-31 21:00:00,6586.048704451782,4838.373749235321,585.9793422891744,4374.228451108866,1252.4680600719155
2030-01-31 22:00:00,6477.082034259529,4349.064287817459,529.9661362172238,4163.876820178354,1148.9008820479294
2030-01-31 23:00:00,5856.404318110478,4199.889196268524,486.51810785974544,3995.041424353626,978.5035942907926
2030-02-01 00:00:00,5676.006482915193,4003.172486241847,469.621834503559,3810.989910419421,871.7150316169268
2030-02-01 01:00:00,5545.272505662785,3887.365477075192,460.5724230243108,3758.8147337474425,826.1786080969023
2030-02-01 02:00:00,5507.637261444812,3880.2339104153966,448.05507544636816,3686.672995193602,804.5073939829588
2030-02-01 03:00:00,5465.87797588701,3958.971153676725,447.0022975960146,3850.620431850196,797.0847880834403
2030-02-01 04:00:00,5464.780100448619,3970.556389520842,459.58495659497953,3772.7301402288094,810.7420199181818
2030-02-01 05:00:00,5673.820666789787,4381.214933592502,493.0108997301992,3831.025552973788,841.3631628822968
2030-02-01 06:00:00,5878.059722377877,4704.061956669171,528.6616021992892,4040.792979208749,980.595049035567
2030-02-01 07:00:00,6193.740055999834,4622.4349672190165,534.2235096706714,4257.740025376248,1156.8033532836284
2030-02-01 08:00:00,6499.921772501249,4463.821914652503,544.3939383564357,4242.841170119329,1207.7400289615546
2030-02-01 09:00:00,6699.556053683801,4603.723686912426,538.4507915680522,4151.384123415199,1212.7919620792247
2030-02-01 10:00:00,6954.143755841599,4537.776361825322,539.2237178608609,4158.612729784627,1214.5983921708655
2030-02-01 11:00:00,6806.876397330694,4503.588393128859,546.2048185119354,4162.374543928993,1208.6706857671932
2030-02-01 12:00:00,6580.796898758378,4454.0858734263,530.3579992445713,4111.722426676013,1158.4910726353714
2030-02-01 13:00:00,6844.616413857139,4595.085156976849,534.7464049837707,4083.392341079553,1160.5954988294473
2030-02-01 14:00:00,6669.79190254047,4536.70461519815,534.3803753032136,4128.631668833698,1145.1455885044145
2030-02-01 15:00:00,6755.596322667706,4648.877171942044,540.9440755406115,4150.079225041151,1157.6812236798785
2030-02-01 16:00:00,6936.741459337974,4820.996572302514,551.6480573403674,4241.026831511018,1218.7739085864027
2030-02-01 17:00:00,7007.723822803715,4956.150031782349,599.7432442450181,4328.235071878483,1279.4721576594106
2030-02-01 18:00:00,6855.430970794084,5047.06089116634,618.7503527405894,4390.381672006991,1298.6728368135043
2030-02-01 19:00:00,6974.610584081153,5016.824188545762,633.958319198914,4383.138409656263,1312.799115844978
2030-02-01 20:00:00,6871.906030830764,4984.330709341544,631.4655112040215,4468.923404633354,1308.583699045339
2030-02-01 21:00:00,6659.731191981433,4630.6625635232185,599.8301768634224,4303.760090257173,1247.932940954844
2030-02-01 22:00:00,6414.033065941528,4350.388153635739,535.6645212877982,4035.611919276985,1135.7669951676094
2030-02-01 23:00:00,5872.026444331602,4093.899825867789,494.8746226262816,3913.2888864613446,979.6444086750524
2030-02-02 00:00:00,5716.609367468204,3966.50619045709,458.5242167385513,3797.1497829583327,863.023316160457
2030-02-02 01:00:00,5373.796780849356,3898.8269361631633,445.69677628457583,3758.876881624842,814.8244554275352
2030-02-02 02:00:00,5445.181949143276,3845.957507336216,441.9335833502173,3683.4188679720846,780.951977496671
2030-02-02 03:00:00,5389.517093023424,3884.839009072328,448.311799178202,3688.486613794188,798.5493195107995
2030-02-02 04:00:00,5428.3588325570745,4053.4677768608008,457.0429598634773,3717.977302653988,806.533119502855
2030-02-02 05:00:00,5494.094946744775,4400.286358749709,484.9616421669093,3894.867740897869,843.7065725668945
2030-02-02 06:00:00,5876.158352405957,4558.798163920663,542.3082642569263,4140.504701944864,998.060250840444
2030-02-02 07:00:00,5935.064107663835,4554.469008052872,541.3730532621191,4168.490511538358,1159.1948995074692
2030-02-02 08:00:00,6329.036162029062,4701.975166173475,538.454161645936,4142.248083259105,1196.12175491022
2030-02-02 09:00:00,6655.884572022039,4615.411060946581,535.7519661883354,4178.498349874784,1218.381693289076
2030-02-02 10:00:00,6672.312823079773,4540.791117199951,536.9921340014573,4202.604271859992,1204.4287639834747
2030-02-02 11:00:00,6686.85896217893,4538.377552186527,538.6082543146593,4153.901390467464,1205.7034512177606
2030-02-02 12:00:00,6604.779962852674,4376.018875835928,524.2685041178374,4038.438334901004,1129.507841405758
2030-02-02 13:00:00,6654.262180626103,4549.004561529085,534.9909595120589,4055.630386871618,1146.7385089555876
2030-02-02 14:00:00,6626.099257297833,4530.123836142947,532.0118621599112,4130.2757794079325,1130.6348441688492
2030-02-02 15:00:00,6642.162252182682,4596.583686504982,538.0556793374531,4161.40704582198,1147.051787638117
2030-02-02 16:00:00,6733.484541666789,4694.455345324332,560.9544967658105,4156.683172003964,1178.2798135365967
2030-02-02 17:00:00,6827.787164416587,4960.767826942278,595.6569221886481,4323.610329830988,1283.3885712395784
2030-02-02 18:00:00,6849.089912353004,5048.246179615426,626.7559731878525,4399.916673031572,1293.1057343463874
2030-02-02 19:00:00,6753.456566183967,4956.030584550339,628.7793694055869,4432.575406277099,1290.2562877960445
2030-02-02 20:00:00,6875.245568080315,4954.165677079444,616.2985972840222,4363.455902370695,1301.179153591422
2030-02-02 21:00:00,6717.2694118635045,4698.291539073561,601.9397507379832,4278.537009678124,1235.755823409177
2030-02-02 22:00:00,6279.312838096453,4349.267315076992,530.8068483769207,4099.87594667353,1125.8941177604067
2030-02-02 23:00:00,5911.763346340026,4065.516382611021,488.6550357509628,3919.532101196549,959.3310707893844
2030-02-03 00:00:00,5417.888679838701,3860.899877505362,458.26062246266986,3699.766048134279,862.5312436727955
2030-02-03 01:00:00,5279.115072897504,3881.583170104341,446.8060613751031,3677.537569321375,827.1709569631272
2030-02-03 02:00:00,5391.079314102559,3785.774175459993,453.5812949650133,3662.264077595475,797.0576536279027
2030-02-03 03:00:00,5222.237326781273,3844.1893309420007,442.2349940580103,3636.230980728237,799.1824624544926
2030-02-03 04:00:00,5264.143870871162,3937.354719019627,447.9200701913804,3635.8887127064113,798.6515503980086
2030-02-03 05:00:00,5309.134787014637,4238.993749010583,480.6512584835153,3875.6298070911,839.3185335758726
2030-02-03 06:00:00,5660.340925656985,4515.126643642806,537.7639024805566,4023.161271986374,976.4999123469256
2030-02-03 07:00:00,5841.6418230666,4610.954311085731,546.1288319014374,4015.785663822744,1160.6418718622592
2030-02-03 08:00:00,6211.639240931642,4730.735075816336,541.8358417099736,4163.036178192567,1207.7530088259284
2030-02-03 09:00:00,6432.341691737312,4495.981490584084,531.6502491670668,4084.7258288552976,1217.1500244459355
2030-02-03 10:00:00,6587.35831204636,4516.284163825839,533.0700541751456,4146.014992576196,1222.4220499386888
2030-02-03 11:00:00,6428.6090870446,4507.676675639676,522.9082412623293,4098.694844607585,1208.531802202642
2030-02-03 12:00:00,6375.3277442323415,4396.966036520561,518.7619557844966,4027.8381422698953,1151.4377409087838
2030-02-03 13:00:00,6623.58605682806,4372.188592872383,533.6016666992281,4082.700572442052,1144.9375994744655
2030-02-03 14:00:00,6622.475426177863,4538.367337617598,529.8771009475947,4040.902688439175,1143.5603924681095
2030-02-03 15:00:00,6380.78315176004,4537.13002859999,539.3984022461342,4087.815898939957,1156.8144128715508
2030-02-03 16:00:00,6556.194106317497,4671.456614315923,560.470738487577,4241.025884717727,1219.1303005337606
2030-02-03 17:00:00,6595.659257171442,4824.494907070154,593.9071474031878,4225.424850604458,1266.8600179622315
2030-02-03 18:00:00,6571.029654418948,4810.284259878811,616.1476928116231,4327.34605216824,1271.8678509401873
2030-02-03 19:00:00,6529.466475861425,4866.858936135466,622.9469791930404,4397.153720955906,1294.8399564561464
2030-02-03 20:00:00,6672.751962815143,4881.518187767478,626.0910061485428,4426.658317104017,1289.2195035889956
2030-02-03 21:00:00,6413.12141838446,4619.576291428876,587.20911875862,4227.821437870969,1223.8403450112066
2030-02-03 22:00:00,6083.867751210939,4307.308339332482,532.2582599499522,3987.9212898444985,1114.4945321609102
2030-02-03 23:00:00,5638.542303995252,4011.4864968867832,492.18789489173446,3836.696169066254,946.8714123920272
2030-02-04 00:00:00,5640.735129754761,3905.822230681068,465.37526374813376,3812.279673531404,866.9577020851871
2030-02-04 01:00:00,5466.957685989806,3862.140865611468,451.6634303262529,3655.9854464373984,823.7809914377025
2030-02-04 02:00:00,5369.000224648462,3846.331316454785,445.36159461250185,3737.2991048953927,799.5632605057966
2030-02-04 03:00:00,5396.09023089272,3846.067457670913,438.3802257775813,3652.286662825288,783.3784008033151
2030-02-04 04:00:00,5417.654647237359,3994.184682012989,452.5523922270776,3698.162530033543,810.834736926079
2030-02-04 05:00:00,5614.561813944334,4329.570441350559,496.2151395699876,3819.685166673607,860.5522027316742
2030-02-04 06:00:00,5798.3110268865385,4579.008939480772,552.2425651684686,4112.723037560619,995.1099293516768
2030-02-04 07:00:00,6047.997647462805,4545.843235031975,534.8664830238262,4186.879188862264,1130.5828765957235
2030-02-04 08:00:00,6480.36123093997,4642.947781523759,537.9336920833606,4196.377663500015,1196.2518080949192
2030-02-04 09:00:00,6772.537000130144,4609.930781886094,536.4995588104945,4126.905281457694,1224.3677677211483
2030-02-04 10:00:00,6710.599939472559,4624.183045049588,529.337551691699,4194.662997200716,1212.4939406688195
2030-02-04 11:00:00,6572.203365953162,4502.891677159939,534.4379467816196,4132.60331251548,1218.3583946192564
2030-02-04 12:00:00,6542.671447982197,4463.854547135621,523.1114642328635,4051.003052030293,1153.8996485385442
2030-02-04 13:00:00,6616.777261805153,4529.206379320138,526.0941589393973,4047.354676959069,1148.0353089198118
2030-02-04 14:00:00,6667.902517831309,4486.750193897703,528.340010113181,4164.290642381952,1156.3228635544904
2030-02-04 15:00:00,6752.066877862579,4500.506974703049,537.4438943887933,4129.32880609876,1176.6044140675267
2030-02-04 16:00:00,6789.088480041124,4654.812453442851,558.0650968511252,4230.9446714882015,1195.5635065684633
2030-02-04 17:00:00,6873.360621738523,4859.235947162773,594.8063026217754,4366.317073124014,1262.7850362284494
2030-02-04 18:00:00,6872.982345122264,4953.666137241633,609.7852301488361,4388.617249616541,1284.853627376586
2030-02-04 19:00:00,6777.065383352947,5090.5801264107495,633.2915594754211,4388.997956366843,1300.1495276524902
2030-02-04 20:00:00,6895.1551365744,4998.367598116803,621.8184448753148,4460.194288799356,1304.5422399282645
2030-02-04 21:00:00,6629.097442572303,4703.521303508811,589.7827699530501,4277.822743831773,1220.7939631679758
2030-02-04 22:00:00,6298.173306991265,4260.511185536521,526.3864387152773,4035.382221953456,1110.9551659136707
2030-02-04 23:00:00,5974.112547669885,4112.676651027541,492.5366268098878,3903.952963790423,968.1862919048622
2030-02-05 00:00:00,5721.5004455235285,3905.2755006456273,466.6899180168949,3790.12613665521,867.9077463614061
2030-02-05 01:00:00,5531.093077145431,3794.415388700716,449.81164529278783,3718.907227236552,828.12129944002
2030-02-05 02:00:00,5474.604546358952,3803.189947431717,444.4616296000525,3724.542487817512,808.0959421707098
2030-02-05 03:00:00,5424.498725431348,3886.405896584024,442.6700931134369,3710.8587034260936,809.6216850220065
2030-02-05 04:00:00,5383.899064301676,4011.8622390700607,455.8296870454788,3690.4626178745752,809.8966386715173
2030-02-05 05:00:00,5658.357127827863,4319.685707974732,480.5510423206591,3886.213738287998,846.5406988508054
2030-02-05 06:00:00,5916.627271184399,4616.3273873517455,538.2290457319094,4052.8896566024096,991.9631027860332
2030-02-05 07:00:00,6074.158036005479,4582.11185020957,545.4610299629336,4157.1921572406745,1145.6254595435166
2030-02-05 08:00:00,6441.333508673811,4620.895014447559,542.1833359291053,4141.329522592755,1209.0419413700167
2030-02-05 09:00:00,6742.798066085948,4608.242300330812,541.3638021900101,4168.2077906055965,1200.760262255154
2030-02-05 10:00:00,6758.493628762829,4651.353029640318,532.6688079714463,4165.994495813466,1205.5399743627988
2030-02-05 11:00:00,6715.81576937062,4567.854285205975,531.3978832118472,4082.253701337365,1189.5421753774633
2030-02-05 12:00:00,6523.020170573055,4427.414961851313,524.640685570357,4101.325350513594,1160.553401660702
2030-02-05 13:00:00,6684.523110724075,4529.4745607707055,530.4325306033949,4058.069449346941,1137.203499015733
2030-02-05 14:00:00,6709.673384124611,4501.626472855166,540.1751647962487,4102.252640495457,1161.4549334038827
2030-02-05 15:00:00,6709.841173384006,4647.276464967757,525.3735462767804,4146.612510074519,1147.581482281959
2030-02-05 16:00:00,6773.829249463309,4842.083695084717,558.191664312362,4254.145233844468,1193.4307130384968
2030-02-05 17:00:00,6767.783943546724,4994.520804153622,597.4038054299562,4316.980136941184,1265.6506621709011
2030-02-05 18:00:00,7038.222715108242,4899.843608261747,631.8230865143335,4448.031004177225,1317.0068113852496
2030-02-05 19:00:00,6966.64571373283,5045.975656705682,633.853638149801,4510.676634433317,1295.320266058157
2030-02-05 20:00:00,6844.9740940523125,5005.078886002175,634.7340398288986,4439.1545680561885,1301.2694365453258
2030-02-05 21:00:00,6654.5982151137605,4708.821247793009,588.2956511571177,4287.944332954939,1226.910211679254
2030-02-05 22:00:00,6303.778823385584,4403.521975843924,536.9018624900581,4024.059070119798,1112.684628852655
2030-02-05 23:00:00,5856.804119892546,4069.954495207815,495.27878967146034,3869.201382086554,965.612368706486
2030-02-06 00:00:00,5617.948191937152,3948.0900428299383,460.0519218256407,3746.6973063562527,887.1828557263178
2030-02-06 01:00:00,5486.313346214186,3869.594693182455,451.4782571199975,3789.630471555288,819.2661769081859
2030-02-06 02:00:00,5423.548952590316,3807.432090149089,438.63215133126585,3699.15605858009,805.5156887692025
2030-02-06 03:00:00,5431.88317428845,3892.689386209353,451.6932122084832,3716.44046233676,808.468375838688
2030-02-06 04:00:00,5472.277710591907,4028.103896580816,454.82027689517895,3811.828218937702,804.4720387260354
2030-02-06 05:00:00,5582.612813464677,4417.367997161146,492.13202816968527,3838.636821531254,858.2161024655721
2030-02-06 06:00:00,5893.610554782116,4542.928354294515,536.5776484509767,4121.964915616532,995.2125775639104
2030-02-06 07:00:00,6131.350094821134,4551.966513671894,543.6772593650555,4153.0855959650935,1157.3002392559354
2030-02-06 08:00:00,6443.592837915815,4657.627667914964,539.7934595228755,4199.068992136604,1230.2421671518114
2030-02-06 09:00:00,6760.027466445584,4644.734147159863,530.1011754124171,4229.929207973283,1225.257786890337
2030-02-06 10:00:00,6886.265611523935,4571.865200177173,528.8297544800605,4165.504853857802,1222.7787816254042
2030-02-06 11:00:00,6570.382905247138,4475.625308525388,529.7111798934063,4174.842840102047,1242.0115250892932
2030-02-06 12:00:00,6756.664409468899,4482.892303429036,526.5045298695809,4088.8406000756486,1181.012771035823
2030-02-06 13:00:00,6679.269678433235,4548.506308196533,520.1703377112995,4101.189806192791,1139.558503374174
2030-02-06 14:00:00,6758.927389386611,4538.846890525251,519.1242218645585,4116.37069743062,1155.6953949264623
2030-02-06 15:00:00,6816.084661133336,4620.15092411603,533.7925613533843,4171.632158391785,1171.174582054139
2030-02-06 16:00:00,6817.845088232579,4669.861374499784,560.6756578357027,4197.110690482733,1206.6594167159794
2030-02-06 17:00:00,6939.225784561058,4982.156168507543,596.793044216647,4401.6677521039965,1263.2824841222528
2030-02-06 18:00:00,6895.668539625487,5035.052486827928,614.154194645339,4383.440558873945,1309.8050263296475
2030-02-06 19:00:00,6833.291741935968,5102.524448316203,634.8841940712628,4420.635736620349,1309.9641778977912
2030-02-06 20:00:00,6984.647499144473,5008.324928212503,627.6475043228589,4376.78880971959,1304.3098999361189
2030-02-06 21:00:00,6652.447533034078,4670.516555273178,596.3770889936702,4346.753097780169,1271.6294610590755
2030-02-06 22:00:00,6277.230111025008,4396.8583314514735,537.9410302512782,4047.567545468813,1126.0104878078134
2030-02-06 23:00:00,5982.2188736255775,4112.993943398232,485.6837125339822,4018.2439604694255,973.5812825858126
2030-02-07 00:00:00,5735.758223990135,3966.289096506784,461.01094064900695,3765.344190781836,870.7516836823467
2030-02-07 01:00:00,5575.585771479902,3834.86078315963,455.1774482548453,3786.242374879698,818.2524081192688
2030-02-07 02:00:00,5431.492063558835,3858.207676637666,446.8519785177176,3710.311566691717,805.0895990334622
2030-02-07 03:00:00,5456.722129914631,3944.482492175346,437.8311363647374,3713.537755897415,793.0449576197872
2030-02-07 04:00:00,5615.324544649029,4004.75325749519,462.2641914491638,3789.144677687139,802.4333233964088
2030-02-07 05:00:00,5697.517467625265,4360.774939449727,495.8993475905716,3825.373499222167,855.3879903673446
2030-02-07 06:00:00,5889.164732720753,4547.742563159862,526.6216891592516,4102.617515296817,998.1253524293668
2030-02-07 07:00:00,6113.624805122097,4582.281414740237,540.287905305313,4143.664413845871,1157.135289928577
2030-02-07 08:00:00,6441.708512516975,4715.569720864282,545.2742433494977,4244.040967041122,1198.757968275812
2030-02-07 09:00:00,6729.452818005833,4645.449765253013,541.6232889857702,4225.364455921177,1216.5448751085337
2030-02-07 10:00:00,6885.504691130404,4669.1856693343525,539.4742966332706,4208.02236172253,1236.642395361876
2030-02-07 11:00:00,6850.848797921004,4545.789408661973,532.1697266879825,4131.149970793586,1238.601907619594
2030-02-07 12:00:00,6661.414081905176,4440.214149717265,527.7925177552497,4072.695175051263,1170.1477939644406
2030-02-07 13:00:00,6721.855342716731,4531.461590742326,535.4111495258121,4060.341379097167,1158.5217026335297
2030-02-07 14:00:00,6676.421710472701,4512.151790044145,535.272759977795,4100.761531566616,1164.0203900875392
2030-02-07 15:00:00,6753.939571986728,4611.664995647372,534.066739843273,4214.641065058148,1192.9015358975544
2030-02-07 16:00:00,6892.030442287571,4788.095539207669,576.1188724030076,4230.463052009973,1201.450278496313
2030-02-07 17:00:00,7059.966148185238,4860.59992806807,600.6997386655039,4346.23173478349,1281.9707556590636
2030-02-07 18:00:00,6956.575177663494,5091.337461165538,616.7711655902876,4407.570244257512,1317.8013949177555
2030-02-07 19:00:00,6887.056990874527,5091.443130228256,634.4680312166851,4562.77977434324,1303.8680679862666
2030-02-07 20:00:00,7006.811360280013,4869.706791874849,633.5312827091948,4452.8797556393365,1282.669569374906
2030-02-07 21:00:00,6665.843730489883,4735.142560884348,586.9493030215041,4260.548214571501,1254.851483329552
2030-02-07 22:00:00,6292.347496675665,4397.197607813513,534.8071262330369,4066.73166784517,1136.1145100359558
2030-02-07 23:00:00,5892.01331228257,4151.392235491635,489.6337727759508,3944.655227530365,985.8800725451296
2030-02-08 00:00:00,5599.177783937143,3973.5898183147065,473.04198292255415,3755.1244361546414,867.2098335041861
2030-02-08 01:00:00,5489.006046019975,3877.7947314112935,450.06728532301753,3705.3517450347863,820.8267081790551
2030-02-08 02:00:00,5444.696099664924,3880.062032467133,448.3080043189032,3772.470683812269,808.0835618877844
2030-02-08 03:00:00,5444.870791530993,3926.370858865104,436.7632997877775,3738.341581117888,799.9195792895199
2030-02-08 04:00:00,5651.670116329699,4058.404574453367,461.34372430394455,3758.362629343278,816.2830461908586
2030-02-08 05:00:00,5707.5500650344,4398.477681098005,498.8900712240149,3817.215596481864,858.738684207577
2030-02-08 06:00:00,5842.937335929386,4616.352169018982,548.2237081664317,4074.673262375383,993.258211630112
2030-02-08 07:00:00,6162.3056546346415,4588.25896770184,541.5565088349202,4113.755069063462,1159.6057606703323
2030-02-08 08:00:00,6600.350802796168,4690.363601785189,537.5616964931942,4164.68060521162,1203.0385280763771
2030-02-08 09:00:00,6720.627145445452,4613.691791969557,531.3316583282979,4201.99354662181,1233.609727792095
2030-02-08 10:00:00,6962.038968385154,4647.005288626873,539.8912208527383,4192.689507056066,1238.4349446215258
2030-02-08 11:00:00,6703.369155608336,4538.304062128971,536.7927234966469,4155.0101459416455,1224.8486505095557
2030-02-08 12:00:00,6617.383016490252,4413.32361453979,530.0790297555969,4098.304549950588,1173.3375230271415
2030-02-08 13:00:00,6747.586547990153,4573.434032392751,532.2451950712781,4025.9101084011777,1152.9524726167842
2030-02-08 14:00:00,6875.011847547362,4513.897186808862,530.6441879352097,4034.866738856564,1157.3577789687704
2030-02-08 15:00:00,6806.331063948674,4578.96444796024,542.1675512997583,4133.747295101435,1155.8765650913408
2030-02-08 16:00:00,6926.743317317877,4810.335799907148,553.8354858239239,4272.620431001592,1201.7206099182504
2030-02-08 17:00:00,7118.4373785040125,4954.868779051048,599.8669805671277,4340.56277088913,1246.1601855321298
2030-02-08 18:00:00,6921.809310619424,5063.30816458255,634.5216191156305,4508.177232475617,1306.1189286716492
2030-02-08 19:00:00,7068.432260713748,4957.27090336974,634.1255772906459,4455.592513624348,1312.3321812109732
2030-02-08 20:00:00,6889.387423543923,4987.32350535392,623.1852714416417,4367.675743863236,1293.0926919195545
2030-02-08 21:00:00,6809.401111011097,4637.581031550126,595.1751769565817,4235.00668570236,1223.9891526349868
2030-02-08 22:00:00,6380.189923825967,4394.679989814483,531.6762152248382,4016.803746274971,1147.584474532328
2030-02-08 23:00:00,5950.991154733043,4111.028860535997,489.0791188266938,3912.108244739056,969.303517354736
2030-02-09 00:00:00,5604.291332856776,3967.5454066764105,466.4623188882065,3743.236825012215,878.281777972374
2030-02-09 01:00:00,5513.789777296336,3868.196146619204,447.8323368794556,3748.865419024856,822.2590157356356
2030-02-09 02:00:00,5467.569294434247,3888.8263847199146,448.8556360913546,3733.729480996037,805.6683438550629
2030-02-09 03:00:00,5390.045736631912,3936.6037020296553,453.45203768512897,3651.772322677926,788.8652566882237
2030-02-09 04:00:00,5411.277604641377,3997.3483825381263,455.0943463430599,3707.336246359692,802.9348980149236
2030-02-09 05:00:00,5655.125094150266,4363.415389001673,485.42871668165606,3898.5857966780272,845.2872316253827
2030-02-09 06:00:00,5731.264838135639,4565.028484271816,542.0905136152431,4100.666906753213,990.1908826086532
2030-02-09 07:00:00,6124.295923515808,4528.381888126676,536.1624423631123,4126.519896214703,1151.6879765467766
2030-02-09 08:00:00,6560.538062107488,4667.115772129406,532.709315712448,4151.9872683242365,1197.2278553867936
2030-02-09 09:00:00,6677.950960008013,4643.724537963758,532.4103981429254,4184.838832862403,1232.783046065224
2030-02-09 10:00:00,6812.0789866336845,4717.357625096372,531.7977154069291,4207.674927617343,1239.1184662495154
2030-02-09 11:00:00,6641.778692380752,4505.379023939351,528.9952752865614,4077.289745747458,1197.7010981103272
2030-02-09 12:00:00,6532.086655104435,4518.931502224815,519.4255842501668,4073.067787066611,1166.5808549593407
2030-02-09 13:00:00,6624.001050371503,4455.745027707336,534.6429976901342,3987.2524874573246,1144.783251835291
2030-02-09 14:00:00,6597.810025388997,4537.783874808351,531.0280401116578,4158.977446103215,1137.396985308893
2030-02-09 15:00:00,6669.078133611434,4580.166753165573,539.6858476621792,4046.9965485107455,1162.219936337714
2030-02-09 16:00:00,6821.549479614962,4751.538200978556,562.9044511166621,4182.743524829597,1198.8461708270254
2030-02-09 17:00:00,6861.703800724662,4934.190195452129,612.1625864756649,4335.905100059286,1265.655347469188
2030-02-09 18:00:00,6760.556696902666,4926.085415992562,631.3496531714931,4389.893191255379,1328.2095986704762
2030-02-09 19:00:00,6891.949727175342,5062.777396418341,635.2221908912004,4423.283403442379,1294.742628578432
2030-02-09 20:00:00,6888.760393311589,4936.679135355907,632.4339032826872,4478.905899800363,1280.3525649180524
2030-02-09 21:00:00,6571.625338621128,4740.893505460855,588.4933375992251,4289.733429909466,1244.6458390281189
2030-02-09 22:00:00,6262.470683547364,4385.5644580894,540.0872753443798,4056.151756379819,1137.165622452089
2030-02-09 23:00:00,5933.0423339837125,4122.400283336214,492.75757595708313,3881.952017556377,992.414144173848
2030-02-10 00:00:00,5402.320400886305,3894.2001419097473,464.4531924512508,3752.877102375888,868.403367486567
2030-02-10 01:00:00,5327.598707449345,3873.259179917085,455.8670519120031,3656.6661490279535,820.1959465914983
2030-02-10 02:00:00,5300.539998998583,3822.614056788874,440.7614467657698,3639.320062977946,801.0661037149418
2030-02-10 03:00:00,5176.489049148049,3814.886585994832,450.1785545052584,3612.236274054744,784.8983553473148
2030-02-10 04:00:00,5263.6876893571225,4000.22363523776,446.9621852968453,3719.797768048194,799.6324018179467
2030-02-10 05:00:00,5383.95721721672,4275.963302592549,486.0929800402059,3858.408952784439,851.1180710437083
2030-02-10 06:00:00,5511.864685064723,4521.797945296784,535.436812958485,4061.5406211110826,996.816166236974
2030-02-10 07:00:00,5836.240441424267,4520.612723947964,536.5542154958016,4069.9866141439607,1162.3540541614173
2030-02-10 08:00:00,6157.695223131283,4563.760585182094,540.5916429063715,4062.936630979693,1197.2309804209474
2030-02-10 09:00:00,6345.476857815695,4629.789127936694,528.4616636212884,4205.287994273459,1226.5855831114152
2030-02-10 10:00:00,6501.613791043952,4568.13148277826,536.6914181597224,4156.208454014269,1230.448239129413
2030-02-10 11:00:00,6443.030908293244,4526.401369952026,530.1971316067664,4075.0625347573714,1192.7503416424286
2030-02-10 12:00:00,6378.673999034319,4428.139323839139,530.4301183367642,4083.596372832984,1148.041918691899
2030-02-10 13:00:00,6336.140066191935,4428.771093187546,521.9647110294502,4028.264861025406,1130.366074146179
2030-02-10 14:00:00,6427.828348534162,4403.80752892822,539.7109815956192,4023.288569186345,1127.635070786532
2030-02-10 15:00:00,6674.96458651145,4618.541772726922,539.9747708559131,4110.027003614816,1171.9610028634363
2030-02-10 16:00:00,6513.635246202866,4798.265497847325,565.3300053558644,4192.207713963073,1185.2656400832125
2030-02-10 17:00:00,6714.721549445178,4930.723564113221,596.1726109877586,4250.43193527748,1249.067635469362
2030-02-10 18:00:00,6615.072638745271,4916.053287155884,609.1644308634321,4411.322722681812,1280.26005974372
2030-02-10 19:00:00,6620.506693353167,4997.031163644932,625.5974628417771,4328.891398907854,1277.9297710603305
2030-02-10 20:00:00,6773.53326719863,4980.4019834787305,626.1144598010503,4422.262574000614,1277.5053385152503
2030-02-10 21:00:00,6395.7926921286735,4530.933517759103,598.4796145435236,4183.899208064484,1241.3895971529366
2030-02-10 22:00:00,6063.552074772824,4338.708661360275,529.5004920436529,3999.357049998335,1125.3630454518584
2030-02-10 23:00:00,5688.916512806861,4019.1241018574415,484.7888323769525,3808.173562565352,954.4744114494922
2030-02-11 00:00:00,5628.474614850616,3989.284355171832,460.0858165071493,3764.027145146027,861.5735654920679
2030-02-11 01:00:00,5637.558003309156,3892.646010466247,452.685554481994,3783.148176857469,837.9559845945435
2030-02-11 02:00:00,5476.796736136703,3832.991617891245,447.5458567972506,3695.6415595647873,811.6239700421005
2030-02-11 03:00:00,5518.757581983681,3921.5289818135816,450.1746069575826,3695.20917985446,799.6472784137015
2030-02-11 04:00:00,5363.993323264026,4034.619220934015,454.9122971326356,3755.900919747585,805.8037858339158
2030-02-11 05:00:00,5634.743958254367,4414.012544261324,491.15835175708605,3805.4431978918446,853.8858919755506
2030-02-11 06:00:00,5821.096550489808,4602.954326875106,536.6649496004076,4096.38626491722,998.9802650427876
2030-02-11 07:00:00,6035.591542237122,4620.118523512649,542.5609614112971,4129.3450389541285,1153.5965199851205
2030-02-11 08:00:00,6459.790696692936,4619.809249624988,534.5179096576894,4179.443275785604,1179.997905221637
2030-02-11 09:00:00,6741.573811037398,4616.349950341944,529.6430970953961,4193.049754116037,1237.318972833384
2030-02-11 10:00:00,6746.206608373281,4645.910977112663,535.5322809810093,4163.293720734541,1221.2450194796402
2030-02-11 11:00:00,6577.175861089439,4507.87646920496,527.2643281103257,4027.799968533386,1224.469169180427
2030-02-11 12:00:00,6586.548443829726,4447.099510364482,528.0634829745812,4144.950481091833,1163.9964172993853
2030-02-11 13:00:00,6648.226396378355,4542.900806432842,525.1582086967483,4127.883054154475,1134.8662554308255
2030-02-11 14:00:00,6542.382269855556,4420.718585216838,527.9420733242998,4123.194523066366,1151.4944770953143
2030-02-11 15:00:00,6658.91511068941,4672.254341524686,541.5395333726425,4140.442486070145,1166.0275071682663
2030-02-11 16:00:00,6832.67211731099,4761.682522403773,561.0856449119217,4206.283207293965,1200.9994180221531
2030-02-11 17:00:00,6965.898763446948,4965.03912777321,589.1627401981608,4383.246571706725,1275.600383577097
2030-02-11 18:00:00,6872.856033772739,5073.67744455396,617.2701929345224,4517.132123268592,1303.6534036546025
2030-02-11 19:00:00,6980.76734032126,5042.586978818469,635.5899694239977,4473.868730742283,1290.872228488647
2030-02-11 20:00:00,6840.460646355831,4998.007041726096,623.4856173279235,4473.257903697929,1270.618979311631
2030-02-11 21:00:00,6686.621157233801,4621.51608382578,591.5159819284025,4301.879869106143,1246.2119172151763
2030-02-11 22:00:00,6380.191011500239,4419.487590302128,530.5095267874361,4024.0299151815066,1111.7921544747342
2030-02-11 23:00:00,5788.950757719493,4052.323952635796,495.1315108514253,3932.0174251093913,963.0633686202748
2030-02-12 00:00:00,5686.1636118320885,3961.19511978645,458.9403635786649,3840.172985781557,872.9243280515641
2030-02-12 01:00:00,5519.788844344029,3843.651779795746,449.97118016823566,3713.0641730746815,824.160661998902
2030-02-12 02:00:00,5420.535998466512,3861.7685903938655,442.4180300546681,3730.56472707495,803.0371550303854
2030-02-12 03:00:00,5392.9232374289,3906.655063983889,455.2346996885913,3667.054127347726,809.8844769868114
2030-02-12 04:00:00,5385.118338589609,4001.989985911189,462.4233028901082,3727.136596055561,806.7353223041699
2030-02-12 05:00:00,5579.959012142588,4435.31297454226,484.51765100814765,3885.1089754799823,839.4931149959893
2030-02-12 06:00:00,5854.157418066642,4675.590071313965,546.179496513347,4092.231246513477,993.9733293526668
2030-02-12 07:00:00,6115.6058923875535,4570.882640675508,539.7992965965315,4142.200861448791,1169.633378986551
2030-02-12 08:00:00,6473.575641928932,4610.330104328111,535.3163276418105,4200.413150765051,1198.1587736316735
2030-02-12 09:00:00,6726.12301155668,4661.265053709086,532.6625045011309,4207.746129441412,1225.39978035166
2030-02-12 10:00:00,6856.776379051158,4603.619167760522,538.8955427917856,4219.405594837532,1206.722929033259
2030-02-12 11:00:00,6688.612151866072,4533.176505814002,529.7038627079113,4118.5074648498185,1230.5882573877277
2030-02-12 12:00:00,6531.720685566364,4481.14193193737,522.5447446454508,4130.366154603353,1135.8101477550815
2030-02-12 13:00:00,6635.549712445632,4535.873808691365,531.9999988247424,4056.5939382479073,1151.0036157923207
2030-02-12 14:00:00,6724.395010765522,4460.219987436159,529.328928668179,4137.21698213528,1142.506311014922
2030-02-12 15:00:00,6805.689832564243,4552.7868983582775,535.545464428395,4089.461612734197,1167.525976473486
2030-02-12 16:00:00,6879.559002732384,4755.80096020996,570.1200810824109,4198.251746255492,1225.8127176084702
2030-02-12 17:00:00,7043.821501802187,4902.839250297057,605.5320749597925,4333.832757879806,1273.452814188257
2030-02-12 18:00:00,6903.277882150309,5043.384464872394,630.0499070241874,4382.0818862936985,1302.3099797400062
2030-02-12 19:00:00,6835.688070108652,5073.107083102255,630.7476842477705,4301.777221368374,1288.8744044450843
2030-02-12 20:00:00,6859.116362630177,4913.460174510196,618.9916491806043,4364.817321896517,1270.983399267488
2030-02-12 21:00:00,6662.441535663333,4711.100395625743,594.4227976054527,4299.660080436307,1255.5778168614904
2030-02-12 22:00:00,6312.461797720027,4374.544088077236,535.2710406505232,4153.282936776213,1123.432260165971
2030-02-12 23:00:00,5961.37535372566,4181.046703185218,492.4567868492558,3863.99789997856,985.721355705438
2030-02-13 00:00:00,5562.453142367039,3953.779067150533,461.7335504619959,3776.883832519972,878.4892196733863
2030-02-13 01:00:00,5606.052146708194,3868.831160867605,455.35251759905,3731.241877036459,832.6128577553242
2030-02-13 02:00:00,5529.221003983116,3879.890675397685,445.5800007854128,3717.659825242252,784.2698764175349
2030-02-13 03:00:00,5542.084283971813,3952.28175104554,442.61499097293256,3672.536653515599,804.2384331486992
2030-02-13 04:00:00,5456.783371281972,4005.158608830277,453.53790510097474,3710.980121828636,819.4335777322533
2030-02-13 05:00:00,5690.292050882599,4333.0907565184,485.2873660186386,3937.16281490166,871.6596955688074
2030-02-13 06:00:00,5936.798602053572,4642.213727774119,535.4275178447508,4108.204892935314,993.928560138625
2030-02-13 07:00:00,6057.115624285897,4559.251270798135,532.8647056102906,4132.519799821667,1167.7112766236005
2030-02-13 08:00:00,6478.342502131223,4709.789745321764,542.3788953818644,4194.433209317108,1214.730990576522
2030-02-13 09:00:00,6742.90750302114,4665.678613362211,530.304573116487,4236.48612158893,1224.8532226575555
2030-02-13 10:00:00,6771.529632818388,4640.539384534771,531.1196645196451,4186.535718706607,1218.8550143886605
2030-02-13 11:00:00,6841.467903649328,4524.469419926315,528.5240237605274,4134.191285508218,1196.0172077145437
2030-02-13 12:00:00,6593.677403310228,4490.306336583259,537.5076667688186,4049.326657473032,1178.20775952322
2030-02-13 13:00:00,6593.3578404599175,4542.878034653656,529.5736994069014,4033.739806279003,1143.030896037831
2030-02-13 14:00:00,6860.350540013752,4551.0090216068265,528.8999797914795,4149.69919101847,1149.6754175463825
2030-02-13 15:00:00,6798.453849839941,4592.246062094167,536.312098700644,4249.770865963091,1169.9496771584115
2030-02-13 16:00:00,6799.644546749279,4829.960480067091,562.584322492625,4206.899877249898,1221.7372029508092
2030-02-13 17:00:00,6785.726021278496,4939.246719759752,597.0451517296686,4379.323530588087,1272.6114482467533
2030-02-13 18:00:00,7006.738432057285,5040.900745953911,610.9518445420599,4399.243530423424,1305.3376580186166
2030-02-13 19:00:00,7150.663878707616,5064.565898235032,632.8649059206047,4442.05054861921,1330.127445048424
2030-02-13 20:00:00,7038.92984830607,4978.975615055982,624.4097493182047,4396.69021378059,1271.5538723864624
2030-02-13 21:00:00,6841.043764448791,4733.625370316421,594.8814696931863,4309.191150423358,1251.5114055133129
2030-02-13 22:00:00,6540.547298955461,4391.618772353039,533.6156364320218,4130.539889945533,1133.4839976750418
2030-02-13 23:00:00,5902.476004389991,4131.654503607964,497.9099769504405,3925.7234247143247,969.4272509518048
2030-02-14 00:00:00,5652.746303282566,3995.6990713482255,461.52998562499073,3723.077877812119,862.0732287946673
2030-02-14 01:00:00,5639.119557400381,3849.7788064513834,450.2231178358773,3744.449190736956,827.389138163149
2030-02-14 02:00:00,5479.202993801268,3865.0253475918166,442.9937253632925,3740.465154898239,799.8794025773192
2030-02-14 03:00:00,5458.926641200579,3908.3974409953607,447.8539264215681,3678.331791978916,805.2415523178759
2030-02-14 04:00:00,5482.149380591055,4018.670866667736,449.5188770253753,3798.8391520735927,810.1799287416987
2030-02-14 05:00:00,5588.760687602187,4441.13669635709,482.74088608664687,3892.6059863664977,871.7704771017835
2030-02-14 06:00:00,5840.469598588501,4573.212867598972,540.1406611514583,4106.522318430201,1018.3802664148778
2030-02-14 07:00:00,6157.219291372752,4607.381328285156,538.0114617129077,4170.259109333356,1152.605036177212
2030-02-14 08:00:00,6563.280077369368,4622.344568493888,541.7399134974431,4148.392786798964,1225.5234940452085
2030-02-14 09:00:00,6834.278833236016,4646.578365309232,540.1161780045296,4201.966732615752,1235.0835705591765
2030-02-14 10:00:00,6815.842632231646,4667.828797926801,540.3184802160956,4226.285537841589,1232.8040442555437
2030-02-14 11:00:00,6748.369610393768,4570.01064311851,540.2829185101853,4167.5446287158,1220.2079675102696
2030-02-14 12:00:00,6555.951614299667,4461.71845927474,523.8999629473394,4043.859386809138,1163.6731089989482
2030-02-14 13:00:00,6772.208204009296,4523.750056892347,525.5429929110838,4094.129266707103,1153.9796014250326
2030-02-14 14:00:00,6745.088766467271,4489.22706210434,524.2841639086834,4058.99649341051,1135.2057903047248
2030-02-14 15:00:00,6844.517531705734,4615.570599273431,533.2442381900323,4167.83007906251,1179.5659666426911
2030-02-14 16:00:00,6890.710726246075,4929.1771307646495,570.1655328923663,4224.262356546066,1196.809165749321
2030-02-14 17:00:00,6982.456679486155,5005.821296992476,601.4629252934828,4348.020449547441,1271.1737192441235
2030-02-14 18:00:00,6985.394698643311,5085.647660813312,609.1125425495954,4385.467987596835,1325.4265536637156
2030-02-14 19:00:00,6980.751564964001,4976.413719281481,628.509823160095,4481.131319723901,1335.464975420708
2030-02-14 20:00:00,7028.956856777047,4949.092629914481,622.7196443197349,4401.029833665739,1271.81514848887
2030-02-14 21:00:00,6698.2819968277245,4716.875648068352,584.4258486101626,4258.258128285835,1276.468199736622
2030-02-14 22:00:00,6428.611303039867,4414.123766629571,537.1820345039754,4127.709201339346,1145.433986820017
2030-02-14 23:00:00,5956.073221075127,4186.693459368364,493.881385900407,3919.40236921882,967.2170002456832
2030-02-15 00:00:00,5776.753338148906,3972.924571317229,469.841836775988,3730.969174364433,876.6548118330408
2030-02-15 01:00:00,5626.968016487953,3962.629425138291,457.24040413589023,3720.9830550501815,839.4313786278198
2030-02-15 02:00:00,5557.851754694725,3848.0628559727047,450.2334346036019,3707.934174431406,800.5438074186847
2030-02-15 03:00:00,5504.584518075986,3929.175940490253,451.113535453304,3726.7940426293258,811.0289068709309
2030-02-15 04:00:00,5408.797125537379,4006.613420425594,458.0122377263044,3775.572312994523,827.1529076621537
2030-02-15 05:00:00,5659.7321687455415,4344.2380768141,495.50750983442816,3886.56313647389,870.5685329500212
2030-02-15 06:00:00,5787.065999660917,4608.065591969361,547.4589046177867,4071.2839061137656,1020.5242564251296
2030-02-15 07:00:00,6122.516712875814,4655.653390439645,544.0143738928534,4209.506726310488,1185.3363384262116
2030-02-15 08:00:00,6577.335802251264,4676.2728755479975,555.867176354611,4209.570417580297,1220.5839471970628
2030-02-15 09:00:00,6799.7897930936615,4728.394998586832,541.9271926213969,4161.057209514032,1222.9764701183203
2030-02-15 10:00:00,6912.667601803573,4553.851859397732,542.9563669637446,4192.467666026098,1231.9555572696263
2030-02-15 11:00:00,6774.697468147197,4540.528609636677,539.7209726781695,4153.495501502945,1226.9147897833143
2030-02-15 12:00:00,6699.363649562516,4472.646597543988,528.5334111447885,4066.3311501723583,1176.527655651354
2030-02-15 13:00:00,6827.352710329549,4511.232240838864,536.8028331503042,4128.772428204513,1138.5297539040575
2030-02-15 14:00:00,6732.83125945434,4538.021490142237,526.7589102053215,4124.523137331828,1156.9808408536946
2030-02-15 15:00:00,6833.937014102591,4630.878956610403,531.5343238099426,4081.5318191011447,1151.8635942449616
2030-02-15 16:00:00,6883.383441454684,4753.6116122633375,557.5238481731508,4287.427355503593,1205.2944594191351
2030-02-15 17:00:00,6955.565713305062,4960.511676227956,606.0413398754285,4349.788925957265,1276.8956849492506
2030-02-15 18:00:00,6920.869906638102,5071.061032056661,631.5059459802401,4468.003541427149,1313.6646177018956
2030-02-15 19:00:00,6836.425924866405,5087.05946185249,638.4581504876522,4492.476849770164,1319.746165452161
2030-02-15 20:00:00,6941.53894236867,4995.900229437664,627.0005056777192,4381.991973740255,1308.2234708512904
2030-02-15 21:00:00,6818.332051437584,4686.31995511487,591.5807947848718,4238.813810868664,1251.3041987034658
2030-02-15 22:00:00,6436.480903793438,4371.869560037688,540.1892784334838,4122.190329970696,1137.4183157216685
2030-02-15 23:00:00,5921.751779833524,4213.081526218773,492.7428382795319,3893.223621393213,977.4035345042408
2030-02-16 00:00:00,5613.795534664368,3963.145928388669,469.0965733298557,3737.3217756498034,880.1048164888832
2030-02-16 01:00:00,5470.535839959253,3953.978654886736,448.16177481080354,3735.981992334098,834.6621150770349
2030-02-16 02:00:00,5414.529236911456,3790.965378936288,447.2738772230545,3685.976777846685,803.7864700801276
2030-02-16 03:00:00,5388.245817862249,3920.4655255496727,456.84866809194494,3704.4409787442014,781.2202493411352
2030-02-16 04:00:00,5415.772703917085,3981.3250498534985,456.625143245668,3697.920103174538,809.3312366094717
2030-02-16 05:00:00,5584.710003907563,4365.628843951268,492.7577667080334,3907.1298786377633,855.953092327052
2030-02-16 06:00:00,5887.343973940683,4581.006801482183,538.2569338760163,4168.791704934248,988.1761699140316
2030-02-16 07:00:00,5977.754517468302,4518.721990320286,537.2795108410263,4080.442268696337,1161.4918511969188
2030-02-16 08:00:00,6531.270784617995,4673.575451685719,537.8876561576755,4150.7620059776345,1227.1350434093208
2030-02-16 09:00:00,6677.472254833288,4579.225154075728,536.404260098995,4264.11129582958,1226.8648385829606
2030-02-16 10:00:00,6708.220163049283,4606.155820297514,539.5594230223677,4197.418373385112,1205.246339504404
2030-02-16 11:00:00,6657.578280939335,4547.492199685951,534.0449897236108,4130.611949784457,1213.7761680202807
2030-02-16 12:00:00,6622.683664999194,4398.893734323548,535.1139358424698,4048.5202009762834,1166.6705228598928
2030-02-16 13:00:00,6719.048660897452,4530.722901707058,531.8643024135864,4055.8192650149153,1154.6662288011912
2030-02-16 14:00:00,6614.065388509875,4621.844024573071,534.2460865026266,4077.305361672381,1146.5602448747725
2030-02-16 15:00:00,6876.959456472946,4516.034620868818,536.0012373954175,4131.825498339719,1156.3184902377054
2030-02-16 16:00:00,6874.321583448992,4820.622742400133,568.9346940429505,4235.369995228576,1193.870478030787
2030-02-16 17:00:00,6850.580001987935,5001.698892077075,601.459031387098,4370.624379987125,1269.7602543236364
2030-02-16 18:00:00,6923.825876200205,4988.368355502926,622.6675395693517,4361.100060163558,1319.117993507504
2030-02-16 19:00:00,6886.437684062375,5033.890218419413,631.2010507780735,4460.9390325016975,1284.493229761778
2030-02-16 20:00:00,6997.39877696978,4978.789530672235,641.6481135912674,4383.143553228816,1307.0684176452858
2030-02-16 21:00:00,6743.778098900747,4720.071978235786,596.9960538236207,4292.971333307938,1253.2702848157958
2030-02-16 22:00:00,6298.173342205503,4367.551621740568,530.9291750200024,4066.764759783324,1128.9382893414418
2030-02-16 23:00:00,5869.962133214616,4134.157384945296,490.83615750361065,3915.900961367867,959.7056908692906
2030-02-17 00:00:00,5328.353659393221,3908.971446512366,471.1369945102419,3799.933703201402,851.2386907322467
2030-02-17 01:00:00,5405.052054086155,3814.7828254102938,447.23279546033206,3738.746054196512,826.0832288706364
2030-02-17 02:00:00,5265.127926934586,3799.057379255467,439.4075469668165,3721.974341305512,798.583310243965
2030-02-17 03:00:00,5245.895975506207,3883.39877347104,452.0230146122512,3696.9585388467294,776.8743270233375
2030-02-17 04:00:00,5269.687863438315,3930.3079185684383,451.203502210848,3684.7374457465608,808.996850611806
2030-02-17 05:00:00,5430.264350717693,4327.505609238675,496.20117123031457,3829.061581845229,839.2376217867486
2030-02-17 06:00:00,5594.978045953476,4607.243383556084,543.1656086666152,4083.793903903769,981.3666113946316
2030-02-17 07:00:00,5918.993173564827,4520.6117306131255,534.5758987078578,4121.690545574838,1133.7580245568236
2030-02-17 08:00:00,6206.063687746108,4551.9141647689485,536.5239372590955,4135.899564390069,1192.9460680065797
2030-02-17 09:00:00,6489.028377022408,4637.848275026247,535.7212753202663,4205.503289222682,1214.8426827052283
2030-02-17 10:00:00,6563.662375245991,4578.132447706117,537.7229820749516,4169.1868687456845,1213.8295128728466
2030-02-17 11:00:00,6470.310548284842,4465.385834774813,526.2312947096615,4151.349609916467,1201.151021306281
2030-02-17 12:00:00,6384.574121748298,4491.7870719891225,521.6591910894374,3995.698090548257,1146.6985656842376
2030-02-17 13:00:00,6516.673012135431,4472.753540658864,531.7813517405525,4062.9533875645634,1144.571227857372
2030-02-17 14:00:00,6516.885793560736,4484.911985249043,535.404140846672,4084.0738600076097,1136.830209193443
2030-02-17 15:00:00,6408.929699873101,4562.189748643723,535.0885041982496,4140.904122299613,1139.6248978581298
2030-02-17 16:00:00,6562.52336510723,4601.610733184842,555.8480418757588,4193.238742780784,1187.9353168793807
2030-02-17 17:00:00,6744.976825703486,4886.123973536755,603.8543955278391,4318.748018012348,1229.1014150340516
2030-02-17 18:00:00,6724.303284419489,4922.277055795487,609.5292824992445,4329.569734464559,1280.8246802928347
2030-02-17 19:00:00,6682.035956612862,5000.985683790612,640.2103101814016,4387.133037748122,1290.1056448811412
2030-02-17 20:00:00,6573.330828103308,4930.874108592502,631.3764467590898,4358.023659341193,1290.0723244330416
2030-02-17 21:00:00,6480.680411671546,4626.0403593496185,595.4484368770717,4194.121396714909,1240.290288535555
2030-02-17 22:00:00,6073.300579837799,4325.030255180631,524.714781848797,4043.7049983108295,1134.445177437895
2030-02-17 23:00:00,5697.544752845373,3999.906057647419,491.9060380919537,3868.747725878155,969.7454593476468
2030-02-18 00:00:00,5650.445698255327,3937.233196139706,459.7184781088444,3754.8530018749393,884.035023719019
2030-02-18 01:00:00,5548.619316557184,3889.0259978553927,453.25650906069166,3696.732733412257,828.1342486763137
2030-02-18 02:00:00,5376.504344656482,3806.029580852287,440.4598479893523,3719.5172199362023,797.0108105021677
2030-02-18 03:00:00,5439.397203687698,3862.2660110209526,444.3494671662994,3737.5200039134174,794.1741120555506
2030-02-18 04:00:00,5476.647340858747,4017.001774787595,452.2548496256856,3748.533872826493,797.7482857084642
2030-02-18 05:00:00,5669.882662554185,4338.990332811126,490.3090959102,3899.298082453186,844.1644618859037
2030-02-18 06:00:00,5716.813031248638,4625.939524797927,534.4411380173134,4108.165837420939,986.280758983003
2030-02-18 07:00:00,6105.507077571748,4590.901002859343,536.7393963286966,4199.567509312131,1151.4711254786396
2030-02-18 08:00:00,6429.312434459584,4628.6043542377465,540.6877403289205,4113.9272670767605,1208.5733870281802
2030-02-18 09:00:00,6734.539807272913,4574.77343521826,532.9168124194161,4156.273071210325,1223.589168789033
2030-02-18 10:00:00,6651.830368578059,4528.442560263876,540.4115611666659,4190.864764842343,1213.4361449682815
2030-02-18 11:00:00,6693.295845126279,4537.508913418825,534.4559852443662,4146.900399909051,1188.662308909595
2030-02-18 12:00:00,6566.370644811748,4527.435691816637,541.085510085912,4083.5617623164617,1142.9268357145882
2030-02-18 13:00:00,6638.59886739043,4440.915157221394,538.2200022824394,4084.49802764126,1138.3643607284162
2030-02-18 14:00:00,6679.962321690121,4450.605016674772,522.504031571065,4063.4264570561695,1148.92556055285
2030-02-18 15:00:00,6717.815505421754,4568.603446394124,547.5237159157434,4125.583858301294,1169.0787879337558
2030-02-18 16:00:00,6794.561938321755,4734.610788201845,557.1911923536088,4244.839188430414,1190.814894232593
2030-02-18 17:00:00,6898.800731400495,4944.063888865049,597.5126990977535,4325.194917167264,1277.3539232798926
2030-02-18 18:00:00,6862.725117688446,4978.437659929861,622.5229834512228,4487.237811665593,1299.8658742183725
2030-02-18 19:00:00,6976.924602277079,5055.872427424106,633.0633352022804,4446.481462659644,1312.3926735454604
2030-02-18 20:00:00,6857.647015955293,5018.367370343788,632.1239554231961,4369.427679567376,1299.2752600835895
2030-02-18 21:00:00,6609.551732174625,4665.944139381293,592.4914121080483,4306.784832997071,1255.8286967320644
2030-02-18 22:00:00,6390.581869755791,4359.677568466728,528.0458178672937,4083.319785842509,1117.6185457227164
2030-02-18 23:00:00,5966.682396442062,4148.199399567173,484.3763450037863,3934.808774909556,968.1529974625035
2030-02-19 00:00:00,5554.69392945093,4057.85890610456,464.0566029650114,3835.430026559992,860.5695292077863
2030-02-19 01:00:00,5555.954398091211,3867.385801124675,458.0557775318804,3769.526840331979,820.7006097481689
2030-02-19 02:00:00,5407.952906067973,3931.3309747043018,444.6662266082545,3773.7533947655593,796.9934105008523
2030-02-19 03:00:00,5506.108567022767,3991.022351744236,446.1187000287305,3718.873518446825,794.6642267560949
2030-02-19 04:00:00,5586.946089278552,4049.968899185937,454.7570761317179,3748.964319578063,805.9505536180444
2030-02-19 05:00:00,5715.849003531349,4393.7950524948055,492.2736015468646,3883.938786926883,856.9664292380163
2030-02-19 06:00:00,5769.401119511691,4657.580492090084,533.7455638316397,4114.374467205713,1015.2936143507184
2030-02-19 07:00:00,6159.747243981643,4612.808176233118,540.1380091502107,4189.550251105014,1140.4590649000666
2030-02-19 08:00:00,6602.828695299363,4671.496014043205,539.5075351833705,4160.031158025375,1201.3159222440536
2030-02-19 09:00:00,6763.092200287168,4635.811014863723,536.8469664805496,4266.136717540679,1232.4383792602937
2030-02-19 10:00:00,6898.483446525454,4628.375340900813,535.3938663097781,4150.44873230877,1217.6110722315896
2030-02-19 11:00:00,6727.224327024092,4579.09670366621,524.9594724013868,4140.115717012658,1201.2163444854357
2030-02-19 12:00:00,6513.691874556077,4470.773306595909,530.498985132872,4061.914575741464,1172.8852127540458
2030-02-19 13:00:00,6781.705361578715,4496.077287617412,521.0204078633783,4091.517244849702,1156.2570425993958
2030-02-19 14:00:00,6825.239370349693,4522.398882063025,534.4291211333807,4119.43381159299,1157.247067857145
2030-02-19 15:00:00,6787.636027531916,4658.274793805413,544.2567687187601,4093.0985418641594,1167.130396882765
2030-02-19 16:00:00,6791.9481600912495,4687.963829857601,569.565682968401,4206.116738668799,1209.6688871217816
2030-02-19 17:00:00,7028.7098614868455,4967.281687167338,597.2712571594012,4337.562076495801,1258.9512234493775
2030-02-19 18:00:00,6963.63961553013,4989.631291004835,617.685448353766,4426.923050109145,1308.5339145336632
2030-02-19 19:00:00,6922.319461875993,5136.000711409675,627.4998432523537,4465.664076087586,1295.8996457425333
2030-02-19 20:00:00,7051.955208190789,4893.945406906315,624.9514846220738,4501.331582703746,1296.786728785318
2030-02-19 21:00:00,6766.539724636269,4550.542030006808,588.294632589854,4289.061930060386,1256.9510021303993
2030-02-19 22:00:00,6404.486414606063,4416.672966760714,531.722538133265,4034.376415407456,1112.4332352363715
2030-02-19 23:00:00,5929.372907983344,4112.018805149815,497.0579169447892,3864.547957912055,974.075177026262
2030-02-20 00:00:00,5708.829216729561,3996.592354438336,470.3297131248949,3845.4003083121306,883.8776464581861
2030-02-20 01:00:00,5630.928922966357,3875.439436555422,449.91078630146274,3768.371243316823,825.7410937461772
2030-02-20 02:00:00,5537.193796810193,3892.1667759844686,443.8873571874853,3675.1608988016033,813.0198142825604
2030-02-20 03:00:00,5377.579059079823,3925.8612946312414,446.3259972330495,3689.432807456379,795.5069932799163
2030-02-20 04:00:00,5412.626133848615,4089.503954861583,456.7210227210071,3700.203710553018,805.5862693196598
2030-02-20 05:00:00,5654.024901006111,4349.999734574729,487.3911055981746,3807.688485267565,860.5264098539236
2030-02-20 06:00:00,5897.139675808754,4693.457485031801,542.8055168977152,4112.622268729389,1008.886068432967
2030-02-20 07:00:00,6109.7229061877615,4555.90999580464,540.5103985643772,4154.520743259347,1172.357743075094
2030-02-20 08:00:00,6576.449084035604,4646.965947925359,537.0622126675078,4236.246911807506,1216.2116365528068
2030-02-20 09:00:00,6757.706620062306,4626.217196256707,539.9365478114245,4191.469442918921,1234.5645286901197
2030-02-20 10:00:00,6819.654061432337,4580.207839591858,540.6027638001253,4159.77004183912,1236.219171603349
2030-02-20 11:00:00,6821.472341146925,4587.697116610277,530.370606949844,4118.089581683084,1215.253233830339
2030-02-20 12:00:00,6671.3893011117525,4474.265007022712,525.2406186196393,4115.866382350882,1174.5384626921498
2030-02-20 13:00:00,6744.322003365822,4497.045432536667,537.0678187051858,4097.906625148293,1157.311332093124
2030-02-20 14:00:00,6708.322063738617,4498.009629503019,533.0593807148128,4085.3260093845183,1150.9042806654734
2030-02-20 15:00:00,6823.207836470947,4664.079271212165,530.664910877068,4125.930330922896,1187.0520939033706
2030-02-20 16:00:00,6889.477672932439,4710.848716868145,549.8854001515926,4236.71603144106,1223.6923620695363
2030-02-20 17:00:00,6882.313578698669,5037.345058916259,587.2691134982673,4344.771310370888,1256.9246293098165
2030-02-20 18:00:00,6932.04689336398,5003.323051015944,626.8931456498599,4397.205780364071,1315.0087545768663
2030-02-20 19:00:00,7024.786675066399,5058.234526276454,638.1753010926936,4445.941105246928,1304.566054094273
2030-02-20 20:00:00,6967.20453794492,4989.703769292971,631.3659725506647,4510.076930608567,1315.6056721156476
2030-02-20 21:00:00,6718.652472079822,4751.181244484141,598.360931279782,4262.64910376228,1262.806142840956
2030-02-20 22:00:00,6312.452149925678,4405.956766989897,532.8598159507628,4050.645891510782,1134.4518523007207
2030-02-20 23:00:00,5955.440493655284,4138.467082224835,498.8864070239413,3946.463349228319,982.8824234481328
2030-02-21 00:00:00,5698.149220078814,3950.134319471508,475.37376349303264,3782.3458560960366,883.0223939895448
2030-02-21 01:00:00,5564.311352178327,3858.926803625023,450.5392592706496,3785.010486970284,815.0865322781824
2030-02-21 02:00:00,5475.26269471162,3951.8960994309127,451.2388635396003,3749.015499030167,801.3727268933304
2030-02-21 03:00:00,5481.7563172246055,3941.299890331523,446.683197331076,3670.20399138293,812.3247522343992
2030-02-21 04:00:00,5559.591023315298,4034.4911116392577,456.10944904697647,3755.203528997567,814.9801753454732
2030-02-21 05:00:00,5702.276644651872,4343.267384464799,488.0584173866582,3825.76777159044,854.772153175321
2030-02-21 06:00:00,5863.295214008263,4618.7347537118585,530.6584089708053,4097.7734068260015,1016.5196078012542
2030-02-21 07:00:00,6112.381458961981,4674.159519975494,536.8320708597828,4116.1310158162605,1158.6297973000037
2030-02-21 08:00:00,6580.027539826183,4722.671670320947,540.4861518252161,4138.458899759962,1216.4740920709996
2030-02-21 09:00:00,6726.681932286241,4755.948399029655,532.717226545479,4197.555632426633,1251.0928250696818
2030-02-21 10:00:00,6792.440222313671,4724.687574629399,525.9461992637937,4297.973792969524,1235.9575253561577
2030-02-21 11:00:00,6881.58518564999,4587.190927721842,533.0375659289576,4203.467120712016,1215.3916011558467
2030-02-21 12:00:00,6616.6747363898885,4479.614568293291,527.4064869073173,4055.027962594405,1151.7389735275497
2030-02-21 13:00:00,6628.6225528254,4581.138911622051,528.8039066245151,4133.669538267296,1137.3722329166435
2030-02-21 14:00:00,6684.481452174831,4580.536058471242,529.9755215721085,4118.31099139348,1166.7623052368142
2030-02-21 15:00:00,6763.648045335062,4650.983876502705,549.0549121559845,4148.778469053441,1165.477276712087
2030-02-21 16:00:00,6792.303668504682,4815.68738623182,566.9055276779749,4290.862138901357,1232.4783877689115
2030-02-21 17:00:00,6999.0145703806975,4954.605177669787,595.3263721104954,4353.290316815563,1263.4736848626249
2030-02-21 18:00:00,6860.311966628178,5077.221425028449,630.953569783145,4364.286349618133,1321.812017103416
2030-02-21 19:00:00,6997.715957880627,5089.652034796482,631.1989126850493,4464.095782474196,1325.72366932295
2030-02-21 20:00:00,6960.143035445039,4970.152737169185,632.9034866848372,4424.2115468410575,1322.6206385870455
2030-02-21 21:00:00,6628.251319059233,4780.238210938181,600.0284059959188,4313.757436211851,1238.6187791102225
2030-02-21 22:00:00,6432.73529531288,4439.4258647568,536.6145645687443,4098.556162748859,1142.9330714326582
2030-02-21 23:00:00,6058.576485790192,4147.519596586916,493.11817362423466,3958.575252547587,967.57240715896
2030-02-22 00:00:00,5702.939578817336,3992.912692495303,469.495047948712,3774.4658063650263,877.5236484866736
2030-02-22 01:00:00,5556.907108530661,4015.070987723595,454.5482416882514,3760.697887737813,821.1368083601069
2030-02-22 02:00:00,5468.891605047731,3872.810249932893,445.15875788111606,3739.204863274956,809.6610377821984
2030-02-22 03:00:00,5421.859005725771,3951.353061397359,443.9556521089008,3717.3440118307417,806.260303677386
2030-02-22 04:00:00,5594.530920815148,4065.583790988813,452.8102093918402,3767.689781342802,812.9028289168438
2030-02-22 05:00:00,5711.651319137109,4355.350970824448,488.7756572984211,3842.8072643345895,857.3750333473375
2030-02-22 06:00:00,5899.185963875227,4589.7301333184405,544.1855212471617,4149.922610367377,1008.565515218669
2030-02-22 07:00:00,6154.335416112874,4596.360427486959,537.1440838505704,4168.893122157219,1167.6305455170525
2030-02-22 08:00:00,6605.281045845851,4720.069076385884,546.8819019522489,4216.301936955972,1214.0932140765008
2030-02-22 09:00:00,6799.28779527905,4707.176454885447,539.8668016336703,4209.488052334196,1244.0915964703863
2030-02-22 10:00:00,6945.692755196086,4600.746406139304,543.4323602950288,4208.15155623987,1214.636958675052
2030-02-22 11:00:00,6775.79015147712,4588.147111485188,537.707349589902,4162.646355490636,1222.6728624892382
2030-02-22 12:00:00,6721.610201944005,4425.828647398927,524.1919119472607,4136.589261939294,1181.7914781903949
2030-02-22 13:00:00,6649.656789131615,4570.473377205376,530.5845054200414,4226.898318589926,1152.076250369584
2030-02-22 14:00:00,6830.093181741658,4546.123974294649,533.497207141188,4142.58692727947,1144.9308813606117
2030-02-22 15:00:00,6732.835752782952,4620.190002673415,540.9175217408758,4193.190141882861,1185.4916999069353
2030-02-22 16:00:00,6873.409656178896,4803.675695086135,570.1400628611839,4172.572407091972,1220.2728562826817
2030-02-22 17:00:00,7026.033949833236,4926.6297206966565,594.1364815590333,4367.008294410702,1285.6832671003492
2030-02-22 18:00:00,6926.237508384816,4977.258635926028,616.0211000692217,4456.328659553821,1321.7266002605063
2030-02-22 19:00:00,7007.942323857998,4990.256532294568,633.8477117755323,4442.360057186433,1316.4498798184993
2030-02-22 20:00:00,7005.107255772741,5023.893906969099,637.5882178139234,4437.40081576298,1307.10597604558
2030-02-22 21:00:00,6792.818231392009,4650.93932983466,601.3004279246767,4253.825868521024,1242.7567494225502
2030-02-22 22:00:00,6478.779726357963,4462.251573413121,530.3178314971317,4117.149450386365,1134.2577519198542
2030-02-22 23:00:00,6037.230314208232,4116.816957220082,495.81757668814953,3834.78889266324,975.2743119961028
2030-02-23 00:00:00,5684.089687831481,4052.088789713735,462.5551233024497,3770.522518822076,867.6358823541792
2030-02-23 01:00:00,5475.739607228631,3871.575221824841,451.75349919318506,3753.896342067926,813.2142879053189
2030-02-23 02:00:00,5475.9167883007885,3931.09399793434,452.2087426692746,3717.43482685618,801.6984313931504
2030-02-23 03:00:00,5392.947792692131,3934.827591969348,448.8814703710437,3688.076557343435,787.6055005730664
2030-02-23 04:00:00,5414.0389211737565,4119.934460290557,455.0583476711976,3781.454623730421,799.2165317274718
2030-02-23 05:00:00,5576.320380313562,4373.06354566828,485.3687898660204,3901.036245142217,857.3547393930434
2030-02-23 06:00:00,5846.322205798312,4672.854103500425,546.7084285783135,4107.209273273306,994.5530497650136
2030-02-23 07:00:00,5957.609483258004,4633.4266595168665,550.9983863577352,4170.617554591271,1163.5496412661578
2030-02-23 08:00:00,6522.320369633064,4661.795427304869,538.8200812247536,4226.459253148641,1199.877050161953
2030-02-23 09:00:00,6670.572083542777,4631.522294109287,539.4197697737575,4163.640189206295,1243.9687193130412
2030-02-23 10:00:00,6900.691063954977,4612.523747115585,539.0592234913935,4145.939163596098,1222.7987939314507
2030-02-23 11:00:00,6630.869876698082,4532.271812029003,534.4507731565485,4082.191580924714,1223.7564266411675
2030-02-23 12:00:00,6680.222249360075,4419.307667225456,526.8300410300095,4091.312765501313,1153.4302977623354
2030-02-23 13:00:00,6735.292811486037,4579.393856046553,538.4001508293854,4059.537175565709,1134.8416265139228
2030-02-23 14:00:00,6688.441577579278,4605.444266334695,517.656137356894,4125.377185133932,1147.432898471799
2030-02-23 15:00:00,6729.3800394105865,4575.257491513149,551.0164987967358,4043.295403203331,1154.3408841931994
2030-02-23 16:00:00,6864.461777770578,4809.791548609791,560.9893104650062,4179.5898198703,1211.510434271889
2030-02-23 17:00:00,6833.248092598747,4896.841808357257,587.3313719909718,4407.183833816128,1268.3573885354567
2030-02-23 18:00:00,6872.514354465381,5062.053575198118,621.526874616522,4479.86631138582,1309.3910005703806
2030-02-23 19:00:00,6836.0680935903465,5057.605116851851,639.2497368803217,4373.015209813295,1313.783845150445
2030-02-23 20:00:00,7001.052919262425,4952.082608536143,632.6162465975596,4444.084758459853,1313.2311808537947
2030-02-23 21:00:00,6731.967073395866,4731.830398641781,604.0861573451398,4237.173655458818,1256.7476139779887
2030-02-23 22:00:00,6490.856828454284,4450.293568713819,536.9449086828592,4052.448862243913,1123.177169386516
2030-02-23 23:00:00,5975.703067471565,4159.392497464099,486.4912195914554,3947.6536164778295,971.2722803539576
2030-02-24 00:00:00,5450.672789325155,3874.985025706379,460.8807517231426,3821.0456450672255,856.7567582393573
2030-02-24 01:00:00,5391.335880213072,3918.562418814473,451.709015697112,3755.7330018241705,823.8582777322424
2030-02-24 02:00:00,5087.013100461231,3871.485900785923,438.6218654070786,3700.6304235388175,806.7768319195397
2030-02-24 03:00:00,5206.288539372051,3833.679880537991,449.97300854960434,3689.9053232649408,782.8328366917789
2030-02-24 04:00:00,5347.846585219077,3993.027208203525,454.1765038137668,3630.432974833608,800.0755168747675
2030-02-24 05:00:00,5457.532641779212,4284.601734496045,486.5137579544282,3874.3223148114353,843.1634455497924
2030-02-24 06:00:00,5570.290308965029,4507.103216088884,542.96359963181,4127.354139256033,982.3293126057996
2030-02-24 07:00:00,5839.875499058829,4525.521691547306,539.787699129642,4095.0603626606808,1152.5944947599523
2030-02-24 08:00:00,6285.153756800156,4640.0671169421785,542.2093902307945,4165.913064677852,1187.085662378298
2030-02-24 09:00:00,6422.774187686658,4626.252849370998,522.9854145984265,4159.616944593282,1227.900631232919
2030-02-24 10:00:00,6651.507970093856,4507.276539796668,536.3505141702356,4184.167878071749,1195.0568392908365
2030-02-24 11:00:00,6503.6485812687415,4512.029404601048,528.6692760827146,4128.261234335221,1187.5778280572906
2030-02-24 12:00:00,6239.43424551726,4450.653627126977,525.5562086720277,4084.055315411183,1152.0286912345962
2030-02-24 13:00:00,6399.883950455791,4537.15657116867,526.0765631330115,4024.640345346538,1145.9480956982366
2030-02-24 14:00:00,6492.632669932637,4598.066347967749,528.1710359937775,4008.184918250921,1142.1847055417031
2030-02-24 15:00:00,6481.953801896519,4569.395977721802,532.0443509536447,4105.374536159534,1163.029129641379
2030-02-24 16:00:00,6574.709038079231,4769.155589917069,559.9627517261476,4153.062498497864,1201.4771195863048
2030-02-24 17:00:00,6538.8800794116,4923.479445714357,608.3176921109265,4299.037707495098,1252.0324819371704
2030-02-24 18:00:00,6598.347695124211,4924.320001619467,619.1367477731824,4403.7053957133,1288.832088620123
2030-02-24 19:00:00,6666.56944484361,5019.955808046651,628.7071126707508,4424.385204410318,1315.0533640293022
2030-02-24 20:00:00,6541.287221798967,4898.6906388934485,630.8442857776294,4287.787734503451,1316.8634883610532
2030-02-24 21:00:00,6330.148789359714,4593.653980034095,588.3686225038722,4295.204351932678,1252.4046490279975
2030-02-24 22:00:00,6189.837849949395,4317.800071317285,537.5084729414882,4088.732079927256,1127.7917279399062
2030-02-24 23:00:00,5699.106481460783,4014.2653586439055,488.486746916823,3927.495014696766,955.8818093793168
2030-02-25 00:00:00,5609.620316038103,4025.818126642741,468.196458852884,3782.5472076632,877.0381506155089
2030-02-25 01:00:00,5536.007852295436,3910.708060808048,448.4415786339024,3743.0048419737823,826.9028135251191
2030-02-25 02:00:00,5472.476922252827,3872.5336574836606,449.1894429459035,3684.384418082345,802.9817473616093
2030-02-25 03:00:00,5367.77752695791,3951.909669602344,440.38409326971095,3667.3176025400103,791.9257796662113
2030-02-25 04:00:00,5411.289433206856,4056.830818812416,453.1898638947675,3751.225719394752,812.8530888861261
2030-02-25 05:00:00,5631.316827815307,4314.470246067185,489.040919062722,3858.70279758267,855.1468672182295
2030-02-25 06:00:00,5848.932670007587,4601.161620104049,539.6910605942198,4121.749975189039,1002.343306167774
2030-02-25 07:00:00,5989.646387270415,4559.497345347826,543.6264850930868,4184.947855796255,1147.4222610693682
2030-02-25 08:00:00,6522.840814420769,4652.946872426769,547.6513037910393,4078.755892995065,1190.5142790531297
2030-02-25 09:00:00,6618.266760679643,4615.495216448465,537.2566742223468,4247.74129826524,1216.8737775884852
2030-02-25 10:00:00,6713.777566310289,4633.757401528895,538.6622569111835,4241.990051721527,1226.8144313829691
2030-02-25 11:00:00,6728.603866795346,4493.414217932531,548.0990592891737,4078.849652143636,1220.6398277980743
2030-02-25 12:00:00,6636.60071527503,4490.015291751964,522.5012074649452,4123.909587007451,1159.048508624982
2030-02-25 13:00:00,6724.230196882897,4540.818274901293,532.7502268692582,4111.192049375673,1141.2995294698317
2030-02-25 14:00:00,6653.24699744963,4492.205324231486,526.6202256721127,4076.7904008788514,1132.4159409149536
2030-02-25 15:00:00,6721.16792042561,4697.696662311295,546.3874078474904,4011.4956009337975,1147.4154209275766
2030-02-25 16:00:00,6839.392970542151,4809.054346235493,553.8815368049301,4256.107395546512,1206.1826122897985
2030-02-25 17:00:00,6980.457035509764,4909.94024957705,599.3234144984805,4380.913652448546,1267.6777167302596
2030-02-25 18:00:00,6943.675856592833,5082.152198554863,614.9514334232024,4423.055502212018,1300.1999259933143
2030-02-25 19:00:00,6854.470283892566,5028.519771652285,627.7867659544265,4535.198952633452,1317.3134759764644
2030-02-25 20:00:00,6854.910679017016,4956.389254688019,628.4673901165946,4301.094980515575,1300.58413891865
2030-02-25 21:00:00,6712.490329945374,4745.560992882698,591.5076267505267,4249.407902650098,1244.3540267779774
2030-02-25 22:00:00,6386.473695848498,4422.899190438844,533.9659233565508,4110.70948717507,1121.558814959027
2030-02-25 23:00:00,5882.5351112871695,4171.323306685398,499.03027370716353,3962.445026941793,971.1569941056488
2030-02-26 00:00:00,5669.162576460317,3997.944113584872,460.1821216805916,3851.743321747291,893.1653669325719
2030-02-26 01:00:00,5604.755728852911,3952.060832362742,459.8340523006969,3778.595028903071,833.2233209410946
2030-02-26 02:00:00,5537.866072639484,3876.259212793122,443.63566708054367,3707.6213337146446,814.418501739458
2030-02-26 03:00:00,5468.376248967735,4005.529703134974,449.4659627904729,3734.564353037096,805.7389283049366
2030-02-26 04:00:00,5473.914394818344,4035.4071046352833,459.19602856378174,3759.35068539988,821.5963979179492
2030-02-26 05:00:00,5625.402560003884,4297.419443106228,492.34095869284187,3867.719257284686,848.0115715339816
2030-02-26 06:00:00,5847.7662426314455,4665.018394134987,544.9552279074163,4117.508523073671,995.136284563192
2030-02-26 07:00:00,6015.049552686588,4655.982823299501,539.7965002994879,4142.308126850791,1159.6275514833292
2030-02-26 08:00:00,6652.200157285764,4723.051104732494,541.0060643446757,4121.623806383535,1207.9003424443713
2030-02-26 09:00:00,6793.743783727391,4688.4561712510895,533.1537375001789,4185.99630378675,1235.0267001962484
2030-02-26 10:00:00,6967.037049906956,4725.7757400551445,535.5914283098243,4177.531147040506,1222.2093920562468
2030-02-26 11:00:00,6805.856239524826,4477.5483139392045,535.0482975764655,4091.372710970733,1214.6851927969717
2030-02-26 12:00:00,6628.727186572611,4521.379809243215,535.4505612548418,4064.295410582773,1174.010858223194
2030-02-26 13:00:00,6733.327710342278,4564.616052218578,532.3419914653037,4043.619543756159,1159.3577306832915
2030-02-26 14:00:00,6706.133857541069,4552.854815491816,529.9088875841702,4045.08099119129,1171.0785399836166
2030-02-26 15:00:00,6807.589731931618,4654.9760354295295,545.4961915327219,4163.250524046002,1145.2045418294097
2030-02-26 16:00:00,6898.059780588776,4754.47250808354,566.7014717728971,4133.464550940802,1216.788152199436
2030-02-26 17:00:00,6912.262615487806,4943.380585044612,598.6752561336693,4331.961925941748,1251.898869888205
2030-02-26 18:00:00,6857.505164242789,5090.328087881562,630.7771158159345,4383.681410587093,1284.0204432869589
2030-02-26 19:00:00,6955.085500674055,5110.645678197212,635.2965625752416,4463.593742715826,1333.105678013618
2030-02-26 20:00:00,7034.06813813074,5018.179259539385,628.6432758835575,4448.476753220126,1304.3723287081957
2030-02-26 21:00:00,6765.266591112697,4630.536217754561,603.2191551849618,4239.766442303962,1270.4098673614703
2030-02-26 22:00:00,6405.258035600084,4384.257995114568,528.1402874339384,4041.52902622818,1124.8560009839248
2030-02-26 23:00:00,6012.3477035206815,4094.850239394756,487.08387074905664,3868.9888340236616,977.1263501472685
2030-02-27 00:00:00,5620.311583782212,3990.388030967185,467.4356341602397,3771.260431442332,874.7656129855706
2030-02-27 01:00:00,5511.547319999535,3845.9332203923295,455.3821201388164,3736.659462904584,818.6417813087577
2030-02-27 02:00:00,5513.792291038637,3952.553560296499,448.5174624017128,3744.5437030802527,807.9688699588985
2030-02-27 03:00:00,5426.873830387127,3960.050271103743,450.6164943793793,3746.155483028514,816.1236566888662
2030-02-27 04:00:00,5454.155080341042,4067.236364737844,450.1100313936901,3724.446027636148,821.4203590382324
2030-02-27 05:00:00,5610.713405955211,4355.514977722306,485.7304008534834,3965.06166533834,847.7507877974762
2030-02-27 06:00:00,5911.023933839025,4606.798774355326,532.6329367837557,4086.132902959164,1005.8767363846008
2030-02-27 07:00:00,6117.158287884843,4602.475140071949,558.7309990346669,4078.462342649187,1160.4114349411227
2030-02-27 08:00:00,6541.351453043324,4709.882431031255,538.876117421298,4119.19139664333,1211.2737498617576
2030-02-27 09:00:00,6806.807354589883,4633.951488160519,539.179382078093,4221.181257087775,1235.9082433644276
2030-02-27 10:00:00,6897.891390171411,4676.8565370482975,536.2148468262513,4178.49819830551,1226.3727975368515
2030-02-27 11:00:00,6817.9004154716185,4606.356853162118,539.5334306685764,4173.418995254978,1238.4338695037754
2030-02-27 12:00:00,6604.678502533086,4456.846830210698,527.7725362471223,4041.5356883937634,1184.18651097999
2030-02-27 13:00:00,6790.571482769647,4500.853282090161,534.1008514861632,4174.78953091212,1167.6336312983324
2030-02-27 14:00:00,6832.905585179289,4508.544458229446,529.8436059222701,4100.602214341418,1154.240042777988
2030-02-27 15:00:00,6857.106989877657,4598.920848817736,540.2283850286913,4114.5865330437655,1185.9406138345869
2030-02-27 16:00:00,6710.096169688186,4872.13935765206,558.1712386673216,4220.371927445546,1214.0001792016976
2030-02-27 17:00:00,6921.630450044452,4970.550079639485,611.7577270377617,4472.474540497437,1284.6550418658935
2030-02-27 18:00:00,6927.272991172222,4961.88744297773,611.5445926852949,4480.653815609899,1328.0495063307458
2030-02-27 19:00:00,7004.131492607954,5020.755148088142,630.06226160726,4470.7367854765225,1316.4805652257585
2030-02-27 20:00:00,7133.403647634976,5068.912273682897,627.3904378245251,4501.101610969289,1295.317921552189
2030-02-27 21:00:00,6796.532896877393,4715.543462880026,591.8327658768276,4365.238064694627,1266.2219088412332
2030-02-27 22:00:00,6381.571172342739,4486.701765709301,545.1816964134857,4074.067023111159,1131.341769408737
2030-02-27 23:00:00,5999.421563592022,4113.829063728579,489.66834979383697,3944.6927770816583,994.7675385715788
2030-02-28 00:00:00,5765.043313658644,4018.119267769682,466.0144066094031,3754.679775566248,876.3214440373971
2030-02-28 01:00:00,5577.945745487102,3984.004510340751,457.09273122048256,3709.831970704304,826.2575045716194
2030-02-28 02:00:00,5450.33953884738,3909.343863133253,444.958526821513,3649.630471480812,800.6827105629422
2030-02-28 03:00:00,5506.159029826915,3907.922879482429,447.978907587853,3707.034591259768,805.3267917452778
2030-02-28 04:00:00,5574.182942529632,4028.41797713541,452.7402004527672,3701.0321382756,824.6848978594726
2030-02-28 05:00:00,5697.640976768973,4281.386789696635,490.2681331949734,3897.565231217584,860.7598597667737
2030-02-28 06:00:00,5968.886067838141,4631.588752407449,542.9508848554874,4070.529714992692,994.2420757052756
2030-02-28 07:00:00,6133.669797892145,4600.45785522167,547.6045137938667,4185.5741354842985,1144.8637637926015
2030-02-28 08:00:00,6489.70188822059,4683.6525602881375,540.4766979116185,4201.399932699691,1207.030298371742
2030-02-28 09:00:00,6847.590963383201,4732.517266568358,530.2722160894804,4269.328868765984,1234.2983907871956
2030-02-28 10:00:00,6695.904851527782,4661.393777900405,542.0781773742584,4207.593084606652,1236.6590850768257
2030-02-28 11:00:00,6912.47748887409,4532.867336327122,540.3353122004856,4193.966801187276,1215.328603290824
2030-02-28 12:00:00,6694.5887251248205,4542.73410143525,530.1287062595294,4048.319919492293,1176.5105756769788
2030-02-28 13:00:00,6700.394970157243,4514.703091306521,534.5581432414914,4144.895908673664,1177.9843681541731
2030-02-28 14:00:00,6900.913177947845,4539.869664916019,533.0537910502696,4119.869818688364,1164.3804736903912
2030-02-28 15:00:00,6850.076771703279,4657.330571811962,537.1413834898837,4161.052643004608,1171.1241933261426
2030-02-28 16:00:00,6812.727145369356,4781.349765188536,566.4998645666102,4224.186385784238,1214.698470419372
2030-02-28 17:00:00,7024.17211596061,4940.9597337374935,605.9982132275773,4374.731064572849,1304.3137112301074
2030-02-28 18:00:00,6996.694678084868,4980.975436153336,622.0905253554787,4443.815923998025,1318.4225826086165
2030-02-28 19:00:00,6975.884503214804,5121.064911859864,635.582339301705,4517.489273440544,1310.8877204935966
2030-02-28 20:00:00,6970.345491062314,4953.291356859902,624.8680090007317,4349.8022084132,1306.4311777778971
2030-02-28 21:00:00,6754.581158156645,4730.612494394194,587.8112264800244,4290.882276945824,1261.5381221856094
2030-02-28 22:00:00,6400.930294359703,4438.6428167944005,538.2480180323032,4103.856011726615,1140.9536954955995
2030-02-28 23:00:00,5969.898981025319,4158.906942802707,487.9895891058901,3947.045398579034,961.192049711129
2030-03-01 00:00:00,5147.883190146245,3578.749645403289,413.175114987717,3528.253124834894,820.7107748805412
2030-03-01 01:00:00,5153.847433114352,3534.5130794260563,408.5168582532261,3499.9904643121945,765.313421175644
2030-03-01 02:00:00,5019.954272701456,3471.004159613661,398.1562082769596,3482.0265860100826,758.4624121012308
2030-03-01 03:00:00,5015.358878070451,3493.106470419936,403.21437885071134,3386.3867295172618,761.8300929761356
2030-03-01 04:00:00,4886.1834275318815,3587.140687232501,414.5757972318298,3443.9629159129468,764.5882300089745
2030-03-01 05:00:00,5229.390876412344,3896.3854939818166,449.48782463608455,3607.252427722228,814.9097330769283
2030-03-01 06:00:00,5415.453526849908,4127.429795065537,494.25469947134,3780.5929839030086,940.5407417388924
2030-03-01 07:00:00,5592.810942674818,4105.989678938464,484.6329204057965,3805.0284002116737,1101.014101376887
2030-03-01 08:00:00,5889.755772485716,4170.134224616166,480.81031277615847,3879.758085517172,1148.3255240292235
2030-03-01 09:00:00,6212.650166819809,4195.264635188335,478.8843132488208,3831.219043628743,1149.6729343365928
2030-03-01 10:00:00,6194.660075508599,4175.002699610899,485.086458720858,3922.726622720392,1159.7108472646394
2030-03-01 11:00:00,6210.632579798463,4073.536149376303,481.55435992498775,3748.2261102283496,1153.0756911999306
2030-03-01 12:00:00,6078.07470512574,3949.077137374869,477.32462999475774,3735.617324669708,1111.8570040266509
2030-03-01 13:00:00,6092.182548441658,4097.033094829069,483.2482374218344,3818.330514400516,1089.922408142021
2030-03-01 14:00:00,6125.955173822058,4095.9384384318273,479.4346563998753,3827.85230119964,1090.2318146690511
2030-03-01 15:00:00,6205.38769260394,4195.50632788498,481.7988007555985,3852.616477014791,1102.9987883432848
2030-03-01 16:00:00,6267.6217571021625,4223.410089511169,501.7606781382152,3871.122909943778,1146.175315522594
2030-03-01 17:00:00,6328.516115734612,4384.420629227231,534.0394222529981,4045.7171380064106,1213.0568320260938
2030-03-01 18:00:00,6305.815205766557,4545.364897182572,549.4493497953318,4108.7611933925145,1237.0050938576385
2030-03-01 19:00:00,6473.7352624855785,4562.35125065986,566.7978216260119,4049.731697928877,1221.0968551281203
2030-03-01 20:00:00,6428.476007322658,4468.189911931026,561.2472061484106,4123.657951120564,1252.0908419104571
2030-03-01 21:00:00,6197.5739731608855,4210.331812537782,537.5228293855668,3985.1625494287,1185.464109104576
2030-03-01 22:00:00,5819.979236042067,3939.09737532814,483.0088601385942,3845.4445650999473,1074.6856011972827
2030-03-01 23:00:00,5415.507555109864,3769.072308548999,445.8441408395691,3592.767436977058,918.7425823089084
2030-03-02 00:00:00,5232.317276681343,3546.822048690215,420.067529448289,3503.985188618747,835.878098557295
2030-03-02 01:00:00,5072.423548567078,3489.99069283558,403.9013346156413,3412.3503197389127,776.8640336229004
2030-03-02 02:00:00,5018.064008609075,3481.950338470139,401.0825757878485,3424.196369155886,766.2891483077689
2030-03-02 03:00:00,4989.064742324658,3523.1475575348345,395.3094397814863,3400.661558505865,760.1975159433683
2030-03-02 04:00:00,4989.061201152915,3674.138610829204,404.7186987614711,3477.568715607528,768.223106639116
2030-03-02 05:00:00,5150.413170608995,3948.055391581419,450.7993098749204,3568.867780137918,794.1891308080665
2030-03-02 06:00:00,5353.354959943651,4107.896181420373,479.8768094861376,3760.226010374533,930.3925121844372
2030-03-02 07:00:00,5401.383867346049,4183.822075098085,481.8571056719858,3888.2990819034335,1068.352177853158
2030-03-02 08:00:00,5947.101566195039,4189.672227887135,491.3880445096573,3856.7147712317433,1122.8510196195268
2030-03-02 09:00:00,6214.326869166128,4283.308046695981,483.5885741413744,3886.342008900708,1147.7532303035994
2030-03-02 10:00:00,6117.0604030638815,4132.446455889449,484.2963956653274,3846.8488632495432,1139.8309349902336
2030-03-02 11:00:00,6077.821354378047,4094.4256054827297,475.3204073529997,3888.283188859708,1124.2231338321562
2030-03-02 12:00:00,6012.911754766815,3949.888687725651,470.1518202022782,3775.486244335987,1096.3024779224927
2030-03-02 13:00:00,6029.444670725649,3967.712834796999,474.63265791293946,3877.639520953926,1057.3028592445014
2030-03-02 14:00:00,6151.34471473424,4052.3800334446873,476.5901592476992,3775.043096847977,1070.167348614919
2030-03-02 15:00:00,6119.314543898967,4191.983025707948,477.7672600615371,3781.195992094837,1076.240366404294
2030-03-02 16:00:00,6253.787128295542,4237.304098724395,499.628048645825,3895.4482990566544,1149.3994023169334
2030-03-02 17:00:00,6254.559086753106,4428.169309227299,539.1884825850071,4041.667653376942,1174.4285722052691
2030-03-02 18:00:00,6307.026974039076,4537.430930058796,565.3729305029456,4079.924020013308,1255.668705447173
2030-03-02 19:00:00,6294.352543922001,4619.92291840295,571.4125187776866,4139.385150746844,1256.8117861791036
2030-03-02 20:00:00,6244.814665019583,4421.703608337144,571.196714988495,4043.753533346921,1213.9740707952033
2030-03-02 21:00:00,6101.269075745557,4250.44772257252,534.9584041123207,3946.699380327597,1189.8830638623642
2030-03-02 22:00:00,5761.774912753149,3933.567690105626,478.8345278580984,3723.2821480210578,1041.4848306003903
2030-03-02 23:00:00,5445.429318819703,3724.785943110782,444.7367005668864,3634.772569987495,907.1291005772785
2030-03-03 00:00:00,4946.306629168575,3502.5720238951385,416.4571709421688,3438.1608392527223,807.1507974412646
2030-03-03 01:00:00,4858.70523231851,3420.211415865107,402.6806207459994,3482.46346167614,768.8185570244727
2030-03-03 02:00:00,4823.243315863492,3445.805993620888,401.43951917133006,3353.5623508988538,765.9713842749301
2030-03-03 03:00:00,4736.722882924137,3478.9112595596675,396.832425018541,3443.5562952970104,735.1615471686247
2030-03-03 04:00:00,4844.044338631891,3602.930327124004,410.7520202820874,3495.523303599526,761.3654293295285
2030-03-03 05:00:00,4995.5014141215925,3904.842774433914,434.8899241012933,3574.943645139825,798.9727719251714
2030-03-03 06:00:00,5180.839576591612,4014.627925660295,487.1455583498526,3807.79872573551,934.8617311854296
2030-03-03 07:00:00,5318.575796227144,4074.2988538246505,484.1643303600436,3794.828952038418,1092.328901507118
2030-03-03 08:00:00,5732.09975356918,4219.154792679231,480.867238871987,3848.896285216389,1104.1354008021035
2030-03-03 09:00:00,5882.115364067176,4108.706273125145,478.8965375201656,3828.3681272890735,1146.9149814986197
2030-03-03 10:00:00,5964.203411114575,4064.1373093574216,474.6203929617289,3827.479665886177,1122.012314432632
2030-03-03 11:00:00,5939.485626423858,4071.4760304105375,475.9953343902223,3790.438183932538,1148.4714500691025
2030-03-03 12:00:00,5804.579384928672,3987.781653222904,469.0570637611294,3756.157446798437,1104.1655890243717
2030-03-03 13:00:00,6006.30134016777,4035.987140599712,475.15626271253086,3797.454154269176,1082.4425926892131
2030-03-03 14:00:00,5855.406052082748,4071.960628627071,466.67165494175686,3714.728889983436,1081.1157719925964
2030-03-03 15:00:00,5736.437299424397,4113.253070299999,484.5344853456128,3757.455604172909,1102.5893585684555
2030-03-03 16:00:00,6006.433897757605,4169.684193407688,500.3794365494367,3896.848312754103,1126.5423427609126
2030-03-03 17:00:00,6130.298947001948,4426.644351333986,539.1164654853155,3959.463934204887,1182.365715830351
2030-03-03 18:00:00,6057.407520349021,4367.493038093299,563.971064060028,4039.0874563848806,1221.4193654485762
2030-03-03 19:00:00,6186.561758799131,4481.339015364412,564.7993865711745,4088.837494051266,1219.6625493007657
2030-03-03 20:00:00,6124.306821957588,4441.479017326869,566.1016018127686,4034.379082278871,1213.4924356368426
2030-03-03 21:00:00,5908.366729619557,4184.305488213286,528.7057899188486,3953.969858737578,1168.4209562743324
2030-03-03 22:00:00,5596.633087030976,3919.261415446205,472.7047837075596,3645.5856632650703,1074.7367900438237
2030-03-03 23:00:00,5258.929921322518,3657.801329420848,441.3030235030455,3597.7313735479524,898.7779750559062
2030-03-04 00:00:00,5169.651543466338,3524.0098917112355,417.691069593884,3505.3085878530987,812.3371726506133
2030-03-04 01:00:00,5076.177070360273,3482.5067947031635,396.04301168296,3413.479801779896,765.3992223675913
2030-03-04 02:00:00,4973.350334291432,3445.3114431694707,397.112364067956,3415.640815585077,756.7830697307626
2030-03-04 03:00:00,4965.124273187831,3529.741439126676,400.7634353120287,3444.8097226252958,751.5413515593734
2030-03-04 04:00:00,5049.49308248389,3594.262620061536,407.1379484056014,3475.5510451496143,766.7589746781217
2030-03-04 05:00:00,5119.854222248549,3873.0078415670855,436.0394329219284,3602.470578321416,797.0674826179497
2030-03-04 06:00:00,5366.610045084924,4078.298503993853,482.5610470549433,3823.004810711797,936.8004730162636
2030-03-04 07:00:00,5589.577735770367,4098.3886047031765,484.61472300985247,3873.94739045343,1076.8768666760109
2030-03-04 08:00:00,5908.883682355559,4178.409080291969,487.3914074749677,3836.9508774394176,1129.70717249045
2030-03-04 09:00:00,6123.398981002842,4165.998362937491,485.0925324104479,3864.922610204016,1152.914991407508
2030-03-04 10:00:00,6195.494633194852,4119.302957503275,490.6301161151745,3886.03845792993,1146.2058059608453
2030-03-04 11:00:00,6080.0517287332605,4084.623995737606,472.8705800620234,3845.702463979163,1128.638759281775
2030-03-04 12:00:00,5984.477229927468,4045.767653162317,462.47930460721136,3705.798130324609,1108.8700314040157
2030-03-04 13:00:00,6079.575727527195,4074.13307248017,478.9095005034967,3807.5696373584087,1080.6448924118265
2030-03-04 14:00:00,6155.5611146754,4085.8794427535695,470.1547443584706,3814.975765842407,1084.1590547478888
2030-03-04 15:00:00,6050.04738886357,4109.34638536354,480.3685102614194,3768.5911671843446,1121.9388348900304
2030-03-04 16:00:00,6197.928335953127,4244.487516958759,503.5527049220406,3946.445328802663,1150.2771529307206
2030-03-04 17:00:00,6295.2909412290655,4429.216788446262,539.5328459167532,4043.628077941937,1202.6123957362456
2030-03-04 18:00:00,6371.03982558575,4467.884480839846,559.0093022410379,4171.785298717665,1212.3030647979945
2030-03-04 19:00:00,6385.937785085343,4452.563672028727,569.856924820383,4112.177892259814,1235.74123733405
2030-03-04 20:00:00,6354.36630428002,4410.216134942689,569.1301197438803,4012.235652958216,1218.7575380375174
2030-03-04 21:00:00,6099.767291309639,4173.030424196417,536.3060134417528,3905.764164326911,1163.571162477093
2030-03-04 22:00:00,5809.890548343832,3949.4417563330353,474.1506056300527,3759.9576961322937,1058.66376644029
2030-03-04 23:00:00,5456.263570234197,3689.176785426523,435.12068528363966,3626.525559277034,913.6817132534094
2030-03-05 00:00:00,5112.228161341072,3567.648788082229,408.5054501283796,3497.7998616528184,813.2395942824215
2030-03-05 01:00:00,5040.113284965818,3436.98427474852,413.4768316407144,3461.103133727913,776.9713452598573
2030-03-05 02:00:00,5037.0427650568445,3508.193378307444,406.0098920030265,3436.883370639508,755.0995064440888
2030-03-05 03:00:00,5045.866223473964,3543.3290256875894,406.422402770083,3474.5358874574767,752.4596389902333
2030-03-05 04:00:00,5062.704844944949,3649.2739986346505,404.46611045990016,3465.7389015804624,774.024365747374
2030-03-05 05:00:00,5180.535266321476,3931.7705515177536,437.7977612592966,3565.759190744679,809.8556395457615
2030-03-05 06:00:00,5419.78898190713,4091.554760244461,488.3140956362705,3734.619709447022,938.53971468522
2030-03-05 07:00:00,5579.763742515331,4098.87729791828,488.7121659212485,3853.800573432263,1086.3987990498033
2030-03-05 08:00:00,5954.584973593458,4178.303994943938,486.8130990931271,3831.9672528769192,1134.904913323183
2030-03-05 09:00:00,6226.668555373711,4228.616459850057,473.564617732156,3828.858090660797,1146.482486995829
2030-03-05 10:00:00,6230.648570493254,4186.414666155914,481.3022675261852,3821.787302203925,1155.0743811333573
2030-03-05 11:00:00,6132.144960598909,4114.04306126431,464.7773830249244,3817.9264361834335,1159.9147583281513
2030-03-05 12:00:00,5993.302947913047,4005.9498077739127,487.477054834972,3814.1196816780807,1095.907824565979
2030-03-05 13:00:00,6146.921858186331,4094.637375381176,486.8672171736902,3808.4401480624974,1095.1867737002951
2030-03-05 14:00:00,6164.915873706636,4059.455134569485,471.9298163992069,3777.128472747472,1096.072367719665
2030-03-05 15:00:00,6294.09518354843,4106.3157864664,493.0992174418506,3799.929543967589,1108.214940355496
2030-03-05 16:00:00,6287.015112958439,4309.332462076437,504.4515686424476,3928.4783150839176,1151.6055905862208
2030-03-05 17:00:00,6489.044734401202,4417.007266901088,525.7268337734567,4102.144262427558,1225.7489028079476
2030-03-05 18:00:00,6301.160302413949,4516.224291550087,560.3070237967717,4125.690489310113,1233.5709282439589
2030-03-05 19:00:00,6470.403042899173,4472.587373042815,572.5006588984045,4117.173083710044,1226.877307131208
2030-03-05 20:00:00,6430.816276376813,4366.898842230556,567.3231641926155,4020.6945209996456,1243.271857070804
2030-03-05 21:00:00,6024.15553341829,4214.154479563428,532.3593749577757,3966.104022758351,1188.1884143011948
2030-03-05 22:00:00,5878.811783804631,3963.788262770133,482.0512257572689,3737.344518789588,1077.7205534448567
2030-03-05 23:00:00,5529.807220707181,3770.7939531873785,445.72979812740925,3659.355811237212,914.795099220098
2030-03-06 00:00:00,5264.633529025607,3545.860839533483,426.6647664130676,3553.94342075838,829.9773358266609
2030-03-06 01:00:00,5092.625563617699,3462.2963818841527,398.3885231805445,3349.8318921334776,781.3770405644686
2030-03-06 02:00:00,5057.936510955529,3524.965913585491,398.3923151445208,3469.1661655317757,770.2661062371133
2030-03-06 03:00:00,4935.953556318892,3502.79351046077,404.82335396413504,3368.665719260875,764.4496283180599
2030-03-06 04:00:00,4994.41053421187,3621.5381879880047,406.8109225366925,3492.0094208107216,767.3466891477241
2030-03-06 05:00:00,5243.3860514318585,3978.50331378703,441.1847054422429,3619.467953526873,796.2109376638291
2030-03-06 06:00:00,5376.507409532368,4258.4921166993145,472.0470595807955,3742.470168948412,945.8809734875229
2030-03-06 07:00:00,5636.09213657051,4101.762844909334,486.1109520714895,3825.5355373785537,1116.8295870724053
2030-03-06 08:00:00,5987.429591657426,4162.819024261315,482.2932686033813,3892.4972872092776,1145.5816873877332
2030-03-06 09:00:00,6226.421269426352,4178.211058851935,482.378148571712,3915.7353811161056,1176.7999054648287
2030-03-06 10:00:00,6319.465308650494,4181.622095191968,479.345720710684,3908.5792728393576,1174.5447766419572
2030-03-06 11:00:00,6133.371678235592,4049.94036822407,487.79684456696697,3833.1188063953687,1148.1641697272692
2030-03-06 12:00:00,6063.343961324946,4009.316809380843,473.4553276646618,3735.2929264880704,1106.2580785842797
2030-03-06 13:00:00,6144.832185736353,4009.407302241149,472.1968501490304,3852.79787889257,1102.1607398957087
2030-03-06 14:00:00,6194.008906961455,4034.4333205179,476.0329730915231,3742.0845974947647,1095.9744469380344
2030-03-06 15:00:00,6270.466869655051,4137.3243134341865,489.6677232018984,3759.9406614371433,1095.3077959008865
2030-03-06 16:00:00,6210.773736454306,4243.579909474169,506.84538890925614,3828.120973239684,1142.213799806941
2030-03-06 17:00:00,6343.003311666743,4492.265242987442,525.7137171111856,4006.065923680125,1188.8026551308546
2030-03-06 18:00:00,6379.339331404059,4378.187655590665,547.9647663246898,4147.998648649184,1248.9964824931596
2030-03-06 19:00:00,6384.471583759702,4623.88716065769,569.1692468948871,4058.56658123162,1245.93425486543
2030-03-06 20:00:00,6403.196318768692,4475.635263515347,570.7780826345087,4110.387504104147,1254.9890318963355
2030-03-06 21:00:00,6316.816849957102,4183.502589163697,531.5412759819297,3927.2502297574274,1190.2500648820835
2030-03-06 22:00:00,5956.990485418478,3856.1094682296734,482.46773616391806,3741.3288438337313,1065.4412547195134
2030-03-06 23:00:00,5548.708965690569,3745.7045901249135,445.6525778222725,3589.222649644658,898.091349980814
2030-03-07 00:00:00,5188.514327441771,3595.445368615812,408.559503533568,3566.778205792478,820.1624519153287
2030-03-07 01:00:00,5014.418473572891,3552.992110085612,401.5978500490861,3398.731399059844,784.8106883030732
2030-03-07 02:00:00,5054.91080849539,3515.696771300173,404.61537725666574,3444.9193681030674,752.1800262832128
2030-03-07 03:00:00,5027.076065507539,3526.841829308084,400.4994313770604,3452.058425687303,754.7400606886887
2030-03-07 04:00:00,5052.91605701123,3599.1715481267624,414.1676382851511,3475.701103785256,765.3524376334298
2030-03-07 05:00:00,5206.248398837017,3960.839016024816,442.5433005583632,3569.9602396332702,806.2101743970453
2030-03-07 06:00:00,5418.598061091454,4168.828891308851,476.2181566158764,3778.2403353999457,943.138611799652
2030-03-07 07:00:00,5608.98327486414,4156.840685078201,478.6031757670982,3788.540949763189,1114.955785053422
2030-03-07 08:00:00,5891.7252236157865,4187.681528781435,486.56084766749785,3880.079214065994,1140.168551757712
2030-03-07 09:00:00,6386.746982492846,4255.665547470568,482.1397779884056,3853.1034558453016,1151.7419027622864
2030-03-07 10:00:00,6223.914015643519,4169.08957001818,481.75706706106246,3917.281849418008,1177.0002669364733
2030-03-07 11:00:00,6209.770186356061,4090.646020011859,483.6623419116776,3901.7061013230823,1164.851421670634
2030-03-07 12:00:00,6006.426196779932,4047.9515055360207,470.6502071454439,3751.742117880678,1133.686424063116
2030-03-07 13:00:00,6106.415928102129,4092.032087571821,477.9998166144368,3753.1213392712575,1095.544564962617
2030-03-07 14:00:00,6222.13413808229,4059.0571118844873,477.7461883996425,3811.598430587652,1079.5822216794372
2030-03-07 15:00:00,6178.047530965614,4169.5522405857255,487.95965067958986,3822.212709345575,1122.4795180862782
2030-03-07 16:00:00,6321.113674867518,4315.603530905438,498.26640436329245,3889.103493778268,1125.1355198210883
2030-03-07 17:00:00,6320.678570562612,4479.357934608321,541.1821603274823,4076.589869202765,1182.3028074399206
2030-03-07 18:00:00,6377.59451533036,4532.254452464268,561.6402355837724,4122.128193368427,1250.3276418115267
2030-03-07 19:00:00,6382.1748175461225,4555.374724835173,568.8773749525227,4149.574878290194,1254.1401861859654
2030-03-07 20:00:00,6382.390944035375,4551.879362770889,563.4604797764385,4094.7600777468015,1239.5373767219587
2030-03-07 21:00:00,6227.46101437839,4221.050696409786,527.0900661546143,3986.0087857734175,1184.7711928146723
2030-03-07 22:00:00,5817.432684077183,4005.7080929798,470.2853096878898,3808.1680751935496,1078.9165457601928
2030-03-07 23:00:00,5457.637829508944,3687.594981823392,445.1954069751118,3671.692165563766,907.8373593071972
2030-03-08 00:00:00,5233.35539010791,3613.77350979993,417.8531062273772,3512.585046773489,845.4687767863396
2030-03-08 01:00:00,5121.2442297122825,3487.6766679362845,399.2110081269337,3438.984950639236,795.7772105508874
2030-03-08 02:00:00,5003.315109594885,3511.6186328712884,400.0550508567227,3474.212398620685,753.4468640349129
2030-03-08 03:00:00,4941.170177632261,3508.4902394158657,404.0634839999445,3376.8607927927383,757.1044492846421
2030-03-08 04:00:00,5048.5971828571255,3670.0680929695327,406.8458540523756,3499.891711694465,767.52037124153
2030-03-08 05:00:00,5184.516705504295,3884.4619829713697,437.5364340667568,3572.0191831657808,813.8056105047447
2030-03-08 06:00:00,5479.82592921232,4204.725440289742,482.0949609504334,3763.495670413627,951.3092978372812
2030-03-08 07:00:00,5612.218239223391,4087.090605414898,486.95311330767066,3823.1561874514114,1112.2605961604434
2030-03-08 08:00:00,6062.18857799184,4163.236591048377,490.5979355458288,3852.888773128599,1147.4052657168045
2030-03-08 09:00:00,6285.096762831213,4200.895425416717,472.8161467967952,3829.14413518698,1187.5289636215737
2030-03-08 10:00:00,6264.493058941473,4206.640415918268,484.19886023037344,3845.628036510139,1177.9309292932987
2030-03-08 11:00:00,6240.594013162288,4028.854429726091,481.75723501263855,3767.463432608419,1152.9252231985097
2030-03-08 12:00:00,6070.996411452341,4113.707678895953,475.34279936711135,3788.1731013391422,1119.8329510491858
2030-03-08 13:00:00,6156.256334303675,4137.842823691337,477.336613806624,3793.7366872356215,1084.4900298521331
2030-03-08 14:00:00,6290.120244689721,4073.571946621272,475.3213934417499,3753.003950385323,1101.086661565243
2030-03-08 15:00:00,6228.517297331333,4108.656112873029,483.2029905240808,3865.847507331448,1124.2893142708458
2030-03-08 16:00:00,6331.53357918459,4395.829053369682,507.64429650353145,3917.211842586882,1178.107130637198
2030-03-08 17:00:00,6348.185987114332,4410.49552898086,547.3236195031623,4017.063609302,1214.7685322779516
2030-03-08 18:00:00,6385.354407062731,4599.155133772078,557.5662556083203,4145.579610939563,1226.9258365825642
2030-03-08 19:00:00,6465.226451361577,4511.030150648883,570.6169828201953,4142.589647174888,1247.8329059950388
2030-03-08 20:00:00,6320.978351259641,4475.445045594307,565.5265630834516,4023.178569992652,1230.9284239845654
2030-03-08 21:00:00,6183.930053988362,4236.328827698802,537.8756924023451,3967.631947797463,1197.0367181048598
2030-03-08 22:00:00,5888.604623513987,4006.280630306432,477.46788013698057,3757.753107406496,1078.4582658912802
2030-03-08 23:00:00,5516.940318384936,3720.3908870329697,440.91273613633297,3648.081399826883,915.687358873107
2030-03-09 00:00:00,5125.075048853912,3549.658491491712,413.7876009502162,3569.3463452675287,833.7298663652766
2030-03-09 01:00:00,4895.282312507487,3539.8665880598,399.3463337120186,3474.7947793203643,772.9897122020407
2030-03-09 02:00:00,5001.909082595324,3570.7744385530827,405.841854539604,3389.405044984645,753.6274175047938
2030-03-09 03:00:00,4971.743169748963,3526.9444293623183,402.5183269353552,3418.965275874081,769.7036132787852
2030-03-09 04:00:00,5076.811158788362,3656.670654260867,409.6173314651744,3457.340945263585,771.5203730755721
2030-03-09 05:00:00,5101.497768676834,3994.943018626703,443.277322079133,3571.585353577369,817.6674163923386
2030-03-09 06:00:00,5315.736030686198,4137.909902617656,486.8983938706812,3714.51883325276,952.617411048519
2030-03-09 07:00:00,5508.720336382846,4188.224597537164,491.1508006736456,3892.2966770058274,1102.6066750028035
2030-03-09 08:00:00,5995.243402606291,4175.719279889139,487.6267670248129,3846.909272718184,1166.832799329237
2030-03-09 09:00:00,6126.903920699847,4242.256964054469,482.5563616445259,3909.998734699909,1144.5363945815702
2030-03-09 10:00:00,6292.8403114112125,4066.112660766922,483.5143433411541,3909.033273809744,1189.9544474321806
2030-03-09 11:00:00,6145.123290350867,4120.980084037182,482.94364597058217,3794.3980902713406,1148.2433702301062
2030-03-09 12:00:00,6033.773786643876,4052.84874694575,472.2637571407288,3729.701652922058,1097.492681196782
2030-03-09 13:00:00,6152.438878129081,4133.868250181226,471.196823848458,3766.651529651655,1074.3544874780162
2030-03-09 14:00:00,6115.605351736021,4033.423195244206,474.3464655681914,3733.411463413249,1091.8499267624563
2030-03-09 15:00:00,6049.877633012016,4137.275339070557,481.8645671482674,3803.801354855049,1092.9837127308508
2030-03-09 16:00:00,6314.983497437234,4321.561869675409,501.7134273379312,3893.986504175982,1155.4115424562497
2030-03-09 17:00:00,6303.409091914213,4505.838462005336,527.7583226743822,4068.175677334828,1184.675398715544
2030-03-09 18:00:00,6205.520086354864,4507.705651446137,558.8379204610939,4058.1608472696175,1240.8862757673244
2030-03-09 19:00:00,6339.185416417065,4526.008910230313,576.7242338844322,4091.48295837778,1219.26906728551
2030-03-09 20:00:00,6240.4878625068695,4489.685036454298,564.7813185440334,4109.631727305146,1225.431984806632
2030-03-09 21:00:00,6073.295917923771,4222.885823192097,528.3568896686401,3942.6615541394417,1162.8332780388553
2030-03-09 22:00:00,5923.599090644855,3898.682952076604,479.7299561290301,3816.108534366726,1058.8298085605836
2030-03-09 23:00:00,5421.612037012702,3623.116609458461,433.8827132004444,3594.525795353686,906.2857301361709
2030-03-10 00:00:00,4969.953880934387,3546.175284171609,424.19509228946544,3521.172629776369,815.4246161540221
2030-03-10 01:00:00,4915.266048921326,3439.106914096076,398.8553403104686,3422.9876144776067,763.6852232682228
2030-03-10 02:00:00,4922.448592779765,3451.9909374505305,400.6232677339461,3386.362624616453,752.5732208868824
2030-03-10 03:00:00,4793.499404418016,3494.1229970326854,392.7692234615379,3408.9706457002767,742.4502252433639
2030-03-10 04:00:00,4819.280531437412,3514.212230796718,403.7192728662984,3455.097455935707,765.5788059223013
2030-03-10 05:00:00,5029.319334115442,3983.618370690803,434.447595220932,3583.206577773275,808.325242536021
2030-03-10 06:00:00,5100.076645684426,4207.596083533641,477.6245802259802,3707.56924895346,950.7090952223936
2030-03-10 07:00:00,5370.279411237058,4025.835783022396,479.02193738331454,3824.729495839032,1074.460472078841
2030-03-10 08:00:00,5819.324687825932,4154.277107110886,493.33102781385793,3788.872387364451,1119.6010375849492
2030-03-10 09:00:00,5908.022362988484,4132.407145336008,475.38279813475214,3856.3131032022816,1131.0255381400789
2030-03-10 10:00:00,6071.7575323271285,4088.642312314484,478.1128520067431,3827.324420286797,1148.6648539644136
2030-03-10 11:00:00,5954.708575724901,4104.010224996671,483.7672605673344,3874.5581299922874,1143.1339074950497
2030-03-10 12:00:00,5768.3270017911655,3984.244793132651,470.6729499357693,3795.765784945343,1104.7438746387309
2030-03-10 13:00:00,5882.727645964308,4037.0041889113104,472.0912361022792,3787.308907013722,1071.8673524233554
2030-03-10 14:00:00,5812.940005057396,4013.960308851002,478.5613126014245,3788.27319337325,1088.425920522988
2030-03-10 15:00:00,6013.478560625219,4096.404080151207,489.81728614217246,3812.8137370635577,1099.4286713852337
2030-03-10 16:00:00,5968.671998193981,4305.858552381113,502.8465218099476,3839.7707764810048,1133.616746828395
2030-03-10 17:00:00,6094.7180637329975,4300.750291492602,530.3711130037359,4027.640186153281,1199.9417046282967
2030-03-10 18:00:00,6124.069988486198,4429.9023321594495,552.5542863555983,4121.221644178097,1216.566451275547
2030-03-10 19:00:00,6105.842834240431,4466.529074981324,560.1428474294552,4110.403697431992,1234.961855141716
2030-03-10 20:00:00,6088.566589438293,4346.139795226228,566.632689000502,3995.357360785375,1211.1742411362109
2030-03-10 21:00:00,5887.02385195398,4173.534436753059,531.5474043378209,3915.587811111586,1143.3974496162505
2030-03-10 22:00:00,5698.286486664574,3899.36747855002,481.967947392282,3769.5025524993935,1055.9547361590585
2030-03-10 23:00:00,5272.687356598883,3669.129241840881,440.8496787540644,3586.2312684934413,912.1184408345706
2030-03-11 00:00:00,5142.226007511469,3581.261214726672,420.8857580092325,3498.362045881889,807.3268389487374
2030-03-11 01:00:00,4976.5586696898,3499.76238969038,405.34860001845897,3459.4984039685223,791.5882585506522
2030-03-11 02:00:00,4959.070230681215,3490.1229277812936,399.1857451308237,3440.1332665456403,752.0082301112069
2030-03-11 03:00:00,4939.045346180585,3445.0160295910973,401.0986906124381,3465.884246594794,749.7925659482149
2030-03-11 04:00:00,4938.783260543028,3624.213218252868,409.2961326008836,3456.7275469108963,771.5937469130237
2030-03-11 05:00:00,5101.925230383342,3933.31970910829,432.0516942389687,3500.4875858158343,815.0246826061417
2030-03-11 06:00:00,5330.995951506693,4154.590723067215,478.9589035245238,3786.133970368861,935.490990709041
2030-03-11 07:00:00,5559.336583235965,4090.842968520559,480.1598233592243,3802.2621405903465,1087.6341431613926
2030-03-11 08:00:00,5890.457860862538,4200.013085662405,494.30518699498487,3882.8567635505824,1166.291708740149
2030-03-11 09:00:00,6144.913170388477,4141.622661890143,483.8242625365471,3868.811830600334,1145.6680295867825
2030-03-11 10:00:00,6149.451667599278,4128.674059740265,484.2266738316638,3987.2694620780585,1164.2928956948597
2030-03-11 11:00:00,6178.594790947078,4137.370000287529,480.06947549238487,3786.2157361880695,1139.4425836889866
2030-03-11 12:00:00,5969.117276453715,4033.1215854471006,473.750909217672,3808.310675906102,1110.883013530068
2030-03-11 13:00:00,6167.091910713113,4087.109598111316,471.8728885637063,3808.980982914859,1080.8423898213782
2030-03-11 14:00:00,6209.013775354189,4080.041748869173,479.0311074467921,3858.2538796094655,1084.883630156041
2030-03-11 15:00:00,6285.574228902664,4166.223319992504,484.0269763515332,3772.848931841199,1107.489633576042
2030-03-11 16:00:00,6186.413172498437,4232.516310796005,501.9419985407228,3885.915721195792,1145.8091232399222
2030-03-11 17:00:00,6295.669092763386,4406.52593274052,527.9176296860317,4004.7042937040032,1182.599266140331
2030-03-11 18:00:00,6252.048785658944,4514.12080644173,550.0212547243148,4085.97428997454,1240.8827618559485
2030-03-11 19:00:00,6267.571073872813,4550.01096519634,580.8427582425189,4103.829088315333,1199.0324315193102
2030-03-11 20:00:00,6390.77206989384,4551.7198544530775,563.1973475703179,4082.0073066820087,1237.47116957323
2030-03-11 21:00:00,6106.098054558962,4283.102415187627,533.9804819384844,3945.0935176255502,1158.1340602629016
2030-03-11 22:00:00,5750.818244722032,3961.560534386415,483.93093064355503,3754.2405533568935,1079.2222798585583
2030-03-11 23:00:00,5447.502690974359,3743.125976180095,439.636196943236,3599.0842158079217,925.6422894098956
2030-03-12 00:00:00,5231.320633436575,3645.5189760847993,421.0915157982836,3491.352376352857,833.6646415541425
2030-03-12 01:00:00,5053.661262269982,3582.694062173197,403.4874246314804,3498.745146979091,794.8189962949917
2030-03-12 02:00:00,5079.816747521741,3469.469938571917,399.2184043062882,3383.275573800384,754.9331898528432
2030-03-12 03:00:00,5008.209466180459,3573.9050790011543,403.2745501717081,3424.1183505357867,752.6096396808255
2030-03-12 04:00:00,5025.258493635087,3679.9011241079456,402.9991250302047,3449.933596575602,772.5598361241955
2030-03-12 05:00:00,5236.385569245339,3859.3853783425216,435.5607921421839,3587.893750746281,817.0328601129113
2030-03-12 06:00:00,5278.239975576072,4140.039477097132,483.01187245239856,3734.952622586601,970.1582455135716
2030-03-12 07:00:00,5518.685039618457,4120.63931835692,493.3682855331113,3871.770959534913,1081.4099194206992
2030-03-12 08:00:00,5985.190118617827,4195.507614363478,473.5234158230166,3827.835888834047,1148.814808124407
2030-03-12 09:00:00,6170.971917950746,4139.848166245388,466.0635863610361,3843.642249787305,1155.448541112464
2030-03-12 10:00:00,6110.744474663871,4171.664716083171,473.8728348376905,3887.617933997674,1156.6886464052543
2030-03-12 11:00:00,6232.050065396488,4096.545500410937,475.1979779594689,3800.5044020582895,1147.3991602076671
2030-03-12 12:00:00,6014.12342774112,4026.19331674966,477.09012246703935,3788.51057150529,1089.6490977271485
2030-03-12 13:00:00,6147.974675837577,4099.241456934881,471.2587967582429,3770.00237894038,1072.7418843237415
2030-03-12 14:00:00,6206.027487784989,4062.0784317691646,478.07948358213696,3802.583450191134,1107.8164426958772
2030-03-12 15:00:00,6229.154040655822,4131.564231764894,482.2520524096901,3885.050212412637,1108.709531034027
2030-03-12 16:00:00,6280.954700510689,4282.787171980018,500.787445965673,3888.7225313635786,1132.350906391254
2030-03-12 17:00:00,6265.350336278299,4462.524582434759,529.6268292319772,3993.607608874113,1200.7446808736242
2030-03-12 18:00:00,6367.044550962794,4601.96452131963,554.9740454690523,4154.481020944437,1248.8804663155684
2030-03-12 19:00:00,6395.554882567177,4602.5786306388745,571.8674617126273,4152.686806793677,1244.9320572817037
2030-03-12 20:00:00,6204.141360160551,4479.014172355947,568.3892322008988,4117.469176374449,1218.3198390569075
2030-03-12 21:00:00,6189.683035048099,4302.318928510066,516.2621258551443,3906.31908416154,1199.3866817927076
2030-03-12 22:00:00,5864.327335545138,4002.304822409799,479.9335024593969,3750.2875142446296,1069.888325527188
2030-03-12 23:00:00,5465.6823457554265,3775.0173469694128,448.7124965701085,3572.56682020811,911.2963038982726
2030-03-13 00:00:00,5187.066644864796,3521.478781336872,417.24981918717447,3560.6022233450576,817.0630383540112
2030-03-13 01:00:00,5191.533356100673,3485.025978097028,404.2671862962661,3426.2324261955346,777.5111165308219
2030-03-13 02:00:00,5055.566355176534,3493.194032016553,394.8807516723,3413.5026718307963,773.5203637162846
2030-03-13 03:00:00,5033.712129288258,3519.954272840836,407.5240218610135,3387.787805359904,764.5879631442627
2030-03-13 04:00:00,5032.426014963226,3664.790327692926,409.65805753424814,3496.698190482025,755.4734210643223
2030-03-13 05:00:00,5138.809497966076,3964.504562741316,439.7338791166716,3560.9197151030558,813.0499424731858
2030-03-13 06:00:00,5428.760358592865,4124.128464518863,484.931452673066,3755.12253730191,934.7108422965044
2030-03-13 07:00:00,5673.679406261606,4154.061971595324,482.615128592849,3892.439068663357,1118.7868244418307
2030-03-13 08:00:00,6046.927022075163,4247.649956936043,492.9407929096981,3905.828627942989,1138.7367886132556
2030-03-13 09:00:00,6311.05546568967,4201.28654852358,473.769290400212,3874.5440950004863,1163.3642721599108
2030-03-13 10:00:00,6105.845788676495,4192.793826497308,483.07495035630336,3843.39178358193,1168.30087280193
2030-03-13 11:00:00,6237.835824115046,4141.630982962964,479.08779291149017,3858.317283516456,1146.397226589018
2030-03-13 12:00:00,6136.583279257501,4054.370637165834,467.8300783581961,3804.016646359856,1104.538078724864
2030-03-13 13:00:00,6062.182107447461,4112.041455234622,469.2786697713287,3830.562742898896,1093.6991202660604
2030-03-13 14:00:00,6321.585945596518,4092.187865796716,469.92768169139896,3761.0822868333407,1094.4323992404222
2030-03-13 15:00:00,6284.411740089657,4168.727601471353,489.38762033736936,3888.716887693732,1109.610094337071
2030-03-13 16:00:00,6399.29747830173,4260.459326777769,509.31102373245176,3896.523002147646,1136.4069307669631
2030-03-13 17:00:00,6219.757473093248,4573.768922147123,544.8515998440234,4042.871759574125,1219.9544307898811
2030-03-13 18:00:00,6479.099667609976,4496.7328947700735,543.6776168198161,4103.76994483918,1225.9421917302857
2030-03-13 19:00:00,6360.920977576451,4513.955343757731,558.7810015832471,4090.082924264399,1230.062490130603
2030-03-13 20:00:00,6338.271208070622,4430.850535900244,559.1880174704327,4164.260274994912,1235.6891639161513
2030-03-13 21:00:00,6255.850251270679,4230.066042795297,539.8789631563717,3942.6462401841545,1205.7426782458854
2030-03-13 22:00:00,5837.889089598674,3992.835356717784,481.8617342326024,3721.151398256208,1075.9072967016866
2030-03-13 23:00:00,5457.7329844169935,3733.4389094809953,439.7179435459089,3569.2761226056846,918.6471119889555
2030-03-14 00:00:00,5162.150143733457,3546.038298026373,418.2124370343007,3493.829058734448,844.5255030845483
2030-03-14 01:00:00,5128.732849636589,3487.521021985764,398.6887288588172,3426.0960478353954,783.9169963437855
2030-03-14 02:00:00,5076.472006984914,3490.0136921776752,398.8582386558102,3423.5891141047755,764.4934130491602
2030-03-14 03:00:00,4977.459816863195,3552.124199127587,404.89961096286817,3429.1040574145263,757.1798526507973
2030-03-14 04:00:00,5010.031487308025,3675.140560400291,403.2281678609659,3491.139190634596,765.3303811881638
2030-03-14 05:00:00,5292.776784731919,3972.081124288342,444.4818522988814,3597.247831862392,818.7085557217586
2030-03-14 06:00:00,5431.092057928911,4202.600893784427,472.94432277942406,3779.062426605642,946.0511435503324
2030-03-14 07:00:00,5617.49768446191,4159.099855471727,489.9431773071065,3905.5021679948063,1103.0513663922934
2030-03-14 08:00:00,6008.714456453012,4256.518719135883,484.9256161094522,3880.915087048314,1138.05151867825
2030-03-14 09:00:00,6322.472230368974,4256.862803569409,481.9153808574856,3930.0617104593057,1181.6584987253982
2030-03-14 10:00:00,6283.756438880006,4256.364397636106,480.96199545390056,3870.5387332944906,1173.4764257146694
2030-03-14 11:00:00,6195.58119553598,4114.338584604458,470.63625247364735,3826.367086989869,1165.8568151651673
2030-03-14 12:00:00,6175.160642335713,4077.110247193796,474.0035620710288,3865.1954011022713,1109.125910411663
2030-03-14 13:00:00,6203.381043343135,4090.730755116525,482.8652577965303,3770.4779582945353,1103.0433178015396
2030-03-14 14:00:00,6236.718494439282,4123.732007425318,478.6615496826231,3782.547192906114,1063.9700918700648
2030-03-14 15:00:00,6099.405628694929,4218.563590113748,474.2403543469189,3821.28448599656,1097.8816160166778
2030-03-14 16:00:00,6297.785208882877,4321.458298056774,504.80686620329845,3931.028025094804,1133.6829434108456
2030-03-14 17:00:00,6485.345658265059,4435.722570063047,538.4095330160794,4074.504972616617,1194.5652871556365
2030-03-14 18:00:00,6391.899586251574,4522.649022238941,561.0105610976871,4088.295074814703,1248.5188027565025
2030-03-14 19:00:00,6372.093856975464,4552.019345087731,568.087444784291,4098.481440923245,1239.493831112961
2030-03-14 20:00:00,6431.731592839511,4478.961397856918,553.9658307109449,4189.159614524476,1224.5758289761084
2030-03-14 21:00:00,6092.350102401199,4224.47457129289,533.490742032904,3993.599213907892,1189.4383560018216
2030-03-14 22:00:00,5919.249705616277,3991.0141556671433,481.5147443992181,3832.015939000765,1082.805527955569
2030-03-14 23:00:00,5488.839153328987,3711.9440183716274,430.7474749481797,3679.025348661773,937.8580855611484
2030-03-15 00:00:00,5260.2812731586455,3607.6011881041,416.68611538466064,3589.877125014035,829.4060910091209
2030-03-15 01:00:00,5116.818864340422,3522.7272422249234,409.3821964239999,3465.8631663417445,783.8082173461315
2030-03-15 02:00:00,5063.804539245484,3474.877058263004,398.1848909375303,3417.960758054029,765.9816290413371
2030-03-15 03:00:00,4983.174392808026,3567.025697931803,402.06335786815936,3464.450684429916,768.3104438506734
2030-03-15 04:00:00,5008.736886597527,3635.026640632942,406.1973695877164,3472.347917617526,768.415945739249
2030-03-15 05:00:00,5180.597476139789,3981.4781598466375,442.7875332963381,3554.604728714547,819.0666660335391
2030-03-15 06:00:00,5423.91226175304,4189.8533916257975,476.369864827329,3825.940097387387,953.3820202239076
2030-03-15 07:00:00,5647.995729672559,4117.142819438692,486.65550110821846,3871.621209603936,1090.91566418814
2030-03-15 08:00:00,6083.161544022299,4195.642995509985,489.3462593366796,3903.056820570298,1153.0012079936837
2030-03-15 09:00:00,6089.299050074977,4198.978071730504,474.4119446194957,3897.973775500792,1175.7319084909827
2030-03-15 10:00:00,6268.5797571856,4140.122121016967,488.7227795173437,3935.468459148999,1168.768986651418
2030-03-15 11:00:00,6252.269757332461,4092.3105151836335,483.1088849617817,3854.224136056195,1143.4577457533474
2030-03-15 12:00:00,5961.684456382527,4014.566473502927,479.36150083647567,3807.9863404079,1118.6643710832425
2030-03-15 13:00:00,6204.261763841727,4052.445082479992,472.92631728003306,3785.8848694761673,1116.3986765934756
2030-03-15 14:00:00,6260.73817398678,4080.5479212928217,485.8878437164307,3702.124197433773,1096.2893237510405
2030-03-15 15:00:00,6223.995872166406,4212.120630462055,489.50586912493526,3831.03003467736,1111.1824499902789
2030-03-15 16:00:00,6313.696405679538,4312.983549811657,507.6641362116276,3905.697880970141,1149.124837331277
2030-03-15 17:00:00,6365.990767903074,4428.402185579155,544.7430241588202,4107.591467968306,1209.7283121756514
2030-03-15 18:00:00,6364.786339606342,4518.266658102225,564.0182146611742,4050.040585168773,1255.6442210890016
2030-03-15 19:00:00,6361.84696592351,4559.3905165256,579.1432079784624,4121.310892275204,1227.378163097782
2030-03-15 20:00:00,6368.4087691518125,4531.525947721188,567.8777346495264,4085.9228218481385,1231.9736315221771
2030-03-15 21:00:00,6173.840214822091,4293.136005333498,532.2538708266272,3894.8823320298407,1183.7135130092406
2030-03-15 22:00:00,5928.111181424354,3942.466002370929,481.745515113239,3786.0973536712927,1074.3759422952855
2030-03-15 23:00:00,5433.873100443203,3745.464609429053,440.0584000686556,3620.1360212218574,926.8316016255684
2030-03-16 00:00:00,5146.505085928625,3551.87452061793,415.7342925779326,3469.7898173972067,821.0842429061576
2030-03-16 01:00:00,5102.621797351398,3547.2344377799045,399.8886032346096,3466.697418515146,781.0913267449198
2030-03-16 02:00:00,5077.771492952315,3435.593933662766,394.5425704328656,3387.596612500864,753.7408221024267
2030-03-16 03:00:00,5000.361240577366,3456.1272126227623,403.1331669088727,3453.0920668146164,767.762988619896
2030-03-16 04:00:00,4936.501640394813,3681.958342323149,406.8176045166044,3527.8319220911994,775.2370153390675
2030-03-16 05:00:00,5116.964028839868,3904.516932155064,440.17444342855913,3523.02355167098,809.8520021540321
2030-03-16 06:00:00,5411.300646870942,4126.177751630106,485.5607558542839,3760.284870543089,958.6061989557404
2030-03-16 07:00:00,5569.106072627932,4144.486993643267,491.6037104231201,3883.246591542214,1095.840747884943
2030-03-16 08:00:00,5955.628582505334,4178.56043952344,493.07183455031,3803.593273670504,1150.988490566108
2030-03-16 09:00:00,6159.354376293345,4271.968276099828,475.52921068486455,3848.025768324241,1150.0117790237275
2030-03-16 10:00:00,6291.129027023513,4214.289535005906,486.1795460113621,3820.970239166615,1160.388988297921
2030-03-16 11:00:00,6094.978597853618,4068.0238007168937,476.4398468688952,3782.734002008938,1136.9866647104325
2030-03-16 12:00:00,6052.732595286996,4022.551552664493,469.46748189506144,3788.467607638736,1084.2825894041823
2030-03-16 13:00:00,6024.385003135641,4088.6130070630943,479.9438019636462,3809.130585492958,1089.592511907758
2030-03-16 14:00:00,6250.0014213219465,4026.1728592153577,481.0892224227045,3780.254193153202,1103.9845252278735
2030-03-16 15:00:00,6241.070119965406,4209.478381662,488.2356742646284,3794.88166954203,1114.6881012140634
2030-03-16 16:00:00,6176.11955047475,4405.985260740435,490.56975867718427,3913.076060617393,1148.4528293772353
2030-03-16 17:00:00,6363.402749056702,4423.9394200854695,535.6632392962163,4002.8812400523097,1185.8593967166496
2030-03-16 18:00:00,6320.114564455301,4526.965968833706,554.9616144315266,4068.986256817378,1228.0238409861124
2030-03-16 19:00:00,6373.694920090241,4546.628278756654,573.6873934153805,4147.522731662104,1228.3954404859344
2030-03-16 20:00:00,6329.2907025642,4471.05468888134,569.492410057066,4125.615980859901,1236.8774809993636
2030-03-16 21:00:00,6159.35169822275,4254.697759060859,535.7710069610101,3945.0385425608097,1185.615828753393
2030-03-16 22:00:00,5855.203405001169,4004.81316928201,488.5412409169971,3774.121985855598,1050.8583599827998
2030-03-16 23:00:00,5417.262980090499,3637.854193754749,446.0487961695633,3645.8964762931846,924.9264855272748
2030-03-17 00:00:00,4967.106192292505,3566.1494830926617,414.4042903462928,3495.4665422246712,832.7687350438714
2030-03-17 01:00:00,4911.762247743113,3436.115497294509,404.19533291180255,3472.869261677793,769.028898725441
2030-03-17 02:00:00,4842.67862450984,3450.1202822671967,397.56966414457526,3427.4031351903905,747.7394606129355
2030-03-17 03:00:00,4780.91936582175,3486.1012032641543,392.75797464432975,3381.977536056509,754.4232602047254
2030-03-17 04:00:00,4873.66761309005,3692.8942515497256,407.7007264330072,3484.891606201493,755.238257242433
2030-03-17 05:00:00,4980.844741111256,3895.560300370359,435.7571762028524,3498.679283577929,806.9265548816531
2030-03-17 06:00:00,5157.121781560281,4169.016675953652,475.7397270111475,3803.4681920135695,931.062171301904
2030-03-17 07:00:00,5367.835532777687,4147.03137575957,489.2060807192952,3761.0928763573975,1080.367905905935
2030-03-17 08:00:00,5780.161181368812,4236.3100700683935,489.46258080193184,3789.326609073807,1130.886126170337
2030-03-17 09:00:00,5956.766676861206,4108.304420545384,484.3874426008806,3854.6905112158647,1143.5215882555926
2030-03-17 10:00:00,5921.514173128693,4157.868041993773,490.6055946311628,3878.510373075885,1138.0468910608454
2030-03-17 11:00:00,5817.026099608944,3983.5741895827136,485.2654046069612,3868.384910550856,1135.9266861271703
2030-03-17 12:00:00,5799.501662035836,3998.626254422667,474.2682274861538,3797.5221559865154,1111.2740691123147
2030-03-17 13:00:00,5851.141739665431,4051.7093602080354,478.5669448119228,3810.272887998812,1079.8162235966463
2030-03-17 14:00:00,5908.199353489144,4034.5341641979626,466.0446736027789,3761.1079737502,1088.365975555059
2030-03-17 15:00:00,5903.906289895208,4032.040158034416,477.5609988911768,3714.1676762846746,1105.0002783171935
2030-03-17 16:00:00,6077.976084203068,4209.2769368211175,504.0071025642434,3858.06809345534,1138.368455262133
2030-03-17 17:00:00,6105.441101483196,4398.337206600949,537.1739929449858,3943.197594425611,1196.9403579966329
2030-03-17 18:00:00,6101.997319051176,4471.165717093513,552.7411368943878,4080.818788924421,1233.4924540705722
2030-03-17 19:00:00,6156.590566103332,4504.051563681924,569.7193457785162,4106.954254106153,1211.1443475405708
2030-03-17 20:00:00,6256.842448603773,4387.546636355544,572.7797800769885,4013.53764457232,1223.040103605778
2030-03-17 21:00:00,5891.241816033815,4141.186188411765,529.5403482893379,3936.561746730277,1173.992318769341
2030-03-17 22:00:00,5657.129629413805,3961.718807995492,476.9367967557886,3710.8908191468886,1054.3552745013376
2030-03-17 23:00:00,5207.617956572208,3649.983778229917,441.4766731532584,3569.7836156330022,909.6897558709528
2030-03-18 00:00:00,5159.569200416804,3503.761854675907,418.946391352173,3502.3716416937223,821.281778683017
2030-03-18 01:00:00,5035.727672679124,3547.3091663468176,405.59446998305685,3434.545576775269,781.8516479781063
2030-03-18 02:00:00,5094.045628351607,3509.3749477507645,404.7766581727494,3397.906385683484,744.1147972938558
2030-03-18 03:00:00,4981.868788001159,3467.4797034305525,404.68505057386346,3465.279986151173,762.4960903502988
2030-03-18 04:00:00,4945.378079131639,3654.158418124694,403.75472766600217,3431.419081295843,772.5019648643533
2030-03-18 05:00:00,5197.537503779091,3970.2183255478726,445.6329322323113,3554.3769426235667,807.3489102854589
2030-03-18 06:00:00,5297.714348110368,4097.492898914937,480.0697931845263,3793.420907175585,935.319376128024
2030-03-18 07:00:00,5480.8875515269365,4099.905546553887,479.4972927846825,3778.569589788788,1117.5215790962022
2030-03-18 08:00:00,6015.526734375418,4324.396961467361,483.5769094776336,3877.966915326642,1126.514562407733
2030-03-18 09:00:00,6125.290272478518,4186.745297137352,480.6011344292394,3838.5338467547977,1158.681695715441
2030-03-18 10:00:00,6180.091929951014,4107.136226441736,479.2722205785823,3825.370291845122,1141.0193976390185
2030-03-18 11:00:00,6030.1923172672105,4166.065305119943,472.87021957692446,3840.6014779867046,1155.8334165825056
2030-03-18 12:00:00,6129.122284456349,4030.564248742709,478.0732545650045,3804.7161645677975,1103.3507307687423
2030-03-18 13:00:00,6125.7561552577645,4071.5722653292337,479.0703160469607,3768.792596413224,1089.2080517250952
2030-03-18 14:00:00,6207.376524493712,4033.643870416804,478.1911155380888,3761.273050899779,1082.260780257576
2030-03-18 15:00:00,6120.763805157051,4142.195721567392,484.14746919442985,3832.66861467584,1067.6002018528511
2030-03-18 16:00:00,6350.057545449795,4368.06336856665,501.9136183861514,3911.5525763948913,1138.3923231283395
2030-03-18 17:00:00,6289.886226176832,4526.120450419388,537.4863673745755,4055.192038561225,1195.566235330473
2030-03-18 18:00:00,6270.2409929224295,4511.638358141672,546.3605209719877,4093.742674089553,1233.0560772569
2030-03-18 19:00:00,6367.542044425737,4587.433850867102,576.3362520527784,4131.548370690504,1262.0927864447722
2030-03-18 20:00:00,6385.197440422463,4501.196879559687,565.4571232283466,4092.096869584626,1245.4720713210106
2030-03-18 21:00:00,6179.948284408684,4212.875859220524,543.766854106253,3992.696284828477,1183.7974048981464
2030-03-18 22:00:00,5809.4092194776,3985.066142055207,478.4644137058932,3721.171026264144,1072.7640099994687
2030-03-18 23:00:00,5482.251826399662,3665.833827089036,438.3218933291628,3569.5896158025816,909.5498602499222
2030-03-19 00:00:00,5252.8572191092335,3620.818518722008,420.6864632199988,3478.60473619059,825.3628533962274
2030-03-19 01:00:00,5107.0055107262815,3493.51971464319,401.9933624758131,3426.111601351772,782.8900820272839
2030-03-19 02:00:00,5132.763245255792,3542.854004826624,398.8638333194294,3415.570058838673,761.9098683359507
2030-03-19 03:00:00,5009.6069856077165,3524.6792330485105,400.48290371049904,3481.498321704249,756.4832599141265
2030-03-19 04:00:00,5055.754677709154,3648.519808974898,407.6223533404516,3493.189996736675,769.842609228195
2030-03-19 05:00:00,5203.0830579048215,3930.4866640285977,436.6764165489211,3535.562304567876,805.6021037915409
2030-03-19 06:00:00,5337.440246531642,4195.528682766922,490.68483917908975,3752.2366851765582,929.8975561764572
2030-03-19 07:00:00,5597.208428098609,4147.949651002347,488.50041676654655,3810.862717723504,1105.3879317893916
2030-03-19 08:00:00,5976.902689205646,4111.047083116663,491.4904985072445,3859.075914949966,1147.8020343959545
2030-03-19 09:00:00,6092.070239977223,4215.03536214259,486.5085463155717,3886.663557032799,1149.9044177986702
2030-03-19 10:00:00,6190.949063875588,4106.685142255276,481.9779531442953,3782.730584971881,1115.5709431212586
2030-03-19 11:00:00,6246.518684672893,4111.673559139092,476.3879295841131,3814.288011390993,1162.6029830787445
2030-03-19 12:00:00,6082.852567340015,3968.87796128173,472.4885010648395,3760.6226790791206,1108.9721803881482
2030-03-19 13:00:00,6107.561627713199,4104.9811593903205,477.9008727689165,3795.8310546603743,1087.5242400186353
2030-03-19 14:00:00,6273.167702398127,4013.2219596569175,485.3374379489743,3739.1625440568,1078.1054227307848
2030-03-19 15:00:00,6198.14810404702,4162.772454782408,484.3245301041764,3834.2224810497873,1088.4068524348413
2030-03-19 16:00:00,6241.195633945108,4359.731936028963,512.4498182039533,3874.7899671240607,1161.4459757408313
2030-03-19 17:00:00,6425.123872828305,4491.623653569328,534.9198019067319,4005.015033472072,1220.511363744963
2030-03-19 18:00:00,6358.136277381204,4508.184463811799,558.002757503673,4124.30722495503,1243.3250072268402
2030-03-19 19:00:00,6352.9478593204585,4497.587536646635,572.719127733627,4101.152997384739,1253.803274782879
2030-03-19 20:00:00,6381.440665969067,4487.283098203343,564.2906568375176,4040.866816761956,1246.5134006864264
2030-03-19 21:00:00,6131.507647778253,4296.727084854884,539.9411816125513,4018.573187213795,1178.2047784427969
2030-03-19 22:00:00,5861.1624308611645,4016.680694071757,483.4287268639222,3742.3250542100536,1083.692805611416
2030-03-19 23:00:00,5552.130212562776,3748.743678208156,430.7246752928892,3609.8401874468727,907.7843179022144
2030-03-20 00:00:00,5250.58705838568,3597.975410789249,420.78041314336326,3512.2733372371117,836.5229018688833
2030-03-20 01:00:00,5170.295938371214,3515.3438074833493,399.98332954130194,3466.837645434304,788.7930759198355
2030-03-20 02:00:00,5024.655140557578,3514.263422981353,404.1661852757852,3455.7924583385693,769.0550140952508
2030-03-20 03:00:00,5103.746599573325,3518.610325709603,396.0134784727845,3471.627344227417,761.4377251539888
2030-03-20 04:00:00,5091.015076701506,3672.904003137561,404.99512641286026,3529.791231504628,767.0704187614737
2030-03-20 05:00:00,5216.267150782066,4003.155687533018,442.174627156062,3544.353437615921,808.7635682136033
2030-03-20 06:00:00,5390.637095246454,4188.736471901688,481.7711822775702,3833.7540496366414,953.3062697544608
2030-03-20 07:00:00,5632.067563908151,4204.328912758527,479.5044496400869,3915.795534669354,1108.5339142185037
2030-03-20 08:00:00,6092.206853386602,4198.9069767959945,483.54810588647473,3899.690206487991,1158.3117333931175
2030-03-20 09:00:00,6230.7358347078125,4259.864859650103,477.1489716038367,3832.4921626513815,1165.101826891255
2030-03-20 10:00:00,6335.051440317961,4196.893408232406,483.9769679620701,3940.518779709325,1154.2198474023835
2030-03-20 11:00:00,6130.45073325315,4151.045347134462,486.39802665443057,3849.930752549131,1168.3118163947704
2030-03-20 12:00:00,6042.197578669415,4026.3590256321,467.4588438348574,3844.452077096828,1096.3918068429527
2030-03-20 13:00:00,6028.98521462006,4114.601740428955,472.31191217754224,3725.538342274645,1086.9778643038774
2030-03-20 14:00:00,6208.824385290114,4158.862903205331,477.35806633623815,3841.8284404658784,1096.2902568613183
2030-03-20 15:00:00,6196.89085623025,4215.076486892121,483.91653352953057,3803.155605820536,1111.7223827787066
2030-03-20 16:00:00,6343.974426359738,4379.910145516175,496.58497943409975,3962.2444618772247,1134.463655982877
2030-03-20 17:00:00,6297.007890158541,4427.95747900545,536.5353054153418,3955.70380966659,1208.8480026656362
2030-03-20 18:00:00,6360.726242268576,4512.753526910473,562.6737023978272,4233.423903215994,1259.8409443627004
2030-03-20 19:00:00,6358.614511819997,4631.31618101142,574.009529550409,4107.779873219642,1253.519006233591
2030-03-20 20:00:00,6429.321027890291,4491.441715249093,555.1808511260106,4075.3597015734367,1239.1116064881162
2030-03-20 21:00:00,6117.65063640295,4234.6793689709575,536.3706451278003,3987.6644193195098,1199.858248515067
2030-03-20 22:00:00,5853.906098189986,3911.7986442317074,476.0460974863388,3803.921560573978,1091.749932019541
2030-03-20 23:00:00,5542.872561054728,3783.890208603074,437.1754344227446,3614.495094909303,920.6192053284988
2030-03-21 00:00:00,5250.152656041467,3664.3298686479984,426.7794257209532,3506.423033722235,818.8817306523556
2030-03-21 01:00:00,5124.218163520995,3499.664430924668,404.4983491382424,3433.8507117425784,793.7827984751239
2030-03-21 02:00:00,5053.6991431760825,3467.439311378462,400.9089227866485,3447.900252076569,762.9706113506151
2030-03-21 03:00:00,4981.881743611393,3587.2531277897024,405.964855069528,3385.147756032893,765.435725279625
2030-03-21 04:00:00,5026.473482226358,3645.133006229045,414.0102860835675,3462.278802457327,798.0206950073763
2030-03-21 05:00:00,5260.51191732422,3907.519724358036,443.9059900253426,3562.7120798710994,816.2152008708612
2030-03-21 06:00:00,5487.891039195831,4253.404675740957,484.5354023158429,3845.243903202735,954.6479979760826
2030-03-21 07:00:00,5605.859735856544,4146.512201335745,483.5630825445626,3868.102981373288,1089.1343683018977
2030-03-21 08:00:00,5920.271942638384,4223.955730002509,491.6730990989954,3840.249871124873,1156.7030987319522
2030-03-21 09:00:00,6170.335636283783,4176.62336286551,474.6317991544599,3930.2044667032474,1166.565901224836
2030-03-21 10:00:00,6200.30570089913,4195.924702169007,481.5332196496466,3821.2988212208297,1172.2593156541086
2030-03-21 11:00:00,6180.799716093803,4125.387797556023,485.4347836199042,3895.076121023209,1163.4825954804892
2030-03-21 12:00:00,6080.252298575336,4086.309908642906,468.9812075802977,3768.6402008603263,1111.378089378054
2030-03-21 13:00:00,6133.191617650561,4122.376637293265,475.5284323466321,3827.392759670435,1108.0908104458804
2030-03-21 14:00:00,6281.689725961066,4101.335376121369,473.9335884675859,3803.481846265469,1081.5118253004423
2030-03-21 15:00:00,6218.323297214152,4160.336454506175,482.88455010399406,3821.52079059084,1109.412985077761
2030-03-21 16:00:00,6161.532314635945,4337.042836892137,499.7587412047865,3920.009995226428,1164.190757331237
2030-03-21 17:00:00,6440.411853028416,4369.890066742871,536.473513258545,4035.6567163081854,1183.9173714423712
2030-03-21 18:00:00,6352.885245337928,4463.118139208658,549.7994437674715,4143.133888711684,1244.8969135911184
2030-03-21 19:00:00,6407.292368729358,4544.479419501121,567.716341887678,4212.991830610087,1251.0463344806144
2030-03-21 20:00:00,6396.928517732265,4466.73342755077,557.0374437176829,4061.127567673752,1204.6643038674265
2030-03-21 21:00:00,6176.622439739795,4273.7502087997655,537.3115573529625,3908.157444672456,1190.584399943259
2030-03-21 22:00:00,5825.586276096197,3952.019781925742,476.4353251378483,3853.943249511196,1088.2398198997969
2030-03-21 23:00:00,5594.731759200812,3763.852854232589,448.287826999859,3594.945299951591,922.986267686246
2030-03-22 00:00:00,5266.546625017193,3584.568834315448,417.74759095860304,3460.437303885672,823.6963825157027
2030-03-22 01:00:00,5052.518083174148,3474.51034610174,409.2072335941045,3453.059886264633,786.6932671802364
2030-03-22 02:00:00,5106.554345922541,3597.657700832029,399.445550243601,3439.5729554667496,763.8329266754171
2030-03-22 03:00:00,4960.994855634559,3578.513016056821,400.4498792559354,3505.956906501104,768.81426909601
2030-03-22 04:00:00,5069.360597392146,3588.4526826291917,407.35025794585215,3493.13693687364,779.3435264267255
2030-03-22 05:00:00,5229.54971811863,3954.52769639195,437.8568810358986,3598.6507211294497,803.6000493596663
2030-03-22 06:00:00,5308.489670803012,4145.79561588075,483.22458565532986,3751.279260063196,947.6031358813066
2030-03-22 07:00:00,5668.547487279994,4100.929513443384,492.8653172961938,3842.86251540511,1112.9828546227695
2030-03-22 08:00:00,6001.526020298996,4270.807169339821,479.059119571343,3949.405574022302,1150.201776734788
2030-03-22 09:00:00,6133.221715219014,4220.546594550429,484.1293336812053,3919.3728638194343,1161.8042791683035
2030-03-22 10:00:00,6289.512128919999,4204.946687877475,488.48617486172895,3834.370686456816,1164.736886937377
2030-03-22 11:00:00,6207.8539733955895,4098.920007574535,484.8634247360017,3853.372590573368,1164.7004618038086
2030-03-22 12:00:00,6010.847849387773,4041.5629008690175,484.7683499410568,3855.904461674776,1117.6396140231177
2030-03-22 13:00:00,6189.961451657741,4106.828567277335,474.5174020902544,3855.761684081754,1093.3634659908205
2030-03-22 14:00:00,6231.777136843147,4088.3030954329865,480.782963355225,3792.840816596131,1092.0738010315831
2030-03-22 15:00:00,6171.302447870434,4271.261491037953,477.4773262566065,3848.8211468800505,1108.5502362283755
2030-03-22 16:00:00,6357.367634220089,4274.567932160348,500.2956801775784,3973.6557050910287,1145.5857667026123
2030-03-22 17:00:00,6282.503897102111,4478.3786998257765,536.8562465404619,4159.837865963192,1201.6380253058164
2030-03-22 18:00:00,6312.938295009949,4575.830583450556,553.5908588715478,4119.940754019157,1231.9883980635095
2030-03-22 19:00:00,6548.668845173111,4623.700200009496,579.0421720774121,4101.800948970093,1222.5054165370998
2030-03-22 20:00:00,6307.5967492317895,4543.881319915035,573.8516807936971,4184.851351394132,1254.643666039343
2030-03-22 21:00:00,6282.097027938718,4301.3340820546855,532.4253130846034,3999.816433881864,1215.548264452973
2030-03-22 22:00:00,5867.289283062379,3978.507600093981,482.7998642396597,3823.777577670086,1075.0822130661554
2030-03-22 23:00:00,5459.059895801059,3755.180746131765,443.91979801051673,3573.0718573826152,933.6278798766064
2030-03-23 00:00:00,5150.309305624398,3638.272864442282,427.7813663215241,3544.557599579523,823.7686946115502
2030-03-23 01:00:00,5171.873185508075,3489.8539287983604,404.3564113917991,3464.628750108478,786.5685698149724
2030-03-23 02:00:00,5058.032941995186,3515.9944318766857,399.4860407582843,3438.069906899096,776.4223590663507
2030-03-23 03:00:00,4903.447829179983,3521.5848518682496,404.8284598338577,3407.042118178202,764.1635244586836
2030-03-23 04:00:00,5066.323650981229,3682.349708812416,401.138732896777,3414.782673400671,756.8619879713266
2030-03-23 05:00:00,5114.424050620504,3914.656560085832,448.3769474901439,3569.409577210671,798.6941437743478
2030-03-23 06:00:00,5371.845684453432,4133.891796497002,486.4271092349614,3744.293104691076,948.0796280085
2030-03-23 07:00:00,5623.07949611148,4173.101548048208,487.897878961446,3827.2937654433554,1088.4670298873732
2030-03-23 08:00:00,5963.580947113381,4285.2173461807015,491.3618478433629,3838.6927468681774,1141.9339752359235
2030-03-23 09:00:00,6217.102085620628,4121.969988197568,487.88412410530367,3820.106313425053,1159.1089321785428
2030-03-23 10:00:00,6188.934093230084,4121.495864989689,478.3246114987333,3880.4492889312182,1156.8519541029734
2030-03-23 11:00:00,6118.458568872176,4050.0081963204,477.9886211401288,3779.5616861336503,1137.614559567735
2030-03-23 12:00:00,6069.444873301611,4052.6971244361166,470.62239072411626,3812.492254555882,1091.213454200387
2030-03-23 13:00:00,6108.396859258719,4110.26705419727,479.8989449326407,3759.791953977173,1081.6618813606478
2030-03-23 14:00:00,6090.065862006991,4019.941708837721,475.5919639986748,3802.192817531765,1095.1664947042682
2030-03-23 15:00:00,6196.948366960713,4085.158698793962,487.7766920147988,3788.695308292225,1097.378085881903
2030-03-23 16:00:00,6255.350284337747,4343.7180276805375,500.9042624194618,3871.008711067074,1130.3526167623124
2030-03-23 17:00:00,6241.667283047777,4466.390594306379,534.7187650190921,4085.231076431631,1197.4080652066943
2030-03-23 18:00:00,6413.024521966666,4498.918498811055,562.800548092525,4012.32914326036,1233.5110615192034
2030-03-23 19:00:00,6271.411448396999,4613.834724399571,565.2373703210935,4115.025924398904,1222.1478287870057
2030-03-23 20:00:00,6228.232636630587,4472.104715668095,565.204017455802,4131.099877242815,1242.945025107277
2030-03-23 21:00:00,6099.289223825011,4226.63503435584,531.6632711821017,3987.548926535965,1171.695208607969
2030-03-23 22:00:00,5773.45753961137,3857.187373968352,484.40645919591,3827.0780258027817,1073.6707252417832
2030-03-23 23:00:00,5467.457324087075,3700.473689195343,437.5743164371418,3583.390927361316,911.5119113031632
2030-03-24 00:00:00,4969.754994596994,3498.0081729189337,415.7406303692968,3422.7598170617307,823.0009832616439
2030-03-24 01:00:00,4860.01439401396,3422.63355692277,407.87163100923846,3409.599097698489,772.5298570764279
2030-03-24 02:00:00,4826.123173036666,3457.762984785244,404.2028088208086,3380.643924727594,755.7463509689203
2030-03-24 03:00:00,4863.375315196568,3481.9936337369168,393.9663586530963,3419.7740299010925,750.6945366640265
2030-03-24 04:00:00,4870.25411180415,3566.509626719077,411.5261560557129,3442.720890550067,770.1214687861399
2030-03-24 05:00:00,4972.6161338631455,3902.08011912756,444.5310304990377,3591.670390302282,812.4972318910463
2030-03-24 06:00:00,5201.986576086302,4117.586683782743,476.97188036471545,3735.322741176966,944.8941122875646
2030-03-24 07:00:00,5360.4427271667255,4121.76402064449,481.2443172892486,3876.871423732206,1070.2841433144558
2030-03-24 08:00:00,5802.659701625522,4134.518492834867,487.8579310359145,3884.1804290284817,1136.1224514491284
2030-03-24 09:00:00,5971.20434529572,4219.285814712158,476.7173283797384,3840.6807556513713,1161.6667147528872
2030-03-24 10:00:00,6011.441170358316,4122.204303301438,481.6888122796736,3820.8639743988506,1147.0611481849658
2030-03-24 11:00:00,6012.185137925118,3940.329632178645,478.7557289765013,3868.813558019857,1148.6529480621052
2030-03-24 12:00:00,5775.708478189004,4016.061132810912,468.5674537622672,3762.603447093052,1091.5749897027374
2030-03-24 13:00:00,5995.210144933428,3981.3435128494257,469.11200121875936,3863.8845237217015,1107.8021344779638
2030-03-24 14:00:00,5988.5723393620665,4026.602498425698,468.470832372179,3715.422955017048,1086.242096122868
2030-03-24 15:00:00,6031.899455293554,4087.3247412066594,480.3208968887532,3836.9264522366975,1080.8276838551844
2030-03-24 16:00:00,5950.738220348135,4204.412612699791,500.99082542253547,3844.1623896841434,1122.7275622559648
2030-03-24 17:00:00,6206.429900250846,4410.205972525385,535.2072176251295,3970.703998522535,1211.3634783831787
2030-03-24 18:00:00,6170.000811407258,4470.662285991612,555.3115884684104,4081.6162306782167,1219.2037407352047
2030-03-24 19:00:00,6086.967597134019,4531.550368753428,563.864856839242,4142.958684384222,1216.5981154213514
2030-03-24 20:00:00,5965.446682957365,4416.921626381002,562.0394296126086,4034.244503563696,1212.613032722067
2030-03-24 21:00:00,5930.486613067411,4167.8071308654135,536.370477411282,3922.430106044424,1185.492683267188
2030-03-24 22:00:00,5644.487850455995,3928.873658792188,480.2796105283479,3740.298377874297,1057.052710945395
2030-03-24 23:00:00,5301.9726681952825,3689.998502908068,442.8608385931847,3547.8192630826074,928.9090168841929
2030-03-25 00:00:00,5202.306074044005,3586.6906720604925,420.4995203066676,3420.8638027472216,826.1829405711044
2030-03-25 01:00:00,5131.751007978791,3552.977972720054,407.5975018361594,3433.806062064187,784.3907710609702
2030-03-25 02:00:00,5019.315884580401,3486.749351387569,396.882554669116,3367.7182896274694,774.8637365824366
2030-03-25 03:00:00,4950.935180782537,3470.6585453990747,398.7847523169605,3451.4681132562496,743.060425670783
2030-03-25 04:00:00,5023.780329715028,3689.089591093044,414.8110883168281,3438.600408836147,756.8854130569591
2030-03-25 05:00:00,5165.164038017762,3938.7824397925056,444.0441551829312,3613.6687590121633,816.8953496225156
2030-03-25 06:00:00,5410.000455457242,4158.650078794335,489.08547332658594,3804.646043151239,922.7658256107036
2030-03-25 07:00:00,5448.782395604631,4111.765187423158,478.2445581941557,3882.161382456774,1091.7931975802642
2030-03-25 08:00:00,5958.23248659228,4161.406353938049,479.3384245220509,3868.315409023312,1157.5077124660236
2030-03-25 09:00:00,6247.562091855322,4189.453575773,489.4640829758581,3828.520775327332,1147.0126867721913
2030-03-25 10:00:00,6243.091077394816,4180.373859516832,480.9751486005068,3938.8465373301938,1145.8300524884846
2030-03-25 11:00:00,6211.001145625785,4161.261459003742,481.55640873180886,3761.7624032684826,1141.3952257655687
2030-03-25 12:00:00,5970.278390308906,4042.220921484427,479.267032624233,3782.82689517051,1099.3450971483974
2030-03-25 13:00:00,6089.414182955277,4075.4308255968513,473.35935853189625,3732.059000674369,1114.5630814832684
2030-03-25 14:00:00,6220.798122421058,4092.041047960111,476.4084441462959,3779.35460446502,1091.3604609171723
2030-03-25 15:00:00,6194.512770551299,4167.219119078678,480.7209421898663,3820.501014741926,1110.3910099749
2030-03-25 16:00:00,6354.993162991109,4231.672127521124,494.1027229756397,3956.7380688661465,1137.6075946136975
2030-03-25 17:00:00,6410.941259907588,4457.934324058155,529.6104208000119,4032.850163861673,1209.5232255213534
2030-03-25 18:00:00,6279.6748836430725,4494.04676326184,557.361400348421,4066.059076506895,1246.822954097193
2030-03-25 19:00:00,6162.4669086057065,4565.165007216838,563.0892218761289,4143.437163644162,1238.25738549854
2030-03-25 20:00:00,6383.784302291168,4411.219782929136,566.205124789408,4084.673632317613,1227.9668761570097
2030-03-25 21:00:00,6075.976190769943,4204.553415358132,525.2973872053497,3920.286709211015,1187.7831727768014
2030-03-25 22:00:00,5818.345041112182,3976.884690250941,489.1946820629311,3816.352500147984,1069.400346506706
2030-03-25 23:00:00,5424.592928639113,3687.207829162949,444.1587102557464,3625.873941300417,921.0949045443408
2030-03-26 00:00:00,5180.966605311492,3529.375711428076,414.6965869957732,3494.974014134882,831.6234545855906
2030-03-26 01:00:00,5088.446844948525,3574.0788173069186,403.258999821741,3484.1564194732987,784.1138460359166
2030-03-26 02:00:00,4994.789020156869,3511.8949046477887,396.0552850005241,3447.135731098102,755.4842957277231
2030-03-26 03:00:00,5002.473076327827,3517.1787939786245,396.4955990248199,3441.035971422847,760.0767387398364
2030-03-26 04:00:00,5058.834554535609,3580.129883410659,408.58644772347486,3492.873641354482,767.2397151438964
2030-03-26 05:00:00,5239.179828232957,3903.720637148104,438.81861173178766,3587.371755397852,828.9710649200944
2030-03-26 06:00:00,5444.671812112074,4143.882785491653,488.449452244021,3804.466803482063,948.6734286298548
2030-03-26 07:00:00,5610.405590470904,4160.962853115027,490.9162707341072,3819.513704233471,1092.4105687977838
2030-03-26 08:00:00,5985.761761862468,4255.080589064989,479.24626328346926,3935.2777256592576,1147.1235543096443
2030-03-26 09:00:00,6321.359756621962,4130.59495146132,477.093297591632,3851.4751804518814,1156.0268655906705
2030-03-26 10:00:00,6300.803827172585,4190.81917722735,486.74015962130056,3931.491309529356,1149.7027681964466
2030-03-26 11:00:00,6198.046014807688,4092.373939824425,481.1090158155276,3734.582724474744,1154.354269210838
2030-03-26 12:00:00,6035.8868728449415,4064.005842836656,465.6270445034061,3840.4638372976383,1108.7285521364622
2030-03-26 13:00:00,6169.842610370044,4080.5602241041806,486.198554919968,3754.726794664564,1115.6639343365182
2030-03-26 14:00:00,6171.7221919989415,4016.183240359114,475.0635164029304,3729.632463665403,1088.1118544479823
2030-03-26 15:00:00,6222.99087632836,4158.876764385563,481.6330527165117,3829.166267331031,1114.9439216578364
2030-03-26 16:00:00,6381.63346268817,4315.2759891105125,514.6628566123342,3913.866597740259,1154.6388538166195
2030-03-26 17:00:00,6366.668902367846,4457.62404744091,544.9842882999926,4019.711710266055,1200.9211861801125
2030-03-26 18:00:00,6361.358724140554,4549.985206840625,553.5037562892809,4129.430912095183,1241.8839801468555
2030-03-26 19:00:00,6217.87605775569,4611.525752615065,559.6142538573163,4012.83992588655,1228.1198290586492
2030-03-26 20:00:00,6404.342283215202,4544.86927897115,569.2816394368472,4053.417699858601,1247.5792839818212
2030-03-26 21:00:00,6177.695211792091,4244.590704994835,529.9089958422218,3935.12023173306,1189.3708404570928
2030-03-26 22:00:00,5833.794387587337,4007.284441179009,479.8755182185312,3752.8439948429454,1087.501708190167
2030-03-26 23:00:00,5463.826846709912,3778.085144778393,440.7580185335378,3581.01337032134,930.40801456646
2030-03-27 00:00:00,5190.822329282672,3571.2811103078448,421.5106649614584,3559.770594039718,818.6671112970188
2030-03-27 01:00:00,5113.210812811444,3485.1141137845325,399.5413277480836,3464.589976030793,782.5903927268847
2030-03-27 02:00:00,5092.161306510704,3546.244954460435,398.1699572421794,3412.1058972159462,755.6004265364872
2030-03-27 03:00:00,4996.070145018281,3563.2302943526543,402.9590666663216,3437.341605112351,753.7313924321437
2030-03-27 04:00:00,5103.396418484782,3619.7464079465535,405.1737464865816,3508.7917422743703,795.3562226964924
2030-03-27 05:00:00,5205.856249711878,3955.361857904775,435.69448803851486,3616.206330692096,802.9237734530573
2030-03-27 06:00:00,5296.9342339476325,4172.747722978829,478.1206701707172,3759.7025308890097,955.1674150855716
2030-03-27 07:00:00,5670.077741632942,4140.899922155874,484.093486734761,3862.300405666991,1110.789101400288
2030-03-27 08:00:00,5917.652176784456,4165.707026103262,490.7600573599348,3854.265775979697,1137.9340175264786
2030-03-27 09:00:00,6228.163074254769,4201.049404323718,471.6334327394152,3908.411155039968,1146.93798144681
2030-03-27 10:00:00,6261.069536301801,4208.03453170026,479.4620430592941,3893.590417390256,1179.7275000501909
2030-03-27 11:00:00,6143.185010363424,4090.1644923567897,484.3947409952606,3860.612141805523,1164.9410426952218
2030-03-27 12:00:00,6000.115107880111,4047.529814821713,473.3996306110303,3809.482289225352,1125.09910216672
2030-03-27 13:00:00,6131.734800698276,4039.59562763428,475.4812022333637,3797.044383739259,1094.18445523321
2030-03-27 14:00:00,6241.595624866961,4040.3446014377305,467.04824785477246,3742.3142606489273,1113.3031128968491
2030-03-27 15:00:00,6210.195943916441,4177.617520076953,486.2930011944379,3780.810878800159,1116.0929836513797
2030-03-27 16:00:00,6395.118048188131,4341.789095420643,513.839638551087,3948.259950380695,1142.488828319605
2030-03-27 17:00:00,6364.493230008854,4429.939776306452,537.2361038915466,4022.162123136271,1223.7169085614507
2030-03-27 18:00:00,6457.886683045119,4632.616231994553,550.8611373368171,4173.679023040934,1236.1876188505337
2030-03-27 19:00:00,6298.666487419159,4541.29093742956,571.07958260161,4110.043574551766,1261.039853045203
2030-03-27 20:00:00,6463.015744278567,4474.627898805814,566.6485732045365,4044.724512602852,1235.2134580273132
2030-03-27 21:00:00,6207.327761704759,4275.705685932011,538.5389118741816,4014.031159369387,1222.388249212164
2030-03-27 22:00:00,5820.797607697998,4116.878909741915,475.0010842044683,3763.455147571705,1080.6319720185309
2030-03-27 23:00:00,5444.493539965671,3745.3926952110855,433.4491420871408,3610.225546344893,934.6775506379048
2030-03-28 00:00:00,5288.10394595487,3591.570843269098,423.3231953503536,3510.91005125306,835.6694832726329
2030-03-28 01:00:00,5122.034576809728,3568.992509691584,401.3911342514223,3482.8662542201923,790.7834456165955
2030-03-28 02:00:00,5093.50267922456,3553.2807570335326,402.7619980894675,3399.6688744144512,774.1249001063975
2030-03-28 03:00:00,4957.292752619795,3566.4417937627995,402.88711882343625,3469.669929028744,775.7540134424592
2030-03-28 04:00:00,4975.891659064876,3637.9229963254,404.7568596280993,3524.3841967869184,776.837092858849
2030-03-28 05:00:00,5162.5357611864165,3945.4746252275736,434.5442037656401,3572.7318805026057,820.4421099841386
2030-03-28 06:00:00,5495.554705092132,4156.70456982324,489.4056423877426,3807.512052832413,950.2545860520872
2030-03-28 07:00:00,5569.247320687308,4172.468680505604,492.926591587823,3890.98452169824,1094.413473960152
2030-03-28 08:00:00,6029.432618377144,4270.020049819074,494.6631807953141,3868.670810417768,1143.2991760055818
2030-03-28 09:00:00,6225.257091092747,4218.793235563317,475.28968718059474,3932.419758044402,1159.0959454032377
2030-03-28 10:00:00,6318.492481076474,4258.061581025176,491.1412219288088,3895.717422043998,1155.7404919954931
2030-03-28 11:00:00,6226.411029938506,4133.5715820275445,473.2784080432614,3825.1807645888302,1167.862179440585
2030-03-28 12:00:00,6088.030469373534,4030.7410501862473,471.3605480704296,3709.539850248768,1106.6780509528294
2030-03-28 13:00:00,6184.233575514098,4102.057260009881,480.79980955940414,3838.000166603576,1091.785439530812
2030-03-28 14:00:00,6406.563315476541,4163.078531397757,480.9116708160863,3824.131928681071,1083.3383896544424
2030-03-28 15:00:00,6286.58890971826,4181.664568015319,487.2759921528747,3879.1627251470336,1101.9452323499138
2030-03-28 16:00:00,6353.635279172272,4388.664576181661,499.3997694149999,3875.993304080708,1160.5070889335143
2030-03-28 17:00:00,6362.518224843353,4506.860530595136,539.8955597648842,4089.969183592838,1195.4071951449848
2030-03-28 18:00:00,6390.070525135226,4556.747980943599,559.0134836323324,4109.725378074621,1227.0594812445
2030-03-28 19:00:00,6491.664337139286,4533.269270383299,564.7950779075618,4147.099240694858,1256.869370727852
2030-03-28 20:00:00,6321.382992970064,4510.397835992667,550.681995968335,4120.956731534093,1240.9682839810926
2030-03-28 21:00:00,6173.632023456991,4294.232819801122,534.7480727619544,3958.695102341494,1187.53278614828
2030-03-28 22:00:00,5862.308442511689,4018.1863866268895,480.081673677011,3792.121885669131,1060.9130693446327
2030-03-28 23:00:00,5477.772195241682,3696.43608234482,445.3939790365338,3637.639228088337,923.1969484984592
2030-03-29 00:00:00,5147.800952761268,3638.622246254973,418.9178007180605,3446.607004362851,833.113985708861
2030-03-29 01:00:00,5138.866058753201,3559.867928570381,404.7667802760312,3555.67594873996,794.190347019266
2030-03-29 02:00:00,4986.60663292439,3496.714584349541,398.2135055026456,3446.3051306558787,770.7391828796807
2030-03-29 03:00:00,4942.498600106618,3545.370913463245,396.9674910458838,3477.484509960428,764.6822514767564
2030-03-29 04:00:00,5006.893360861161,3684.7812150905047,402.5951356087748,3486.8118870087137,774.4484241166431
2030-03-29 05:00:00,5257.548694292359,3992.9141363293793,442.4350874931546,3536.489911422358,818.6600800395081
2030-03-29 06:00:00,5449.443321491105,4195.635902087698,483.5183400844759,3799.280331245166,949.378888625846
2030-03-29 07:00:00,5635.172373498219,4200.3812142052,488.5314366085496,3890.001273747624,1096.103077303709
2030-03-29 08:00:00,6061.900676545636,4298.793776988736,481.5951833046084,3890.749336085673,1165.7183376531689
2030-03-29 09:00:00,6255.7931918222885,4277.152857344188,479.44584506426855,3901.8246212424815,1172.2984809811355
2030-03-29 10:00:00,6263.127066208836,4253.09770932625,483.7659930812114,3850.8904836356633,1185.9131087133026
2030-03-29 11:00:00,6221.258591866866,4151.518910792702,481.03470987545535,3802.2598275999385,1168.770486005166
2030-03-29 12:00:00,6170.628914969531,4103.326852363282,474.3589825036015,3776.860382899717,1108.354422770644
2030-03-29 13:00:00,6241.764714097543,4076.168663302488,486.9289770658196,3785.146380435447,1094.714069848195
2030-03-29 14:00:00,6165.028068544836,4083.393728010228,489.2211306875436,3877.967008031196,1083.43463217034
2030-03-29 15:00:00,6223.428460732565,4206.587197384702,488.5734408236521,3890.572467016627,1106.8751113061664
2030-03-29 16:00:00,6327.938111479341,4274.235987082531,513.677426933086,3888.2000208248,1126.8402515351806
2030-03-29 17:00:00,6525.561778612026,4453.389693432898,544.742810044174,4089.439498584577,1190.1213071281177
2030-03-29 18:00:00,6399.565062081027,4654.634174508557,561.1894180847681,4138.024969194304,1249.6724438125823
2030-03-29 19:00:00,6480.758102266043,4567.073988756938,577.9791841872922,4235.798773779256,1253.668221781911
2030-03-29 20:00:00,6491.432780000087,4540.759017207556,572.9089429631853,4091.4487338540143,1251.8601690994285
2030-03-29 21:00:00,6362.703285309711,4268.034086497903,532.4662122294176,3917.837274686027,1167.3442809359833
2030-03-29 22:00:00,5868.184946835029,3951.537762615601,484.4732778487609,3759.680283313139,1086.44319908437
2030-03-29 23:00:00,5446.495976745325,3762.9360194607193,440.9202454397442,3614.8633642462023,917.7220781043624
2030-03-30 00:00:00,5167.904055894192,3547.6373941895786,417.5772803568312,3512.2223521873907,827.2138946904073
2030-03-30 01:00:00,5056.628686211444,3552.993631944759,413.3105182174888,3488.072912762665,775.3794992407693
2030-03-30 02:00:00,4966.366299527704,3535.762028674471,398.8143705119496,3466.4314134207443,766.497272486418
2030-03-30 03:00:00,4973.586194909835,3557.5551315643165,400.5821497299747,3427.9579218497915,761.0941041797342
2030-03-30 04:00:00,5065.908465254986,3675.7816883397377,410.37277608408334,3487.199190484588,750.2622789908474
2030-03-30 05:00:00,5075.526367699727,3937.081474588688,446.597491709952,3607.9482868652008,816.9166246602655
2030-03-30 06:00:00,5332.632535292246,4084.142444410285,481.75136204162857,3777.534506102073,939.3637542736708
2030-03-30 07:00:00,5548.89331414372,4118.157728486662,494.40547203540046,3933.5797806969663,1099.310739138841
2030-03-30 08:00:00,5901.490335446489,4209.281348248969,488.3010960271145,3876.843983837412,1152.9632177127696
2030-03-30 09:00:00,6134.504773036258,4231.6648331721535,482.5656021255673,3835.7535516590456,1166.3282308966038
2030-03-30 10:00:00,6307.303056999303,4206.997891461656,481.14270556169504,3911.530617669267,1149.7423778410523
2030-03-30 11:00:00,6157.699756396842,4148.696317037846,485.6491039092062,3832.815437430821,1158.0733763175836
2030-03-30 12:00:00,6009.798905174563,3966.190159334713,470.915809286094,3729.0074999852654,1108.0690962047015
2030-03-30 13:00:00,6161.060395993833,4190.290806430608,485.3450888319446,3733.214463260834,1078.5423859185605
2030-03-30 14:00:00,6191.183992865589,4084.430067999685,478.5759034678326,3713.3341523580257,1073.6202099367267
2030-03-30 15:00:00,6121.259713880013,4208.41177864143,484.520486262844,3748.372574044101,1104.9921222774224
2030-03-30 16:00:00,6165.821266355427,4284.676475885697,505.47428176257785,3893.803603046421,1121.3284860673305
2030-03-30 17:00:00,6342.347691386412,4481.420207438333,546.3287223001671,4069.3938248475847,1208.6379337983412
2030-03-30 18:00:00,6338.785516784981,4580.510154826702,559.8853538935101,4122.565653602708,1215.2631897074589
2030-03-30 19:00:00,6262.812282376685,4659.816306160074,578.3725331808171,4064.852932485201,1238.8318734024135
2030-03-30 20:00:00,6438.664219517977,4487.937214929071,573.5461824283536,4125.5695226482285,1217.9683268162817
2030-03-30 21:00:00,6207.245349017871,4312.970602123703,542.1513359186112,3991.895379268522,1183.578116232859
2030-03-30 22:00:00,5952.4914685037975,3970.162322224424,480.14848461978943,3788.450518823869,1065.3960026443294
2030-03-30 23:00:00,5451.096259228985,3739.1806961098087,450.79735881739657,3642.1927208589054,905.112127592604
2030-03-31 00:00:00,4956.795023650025,3629.7546006728976,423.2091574510736,3450.9159709162145,815.2330678961512
2030-03-31 01:00:00,4884.303163526452,3422.473602498272,408.9804592199719,3357.408261259644,790.7546241721132
2030-03-31 02:00:00,4826.615856490661,3443.3009474852247,398.29043143867335,3417.040132297847,762.9881530568153
2030-03-31 03:00:00,4734.987315804899,3492.508796845172,403.1272332746293,3418.681701251047,746.0564010973835
2030-03-31 04:00:00,4894.189971043172,3677.461960173543,407.7659230720796,3462.662383888725,748.9237774050478
2030-03-31 05:00:00,4841.042798144378,3945.2755390790617,441.1580903211817,3560.832122909007,820.1395912023618
2030-03-31 06:00:00,5229.138216417498,4108.32120106534,481.3544841650721,3761.8333523793312,926.1960104950134
2030-03-31 07:00:00,5397.930876312633,4102.787491790724,486.9167143136264,3837.807237369384,1082.0838276439392
2030-03-31 08:00:00,5792.583262285576,4206.540593965161,483.4183576311785,3847.3312664559926,1134.5521342311238
2030-03-31 09:00:00,5915.536107437746,4084.573676749513,477.1664751172253,3869.0098497766057,1165.1525899702046
2030-03-31 10:00:00,6100.964516474304,4092.062141698421,481.82310501573903,3815.649882956701,1163.850809495773
2030-03-31 11:00:00,5976.514137323098,4089.654361405285,471.07284137737,3821.788747660232,1154.2810765182828
2030-03-31 12:00:00,5804.059951130025,3962.709306617328,469.43463015485577,3781.944305697695,1108.0413819873625
2030-03-31 13:00:00,5939.470581042253,4023.24641643024,474.8758074826105,3786.7204431413015,1086.0520131972812
2030-03-31 14:00:00,6034.768541645571,4076.5721777134754,462.09994008914737,3690.359931131398,1103.0461452676357
2030-03-31 15:00:00,5953.091389550785,4155.323827931841,488.9198098707545,3759.68081324808,1105.1308836744352
2030-03-31 16:00:00,6078.494491250734,4289.375498193876,508.87641523590696,3890.667794623325,1136.1839461282166
2030-03-31 17:00:00,6133.613571308138,4327.660451700403,540.2546504678318,4057.000053349479,1202.13139922018
2030-03-31 18:00:00,6162.7075336015705,4517.004471352744,550.2909491123237,4093.643697993237,1249.907506048522
2030-03-31 19:00:00,6209.74324006078,4506.252611369252,564.4879009953432,4079.8599965843846,1236.3384073844495
2030-03-31 20:00:00,6112.029756385833,4415.08777422998,564.3996040194852,3970.625601895836,1247.1677219774074
2030-03-31 21:00:00,5897.384584121839,4158.178935816332,528.7552954954577,3955.942090818152,1176.8298771222644
2030-03-31 22:00:00,5720.397259266885,3930.044369255029,484.95541375637015,3753.725998249579,1069.5564353226698
2030-03-31 23:00:00,5248.270088330333,3681.118938270261,443.5194871965884,3602.787885028448,901.7517203951631
2030-04-01 00:00:00,4677.266631214315,2987.807148220648,360.3169296344495,3341.2231166716865,677.0859358936106
2030-04-01 01:00:00,4592.001460590411,2941.312641849118,351.2460121300977,3246.9589355573635,637.2573832614768
2030-04-01 02:00:00,4480.220444160296,2881.3268745187083,353.9375308342139,3270.763005158737,616.7823955541264
2030-04-01 03:00:00,4454.554524575368,2952.649317679929,350.1370912162735,3212.201127696293,618.0598810809096
2030-04-01 04:00:00,4533.314385967994,3035.6605639683976,353.91926219038373,3263.9850329773644,630.9973051113466
2030-04-01 05:00:00,4670.19509815667,3271.0938235171047,380.4580853786383,3377.510986354331,666.489567131393
2030-04-01 06:00:00,4811.112330129715,3448.674903828868,422.8013115493194,3553.562974261404,777.820764719461
2030-04-01 07:00:00,5021.886780486987,3357.003762503316,423.9215519823617,3610.312056563376,882.9106666056272
2030-04-01 08:00:00,5414.716172284778,3509.948621548688,426.5378775907156,3671.7112212698335,933.0702960104762
2030-04-01 09:00:00,5454.673055904713,3518.2314642489896,418.8797474303722,3680.5782538821454,925.75495673381
2030-04-01 10:00:00,5591.256849810038,3452.196948597514,419.44882289845066,3737.416996693297,946.7691338472926
2030-04-01 11:00:00,5469.144371214055,3364.8663045472767,423.5571626035597,3618.386255859344,958.7007486829524
2030-04-01 12:00:00,5452.416528373236,3379.604438717833,408.6828038381964,3555.5465579517504,922.26598398747
2030-04-01 13:00:00,5461.459149956795,3364.241885952146,414.3185527860386,3571.0861597516105,912.849098355144
2030-04-01 14:00:00,5573.946367855509,3415.706811909951,412.0509325324015,3629.787745609351,887.0917022220135
2030-04-01 15:00:00,5521.63775816559,3440.005841490506,422.9193828011415,3627.354662101374,900.3663732917194
2030-04-01 16:00:00,5649.1469155657305,3565.3816608015704,447.650723876718,3721.980121957956,937.8412664332824
2030-04-01 17:00:00,5726.318267911041,3735.2090290538526,471.35188217687073,3816.871458361889,991.2178808831256
2030-04-01 18:00:00,5559.182771491007,3782.813710051332,482.83919881693794,3918.987431254785,1007.1572488218368
2030-04-01 19:00:00,5794.08798782217,3808.745790252429,508.8507231013457,3903.543878209518,1029.2289141163749
2030-04-01 20:00:00,5691.164780535757,3670.34274869384,496.1475794135372,3906.4247331656193,995.8085403972684
2030-04-01 21:00:00,5603.121552581293,3533.7848732640573,464.30629184396486,3703.9835174690616,971.1141051631204
2030-04-01 22:00:00,5049.243588469458,3267.220709410526,414.448011002183,3621.861188288136,890.9155177583067
2030-04-01 23:00:00,4838.546844202635,3065.5181290415453,379.67468892537386,3407.0034048481198,738.6320162343161
2030-04-02 00:00:00,4606.79545630481,2959.008822073049,366.2438271844109,3369.735023438433,682.9131445980964
2030-04-02 01:00:00,4591.025907844917,2949.2803017034075,353.92698602496245,3214.5560885471223,636.6724832322815
2030-04-02 02:00:00,4515.070087220822,2902.390020089047,352.1447055815391,3253.452133830466,622.9178027836282
2030-04-02 03:00:00,4445.879148345373,2960.9814141331635,349.0204723913779,3250.143797178101,628.5567428147482
2030-04-02 04:00:00,4422.575786715608,3082.2130340776566,357.8912913215245,3232.941279645365,618.1625359529401
2030-04-02 05:00:00,4624.682815511504,3262.9725185012967,383.8198872375032,3387.927666753879,666.1500525223566
2030-04-02 06:00:00,4844.918016846713,3446.175816159826,424.0925061378112,3592.1074220593555,785.8567398454283
2030-04-02 07:00:00,4944.145036700248,3406.580428177428,428.5991135439832,3658.9216151494943,896.3122941959161
2030-04-02 08:00:00,5382.436532316147,3514.0616176105896,425.97891490137056,3679.0661120346026,937.4492850472898
2030-04-02 09:00:00,5641.706926996764,3484.4738678704985,412.7647688895909,3704.136484829756,946.5165641835142
2030-04-02 10:00:00,5588.1085448442345,3481.408716202888,408.78570545388646,3687.193753566665,953.5964110554868
2030-04-02 11:00:00,5529.719161046363,3375.9914674360043,419.9316676411968,3656.654677415324,944.9195443226836
2030-04-02 12:00:00,5390.472736766448,3358.5206328301806,410.4811151216139,3642.008964943703,920.7778658513578
2030-04-02 13:00:00,5450.863516055524,3354.963565304153,416.7551668013905,3595.9411707422105,897.5832650346828
2030-04-02 14:00:00,5547.156400124956,3352.4772562708645,422.2902305009623,3551.819305181114,888.1542144694641
2030-04-02 15:00:00,5540.072235374918,3471.3890661877786,419.9744041097936,3597.6149911892644,889.9677585766731
2030-04-02 16:00:00,5661.077153939826,3614.7802225578894,437.0394403850261,3719.466930055031,929.7535807425246
2030-04-02 17:00:00,5679.6947362575775,3628.951307816091,471.8301367166087,3790.0406136891006,987.2154046146028
2030-04-02 18:00:00,5646.401111150158,3772.171143620161,481.2299312513189,3915.680825023351,1017.6858411800204
2030-04-02 19:00:00,5676.380500536847,3739.197772913392,490.16791538351777,3936.1890662993774,997.5897838145456
2030-04-02 20:00:00,5681.000291274796,3744.482271068871,496.02834956447583,3869.528184869361,994.8446468217804
2030-04-02 21:00:00,5578.451123420193,3525.618892550414,464.784299692082,3758.1774370872176,966.6341630296128
2030-04-02 22:00:00,5257.233327697136,3257.130875633877,415.0135816877667,3615.0803680680656,878.1810059209232
2030-04-02 23:00:00,4901.431690267689,3101.0747445596003,389.1895450446859,3474.383239489785,757.6083163091765
2030-04-03 00:00:00,4660.787459642403,3032.689319000136,361.6884733226415,3304.3719499373856,678.1094920713015
2030-04-03 01:00:00,4552.740701335218,2931.256064577223,349.49757907486554,3274.931245699175,641.1320105035078
2030-04-03 02:00:00,4501.519304451444,2919.0997547244606,349.0950726537274,3293.097726269497,629.3879850259136
2030-04-03 03:00:00,4444.4557403748095,2950.79041328848,345.1087408851237,3271.8110375109923,630.5103944305977
2030-04-03 04:00:00,4513.82411656459,3065.6251199614526,357.6245294782068,3316.630747085819,631.9761095875319
2030-04-03 05:00:00,4649.476413008019,3243.697812410317,385.3219897425902,3380.1119023504352,667.8533528407512
2030-04-03 06:00:00,4836.464130832468,3439.23325409322,415.3321620735234,3608.6899278890464,770.5769963433395
2030-04-03 07:00:00,5051.1567685669925,3489.2554616128023,421.6774863926568,3667.360110442949,905.5948872106152
2030-04-03 08:00:00,5344.716052714815,3456.4485513595664,419.7475354325626,3663.826303093756,949.9155414170845
2030-04-03 09:00:00,5511.935470253764,3502.31872369279,423.6789940251319,3697.6735559316353,953.3902146821396
2030-04-03 10:00:00,5649.623896816915,3469.9588125114246,415.2235456078285,3635.690707009932,948.6154762579508
2030-04-03 11:00:00,5548.847965136422,3358.3909405112604,423.3918699482393,3596.613763351947,937.6770798164456
2030-04-03 12:00:00,5388.4682888219495,3368.986439518417,412.4099922673727,3593.6742606871903,918.7703103125416
2030-04-03 13:00:00,5535.993374167284,3387.2818227214734,414.28818442681074,3581.021865077176,891.5769000396728
2030-04-03 14:00:00,5513.871774943085,3382.3150726841254,417.4591757155095,3611.32280264217,877.9385266551145
2030-04-03 15:00:00,5527.380007612864,3457.919217290837,427.24794043627327,3644.428466298324,919.5462649172345
2030-04-03 16:00:00,5640.6007924093565,3579.240011343932,434.0007513678863,3731.587777827822,925.3883042213856
2030-04-03 17:00:00,5752.033603052081,3716.212286542209,471.7771216883004,3762.077671332884,981.5055576648284
2030-04-03 18:00:00,5857.346613008295,3750.578325604273,495.8944155923062,3929.603357615205,1028.2775669586088
2030-04-03 19:00:00,5794.5419078445975,3780.338750511682,500.9414662647604,3914.2339079515423,1009.441105338786
2030-04-03 20:00:00,5744.033643819152,3755.238736540469,491.0566578599248,3827.517932024675,1012.3875741676784
2030-04-03 21:00:00,5586.031017338551,3488.713829711894,461.8769221673735,3750.0015677628494,981.9596079438252
2030-04-03 22:00:00,5237.737119491577,3362.8811945464427,419.1118519975699,3558.847895867869,881.501230858867
2030-04-03 23:00:00,4967.637996064073,3159.729878196375,387.131588396359,3431.175784243206,768.2971890679661
2030-04-04 00:00:00,4657.025553255182,3030.23370757072,360.0919926361325,3308.209174753111,679.5076471823837
2030-04-04 01:00:00,4634.164920607233,2924.401778252174,353.2628390970437,3250.3854956347645,631.836402221042
2030-04-04 02:00:00,4521.91272121984,2905.373543736747,346.6768434769202,3260.79291304304,645.6857663358132
2030-04-04 03:00:00,4508.490067162886,2938.6847023031987,353.21848242859085,3188.059194184774,634.8185973096236
2030-04-04 04:00:00,4576.709915173829,2998.916321735381,353.0142365982421,3355.576167728272,641.2965073781642
2030-04-04 05:00:00,4617.383361024184,3304.328105172712,384.45289632123627,3372.92657577936,674.4094218982931
2030-04-04 06:00:00,4851.705496477301,3474.6274758645845,422.7234065514005,3626.5194623328975,784.7051677081222
2030-04-04 07:00:00,4964.400006022609,3483.6432300570773,416.3717426366085,3622.789747675973,915.595725660212
2030-04-04 08:00:00,5475.660836775828,3495.465117482468,424.0949347545802,3667.9370139304738,947.7567329423018
2030-04-04 09:00:00,5514.451261827318,3465.42945157568,421.85310988444286,3743.638741039953,955.268590037236
2030-04-04 10:00:00,5600.323411664042,3510.663995456725,416.76340167652006,3697.083484432803,947.044622304484
2030-04-04 11:00:00,5678.824418574565,3389.8152850923098,416.5802567187114,3684.8122662362152,953.4906481556536
2030-04-04 12:00:00,5564.546377689624,3363.62459577703,412.87567032395344,3589.664232800721,901.0932842493622
2030-04-04 13:00:00,5450.886482296917,3389.2674788319764,417.6575984976976,3603.474152759338,898.0927100108202
2030-04-04 14:00:00,5622.408252971525,3418.7473742005745,421.1132881226434,3686.765710302381,900.3087090049567
2030-04-04 15:00:00,5565.8116700961045,3477.5683827772623,423.4934407998374,3710.0230973193143,892.5874050754953
2030-04-04 16:00:00,5684.470348503118,3533.368936071954,437.89178255988986,3673.583930896031,938.6707883610457
2030-04-04 17:00:00,5652.45999286474,3680.7987647805417,464.2153355031064,3784.8654617173847,1016.0600319035976
2030-04-04 18:00:00,5866.366359302723,3795.240782359238,491.31403720400624,3921.60511565684,1009.3170803050106
2030-04-04 19:00:00,5669.722001306,3793.03482008374,494.7702929214695,4052.017193286167,1038.893300982943
2030-04-04 20:00:00,5709.545712643353,3753.543992210943,496.1553194758965,3903.260468416784,1000.3559817290338
2030-04-04 21:00:00,5569.061735189853,3525.677205261452,459.9459083670403,3791.249303307218,960.3585476128842
2030-04-04 22:00:00,5241.187897951944,3349.1583391795,417.9715125114165,3559.01483377951,867.5608687318903
2030-04-04 23:00:00,4927.938274106772,3134.59316967669,383.1128946927257,3435.379865961409,756.3722780799176
2030-04-05 00:00:00,4668.096560216791,2986.9046796062585,361.0492724782615,3350.7779199005736,679.0190264630778
2030-04-05 01:00:00,4562.116789349879,2983.266310889215,353.13991076218485,3323.79750076825,644.5239163045907
2030-04-05 02:00:00,4519.942562582296,2915.787120670236,352.49196085553814,3241.1236081076527,621.7445756230295
2030-04-05 03:00:00,4512.381599001811,2934.543020073223,348.4633165496227,3322.350569127648,613.660943738779
2030-04-05 04:00:00,4514.338415322918,3075.3189063760115,357.9153229993403,3313.8270523124324,631.2671881396377
2030-04-05 05:00:00,4635.016114771648,3276.4625474812938,382.2719512426008,3404.192623105773,662.0674083048506
2030-04-05 06:00:00,4807.608787626761,3446.865663265265,422.4430183668794,3578.160238550391,797.7414091378628
2030-04-05 07:00:00,4998.452851002776,3416.388212517509,417.26804325960507,3665.277155249276,903.2243461538792
2030-04-05 08:00:00,5368.681731986935,3546.70263693031,431.7399529507448,3676.7520085965352,933.4388519088704
2030-04-05 09:00:00,5503.896121550668,3514.777979608103,427.6259704751103,3735.888955175477,975.9106744236489
2030-04-05 10:00:00,5667.59251458814,3472.02453236981,415.3029272310711,3678.658787288173,963.9918619237972
2030-04-05 11:00:00,5551.526381889002,3450.3199051749702,416.3008745696089,3622.688962704374,951.9257854245792
2030-04-05 12:00:00,5459.239426379239,3430.526350257589,412.6737558131386,3562.9518938552715,902.1497040454336
2030-04-05 13:00:00,5541.199929030599,3454.578450550397,426.1283538001132,3663.500078354494,888.9297930158045
2030-04-05 14:00:00,5629.425533253076,3435.4243585123418,416.856696800456,3649.734653209677,891.3761773131434
2030-04-05 15:00:00,5619.450517315576,3433.3452410589703,430.1389782645209,3662.969170707397,906.8677263783858
2030-04-05 16:00:00,5561.444476860169,3518.166245149316,429.6191399681151,3731.190189359656,948.3263452847254
2030-04-05 17:00:00,5665.126048298393,3714.6159738377896,470.33281073802056,3823.749313151069,986.4112878285614
2030-04-05 18:00:00,5799.769534397384,3802.420376568392,491.653616577956,3892.207773789425,1028.8995116196147
2030-04-05 19:00:00,5741.674954513513,3776.224590024763,498.9010335828577,3870.463096041625,1014.544141642122
2030-04-05 20:00:00,5716.235117716968,3784.44531460374,483.8279050588512,3886.617365828736,1006.6284383816596
2030-04-05 21:00:00,5616.389306638583,3546.5009577711285,464.8654844678214,3854.583261451383,982.8424554125194
2030-04-05 22:00:00,5258.20247707059,3312.4897222619825,416.1100409681632,3639.9357890716474,893.112193374348
2030-04-05 23:00:00,4892.577684881431,3147.175172600051,384.93009827947753,3444.804851043408,759.7093475071158
2030-04-06 00:00:00,4638.190656085857,2988.353229772228,361.14303760277454,3282.548664953036,681.1378175016657
2030-04-06 01:00:00,4555.6626043423685,2936.2752811033506,352.58815912094576,3228.742608150563,646.6339883579362
2030-04-06 02:00:00,4495.99814075963,2887.3584400062214,349.1887297506193,3282.186266515955,623.0271191937511
2030-04-06 03:00:00,4444.81275718869,2918.049284720071,353.1567806283739,3222.644794016851,624.7934643817699
2030-04-06 04:00:00,4459.744575190793,3046.3430503963395,345.63840197405284,3342.567357393202,626.0710264465445
2030-04-06 05:00:00,4576.438667751365,3334.33559803496,379.425491508696,3345.545360232584,659.5229924280402
2030-04-06 06:00:00,4817.037170630733,3487.5335194928766,423.7191421453941,3510.578000248669,774.6127230227493
2030-04-06 07:00:00,4889.771906776953,3392.228214686733,426.1514841344034,3701.511085919536,892.429910648246
2030-04-06 08:00:00,5367.331268276971,3502.575358745029,423.7338922701064,3667.7027963943424,931.4137631291816
2030-04-06 09:00:00,5605.41125720083,3487.1622832237563,419.1599171507261,3688.3050849028655,939.692476304195
2030-04-06 10:00:00,5698.212311814863,3506.096176780024,421.44580137923015,3651.809851329292,930.234876312262
2030-04-06 11:00:00,5466.401432877439,3454.148868203441,419.9069085931691,3629.049935119844,926.4092363438342
2030-04-06 12:00:00,5449.747601928967,3352.701627796684,408.7593085790598,3630.628864333693,903.0177277436374
2030-04-06 13:00:00,5414.149152857403,3436.851337236973,421.8674666330564,3615.3930420413017,901.509913202051
2030-04-06 14:00:00,5423.360199854418,3424.44376062558,417.39717694094526,3614.9413180095808,900.7846236750692
2030-04-06 15:00:00,5554.78105788996,3468.5232614831966,422.4216738585666,3599.0324832863007,925.1261731307848
2030-04-06 16:00:00,5603.983506489385,3613.0750006490266,434.7634230109957,3757.335903222556,933.9813009030906
2030-04-06 17:00:00,5701.268971140842,3699.23553858517,462.8668537843248,3833.887235374259,985.9666892772232
2030-04-06 18:00:00,5784.654798284492,3714.2612395931233,484.6319051232433,3826.471677184121,1021.4213445332174
2030-04-06 19:00:00,5688.373141160083,3793.674842887808,491.8829092628768,3954.335908061186,979.3706289634052
2030-04-06 20:00:00,5681.467841130328,3769.2558579761567,496.0202927453561,3895.857747227804,1008.8277309813428
2030-04-06 21:00:00,5467.482904435269,3566.466784739388,456.8273163022329,3759.773270015749,939.8820677649084
2030-04-06 22:00:00,5180.362849539552,3315.37249904928,418.1165663415607,3593.4935953763666,879.6960725980381
2030-04-06 23:00:00,4800.167100874445,3081.217005183807,382.0206565466065,3446.2321163430274,761.3886618792786
2030-04-07 00:00:00,4441.22092599892,2951.030406656396,361.9876632100376,3390.0380978200506,666.3358181922214
2030-04-07 01:00:00,4388.409445507582,2869.4746139231625,345.061627239095,3216.17792340165,634.3193431227872
2030-04-07 02:00:00,4323.573916160738,2902.750115613957,353.771870622767,3188.61494668901,618.46254210196
2030-04-07 03:00:00,4297.079556958968,2840.6941414503453,344.7194653623849,3226.720909574766,624.3253677654686
2030-04-07 04:00:00,4245.591635337154,3013.1827296555666,348.2622588846126,3245.401340752864,619.1092829860359
2030-04-07 05:00:00,4538.422073379844,3254.281764792096,382.3315452584862,3427.9435560014504,660.2611833904672
2030-04-07 06:00:00,4653.376573314698,3407.3926846603604,421.0547137236118,3598.1937107564604,772.0111265808607
2030-04-07 07:00:00,4870.740276416826,3401.6324884294763,429.06197321873856,3574.372455845148,886.9180814837022
2030-04-07 08:00:00,5209.018818868071,3494.710508360712,422.2127456975703,3576.190687049726,941.3454384411222
2030-04-07 09:00:00,5355.511820777392,3472.0087754173182,413.93822713636985,3670.2299540403474,956.4792944394536
2030-04-07 10:00:00,5402.734521056368,3409.4094767188158,407.1239501220339,3638.219702458041,941.258150935328
2030-04-07 11:00:00,5294.937061999769,3384.1384828216087,418.0114575729328,3632.568254665825,932.5183068812454
2030-04-07 12:00:00,5157.723430456601,3293.700761187622,409.8877928364161,3566.146346095285,911.4544772998456
2030-04-07 13:00:00,5279.919619868961,3354.303946488045,414.3684180341448,3563.042071242023,888.2369343529924
2030-04-07 14:00:00,5345.129218062378,3400.7498216404488,414.60393449481,3618.747877635373,884.7559821458202
2030-04-07 15:00:00,5396.58330040626,3386.537142128664,421.80073067921126,3648.1878200797696,906.133726041483
2030-04-07 16:00:00,5463.942582431937,3508.250589725632,435.0303153368211,3743.191088283361,925.0194128887018
2030-04-07 17:00:00,5493.052843728117,3695.8978167608,469.4331668966185,3786.976222325234,975.3459741845292
2030-04-07 18:00:00,5526.428967875586,3718.940309635896,478.3164667249399,3861.386126908399,1008.5587217322944
2030-04-07 19:00:00,5574.969574244389,3729.295788131491,492.2539899983846,3832.5670961978776,1005.3313866201004
2030-04-07 20:00:00,5438.188860664896,3656.0571436680793,485.132687154854,3832.789913380108,1009.896531649858
2030-04-07 21:00:00,5351.55337066528,3452.1189885325616,462.26988487862434,3731.965570875352,956.0553730763572
2030-04-07 22:00:00,5004.159496059462,3260.950611037032,418.3407284954541,3565.986202610686,868.7957848634205
2030-04-07 23:00:00,4630.041095701085,3073.182722603525,388.1886500373316,3413.083834703256,753.7209310777346
2030-04-08 00:00:00,4633.614432458101,2947.64936852428,360.1017624245075,3308.6053012438924,666.7690356531676
2030-04-08 01:00:00,4485.799898212867,2908.5540993307027,348.1244670131369,3326.013842977257,644.5933239391558
2030-04-08 02:00:00,4530.690036697945,2918.146224294159,345.2135127459371,3247.268949007945,622.8915050102579
2030-04-08 03:00:00,4415.1935825679375,2910.921694097332,348.8084187178701,3277.9270062672576,622.812505561436
2030-04-08 04:00:00,4494.675809464597,3049.7807855646547,360.7779963958575,3276.0325824791903,635.5983168111026
2030-04-08 05:00:00,4573.375219222735,3267.9809096157182,379.41391630254026,3399.7583943163986,667.1094629405591
2030-04-08 06:00:00,4768.405018103601,3445.586218457044,415.57818562063005,3563.142431400524,766.7010887660853
2030-04-08 07:00:00,4994.90139351052,3488.155823680289,423.9328263331974,3658.826518027173,897.3390437516805
2030-04-08 08:00:00,5262.18339475913,3504.683159653988,426.74797752885183,3672.5720127513273,918.818539398378
2030-04-08 09:00:00,5414.538944288614,3430.7792733146907,421.9978118682957,3667.6284937164232,953.2059451181132
2030-04-08 10:00:00,5547.76369253371,3488.486745872335,422.6347242889049,3674.840989622102,945.6762524944182
2030-04-08 11:00:00,5556.265891189283,3411.72805529913,414.4352730384901,3658.684288876793,955.1138378165024
2030-04-08 12:00:00,5424.178371504148,3398.728435929648,404.94267723996575,3569.196525233136,883.1510991493489
2030-04-08 13:00:00,5377.784111814609,3378.881612350221,417.3456498049799,3612.064166475588,889.2160342905652
2030-04-08 14:00:00,5508.55608894503,3394.465420876231,414.3044793952868,3622.348867249855,892.9813861001913
2030-04-08 15:00:00,5553.0291653300055,3477.938532733192,422.363457601232,3694.059019506036,897.0270783808918
2030-04-08 16:00:00,5560.953175752059,3574.7994265146394,431.14247979323926,3751.0302840625686,922.5959708993396
2030-04-08 17:00:00,5586.727383457925,3651.915035941636,463.3584647284563,3877.723049419437,1009.9871914976964
2030-04-08 18:00:00,5611.515957651755,3723.4639987958913,489.43415251228566,3893.030638463631,1024.4766357187464
2030-04-08 19:00:00,5680.585370296797,3783.512302262093,492.8938726984848,3918.225936488032,1007.227471953466
2030-04-08 20:00:00,5636.450951862011,3708.897415805552,493.31589026665466,3883.8523055009873,995.6737582510704
2030-04-08 21:00:00,5487.903184366989,3520.2240388032583,456.77726163822535,3795.8090481922136,972.8479710678238
2030-04-08 22:00:00,5211.704510630041,3308.317045684552,423.4744635427876,3524.44513239927,864.2849412115067
2030-04-08 23:00:00,4811.834701542215,3093.7096102472774,391.5159778649789,3411.841973759628,760.2799006188517
2030-04-09 00:00:00,4715.805862511044,2913.436485096017,359.7341995440864,3339.044894246233,666.9693521224535
2030-04-09 01:00:00,4655.693363248613,2953.035412687509,351.8580219609959,3348.960455612657,647.9709101653661
2030-04-09 02:00:00,4517.351039001433,2922.7360465969923,351.525969938659,3280.263390838684,616.4340121965281
2030-04-09 03:00:00,4465.25120730695,2950.4658077459926,352.405760918942,3249.414719651446,623.4247575299174
2030-04-09 04:00:00,4474.041124713521,3037.622569404863,356.15312424430107,3301.138081940323,637.3126407630026
2030-04-09 05:00:00,4604.490395669635,3296.5550864399784,383.61417761565735,3415.2843057792797,664.9525574491161
2030-04-09 06:00:00,4859.109539608615,3476.904617891857,432.6453473993685,3623.634847935508,775.6407013517559
2030-04-09 07:00:00,5009.0821913120935,3412.7163443009053,425.7922601341187,3661.1838654941166,905.6479571723928
2030-04-09 08:00:00,5417.601543132214,3484.789555202517,419.4545765201555,3713.345594882725,940.7431190030104
2030-04-09 09:00:00,5474.657127696527,3432.947681227442,418.0609591588295,3730.249005845085,954.446275397132
2030-04-09 10:00:00,5653.722817870836,3486.0271019884667,419.5030049672627,3618.986116935887,937.7129918688696
2030-04-09 11:00:00,5484.018933873543,3403.4446493663468,424.9971462829044,3640.3209066323,953.2586575853486
2030-04-09 12:00:00,5469.417630019726,3364.909023005282,412.9391798306661,3625.714629163129,906.9639236733752
2030-04-09 13:00:00,5484.171362477162,3401.4365735967817,416.3951359284632,3634.04239638134,882.9280125388065
2030-04-09 14:00:00,5530.482908504412,3382.3376104333656,416.31162478688,3553.254599612884,894.5409719206061
2030-04-09 15:00:00,5511.754769657788,3481.0519149085576,414.473682459309,3663.6131033117513,895.4031346082767
2030-04-09 16:00:00,5669.390756982568,3607.1567515550855,433.9444124607239,3662.8402827023433,930.0987386067884
2030-04-09 17:00:00,5636.143646308841,3676.277717010498,465.25285101151553,3814.6250996738167,990.7239849225498
2030-04-09 18:00:00,5745.891021929557,3771.152001053249,485.1016796866938,3898.311848359209,1012.5313246211196
2030-04-09 19:00:00,5689.995541903888,3879.688475319321,498.6264954125948,3867.780690315244,994.1490521160316
2030-04-09 20:00:00,5761.276138162903,3650.810895367943,496.3819109252365,3838.662660281701,1017.2966699876374
2030-04-09 21:00:00,5536.106005705954,3557.806641995144,465.6998384096848,3761.684947181169,964.8230794132212
2030-04-09 22:00:00,5316.809211494696,3261.531731743952,420.1998906092839,3591.0711837634194,880.2283255709597
2030-04-09 23:00:00,4858.831702579215,3113.662013404068,394.1483064481857,3401.663985175048,747.1895765653526
2030-04-10 00:00:00,4657.382272665663,2978.4753445544648,364.98117211493553,3327.0788527890263,684.7594137349033
2030-04-10 01:00:00,4474.876615702485,2930.739916354642,355.1588572821851,3295.0101749578566,642.7555122266798
2030-04-10 02:00:00,4475.728703442569,2884.597325703472,351.7461631353266,3272.1162170124617,622.615879376724
2030-04-10 03:00:00,4514.257154601935,2934.1083281194446,348.07777687287194,3303.28051150355,627.5098551950393
2030-04-10 04:00:00,4490.078098812193,3013.603224562328,359.51901370556465,3283.197069568433,639.7201406551129
2030-04-10 05:00:00,4643.099886597197,3343.533775183495,386.4706866162616,3461.312263265864,664.9793824970523
2030-04-10 06:00:00,4811.540936737114,3517.5172421125963,418.62377262353016,3639.5254615051135,776.173701517446
2030-04-10 07:00:00,5059.856707460649,3489.010627754176,426.397742345375,3684.3156998333775,922.6755024784828
2030-04-10 08:00:00,5333.602465039599,3530.0445533302745,419.694283347356,3720.50760663464,951.1586618892146
2030-04-10 09:00:00,5547.31454274827,3472.006110464129,423.70460434165534,3660.110833464687,952.133780564372
2030-04-10 10:00:00,5643.188234960008,3443.2422452927467,419.8801515399446,3732.737621103381,960.4721146329642
2030-04-10 11:00:00,5647.8631118775775,3419.747738329625,410.49309368975776,3678.481126068768,956.2823054958642
2030-04-10 12:00:00,5469.070823136488,3397.426633782073,408.97956708944594,3604.735493834418,904.7671243505594
2030-04-10 13:00:00,5523.861873244064,3336.38797622773,417.6194321564783,3570.6376647606685,905.7392897557042
2030-04-10 14:00:00,5518.06434219667,3447.841818182356,419.0885332965223,3613.532567419853,907.6727659633182
2030-04-10 15:00:00,5729.70003237942,3512.827643370333,425.8021733035539,3636.60452825978,923.1575141031002
2030-04-10 16:00:00,5614.4210296524725,3533.1604103377904,439.4435600844579,3662.6094328244726,948.9555919988752
2030-04-10 17:00:00,5777.207455734831,3681.132715181441,472.84794266057577,3781.699490208199,983.564600383284
2030-04-10 18:00:00,5720.061655326183,3824.5462262624415,487.852024445986,3894.57808693288,1028.7863200170962
2030-04-10 19:00:00,5662.188423703922,3781.053860447046,494.5317838021195,3925.388401869272,1031.3445789115383
2030-04-10 20:00:00,5760.401490081157,3763.21042806048,480.3604094463761,3901.645624275608,1014.9618315561668
2030-04-10 21:00:00,5502.776793968403,3516.8626042661904,458.4807086579382,3778.7193630118154,985.316680090753
2030-04-10 22:00:00,5233.125066743272,3278.42015604308,419.9778510536868,3537.2484570948973,885.0620802672338
2030-04-10 23:00:00,4994.992901949575,3039.1982717762503,383.4372428730805,3346.7915415002285,754.6986491146492
2030-04-11 00:00:00,4650.263008791328,3010.693689587772,357.99251276181553,3302.8918835580566,679.9071089977948
2030-04-11 01:00:00,4640.156292947154,2880.728448724524,359.326537777255,3336.9151287023465,647.1112254638585
2030-04-11 02:00:00,4557.298369005668,2958.997023806301,349.3121458087174,3302.822732139999,625.8452337203926
2030-04-11 03:00:00,4429.526601367065,2919.45804933245,352.1273498252526,3256.4147368971985,628.8997647817015
2030-04-11 04:00:00,4516.273487421345,3008.3655929692904,352.38679637685544,3324.412979103079,635.5947103342629
2030-04-11 05:00:00,4717.427914167721,3369.76522597578,387.32270923763394,3412.3652746904627,663.8921457650652
2030-04-11 06:00:00,4821.055772310126,3456.4762844068023,419.1290243024282,3585.7525536287458,780.6573886655408
2030-04-11 07:00:00,5010.000804668349,3529.1063674227294,430.3920996564131,3660.21659611622,903.4293054489688
2030-04-11 08:00:00,5386.949894731763,3486.7052718252744,420.6610258721736,3695.432075890833,965.6190987874676
2030-04-11 09:00:00,5697.789067757869,3534.3028479651243,422.5688493468807,3675.1573082751406,965.397835234744
2030-04-11 10:00:00,5522.973564007423,3523.70510542223,420.495364719674,3646.8777063600287,950.3536307359146
2030-04-11 11:00:00,5551.920054307323,3415.0396206488736,419.2433013146504,3620.141754144781,952.8874640755412
2030-04-11 12:00:00,5511.7439927824025,3323.7796387348694,405.0675665843589,3564.960044529176,892.146170454255
2030-04-11 13:00:00,5516.694963648112,3392.905281831346,419.7850816033812,3627.931065143349,911.3057417184988
2030-04-11 14:00:00,5538.652830285143,3398.313259558457,415.9384981505302,3618.1477408101646,898.7889692634429
2030-04-11 15:00:00,5656.465605742791,3523.485768806472,408.2403062283548,3639.719611542611,896.2661494192272
2030-04-11 16:00:00,5620.986242642288,3546.8073272585034,439.0862668656306,3693.040296103294,946.4913534344388
2030-04-11 17:00:00,5814.8213971632285,3788.1300658083887,472.78585122652055,3799.498406442327,995.1691980173488
2030-04-11 18:00:00,5761.739573148874,3815.933929492797,478.9206997082866,3865.785123616923,1027.557802405526
2030-04-11 19:00:00,5722.145751794752,3857.855627879552,500.970257149911,3882.617459605815,1018.344912120865
2030-04-11 20:00:00,5745.244280021119,3649.7237303756456,487.95886768859936,3936.419755103398,1026.195585475407
2030-04-11 21:00:00,5639.2228806152125,3480.3395980415576,473.4032844966311,3776.957565322716,965.6396610942692
2030-04-11 22:00:00,5338.446213588345,3342.5882731677466,417.42255363539545,3546.077228360234,883.085545674983
2030-04-11 23:00:00,4943.657583900663,3129.3104132333456,386.06932075710927,3430.821990822292,768.3887548161496
2030-04-12 00:00:00,4724.4430674627165,2966.544420128262,369.7310405392006,3358.3644179426065,683.6311584851212
2030-04-12 01:00:00,4604.436660348096,2890.3416505472405,355.1266431737081,3320.6257558426782,649.3961343016399
2030-04-12 02:00:00,4579.230159207412,2899.1443014180554,354.2405684317936,3270.9124566867577,627.3323354635758
2030-04-12 03:00:00,4476.723170085996,2980.680552108038,348.5568493397558,3292.562403581882,618.9739742677874
2030-04-12 04:00:00,4534.992324302655,3076.769913222268,360.7773503312299,3269.5205432877897,630.7836945864575
2030-04-12 05:00:00,4656.99880965958,3263.598847668589,383.262282046313,3462.6437346147777,675.3805978042737
2030-04-12 06:00:00,4819.701045786851,3482.311201329763,420.09571274657577,3553.5093123794645,784.5012444097708
2030-04-12 07:00:00,5045.870326442806,3502.749740131276,424.7102952052164,3669.587073372399,913.85603521318
2030-04-12 08:00:00,5338.433301719197,3502.2441702269666,423.5153519529211,3656.584335469664,947.5319123962332
2030-04-12 09:00:00,5582.843274909881,3441.4094957059306,418.6760300514701,3682.97652868974,958.0705339832292
2030-04-12 10:00:00,5664.427953579932,3510.8053078123885,416.2272624196792,3659.454153802305,943.369936468636
2030-04-12 11:00:00,5515.986638756328,3417.8947324244145,415.1057966485676,3638.8092502052673,955.2125360301304
2030-04-12 12:00:00,5400.696962963387,3369.019543959975,409.859351561008,3604.847156233188,908.1003874100622
2030-04-12 13:00:00,5531.226189573135,3449.9354207641577,420.1552700355124,3578.027020569917,910.410089679781
2030-04-12 14:00:00,5675.775670819723,3397.269493348645,414.6147101463542,3598.8303564562184,882.0820194135359
2030-04-12 15:00:00,5642.9452533789245,3460.8747458414705,422.9712982817789,3664.914469446735,910.8177797472832
2030-04-12 16:00:00,5683.703736358151,3567.696959750532,441.1504568995014,3684.2753833469856,956.2798766982246
2030-04-12 17:00:00,5790.187213228003,3765.529688644356,476.9698073052159,3857.8026437855337,1006.2923905480444
2030-04-12 18:00:00,5690.323352914518,3736.211542429694,484.38455179023055,3940.545044128377,1006.2389607096512
2030-04-12 19:00:00,5747.032580897785,3786.976317037724,506.65352975579407,3957.225338030316,1029.3411741516506
2030-04-12 20:00:00,5705.281935334745,3688.476228700581,490.90601351204896,3872.73433317295,1021.206508657016
2030-04-12 21:00:00,5608.937474702317,3514.163853168892,458.28371480877246,3742.859655680276,964.4697472620938
2030-04-12 22:00:00,5208.141571680333,3306.201213043521,419.4122514383397,3623.3842657016753,873.0705109566409
2030-04-12 23:00:00,4904.396874083307,3132.836170713869,386.6103569988116,3441.31020984728,767.0348165058041
2030-04-13 00:00:00,4713.399856838463,2986.253501240561,364.14793684946295,3314.382231878519,672.4001201389605
2030-04-13 01:00:00,4629.3288065411325,2961.1773821486768,347.798638747717,3245.851622827632,639.3008594643406
2030-04-13 02:00:00,4559.583649753418,2935.538191537286,350.0942919973544,3244.036767767748,625.8793807057846
2030-04-13 03:00:00,4379.96139054046,2939.7331950938164,349.7456881439074,3226.273988034458,627.1932988086257
2030-04-13 04:00:00,4537.852658056974,3033.147533054448,353.33628421683056,3282.6335694504933,618.029278257757
2030-04-13 05:00:00,4611.530941154749,3317.534359313693,388.8136558563601,3369.6486628564667,672.4556467789328
2030-04-13 06:00:00,4840.189244867082,3430.150327664732,419.2607957369314,3624.2361952097417,767.598642733808
2030-04-13 07:00:00,5031.17794486738,3479.834524710343,428.59891987225245,3631.0378339553786,897.9902679918187
2030-04-13 08:00:00,5266.190272140217,3513.066769533633,425.7804044068794,3645.946765546592,949.0254688356604
2030-04-13 09:00:00,5496.782274169458,3473.714534641142,421.56615025695646,3695.585015229203,931.8794783559345
2030-04-13 10:00:00,5584.839311563861,3429.519378910538,416.1011286923832,3651.18097358316,947.0729820437064
2030-04-13 11:00:00,5564.138422567826,3425.666913553091,421.1986305203248,3606.1015160195816,954.6939667083368
2030-04-13 12:00:00,5370.248817250757,3381.3365322474338,415.74826340171137,3545.1557906312723,903.4473380711524
2030-04-13 13:00:00,5470.94759406697,3365.5712252837498,419.6384067108965,3563.0332371290297,897.3191577757416
2030-04-13 14:00:00,5530.609252663528,3331.6152391805963,415.9138167153367,3530.4698608561293,889.4346463589708
2030-04-13 15:00:00,5507.281726073545,3467.972742414777,416.0833501658088,3576.728048908783,903.4414813046268
2030-04-13 16:00:00,5689.888871789979,3548.2329219990484,432.2141486406125,3668.911485803088,948.3821178449056
2030-04-13 17:00:00,5617.86175433078,3707.612477009096,469.30501159073583,3809.120631585955,982.1781231094448
2030-04-13 18:00:00,5680.637378568294,3814.9432621596034,484.136692482832,3872.231872898008,1001.2659027832008
2030-04-13 19:00:00,5662.535649424849,3810.0355174310735,497.01608022480826,3850.77758454444,1015.3500176733132
2030-04-13 20:00:00,5688.4217015172,3713.7280615861623,487.40217668236767,3860.744024674493,999.1345799314968
2030-04-13 21:00:00,5460.203821021471,3548.7011280743554,460.8530809508791,3772.5945273900015,965.2977820845836
2030-04-13 22:00:00,5211.80130434755,3337.975235013472,415.4601431948329,3536.1672787833318,877.6233856765139
2030-04-13 23:00:00,4910.873361381638,3029.596541284984,385.8458432187606,3424.309682443557,757.2405508713664
2030-04-14 00:00:00,4413.115611859761,2945.690367029932,363.1384482903155,3328.2932310645774,669.6102740855844
2030-04-14 01:00:00,4415.94235282075,2898.5339621574835,351.37448654274857,3257.1576489735303,637.6339342631281
2030-04-14 02:00:00,4399.958580022992,2796.214845387042,345.1123273662124,3251.0146073471465,616.0675521550479
2030-04-14 03:00:00,4405.385397523875,2907.843439397865,346.6664641373083,3259.914861908036,630.2996787379143
2030-04-14 04:00:00,4322.222461526365,2962.264435350626,353.6413039677431,3329.5580804539877,626.2233840147517
2030-04-14 05:00:00,4487.132005290034,3169.643707563024,387.0751642938423,3388.8530461615032,654.7808634245453
2030-04-14 06:00:00,4653.573639365902,3391.1205987077283,429.0655346327093,3640.183768312538,773.880067069592
2030-04-14 07:00:00,4928.97245325986,3456.294567271504,424.2935208316211,3620.855833413183,908.1747908307268
2030-04-14 08:00:00,5097.289634582258,3488.308815566108,427.27697826283,3618.629716935652,938.4425500913712
2030-04-14 09:00:00,5344.44150882146,3456.7801967932023,417.1915634706759,3730.542175772315,943.5305507277454
2030-04-14 10:00:00,5396.878578882663,3485.2862829634446,417.5352050227908,3586.390069164404,943.3337131697208
2030-04-14 11:00:00,5251.176310859637,3423.4191248270126,416.4859778086642,3560.094594473799,946.9168458578868
2030-04-14 12:00:00,5180.719701616474,3289.834355184297,417.5139357296534,3523.547689997264,928.5800903865934
2030-04-14 13:00:00,5348.132271503607,3357.744756044522,411.0718739936692,3573.6496687428453,894.1231809543474
2030-04-14 14:00:00,5203.3916929976585,3332.3539839420614,418.5936026046088,3583.306640383092,907.7547273715638
2030-04-14 15:00:00,5305.417561340514,3427.9788987790707,415.6561711464786,3637.8016033434014,908.4409240642484
2030-04-14 16:00:00,5409.175826846448,3515.073531294143,444.75560105122565,3661.869093341101,941.1968896536716
2030-04-14 17:00:00,5370.462532977746,3715.159835375361,462.0919705568082,3781.580164186608,981.718206353329
2030-04-14 18:00:00,5349.108294672232,3714.961589692788,485.42300749763285,3834.271129476746,1036.4829143908896
2030-04-14 19:00:00,5455.849227095134,3780.897882766885,498.153538541761,3843.326920526279,997.4527456135688
2030-04-14 20:00:00,5397.3489826473005,3757.910381057847,486.56647009748,3874.24129054971,1011.683675908231
2030-04-14 21:00:00,5375.541582297397,3493.085751998904,458.91437658600944,3737.3432697054063,963.5509937659424
2030-04-14 22:00:00,4989.364810882687,3285.589301396692,414.38122323425074,3621.738175598432,857.7807497575295
2030-04-14 23:00:00,4707.92289100737,3054.8475900444323,384.6038622870578,3384.858785676569,754.2851553773022
2030-04-15 00:00:00,4698.047771983544,3010.478577074045,362.6120441463055,3369.342825235344,686.8900810599897
2030-04-15 01:00:00,4475.328140325017,2915.9132276282708,351.23942711547306,3233.4107087755447,631.2390644148664
2030-04-15 02:00:00,4484.4332110447085,2907.724394104087,349.86321894383747,3263.3191553083875,618.7957787179861
2030-04-15 03:00:00,4472.1917013018765,2928.8729763320425,343.3522124222895,3268.3845959861355,607.8968461347482
2030-04-15 04:00:00,4544.349566856724,2998.905148136025,356.46173739722684,3268.779915948148,636.5319054092593
2030-04-15 05:00:00,4637.723832721746,3262.688680457575,380.1221267141867,3387.5652964229325,662.6825819071937
2030-04-15 06:00:00,4866.478094423636,3420.697490006778,417.9533858122425,3616.1777851899055,784.3404290500815
2030-04-15 07:00:00,5011.979181299145,3504.1393420681165,418.2871021501822,3622.5824909588255,914.9083983671508
2030-04-15 08:00:00,5368.1440953472,3493.343627570574,426.20143723712187,3611.6366115839833,945.9496874156396
2030-04-15 09:00:00,5516.209235978289,3513.898009562807,416.11550237047726,3685.5591798282608,967.7992078468748
2030-04-15 10:00:00,5600.896435513773,3533.6267065719726,422.60015387264855,3734.675563688276,953.4196651664035
2030-04-15 11:00:00,5510.985240365704,3397.1648456324897,422.2877860805335,3643.762495950598,940.1340663264604
2030-04-15 12:00:00,5401.745684610173,3385.2681104699245,412.1679261592114,3529.5662934013203,898.0146590402157
2030-04-15 13:00:00,5459.639982158862,3414.1671406492333,413.1331967353412,3612.033704921941,905.8871693059986
2030-04-15 14:00:00,5551.807069278692,3384.697475194875,410.524645131302,3580.996588919858,897.2408121066891
2030-04-15 15:00:00,5542.114548990876,3449.1523379328623,419.8279121615511,3658.1379786702537,903.1317627387094
2030-04-15 16:00:00,5562.300950599092,3555.932089455895,441.19306792626594,3698.130029400092,942.2150549457216
2030-04-15 17:00:00,5586.051738731238,3657.78174625972,467.35489007470994,3871.8250493351775,977.0288517641724
2030-04-15 18:00:00,5625.406531968582,3783.661873171429,481.0126557244109,3873.346978711996,1025.926939241847
2030-04-15 19:00:00,5752.932545616719,3779.3235986872255,494.3022334724528,3894.663438732294,1000.320562991372
2030-04-15 20:00:00,5625.756891088353,3760.76995778816,492.4790848238884,3866.450114115952,997.1863803995712
2030-04-15 21:00:00,5569.687501301429,3520.861721539566,469.3725889874772,3793.091660559886,969.4504318945538
2030-04-15 22:00:00,5180.958018398073,3359.772332987107,414.91855459424505,3566.034097042618,864.508147244774
2030-04-15 23:00:00,4750.620616427715,3078.5568105549323,386.85714554186177,3449.2044281060685,756.7989073655168
2030-04-16 00:00:00,4630.462783530316,2941.191310301301,367.12456215554255,3270.312209279185,673.9822257743427
2030-04-16 01:00:00,4589.521447549763,2930.203714092828,353.1083570170299,3314.660205352124,648.6263303372817
2030-04-16 02:00:00,4587.759786991436,2890.82459328358,356.1505065063891,3331.2479400656184,629.9822310079649
2030-04-16 03:00:00,4532.999350241555,2983.7168628927266,348.5674009094129,3216.5514971316907,619.8806449738073
2030-04-16 04:00:00,4615.106776439074,2998.308147727471,355.97012560530743,3223.859378491812,624.2010392636392
2030-04-16 05:00:00,4635.511358087906,3199.367405288252,388.8235613012155,3418.806413311986,660.7009789568751
2030-04-16 06:00:00,4917.748596314457,3435.400409156807,422.396738060474,3629.6683869767007,785.9692951991733
2030-04-16 07:00:00,4958.532230795671,3482.012293318539,426.29533220320815,3564.699914498201,896.4873466602725
2030-04-16 08:00:00,5335.01624804417,3514.576820715875,424.6764756511049,3640.9995898646207,945.5906544220892
2030-04-16 09:00:00,5483.15572079039,3520.0777873691586,416.199666278609,3732.051341839059,964.9054018722652
2030-04-16 10:00:00,5631.655568852967,3489.7415630703144,418.7606971339069,3667.209525246041,937.6516328744908
2030-04-16 11:00:00,5526.823179303934,3427.9851398118103,420.26182392135706,3643.9296525509394,943.674199872808
2030-04-16 12:00:00,5477.106669271503,3383.469418993086,411.77374402980456,3675.589533216995,911.6787871220027
2030-04-16 13:00:00,5556.6182940947865,3424.4967110345588,418.325349880112,3590.5176326786827,906.5120158925432
2030-04-16 14:00:00,5488.793608269061,3452.3172021647106,420.3781349954686,3632.0073647897934,885.1137843686678
2030-04-16 15:00:00,5698.878809402317,3419.7034311520333,415.88205794717663,3599.259955985914,913.446363882606
2030-04-16 16:00:00,5692.340980892753,3531.001522315948,429.7835896389141,3733.279361756963,945.992711889741
2030-04-16 17:00:00,5665.257242263777,3758.062126001364,468.71650654501616,3872.821956852255,990.9237622358884
2030-04-16 18:00:00,5684.976094611306,3787.309086434801,491.5340054979905,3905.090557934266,1025.374247697376
2030-04-16 19:00:00,5788.126750439476,3760.901262660842,499.6101377302731,3939.892125170341,1027.6513031430154
2030-04-16 20:00:00,5703.37547061766,3777.300652876419,491.3510349273852,3826.531653754446,1016.9964761371835
2030-04-16 21:00:00,5538.9843103627245,3561.320481382127,463.24186742366544,3757.5803522586334,973.4582947167764
2030-04-16 22:00:00,5267.511727423981,3283.44368128854,413.5921952220136,3653.451385770005,877.0446179348298
2030-04-16 23:00:00,4942.317365865874,3104.396312697515,388.7845039996493,3444.1014282790634,750.1988948086973
2030-04-17 00:00:00,4711.543599612273,3009.8137469319227,367.0062771656816,3330.8214456658648,685.6297916778515
2030-04-17 01:00:00,4639.860590898362,2929.421222945074,353.21647968629384,3282.9964035388816,647.3402888491167
2030-04-17 02:00:00,4554.702350195001,2959.5918547389915,344.50539610061946,3242.750999974791,618.0477862345732
2030-04-17 03:00:00,4566.041727435579,2900.25078121267,347.5777788861741,3251.48610028326,634.3590237856129
2030-04-17 04:00:00,4550.153444331806,3025.7324030176865,354.0373677022048,3270.589634491429,629.609174533822
2030-04-17 05:00:00,4681.528696216547,3292.535265812828,387.3216439585916,3388.4578659124613,673.9944554176762
2030-04-17 06:00:00,4804.951563601281,3448.8449354160257,420.564579086544,3663.407780365877,780.8630680917727
2030-04-17 07:00:00,5082.003224254278,3490.250201102181,425.26178269653786,3759.29342651218,896.204726827861
2030-04-17 08:00:00,5414.391830239922,3509.9861341643373,424.5672422286992,3649.754806980776,945.8967112671417
2030-04-17 09:00:00,5611.4231498211575,3566.999096757454,416.36051608769344,3699.4123628655534,969.818654224578
2030-04-17 10:00:00,5560.396477383109,3429.388000595581,421.0093476143965,3676.4283299685535,961.7107947483196
2030-04-17 11:00:00,5555.393923857158,3458.6919718387244,419.7867181308872,3698.805175446723,946.2997977611916
2030-04-17 12:00:00,5382.967556101021,3392.7941895658946,408.734649316994,3591.5769125786787,912.6543916161854
2030-04-17 13:00:00,5658.745521020907,3436.8716288978194,418.2740029925973,3612.6627437317406,899.1303309428006
2030-04-17 14:00:00,5640.668695595347,3375.3851855986745,419.1145196075216,3583.780721600714,908.6156088079844
2030-04-17 15:00:00,5520.204133993768,3456.6082282034445,419.1100808260007,3640.481241123016,910.534645978244
2030-04-17 16:00:00,5606.721007402365,3614.025326713808,438.21372623292257,3769.230575185465,955.2132874049385
2030-04-17 17:00:00,5762.093710550537,3734.2922903305343,467.5228750838735,3826.685378160504,1010.6129079712704
2030-04-17 18:00:00,5694.546444995081,3804.506909222624,485.5901540860558,3895.858984603251,1021.0851787789496
2030-04-17 19:00:00,5809.16081378276,3806.8154689253633,494.82439527440346,3903.0247675346222,1028.3993728402734
2030-04-17 20:00:00,5712.414203148125,3748.118286911614,489.7229211885754,3902.8752247546154,1018.8162840724804
2030-04-17 21:00:00,5640.70276958699,3554.796809114463,461.1037176685548,3830.575602841032,988.8593771412736
2030-04-17 22:00:00,5326.572732672894,3272.775553511572,422.0129083272727,3612.150941788799,878.3134812011203
2030-04-17 23:00:00,4917.663762296518,3136.345736237401,381.198639164606,3440.8619892044217,766.3236673633945
2030-04-18 00:00:00,4673.0155427801965,3028.164773899336,361.8177868158752,3327.327937698596,687.9606413283271
2030-04-18 01:00:00,4592.292191285642,2907.019282774585,349.1341716872913,3297.6959543816743,642.1520744911929
2030-04-18 02:00:00,4483.696519435703,2920.2220403377887,349.4832321933586,3268.1029529511493,625.7728249813363
2030-04-18 03:00:00,4420.721926349428,2975.101155937928,348.6345798030508,3212.1825656905744,629.979651886421
2030-04-18 04:00:00,4560.732069836227,3044.150830050922,350.13461173476924,3316.812373634621,632.7519419360777
2030-04-18 05:00:00,4605.022207989065,3324.8749233621925,381.5920875950125,3449.9422114203776,662.695455645763
2030-04-18 06:00:00,4841.858844745088,3479.468676407547,421.30116289400087,3631.413101008245,781.6407310112945
2030-04-18 07:00:00,5003.63180339027,3443.0697300411084,425.08933524946303,3658.058990987611,916.0843153739236
2030-04-18 08:00:00,5378.083630390493,3484.967091668603,419.4944903486623,3625.829894613159,930.4895002629112
2030-04-18 09:00:00,5602.538807271911,3558.129995732407,412.7001095663164,3669.463922412037,954.7192119055076
2030-04-18 10:00:00,5621.932178939223,3445.3233486431245,418.19587144954073,3756.320977815711,967.2638075305526
2030-04-18 11:00:00,5488.057556701833,3469.8501359350707,420.9574340111667,3685.641119836984,963.699638927409
2030-04-18 12:00:00,5435.638358543654,3276.471373063549,417.8831232158066,3603.3010199908495,895.2582770157495
2030-04-18 13:00:00,5561.651075605588,3450.5632576412345,416.8475724330971,3575.189386396529,892.8702302325238
2030-04-18 14:00:00,5525.718233224285,3350.1285999639504,411.96071081599575,3618.5328474077537,889.9719453058701
2030-04-18 15:00:00,5559.903928049788,3501.4289514707893,424.6095077699404,3653.944741187438,904.7458697533187
2030-04-18 16:00:00,5679.818831183345,3566.719057688364,433.31518850822334,3785.771358450476,932.0040553078074
2030-04-18 17:00:00,5697.508567211074,3700.210988264105,473.0025095944741,3819.274619596578,990.0610807056704
2030-04-18 18:00:00,5734.279692021198,3791.3659674239607,489.5553190579836,3966.505272931107,1016.8576680832862
2030-04-18 19:00:00,5772.035158005629,3845.588638258824,496.7703212969775,3931.1177817828266,1019.7355263045124
2030-04-18 20:00:00,5778.383003380524,3802.705982337631,486.2800207852517,3882.705005895637,1037.610283586888
2030-04-18 21:00:00,5680.924280426363,3551.464183307638,470.2715741042712,3792.061737167289,956.0474266639252
2030-04-18 22:00:00,5324.789384172833,3273.9743789894164,417.3951590825869,3595.092419523401,895.1756028546679
2030-04-18 23:00:00,4932.91836049167,3118.655950816524,383.34137462955147,3376.5635389876907,739.9241478516639
2030-04-19 00:00:00,4745.905535283046,2944.705444373803,372.41829682231696,3385.62490013219,681.9606127594143
2030-04-19 01:00:00,4555.27044505844,2949.5441831372004,360.8397940158752,3261.2436426153963,648.7848238430403
2030-04-19 02:00:00,4500.418158091278,2926.4488317642317,351.4528203974712,3246.619182177312,631.90202318583
2030-04-19 03:00:00,4459.381849225279,2991.761360258766,349.8858378220031,3289.256305676708,627.4998981047282
2030-04-19 04:00:00,4483.488985193838,3036.8248129547246,356.02162510989854,3314.5315741116087,633.7729288300559
2030-04-19 05:00:00,4625.452180432361,3297.7164566678125,382.65503116079617,3428.931393093072,667.0970559506239
2030-04-19 06:00:00,4897.777875310193,3426.9603519370103,423.3891520536026,3588.141779137441,774.2085257248218
2030-04-19 07:00:00,5026.736799210462,3492.933898633851,427.4628977407912,3656.87901153439,905.6289094124232
2030-04-19 08:00:00,5460.943982842814,3500.4730022715767,420.2897910295608,3696.177737193726,922.4814287490428
2030-04-19 09:00:00,5557.231947218882,3476.479997232782,420.9862451644223,3718.3659166820566,966.6812384217536
2030-04-19 10:00:00,5699.258487283392,3458.394869382538,416.08470510816426,3687.432141053333,951.303218662282
2030-04-19 11:00:00,5554.325722585792,3433.6816743217546,415.7543279224829,3599.2420388072105,937.3422399998776
2030-04-19 12:00:00,5442.008829719808,3381.816670285948,417.69487617532457,3565.078930060516,915.8685142258188
2030-04-19 13:00:00,5534.677723395816,3390.602391044257,417.5978306222948,3584.234461576565,915.0791786019282
2030-04-19 14:00:00,5552.018749441306,3445.0758221413266,414.7944961729867,3612.471558455675,903.2556392887316
2030-04-19 15:00:00,5658.62513227097,3528.9704367724235,418.4443647339832,3639.729987456479,913.7995693281266
2030-04-19 16:00:00,5684.154667889722,3626.598968132881,435.7338832490805,3759.2542661018056,940.5672558488234
2030-04-19 17:00:00,5750.356711744146,3733.824974386287,479.5219767409479,3789.940650816512,990.5518801358966
2030-04-19 18:00:00,5736.003585603672,3741.273464239549,483.3113165883896,3999.478942241827,1021.5495900847866
2030-04-19 19:00:00,5830.910069340714,3822.559851419584,501.2812580770479,3831.844481111636,1018.5792916098334
2030-04-19 20:00:00,5738.855416845542,3744.0055676409743,490.8916426526194,3854.533572914494,1032.9225499925349
2030-04-19 21:00:00,5667.856305696207,3571.385545763369,470.28343467825056,3787.344586903546,975.851787551264
2030-04-19 22:00:00,5221.6852825427,3253.1071345027303,420.20422818131885,3646.075259418304,891.1287969567387
2030-04-19 23:00:00,5005.235220656675,3111.806160902376,381.9688592801562,3455.275208375045,759.6195785470444
2030-04-20 00:00:00,4573.434108729637,2935.666455192656,365.7119849944841,3339.7202710203583,679.2808770766732
2030-04-20 01:00:00,4476.673693158668,2929.199539902492,357.0020074043819,3283.222873808073,628.4358200524686
2030-04-20 02:00:00,4441.510673735353,2847.850203021716,354.0010164475355,3282.626866034957,621.4592115573975
2030-04-20 03:00:00,4449.927916840895,2899.0264003364814,349.1724374113696,3304.633008552181,628.6648052722791
2030-04-20 04:00:00,4431.03248935028,3037.9307571359595,359.17988967590344,3262.4551232654644,631.5090152137584
2030-04-20 05:00:00,4589.541864880445,3326.2911617813043,391.4135397281458,3418.5998934517934,669.1128918674175
2030-04-20 06:00:00,4738.978520780423,3454.767806559917,425.13743108284336,3552.879544605636,775.1783525287333
2030-04-20 07:00:00,4906.535136176375,3470.806995432745,415.0922656269912,3637.916731407506,886.1448226530279
2030-04-20 08:00:00,5282.059150930052,3543.1017275116124,422.2975768991855,3590.2195136682703,940.688897021892
2030-04-20 09:00:00,5564.541246525142,3522.928245411408,428.2225127471097,3656.258211091998,966.872185599016
2030-04-20 10:00:00,5710.871655124231,3434.132832879183,419.5927031562048,3636.476577896431,934.7563616089848
2030-04-20 11:00:00,5461.823788841942,3423.2244775915915,423.596884081092,3576.0853990169635,944.7395122227896
2030-04-20 12:00:00,5500.741117567776,3375.400093035201,398.3441934862807,3585.807654262338,893.828761289856
2030-04-20 13:00:00,5449.142515156138,3437.61205656214,430.3061542189291,3547.030655185731,893.9723116632786
2030-04-20 14:00:00,5579.246842941051,3376.894055776508,409.9540370642867,3626.0701420142177,890.4326152926495
2030-04-20 15:00:00,5538.101978309723,3407.9958123355427,422.31031236443545,3640.495575255056,891.2316015006585
2030-04-20 16:00:00,5513.7832687347145,3627.990759888725,431.5557408862349,3727.189360499524,941.9707866280168
2030-04-20 17:00:00,5812.074336331814,3772.1157292105577,466.4329753984624,3887.812171835724,1001.4416978971008
2030-04-20 18:00:00,5668.8377543944,3719.284882537668,491.5511860487583,3851.140277420598,1012.8930442427134
2030-04-20 19:00:00,5688.739550822648,3793.644853339205,496.7429731284557,3923.4274053857575,1006.1438394502616
2030-04-20 20:00:00,5694.3030473145245,3760.5102825440586,495.567614459768,3928.6146276708528,999.70406784716
2030-04-20 21:00:00,5558.196220945974,3586.8851747687745,463.0910538132728,3785.778038134289,973.4927441992724
2030-04-20 22:00:00,5247.077026156028,3364.5111817817165,419.4563537516726,3598.3270429004174,882.5199461385432
2030-04-20 23:00:00,4904.590954282903,3133.718586225755,386.9959004652107,3462.1667656065147,768.7041005130957
2030-04-21 00:00:00,4453.803086983346,2972.3931353943963,363.26854554605694,3340.0421485167467,690.328290256797
2030-04-21 01:00:00,4389.759426972078,2913.951477604427,346.1656903258854,3212.7629112248915,637.338104780877
2030-04-21 02:00:00,4350.561405511044,2888.3906369732445,350.5467880290565,3198.916569157353,631.2237819873861
2030-04-21 03:00:00,4274.770923419462,2886.053483256021,351.45225957009563,3291.545503035253,619.9404473295317
2030-04-21 04:00:00,4327.771088824247,2956.158514238314,353.3045641094762,3220.486407618066,635.8401178742158
2030-04-21 05:00:00,4551.56988541238,3283.1208445206544,384.3012134280361,3341.2288358922688,666.0851608247225
2030-04-21 06:00:00,4637.576247834734,3440.8581240071267,423.7948625046316,3616.410384578922,765.6940876643519
2030-04-21 07:00:00,4839.514498314386,3430.819543192681,423.25331365797626,3638.9793678372966,908.2504907998087
2030-04-21 08:00:00,5161.614426359968,3454.2909495206554,422.5671438758971,3565.303986823977,935.7074177486952
2030-04-21 09:00:00,5346.044609094303,3439.668311136005,415.5301928950034,3634.6405295785535,955.9650457833878
2030-04-21 10:00:00,5406.734796578329,3514.977175975639,414.0482413031554,3614.169162814815,957.6557777037324
2030-04-21 11:00:00,5365.109712415861,3355.7089930015063,424.4098761797385,3604.598821332259,934.4851908517252
2030-04-21 12:00:00,5149.860939738207,3349.976398013935,412.94543572088656,3541.877090778989,909.9709768891274
2030-04-21 13:00:00,5197.591239146492,3383.0021592142325,411.4721952377788,3530.143358337821,883.8633777352961
2030-04-21 14:00:00,5397.639379086612,3363.1554028575006,415.6267989999298,3629.1557471299034,890.9908721612085
2030-04-21 15:00:00,5333.6929101720825,3488.809567567184,420.8678732962107,3562.968435134317,905.4834123403392
2030-04-21 16:00:00,5377.168651698154,3565.1305572908886,444.2308793028904,3669.0596422474846,916.8018421807748
2030-04-21 17:00:00,5604.331861164789,3631.817531906107,468.5815552617085,3755.320534812976,987.2655306629852
2030-04-21 18:00:00,5540.43420655592,3758.887260739652,486.6253530921976,3885.8951168812832,1013.6049067093028
2030-04-21 19:00:00,5469.944412820424,3807.838458344879,503.2944541764135,3910.419853175449,1018.0812156647008
2030-04-21 20:00:00,5498.991163739422,3731.665159394808,489.8791473634702,3863.147867898383,1017.5417889936296
2030-04-21 21:00:00,5320.482256060507,3569.4783948408563,465.24496500569086,3687.940471000373,967.5924726063477
2030-04-21 22:00:00,5018.582654220471,3298.1323712676003,415.5773339263847,3569.816238032238,867.5390737262794
2030-04-21 23:00:00,4638.505064710502,3007.5547830094715,385.7110312431532,3405.02455974585,752.6783515444758
2030-04-22 00:00:00,4670.570190866844,3071.7919380566923,366.4561569994853,3364.2111768965665,672.3704086318281
2030-04-22 01:00:00,4610.412026869849,2984.607279350302,355.14211100533987,3314.1817503801635,646.188329755957
2030-04-22 02:00:00,4543.790903412186,2922.781887697815,349.3398174158191,3257.652039571282,621.9281007345689
2030-04-22 03:00:00,4534.139204523813,2961.3634714957743,344.2736151702216,3283.197378017741,617.7557177388156
2030-04-22 04:00:00,4481.579447464731,3085.7632502521114,361.23253961834166,3335.481912300999,629.93888561806
2030-04-22 05:00:00,4666.795330551172,3283.8240789841198,382.72010936471577,3393.374696648896,667.1938461613425
2030-04-22 06:00:00,4820.734937127287,3518.9693480005976,416.2370646915818,3594.568967719359,775.7797983860439
2030-04-22 07:00:00,5025.310792756712,3471.99910336119,423.7536541105444,3563.6511629810816,899.1738590472407
2030-04-22 08:00:00,5331.739407180351,3535.2912820193947,425.8439358532426,3671.818385546008,941.9964285549884
2030-04-22 09:00:00,5527.803607196389,3491.3933630450388,417.29942623799786,3694.375974562193,943.605213331688
2030-04-22 10:00:00,5631.167216085153,3497.881296527524,417.2732895786551,3683.847982063108,933.6636961763586
2030-04-22 11:00:00,5492.529393659358,3349.6699053784555,421.25852064031335,3639.5273666642943,954.2514706128808
2030-04-22 12:00:00,5550.051956045295,3370.349052244244,408.50086466027057,3554.144707015778,899.6306003310635
2030-04-22 13:00:00,5500.35987373251,3426.9451399365644,415.1461200303549,3630.6246001951354,896.685943482346
2030-04-22 14:00:00,5593.393900837697,3497.8778437505757,410.2783966383132,3552.0354740205235,903.1646296602768
2030-04-22 15:00:00,5543.594093094713,3477.9203376251,424.1908798753455,3607.313572566882,922.2607768930249
2030-04-22 16:00:00,5760.1242528896055,3527.744893847894,437.6169543358327,3744.182410633219,960.3668065250114
2030-04-22 17:00:00,5745.997393963121,3690.230575707953,472.7190970355671,3905.7613435687967,973.2916007867614
2030-04-22 18:00:00,5609.599539287099,3710.6421053425,475.9341730618749,3902.150340942033,1028.9901253141174
2030-04-22 19:00:00,5754.08808645816,3818.780261490947,497.2043588553395,3910.369380354625,1009.3623486687784
2030-04-22 20:00:00,5635.791037746272,3726.980440502909,487.2747473842935,3915.0171668036232,1027.5543783907087
2030-04-22 21:00:00,5538.280679047144,3459.398804751819,464.52360455346366,3869.068413769979,959.3775371952238
2030-04-22 22:00:00,5253.751985162361,3287.06216172647,418.5337727078093,3495.6175386580007,894.5703400094156
2030-04-22 23:00:00,4805.752021509857,3080.7289295697287,387.4267974291798,3409.4923387168124,743.1606070244408
2030-04-23 00:00:00,4614.585910906099,2936.618676109886,364.2063859509825,3349.427753230123,694.1612288587443
2030-04-23 01:00:00,4569.031741164183,2903.7411245934377,354.04561863220385,3290.73807935247,644.4721256685225
2030-04-23 02:00:00,4579.892138272714,2886.107849024604,349.58829104645355,3238.937135446622,631.2580800822706
2030-04-23 03:00:00,4539.951796051798,2927.079189040195,352.3810368509937,3241.9199083785497,623.3391066430228
2030-04-23 04:00:00,4544.492723995572,3036.4254440999143,356.76925156694114,3275.96032565043,636.0739861699493
2030-04-23 05:00:00,4680.018397216577,3319.170069910393,382.744542737885,3340.09618629348,664.9446877088714
2030-04-23 06:00:00,4781.940602625081,3468.531240029005,417.6657120111175,3620.080377172007,770.1697956412819
2030-04-23 07:00:00,5183.302140687606,3520.5169712422216,422.3878329176676,3647.754680329481,892.4508123096672
2030-04-23 08:00:00,5343.037114071722,3513.460901289207,416.48792310563897,3659.76448281248,944.5734810693792
2030-04-23 09:00:00,5611.945747942616,3462.514913754079,419.1211955034437,3651.7930910486502,958.6107418469046
2030-04-23 10:00:00,5690.703216047064,3490.9054572492087,419.6697903414205,3683.563273673313,956.3258105063744
2030-04-23 11:00:00,5606.702387875338,3430.7016729634856,413.18123929567327,3636.314680894682,938.8492500065122
2030-04-23 12:00:00,5464.798886565516,3422.262698072922,406.7914007606509,3630.367566391401,906.8338782715108
2030-04-23 13:00:00,5570.449942245757,3395.3831656340585,422.21411716027495,3580.9899913977915,903.9558888434497
2030-04-23 14:00:00,5603.003173165779,3407.324764641894,425.9027212754651,3569.675310075372,894.735994555336
2030-04-23 15:00:00,5646.025014567066,3463.8908942787,425.7529923926522,3645.072509776546,910.4246383920072
2030-04-23 16:00:00,5625.517079488803,3586.440355571434,441.2221838765733,3676.783240709507,940.4341894938308
2030-04-23 17:00:00,5726.226646130742,3736.674524641574,471.7155052866097,3825.945742441909,1002.1232174412615
2030-04-23 18:00:00,5745.089879343824,3818.231225590992,488.8048244150273,3903.851340279007,1016.1344303764538
2030-04-23 19:00:00,5708.2942270582525,3834.4254220587713,498.8782106108165,3888.7029394466554,1009.5823249163304
2030-04-23 20:00:00,5736.791982109013,3791.238223838822,490.3271324857269,3896.4114338298505,1015.7060180123344
2030-04-23 21:00:00,5606.223870664239,3571.460488494788,472.8863906703817,3774.603381494684,978.6032095651968
2030-04-23 22:00:00,5280.929689208337,3301.98779440366,424.5340501090255,3575.1888787920498,872.3051466052559
2030-04-23 23:00:00,4942.366721009647,3143.739568306607,386.4932100570242,3507.3307837444986,754.3447637172756
2030-04-24 00:00:00,4730.704073632725,3005.32594711008,361.9708383819667,3280.2277251665405,688.2489388220887
2030-04-24 01:00:00,4628.952721199635,2926.6843943337767,348.06633495206364,3324.5555729165694,654.2344070392916
2030-04-24 02:00:00,4592.218687214068,2906.71822837594,343.99579980835523,3309.670580398639,633.4485049761352
2030-04-24 03:00:00,4552.726059816867,2958.1977851553715,347.4344267367607,3278.690142447595,634.8032192530933
2030-04-24 04:00:00,4497.037969730168,3047.713672777652,353.98498504728457,3313.71952669152,630.4066156122725
2030-04-24 05:00:00,4766.124349728158,3316.188541376186,386.4668052338904,3460.966640085536,675.3906201701146
2030-04-24 06:00:00,4841.339946208685,3533.193988281472,423.1331470266157,3573.975873560204,789.5462279867747
2030-04-24 07:00:00,5085.235887835248,3489.702552639991,422.1026201209706,3643.984690211789,896.9360300711086
2030-04-24 08:00:00,5287.41082400254,3539.80180327391,415.7039408826318,3737.335784211819,939.2419982608384
2030-04-24 09:00:00,5541.093723189728,3553.4444671870547,413.0941306022531,3724.232694921518,965.766495672646
2030-04-24 10:00:00,5689.230657821837,3521.7843434483148,420.332356574068,3678.564621119807,944.1469376586208
2030-04-24 11:00:00,5542.821430858621,3395.2851883712865,416.7146266732153,3676.327679494644,946.8099296186128
2030-04-24 12:00:00,5509.387724610761,3385.586123511685,414.8029021797184,3587.959115172324,916.7594728138632
2030-04-24 13:00:00,5562.425975041282,3355.787894164435,418.1480423863968,3555.984063294174,905.0758148006264
2030-04-24 14:00:00,5640.282590738827,3369.5774638209414,419.5703484237316,3642.69585376569,887.3635782126184
2030-04-24 15:00:00,5576.819329880667,3460.371044395225,419.0718980393348,3636.12731753517,925.8835603915696
2030-04-24 16:00:00,5643.752154349143,3615.709771985188,442.4331322102767,3646.1756629188026,944.9506066938684
2030-04-24 17:00:00,5732.66846656903,3732.7254195602977,477.4042520002224,3853.551686557571,1006.9359011348554
2030-04-24 18:00:00,5788.650592003463,3761.193273300107,483.8470822476155,3942.594778871632,1029.7779266314185
2030-04-24 19:00:00,5744.238774799675,3860.255109336889,495.8919303931828,3964.553865004346,1015.8136579294628
2030-04-24 20:00:00,5756.304659764904,3753.934068644221,494.7569419612425,3967.8817453406864,1024.9278271846115
2030-04-24 21:00:00,5438.570514975114,3532.1284737844453,459.8115694739941,3752.698151871783,995.6068602910613
2030-04-24 22:00:00,5205.980228602515,3328.364478591433,417.2580316770951,3568.3928317375667,890.0985559453275
2030-04-24 23:00:00,4928.0088484003,3083.935913738253,388.0055538466015,3424.58401946956,768.0353267563505
2030-04-25 00:00:00,4772.035223795971,3009.450506097576,363.4002272974506,3318.0394909941588,671.5124096801243
2030-04-25 01:00:00,4600.98978908396,2905.620908763673,351.7712957419162,3239.2465769247774,644.0582733692528
2030-04-25 02:00:00,4592.983606540983,2938.7152035451027,346.7941803873775,3291.890170205217,626.8636545550518
2030-04-25 03:00:00,4530.96591693481,3022.2690100103364,346.9279856785392,3332.094255738272,625.158979611702
2030-04-25 04:00:00,4485.368795703002,3027.644962434917,353.3274069564689,3275.730604563552,643.3717884800362
2030-04-25 05:00:00,4683.842342877812,3338.8612656954424,391.1259155379032,3386.0775152857427,681.9264965533127
2030-04-25 06:00:00,4885.329688599259,3504.8885996008503,417.1441817313715,3562.569688919439,786.8191879716513
2030-04-25 07:00:00,5076.141303344517,3465.728367562672,422.55164483488176,3633.281937881129,909.618742186376
2030-04-25 08:00:00,5328.772100146069,3549.030632651516,423.13590181188096,3742.176226902348,960.3381828995066
2030-04-25 09:00:00,5643.203090164529,3534.9376794246623,420.0906321988019,3601.9081317641644,974.7045904048464
2030-04-25 10:00:00,5615.205078517744,3527.688607548584,422.7453533097755,3708.1759888343818,964.914360591686
2030-04-25 11:00:00,5583.02314901067,3429.049983122565,421.9234815435317,3654.9135934832975,949.5090300443522
2030-04-25 12:00:00,5442.204327896931,3369.7853418190007,418.21163456442486,3624.828502553897,920.8709946403868
2030-04-25 13:00:00,5437.111912081242,3415.0283954952474,418.4281160338925,3591.557396542753,904.120250688644
2030-04-25 14:00:00,5494.598632063133,3456.589717205526,419.9447699998858,3656.457517120077,905.5791950279254
2030-04-25 15:00:00,5604.594958727977,3466.266257627136,418.8685400410753,3636.342513476829,914.7046404767572
2030-04-25 16:00:00,5669.435850261612,3583.672187096365,449.1586195501922,3613.093333013001,946.9347078553268
2030-04-25 17:00:00,5708.723287659039,3767.332349553778,473.7002536284152,3821.511249109689,999.0097518735936
2030-04-25 18:00:00,5772.829479318381,3825.1944106390833,485.1236323011308,3875.805530386743,1024.9317637861282
2030-04-25 19:00:00,5750.9214261530815,3839.114777987717,507.16246078155103,3934.980863169853,1034.416145716006
2030-04-25 20:00:00,5776.085653752503,3702.28966848962,498.3161305495788,3882.663519025888,1037.958109467368
2030-04-25 21:00:00,5561.411785275621,3555.150715013694,461.259734747187,3777.5206659669457,987.3843112486908
2030-04-25 22:00:00,5336.365460228073,3403.4386749992445,416.6593562399239,3511.6587010873245,894.0337150090409
2030-04-25 23:00:00,4978.02549465047,3062.756346409417,389.4172783620984,3469.1901818239144,765.3175592304219
2030-04-26 00:00:00,4741.092687331505,3021.445990433785,370.0343164167478,3341.4657278670684,686.7462491938547
2030-04-26 01:00:00,4613.331581467193,2956.192243791133,351.4331374912722,3343.269178846624,663.2227567384568
2030-04-26 02:00:00,4496.251222840348,2968.3633554522025,346.1539430438892,3252.667192907331,630.6825376947702
2030-04-26 03:00:00,4605.992816510723,2937.166450912347,346.3137995878786,3289.6473488137044,626.122174610471
2030-04-26 04:00:00,4605.78964514608,3056.868398957753,355.80336434005454,3307.7502804616765,634.4511949400733
2030-04-26 05:00:00,4668.914591544462,3266.397705576841,390.53725898092586,3359.2356800766142,671.7748068091114
2030-04-26 06:00:00,4868.904896053285,3474.5733703826813,423.9271499606882,3643.46438295949,792.5861862125128
2030-04-26 07:00:00,5042.477737621866,3461.2052602148383,429.5562600180387,3700.5854903878862,895.0612154596262
2030-04-26 08:00:00,5348.020427878523,3488.7360103870437,422.3786624404484,3617.227486247279,941.231498284496
2030-04-26 09:00:00,5657.054942094349,3485.769076351202,424.1337755599249,3646.801213953137,956.254442712362
2030-04-26 10:00:00,5597.955957407056,3483.3446928619014,423.3598920351167,3664.380275055869,947.6999786593698
2030-04-26 11:00:00,5514.351184401082,3379.1844630766154,417.4443070683825,3655.936500538844,967.8747747120792
2030-04-26 12:00:00,5426.667071464375,3446.310695801149,426.1725069694949,3642.7135999126513,925.3986265238772
2030-04-26 13:00:00,5602.417354802383,3442.433093489967,417.2275387746388,3640.778741811314,906.0689530346632
2030-04-26 14:00:00,5664.744518489408,3424.0560219789904,418.3828723541056,3597.117277395045,903.8242866727984
2030-04-26 15:00:00,5578.1566234043785,3514.790430654814,425.74735927692967,3609.746312897946,922.7037209029456
2030-04-26 16:00:00,5646.115726603935,3616.839868452016,440.7685329700224,3793.512752418472,936.8916298797548
2030-04-26 17:00:00,5751.4643839336695,3731.6771004855455,471.30946845643854,3815.800275288168,1006.9386205470458
2030-04-26 18:00:00,5737.182761457357,3760.019982047047,489.6742973820868,3902.586780426766,1031.2986794635733
2030-04-26 19:00:00,5800.776402631018,3840.700326527708,503.5366145804985,4003.18511471568,1025.0156941570028
2030-04-26 20:00:00,5781.212381219411,3666.468829201985,499.77998653253735,3929.527216311686,1022.565684892726
2030-04-26 21:00:00,5673.74688235641,3585.114836579506,465.3012571721175,3704.838035172454,988.5986387717556
2030-04-26 22:00:00,5350.933885135909,3330.8489715473847,429.30120713279456,3580.50147390174,885.4427950597355
2030-04-26 23:00:00,4929.583791673716,3110.976246468823,386.1399482726309,3427.41919358598,772.0235499036789
2030-04-27 00:00:00,4737.796637562945,3023.842019248637,362.60596623677145,3326.4782288460874,672.1480618130813
2030-04-27 01:00:00,4589.60022064674,2970.2358336177585,352.7278767203099,3344.577047739306,630.861046890816
2030-04-27 02:00:00,4525.901933930131,2896.2522859036767,354.9180903260268,3253.0641655899176,623.2819988918512
2030-04-27 03:00:00,4471.153091695257,2944.1368963913,351.8817133911939,3267.290640886657,621.6549281144602
2030-04-27 04:00:00,4538.633787470585,3039.274741307285,353.4776425406306,3294.348516328976,618.9219072173394
2030-04-27 05:00:00,4680.058928664914,3247.0407813961388,395.82199667264905,3389.4280082605883,663.4741815598579
2030-04-27 06:00:00,4796.65190880408,3467.113778236813,422.4490151997598,3618.5631895193865,766.6860920925084
2030-04-27 07:00:00,5067.780046288969,3429.282146759323,435.3306004568617,3618.338113405979,906.1878524036496
2030-04-27 08:00:00,5249.968722006605,3517.295832252928,419.0134224733833,3696.791010616591,942.9213703972551
2030-04-27 09:00:00,5575.813778312717,3494.952461395464,424.3924788587424,3650.07768466752,951.7776502074106
2030-04-27 10:00:00,5547.075479196279,3456.8423339517017,420.9800595240672,3674.7865697047664,965.5825843734788
2030-04-27 11:00:00,5515.469317182172,3491.5162836610675,417.0574266079995,3615.049724311179,943.2298005966862
2030-04-27 12:00:00,5488.685079250355,3353.181073145426,410.3780028372218,3680.406491679038,915.9327945641712
2030-04-27 13:00:00,5467.893351518567,3391.428158205923,416.9601218223888,3602.9670831276303,900.5719198867027
2030-04-27 14:00:00,5514.08881644305,3427.831192818763,419.85441662745865,3645.285973719489,902.9443969398282
2030-04-27 15:00:00,5552.654331000964,3438.7802512664084,423.9161399445059,3613.8556946860494,898.6838350207212
2030-04-27 16:00:00,5517.364857269388,3539.93194417628,438.2487472385516,3715.542947204013,933.8078068729102
2030-04-27 17:00:00,5601.746274083541,3723.50572786848,476.6435878443686,3799.763682767932,995.5002595629816
2030-04-27 18:00:00,5711.079685246554,3807.586900633404,487.5938783723548,3922.36896192316,1011.109959155786
2030-04-27 19:00:00,5636.047210979098,3773.592755076215,497.2044263572432,3928.379900313015,1016.0958940260484
2030-04-27 20:00:00,5817.797421933827,3742.477587652037,495.25558509966254,3967.560095120812,1024.1377872430724
2030-04-27 21:00:00,5528.901507611544,3541.036464048668,466.602224381669,3783.4565198686,967.9460449767536
2030-04-27 22:00:00,5253.267929581042,3293.168223250685,411.41197575055,3553.9584718748174,880.3269713902915
2030-04-27 23:00:00,4932.067045743896,3120.372085783853,387.7080574843856,3389.116568910823,765.4926978069391
2030-04-28 00:00:00,4565.686085225193,2972.5957395454884,367.0079063008801,3304.9854619891803,673.6347162538432
2030-04-28 01:00:00,4392.729159236371,2852.3596954197783,350.1691496015912,3205.982235240435,637.9423955603824
2030-04-28 02:00:00,4283.6805985893325,2904.217921659938,346.6116147665098,3257.9158776200734,630.2696185800386
2030-04-28 03:00:00,4317.622609406662,2898.740692372128,350.0351240630136,3232.1709782489097,619.1800315404225
2030-04-28 04:00:00,4266.677096509538,2996.8410146875485,360.7189122484405,3251.782500780962,632.8054335792968
2030-04-28 05:00:00,4403.517816928004,3235.3611858535537,385.956293646084,3294.278408806262,675.5601764465387
2030-04-28 06:00:00,4645.930769876484,3360.551452174174,424.40050500092286,3586.4340188614387,789.4540088866469
2030-04-28 07:00:00,4848.766344326929,3427.0176924780885,427.138179471999,3572.653135252986,905.8149076989988
2030-04-28 08:00:00,5148.327385266618,3546.178054744252,420.1131256531596,3683.768735877772,925.3037474993954
2030-04-28 09:00:00,5281.605584475531,3473.470715804102,418.25540459511336,3682.5428542774794,926.1654044324162
2030-04-28 10:00:00,5400.248626556619,3461.3405410890864,414.97327047447885,3588.3804314778613,932.9518110169596
2030-04-28 11:00:00,5387.143042359786,3385.59557396174,417.65682341385934,3687.092819001966,937.566641414022
2030-04-28 12:00:00,5247.295017672176,3352.8458312681937,414.4690335845775,3551.928451353048,917.1721129848096
2030-04-28 13:00:00,5313.932620210573,3336.351597896992,412.5853551433965,3557.6460412106226,885.8730191180887
2030-04-28 14:00:00,5243.450129291704,3354.3051428731656,414.7763980976325,3593.1509020591016,888.2784187695586
2030-04-28 15:00:00,5391.73050733415,3399.3043752306926,414.79340343509847,3635.919765082456,908.997808332628
2030-04-28 16:00:00,5401.55396018207,3567.165582448277,431.547888645513,3723.787675629239,938.699099101294
2030-04-28 17:00:00,5553.28811550459,3648.974345806217,475.52962429867057,3851.792979793504,1002.653653359205
2030-04-28 18:00:00,5477.908566279985,3817.129548244572,482.494113505228,3916.2764166300462,994.602644907358
2030-04-28 19:00:00,5482.769276337019,3733.3714174895354,494.9965259165384,3924.04280471327,1019.9011655907476
2030-04-28 20:00:00,5402.444765973301,3748.7111125695023,485.1985381049847,3874.2604794353806,1033.7680934859898
2030-04-28 21:00:00,5305.709462610764,3534.110282158553,462.94308245547256,3762.5313024928514,965.5864916184448
2030-04-28 22:00:00,5117.417343818154,3292.007765981786,417.9809732690384,3530.4420041197304,874.9567071558273
2030-04-28 23:00:00,4731.453619174316,3089.2474590890097,377.7927373243456,3488.03995573826,746.524506888872
2030-04-29 00:00:00,4648.872532878075,3027.9169964074017,369.3090619408301,3331.182972582028,678.0782701618483
2030-04-29 01:00:00,4541.463338983355,2922.188355544697,352.1699596698006,3295.527541484375,639.2967639693388
2030-04-29 02:00:00,4567.336331756802,2934.1300077203896,354.50101882196594,3257.7383596121804,629.7393196806303
2030-04-29 03:00:00,4541.720159849363,2954.6143282842568,347.93447578032965,3245.724764733565,623.0486550906869
2030-04-29 04:00:00,4510.504096764934,3012.255476022216,353.0318239582889,3237.5277977716537,628.3419539572353
2030-04-29 05:00:00,4657.131199419682,3291.557198453302,386.0939856594307,3393.358330961833,667.3242907874907
2030-04-29 06:00:00,4943.389688528409,3481.4126246631463,430.04499901801614,3603.409045654041,778.573547672213
2030-04-29 07:00:00,4947.071089342991,3401.8619067477243,418.9972666483023,3678.585977400012,903.1329292045918
2030-04-29 08:00:00,5357.079694037692,3450.8000313574307,419.33289991909976,3650.643831298806,951.7248607920544
2030-04-29 09:00:00,5507.10917059765,3482.1121459172546,421.26142764807474,3763.510637477762,945.241924593034
2030-04-29 10:00:00,5619.443732585032,3410.54980241036,424.61566031856177,3699.484393181571,952.1963026617162
2030-04-29 11:00:00,5543.065206786121,3434.1698030892417,418.5228142109975,3714.082453895873,928.2605942941168
2030-04-29 12:00:00,5494.4596380812345,3394.1140275232656,417.44533710555686,3556.3980634948584,930.1009786947265
2030-04-29 13:00:00,5559.424708259488,3389.4056254749357,420.3439704799501,3589.60087893182,904.5645989727144
2030-04-29 14:00:00,5539.398173354892,3365.9994848401943,412.20032193627424,3597.652854868624,898.1278076554441
2030-04-29 15:00:00,5530.14709838304,3488.1319106501783,413.5167901390049,3591.6095144856545,911.948552258644
2030-04-29 16:00:00,5656.355432665555,3607.7746237111473,437.8401802597605,3797.5682662290687,941.8570811794668
2030-04-29 17:00:00,5794.464136838295,3763.6446592792954,468.8741415173033,3783.600444675756,1006.2158334577032
2030-04-29 18:00:00,5771.793781918732,3806.907140158181,490.3038395131148,3846.977782817786,1021.2320327907275
2030-04-29 19:00:00,5679.661828098882,3865.7159626401926,496.330614563116,3913.711758556373,998.9693879359636
2030-04-29 20:00:00,5745.189643284038,3733.5680008685063,483.9268305997016,3909.1361460144326,1011.3220050019754
2030-04-29 21:00:00,5623.002668924495,3613.871996350205,460.7994998421224,3828.6690360929992,974.214396381932
2030-04-29 22:00:00,5256.041966824491,3292.676166382563,421.6937979304729,3600.4112875912297,894.6634749607557
2030-04-29 23:00:00,4883.18467787614,3083.4994133315117,391.9461273838152,3374.8547435056635,768.7387529995773
2030-04-30 00:00:00,4616.079638165116,3014.003700865347,367.9203595051005,3351.1018911376686,674.9536239011699
2030-04-30 01:00:00,4613.85970472159,2955.950280034306,352.23457617585206,3256.3732282092865,640.9839391363665
2030-04-30 02:00:00,4501.59072672833,2922.449523178827,350.99556561231367,3247.5248924281145,630.1895308036786
2030-04-30 03:00:00,4475.682675980865,2937.258948279676,347.879501548112,3256.078306616666,628.6153890844458
2030-04-30 04:00:00,4435.056360057338,3066.86858067622,357.0902128939201,3327.5398947459244,632.093729786958
2030-04-30 05:00:00,4668.940417682797,3277.893294570442,390.3775076296048,3375.777269314909,664.9921628092695
2030-04-30 06:00:00,4840.560261964795,3516.599363557536,425.7349798554116,3613.39626143572,776.1297816225267
2030-04-30 07:00:00,5006.166067208336,3451.6334047147006,430.7525405342442,3641.56219456224,904.4716957255308
2030-04-30 08:00:00,5399.058067941785,3523.4598028763085,424.70428327576025,3681.400799622368,944.864322416594
2030-04-30 09:00:00,5662.856640516294,3446.195131214226,424.2712798561993,3633.958025923122,955.8694114381456
2030-04-30 10:00:00,5706.937009756477,3477.555820331005,425.5850936743018,3696.1395742364734,950.4040353705724
2030-04-30 11:00:00,5560.274354790219,3444.826238554813,420.6057499585178,3605.1351007463,961.5695492187748
2030-04-30 12:00:00,5458.937048140778,3381.3938412265807,411.7676640724468,3570.7817003811037,921.3772937019886
2030-04-30 13:00:00,5528.841793055327,3384.9906315150133,417.9293207655235,3600.906886238505,898.382862980676
2030-04-30 14:00:00,5543.627797691837,3384.145369772336,419.1834499428078,3581.950739610442,901.727727429202
2030-04-30 15:00:00,5674.299879347216,3502.8537189675526,421.49633147125513,3651.129225716238,918.7853179466208
2030-04-30 16:00:00,5655.545318548063,3582.947242163523,433.7698246605362,3713.1681238861393,933.8993479957912
2030-04-30 17:00:00,5715.367407608157,3797.888688857353,464.536149173381,3828.491561910384,993.2731387754984
2030-04-30 18:00:00,5769.765482207008,3790.476662170832,475.6231153298038,3908.128648158586,1004.7730905149982
2030-04-30 19:00:00,5778.132198743995,3758.1089486079054,483.753041687248,3915.79423536736,1017.6177872362888
2030-04-30 20:00:00,5697.223399753525,3778.995695236241,485.6870300929708,3865.790170774148,1002.4272647551502
2030-04-30 21:00:00,5577.582947126085,3528.563933592593,465.0541788413207,3759.85545396045,976.4205574520726
2030-04-30 22:00:00,5240.612249106633,3266.5117596530104,421.8352348047838,3618.7323698537657,883.6432238440744
2030-04-30 23:00:00,4919.479340248769,3100.930341034663,386.08691297308127,3390.7075574920705,761.3434237580595
2030-05-01 00:00:00,4511.043232366633,2822.230597527001,332.25283210735546,3426.0868547517034,664.1756150363206
2030-05-01 01:00:00,4509.929848676366,2744.860051915112,321.1508289669771,3345.7912633943865,630.2613169780659
2030-05-01 02:00:00,4404.3700499613,2761.120659023735,318.6028194614497,3354.2506714194724,621.397084359719
2030-05-01 03:00:00,4338.676616508826,2784.981831008044,322.7924849093906,3350.461864178485,622.7660174554072
2030-05-01 04:00:00,4378.253966291958,2847.8804976865235,323.9011139646245,3363.260020758373,626.788936471763
2030-05-01 05:00:00,4588.751533966517,3109.262747844396,354.29428396150183,3504.983648125876,661.0450000037199
2030-05-01 06:00:00,4704.831308241934,3262.365322942544,384.6872463193896,3696.692242816009,776.2771178754425
2030-05-01 07:00:00,4848.706342394626,3311.032277307782,389.8960531417014,3750.850752779064,891.5619710921957
2030-05-01 08:00:00,5089.786577862442,3337.2205561526275,382.91544875132007,3746.768245157079,934.9481496397544
2030-05-01 09:00:00,5399.058863077028,3262.6768649652377,377.6640450395848,3831.957041980541,936.6524043910224
2030-05-01 10:00:00,5456.171595752124,3312.6357895094216,384.25537631837,3846.0748572452567,941.1906360761086
2030-05-01 11:00:00,5370.330920536268,3210.006177546472,385.0177868311719,3680.129178754559,956.8232466178551
2030-05-01 12:00:00,5306.627574261963,3185.3284253509,379.05379142723706,3725.1279953407225,886.5782820941361
2030-05-01 13:00:00,5367.624327897514,3249.8357811293545,383.2235261736765,3664.5532961194094,887.5736531664082
2030-05-01 14:00:00,5318.925066637231,3197.4330291162555,381.0832948988093,3654.151560617837,883.9220278191988
2030-05-01 15:00:00,5369.141510297432,3350.726694904993,386.6047075417299,3799.396648188774,885.702739779121
2030-05-01 16:00:00,5421.026664901529,3377.7506757224305,401.9887414589046,3913.397262752388,934.88295033424
2030-05-01 17:00:00,5493.138693181804,3527.7423450575943,424.4742827920443,3898.8976549709287,965.550145112918
2030-05-01 18:00:00,5522.707696082553,3606.809195812087,446.925486121716,4042.272589240492,986.0909857632388
2030-05-01 19:00:00,5554.279128852529,3545.1766484413224,456.0669470894176,4019.099528598079,985.4316924131388
2030-05-01 20:00:00,5499.699287775437,3486.481466601952,443.8999389878818,3974.027354943024,1003.5560906369157
2030-05-01 21:00:00,5271.579036484024,3323.291130681262,424.28932420987405,3836.509778657405,973.0880136930544
2030-05-01 22:00:00,5151.579220736189,3113.7526058388357,387.20551746997415,3709.15907009131,879.815809423801
2030-05-01 23:00:00,4816.69017047419,2948.654451936696,351.4902420777926,3506.2965019685403,741.4670037895825
2030-05-02 00:00:00,4484.991580369944,2846.626308470169,330.0209164281084,3377.9597079387645,673.4903722654753
2030-05-02 01:00:00,4435.30317682266,2740.536025895568,322.7961955793492,3355.329086091038,637.7096807572701
2030-05-02 02:00:00,4394.385526172969,2737.991488321019,315.7351526540444,3421.0983367935014,611.703291631958
2030-05-02 03:00:00,4320.672026171269,2764.5267434918383,320.8979404226347,3420.135688140074,619.9660916308641
2030-05-02 04:00:00,4338.248742818241,2850.90429881793,323.7269738386221,3338.9922763861027,617.7495644497292
2030-05-02 05:00:00,4539.094740006991,3060.1728218710505,353.13711907660894,3509.231473767037,653.1656335078064
2030-05-02 06:00:00,4595.986382063808,3294.587660708088,382.512972680511,3739.1740845881714,759.827786396403
2030-05-02 07:00:00,4924.786984686623,3232.425845569393,389.0369125548282,3754.529029002382,866.4474258150423
2030-05-02 08:00:00,5243.284758568882,3297.279450685467,383.1011036480391,3807.405441281098,933.9217092912512
2030-05-02 09:00:00,5304.551135535461,3351.6003358991,383.6510811156441,3827.502598888449,930.2669129545436
2030-05-02 10:00:00,5464.203064613802,3267.415897793892,379.7733554524712,3781.1739716999455,928.9330888709488
2030-05-02 11:00:00,5412.765640933374,3206.678906677197,383.01078944722497,3821.366892272972,917.9394334502722
2030-05-02 12:00:00,5317.364800232498,3207.111245940476,369.9941373810362,3695.229681416065,889.4712920448826
2030-05-02 13:00:00,5326.921658648758,3179.459203727656,383.3753917520594,3690.7641076974687,882.3712214935473
2030-05-02 14:00:00,5365.624478740806,3162.699376051473,385.1431904487567,3732.5010883954674,889.6000373368162
2030-05-02 15:00:00,5423.394516379675,3305.277203062028,388.0983457142257,3725.286096329746,895.6048107346272
2030-05-02 16:00:00,5488.6028802057,3400.4159368699334,403.7558124275039,3883.6784835226654,932.0692272727556
2030-05-02 17:00:00,5597.191494041665,3512.65579561645,430.7324328201017,4020.668820044604,948.2792761351042
2030-05-02 18:00:00,5544.544784879084,3584.496376759601,443.4852154422059,4008.142691209986,988.3676214731316
2030-05-02 19:00:00,5517.43943930792,3605.299495176826,443.6455317977242,4020.161522063685,1008.3459931608148
2030-05-02 20:00:00,5544.438068037855,3527.3983343064087,447.33932705534176,4039.72397146066,997.213028119032
2030-05-02 21:00:00,5292.902030850391,3326.608132817659,424.7236805000316,3900.8095124894894,953.3078349040404
2030-05-02 22:00:00,5151.171415386106,3090.197472626889,386.87191354656017,3662.687014346216,853.0104325784635
2030-05-02 23:00:00,4703.143232497216,2911.4429005060742,360.4833951790477,3483.071056421564,743.8751435168213
2030-05-03 00:00:00,4495.328253986801,2805.890021520285,333.8608487377952,3417.1926116123327,662.2078951421998
2030-05-03 01:00:00,4437.542516987194,2744.096383914535,321.95137055539664,3396.84176170668,626.92448899124
2030-05-03 02:00:00,4317.51405667071,2699.055640360299,328.131527466424,3337.9381220075893,612.659233125964
2030-05-03 03:00:00,4356.967649825097,2821.480995959018,322.33464456729087,3337.87789244353,612.1167945249831
2030-05-03 04:00:00,4380.702348094442,2849.023024760184,325.888391558233,3310.451655565437,618.0523444358153
2030-05-03 05:00:00,4577.508342646538,3125.696806704374,358.2887776198204,3514.809254005971,660.3733354828128
2030-05-03 06:00:00,4694.880932428194,3257.6248706047413,387.0378900678356,3750.403187599891,773.899356493065
2030-05-03 07:00:00,4978.595269314284,3260.142980142914,397.1144018477172,3693.246735921963,882.301912386642
2030-05-03 08:00:00,5304.96351306707,3304.508462762057,388.600901936545,3827.151907763684,916.1539012371233
2030-05-03 09:00:00,5435.767466929718,3331.851341341541,390.154712228833,3761.222490767848,950.113407325547
2030-05-03 10:00:00,5447.464551239342,3305.7441823404624,385.9085142512448,3779.4507623780873,918.1225122519512
2030-05-03 11:00:00,5477.2334425630215,3236.0854737670884,383.1232216049313,3749.6837778565286,937.4889057086094
2030-05-03 12:00:00,5365.437738904693,3157.2841697365807,371.4698562142088,3629.4010100897535,887.748362792556
2030-05-03 13:00:00,5335.381628887276,3191.684865730804,387.32926384977566,3667.445257647242,877.7526791817645
2030-05-03 14:00:00,5423.588493264248,3188.9167802074617,386.6223655907984,3702.620560912736,876.8162801864687
2030-05-03 15:00:00,5433.097846011007,3259.1425897712493,390.23464146907895,3780.4127680713113,894.2488404030414
2030-05-03 16:00:00,5424.772677716958,3358.918036681764,405.94956124961016,3874.909112968659,909.2192611911288
2030-05-03 17:00:00,5579.906678345961,3524.035956837229,430.6833458304328,3909.918318618244,979.1792556489144
2030-05-03 18:00:00,5502.876667774658,3602.213319036024,448.5589805352934,4011.591968881092,1002.3362978452026
2030-05-03 19:00:00,5568.791787380954,3649.0839165498646,456.7107110487812,4011.2465022247984,994.8080536067584
2030-05-03 20:00:00,5493.661387763304,3579.77419206508,456.4521204487541,3946.2863750804586,995.2856586362012
2030-05-03 21:00:00,5315.215194374677,3306.2757034602764,430.95313414956826,3908.873534714389,954.8129258712067
2030-05-03 22:00:00,5113.337764380372,3124.750504421292,379.7956676455221,3692.025614874404,871.2276989223535
2030-05-03 23:00:00,4646.320794214156,2913.552983614684,352.86111149670523,3532.8787673823663,734.945813847794
2030-05-04 00:00:00,4447.724416750832,2781.721110377516,336.4359342324658,3425.027357428819,657.7486031169537
2030-05-04 01:00:00,4371.388605234438,2803.85942997861,318.97510505699563,3369.968721139297,639.5614485194038
2030-05-04 02:00:00,4243.516703861769,2734.348159003422,321.04613695460307,3355.594393433883,610.7980687262942
2030-05-04 03:00:00,4211.46646010766,2806.464543379057,323.8217148182627,3334.6512080169146,606.0540654315489
2030-05-04 04:00:00,4283.333928480533,2829.6944041907304,323.6325276850213,3376.530409021637,617.9598253010536
2030-05-04 05:00:00,4557.308820331274,3061.6092926435217,354.59181179085164,3497.2721577268576,657.5982320720634
2030-05-04 06:00:00,4595.227575276126,3234.168111785129,390.3301623245704,3640.39042438704,749.8374620303538
2030-05-04 07:00:00,4889.818742455035,3254.961977193544,392.1903286208133,3777.8796628788086,877.4872582283341
2030-05-04 08:00:00,5159.981531597436,3336.043148033152,391.0608453785516,3770.716702974628,919.231806085134
2030-05-04 09:00:00,5276.796122856603,3276.1960253792035,383.1528741918144,3793.841903681879,935.9540772330192
2030-05-04 10:00:00,5280.496092779444,3311.1454812947227,399.0605177095344,3747.902067297966,908.8565830520936
2030-05-04 11:00:00,5334.245513472941,3309.3684368006293,385.92940380407646,3665.729453745766,929.9783210737028
2030-05-04 12:00:00,5247.290970510884,3180.8773970476886,376.2939359355676,3658.1203023125695,897.294834049786
2030-05-04 13:00:00,5322.237329978213,3225.578167720556,380.7104328665285,3719.948381910309,887.1314119480354
2030-05-04 14:00:00,5305.319634329037,3203.93279147572,389.74803269537216,3724.166951837201,869.0828366541649
2030-05-04 15:00:00,5358.428327771208,3251.084594802058,384.03667895949656,3761.7185456557095,881.9575195055032
2030-05-04 16:00:00,5395.546050692803,3381.9388891894173,399.5682400654423,3809.294081567018,925.5127675873864
2030-05-04 17:00:00,5529.7021753349445,3552.9683077714003,428.7736240002446,3932.073679681204,947.4350697329364
2030-05-04 18:00:00,5463.297558608292,3511.960591763063,447.55772943617467,4051.100652304188,982.3601935383218
2030-05-04 19:00:00,5463.263834589922,3532.516255615174,454.3664530698165,4013.532921506755,1000.5135937314938
2030-05-04 20:00:00,5457.418345379792,3581.9003192808523,452.6647716533303,3982.721761317447,1005.2857418451044
2030-05-04 21:00:00,5406.719445280632,3345.990492024483,426.547146962544,3885.615067616816,937.5326586869488
2030-05-04 22:00:00,5112.200325528149,3064.199308002007,390.6830712615752,3728.453934706566,856.205489067
2030-05-04 23:00:00,4681.415773412254,2886.3697663297417,354.3308542038213,3505.10717892346,732.5895463459578
2030-05-05 00:00:00,4382.563277015252,2752.043930507969,335.2522631882614,3393.966028385261,654.463460723505
2030-05-05 01:00:00,4258.042693774601,2714.399811361474,322.9894425181075,3368.5990115706168,624.2669812326883
2030-05-05 02:00:00,4147.321922955114,2661.335031615419,320.9314459798952,3270.7181144467795,601.6037050395134
2030-05-05 03:00:00,4164.335543936303,2750.4549674783284,317.28325753970535,3320.0136096316746,614.9049585100001
2030-05-05 04:00:00,4194.23606175146,2822.7796753606926,323.5747509574454,3377.8881175795764,609.7716401128987
2030-05-05 05:00:00,4269.791044026135,3049.25907757191,356.4956732090847,3463.177206133999,644.3957483196813
2030-05-05 06:00:00,4445.561928533341,3221.659561585421,378.8215563193526,3648.542229870512,760.5464260086321
2030-05-05 07:00:00,4589.708052986245,3235.028958315076,386.95845274981866,3676.1264417100792,851.3054573267149
2030-05-05 08:00:00,4895.902913651345,3295.7395767475755,391.5134946477169,3781.559172579748,911.4828245646588
2030-05-05 09:00:00,5050.291533834238,3271.058223628883,388.67180113951184,3772.296957001197,922.0189257925416
2030-05-05 10:00:00,5188.3787005564745,3251.216656510265,378.9707278015706,3756.6612041012295,923.8432280118736
2030-05-05 11:00:00,5167.943746696431,3191.658281791871,382.2896344176073,3733.488908416648,920.4983960576952
2030-05-05 12:00:00,5144.9582096915965,3147.8486886640067,369.1011403372552,3604.683882289525,892.9133421699788
2030-05-05 13:00:00,5166.123630632812,3206.288756728686,376.39856860988976,3680.180940708077,881.9706966886915
2030-05-05 14:00:00,5176.734948907698,3198.7845507236207,383.0342642974111,3591.2607417283907,868.4813344880993
2030-05-05 15:00:00,5086.218442646911,3233.7285754596487,393.5774455263216,3817.791358458671,879.7872555292279
2030-05-05 16:00:00,5133.24271874781,3337.817081243692,403.50091630788944,3808.758835178626,929.1838997794712
2030-05-05 17:00:00,5259.666891289694,3542.6599125661287,428.9083795713331,3910.549093744365,945.103532062713
2030-05-05 18:00:00,5283.95762895892,3517.290718317003,447.12816578011007,3910.315022011376,972.7233662704292
2030-05-05 19:00:00,5280.948933692621,3592.2113457671358,456.9707439843104,4004.427321282558,990.8149276793994
2030-05-05 20:00:00,5361.188162241225,3412.0234777428564,451.96616785345526,3937.1838332957377,984.462415289186
2030-05-05 21:00:00,5154.086569553244,3362.071373243291,430.4326130005837,3866.3159817278834,929.9188446113392
2030-05-05 22:00:00,4840.458794987017,3088.607236850274,387.84115268274655,3676.437595951432,851.3455095744814
2030-05-05 23:00:00,4607.603301726896,2882.948508692361,354.8472650333411,3444.6656725037365,734.8059148077217
2030-05-06 00:00:00,4546.903314228768,2824.641565416204,330.3301562614653,3380.5135587280224,660.1717529840846
2030-05-06 01:00:00,4408.338542478078,2730.316945090863,318.3356833038742,3450.94928712707,628.1753608398595
2030-05-06 02:00:00,4311.688652918459,2718.0257349502917,318.637163088299,3401.467296335792,617.3900540798784
2030-05-06 03:00:00,4305.620757424566,2759.1493602350656,317.158272962613,3372.4928776885404,607.3945971915163
2030-05-06 04:00:00,4330.578216650388,2858.1131166925147,327.40446439160826,3407.712005304816,613.2259503076973
2030-05-06 05:00:00,4413.113602815448,3060.6588418646,349.41537087539314,3521.4272121582444,660.3227594977697
2030-05-06 06:00:00,4700.543601909129,3233.629565846201,379.8004563082787,3736.385199390652,753.0977056227902
2030-05-06 07:00:00,4859.136705588354,3230.2834201914147,387.1704709174384,3728.5280916223815,880.2487487859431
2030-05-06 08:00:00,5222.928908185333,3315.6122096097592,387.705576538021,3790.2415561982575,925.8054398702276
2030-05-06 09:00:00,5347.360829293031,3311.349867455638,382.384507826216,3689.386416675622,931.658584828028
2030-05-06 10:00:00,5437.999583212674,3269.703677956068,380.64964776267504,3801.870960727076,944.1326935215766
2030-05-06 11:00:00,5258.579385282654,3234.8003059220187,385.5000206529724,3740.615746821117,924.3328048079336
2030-05-06 12:00:00,5227.851330025036,3157.701119243547,376.1754051423161,3720.0859165851375,893.7305404357732
2030-05-06 13:00:00,5398.602194706066,3249.694565688082,382.74890889605206,3597.5593917837045,869.1495487076585
2030-05-06 14:00:00,5330.082891751476,3224.910849938286,379.2712308472428,3690.929656333542,870.2245260812327
2030-05-06 15:00:00,5369.441689242271,3250.905724989573,388.79592985555234,3720.323931291967,872.3059278025114
2030-05-06 16:00:00,5437.153216056981,3382.1909843054177,398.971292513244,3841.309346852284,909.4410645229372
2030-05-06 17:00:00,5426.749597802522,3475.1386355211416,428.2250201321141,3952.047848774038,976.5808340237768
2030-05-06 18:00:00,5488.004448274884,3571.815631744771,447.1746141208605,4001.2365824740673,990.9601775722238
2030-05-06 19:00:00,5504.348516881632,3523.6198232325373,457.7616557847321,3965.9830162275207,988.4648932428138
2030-05-06 20:00:00,5515.979991408922,3530.421634204253,454.4834326988764,3957.822232768774,988.3664956007608
2030-05-06 21:00:00,5369.500082489109,3336.4693185948727,425.85100670371264,3903.320906600096,955.322328584204
2030-05-06 22:00:00,5071.975088858572,3138.4188539089914,382.8141871738541,3689.6966703862713,868.6757979549083
2030-05-06 23:00:00,4715.410778211376,2952.379353062712,353.4353802748028,3542.093375351267,747.570238647186
2030-05-07 00:00:00,4536.039208141839,2872.4676937313725,339.92642594077824,3405.678285050101,669.3697496394524
2030-05-07 01:00:00,4415.617310491202,2715.2741190053343,327.33592365664333,3418.526146962349,625.3004828361373
2030-05-07 02:00:00,4357.112521789403,2699.0636852139987,325.70474946449065,3377.715332590952,616.585471383687
2030-05-07 03:00:00,4279.470493271414,2771.2449850793064,321.98056920572714,3302.659978492655,610.646715273118
2030-05-07 04:00:00,4370.89967478868,2850.827114079096,329.97859716237343,3411.150531278945,608.5295105718366
2030-05-07 05:00:00,4494.058717026295,3050.84888735026,350.2408084973312,3458.580218532597,642.4983766203494
2030-05-07 06:00:00,4665.562570337126,3276.9221281458845,387.5137949021412,3643.849986908596,766.4289107350266
2030-05-07 07:00:00,4931.4916293406695,3280.50940909344,384.3635061442976,3780.433499684436,879.2328735054487
2030-05-07 08:00:00,5183.629832583079,3297.765210955308,390.4822636355778,3782.3440815536223,913.9139463855524
2030-05-07 09:00:00,5443.881640673696,3309.3344713155907,384.27896843999343,3852.8794578044726,949.3138504635776
2030-05-07 10:00:00,5456.565134922985,3283.122168197797,379.8291879621062,3735.975835235726,931.0417031647532
2030-05-07 11:00:00,5252.440750947568,3215.3212311882357,378.7946138788353,3754.55314981727,926.2052455034128
2030-05-07 12:00:00,5334.77113217717,3192.213285254418,381.88140115183046,3670.044816930236,887.9456532016155
2030-05-07 13:00:00,5306.364658905436,3176.0752119971,378.8906654971617,3704.905184007809,875.5713563968802
2030-05-07 14:00:00,5360.709179481362,3211.543234020133,382.0275648219289,3678.21817718121,869.3037476638092
2030-05-07 15:00:00,5383.37313200159,3282.731328670827,390.03221801534914,3794.997189721241,883.0157375896117
2030-05-07 16:00:00,5520.274262378111,3344.043708605547,403.5023856768929,3865.661682769623,910.9897468279106
2030-05-07 17:00:00,5504.339160860994,3566.9854181422097,427.3003146511194,3973.9764243633954,971.0033917456713
2030-05-07 18:00:00,5525.11030497647,3540.380516343671,444.70460277020993,3975.204606816501,983.8267645848782
2030-05-07 19:00:00,5574.199901832872,3618.200335849089,454.9635614049574,4043.172405155168,989.0125078143892
2030-05-07 20:00:00,5559.172312775108,3543.593069495909,450.5960933257769,4024.876906273181,996.7572111584484
2030-05-07 21:00:00,5456.45086546334,3374.859847345404,431.9192131297144,3850.3117717422974,965.42188926763
2030-05-07 22:00:00,5078.377004391853,3129.5491163160555,381.3409661276261,3695.424910948039,858.9087383827506
2030-05-07 23:00:00,4776.657559016547,2957.7569698334246,351.7290255784369,3499.692578596305,739.6946118190671
2030-05-08 00:00:00,4561.722244664008,2835.8383909650283,337.3502328051569,3422.1401780006686,673.4153170296779
2030-05-08 01:00:00,4434.145514863488,2765.786749868417,316.37267141166336,3362.794902127553,625.5349325220737
2030-05-08 02:00:00,4364.93045662867,2751.1049987303704,324.4154419630986,3378.718564643857,609.2389771499468
2030-05-08 03:00:00,4371.98436700891,2814.009031344737,321.5612439316748,3280.303666617864,617.3984097956638
2030-05-08 04:00:00,4359.367252893992,2849.4678199797568,322.4724375617981,3402.4217274429325,618.7426890668406
2030-05-08 05:00:00,4503.7730981532495,3108.344110674345,348.11226325947064,3491.254521773468,666.4261276634383
2030-05-08 06:00:00,4701.325137828357,3337.8203523157613,386.2700960433098,3659.857479735213,766.6581219966156
2030-05-08 07:00:00,4923.652649374636,3313.4244411538925,384.5386336647601,3713.914068254878,885.5966468078138
2030-05-08 08:00:00,5089.155921111433,3255.7581614115284,388.3002690679246,3778.589197306915,924.6829232735872
2030-05-08 09:00:00,5517.827529033809,3257.8190420806577,382.9972303810384,3793.255504270633,939.2625225607186
2030-05-08 10:00:00,5510.208700984718,3282.149372319341,385.2924652056618,3796.4969041239274,936.7738551358202
2030-05-08 11:00:00,5414.15287823969,3234.516455467732,386.0406368394408,3732.611761783134,920.253332710461
2030-05-08 12:00:00,5251.398219059798,3206.8783180167266,380.58115059578665,3697.709714152904,889.0218593122013
2030-05-08 13:00:00,5421.921005406512,3177.698402789985,378.2865291824743,3726.7132594784457,904.7141380401896
2030-05-08 14:00:00,5419.8484163961,3225.9002231660406,383.9265289436698,3740.960210326399,896.7107504753943
2030-05-08 15:00:00,5423.449798532117,3258.716857636423,391.24147134896725,3762.247980406543,892.0520858368758
2030-05-08 16:00:00,5404.24890617931,3450.244738688128,408.2542032163163,3920.024391953783,929.7552246309782
2030-05-08 17:00:00,5580.8367101822105,3528.0459970092197,435.42819685829454,3909.970412965426,968.7737199867864
2030-05-08 18:00:00,5530.656042213775,3570.8820417027814,446.16141063276655,4016.3543022985705,1012.4836509842164
2030-05-08 19:00:00,5715.79384411896,3605.015573398807,462.7784510669026,4075.653288051328,1008.0271149089558
2030-05-08 20:00:00,5569.031531132008,3514.392311062744,451.8581095782477,4023.608349343301,992.6169874995622
2030-05-08 21:00:00,5336.913974033539,3348.099201566914,432.37108424589377,3856.36969414817,952.1069847387248
2030-05-08 22:00:00,5166.241889234711,3088.0714666984622,389.58824214870987,3756.3657231004254,872.0720133344763
2030-05-08 23:00:00,4690.365301017285,2921.643405908963,356.5010722383294,3637.782357286097,745.8939190430492
2030-05-09 00:00:00,4523.974919590452,2823.1374852998715,333.1979433354669,3464.035784389926,669.9407019023381
2030-05-09 01:00:00,4504.450172110809,2805.402598887568,326.16663054706834,3388.1513454288147,632.0110424340543
2030-05-09 02:00:00,4364.279687850681,2749.6156236788875,319.74269205950634,3360.3298144607124,608.2399070668409
2030-05-09 03:00:00,4352.251387586036,2818.9104517850187,319.84252067800475,3369.17997634064,618.0285189151926
2030-05-09 04:00:00,4392.954219625203,2916.342463092639,330.2506587570666,3430.440333428515,619.685437197871
2030-05-09 05:00:00,4551.066152634804,3083.872255359876,352.5734727746472,3531.423704880814,651.5285221182149
2030-05-09 06:00:00,4707.230056972187,3265.0198658850463,389.2355255890985,3778.768281612805,760.2508818660305
2030-05-09 07:00:00,4905.317924350908,3253.231960499036,390.34130928865824,3760.5953047383314,883.4365792656582
2030-05-09 08:00:00,5224.529847517026,3342.9202057763737,385.33460141634015,3781.950605274815,925.7195428268816
2030-05-09 09:00:00,5509.042623982969,3325.044879880776,381.88061878976725,3762.452206793572,931.9429518877798
2030-05-09 10:00:00,5463.761133188927,3274.06741763746,381.0986187974197,3887.001523377619,930.1023871267508
2030-05-09 11:00:00,5481.632866285643,3211.0927354557825,386.40433369789537,3823.930866879296,924.0165537396164
2030-05-09 12:00:00,5230.374758071361,3191.75022817274,378.75641241186497,3672.137959946345,899.2514785262405
2030-05-09 13:00:00,5369.086339336816,3240.9099247945514,380.1306777823087,3700.3237350341774,875.2420234312463
2030-05-09 14:00:00,5444.21646837009,3163.018370109485,383.7859428252264,3668.189204257428,877.8351839454256
2030-05-09 15:00:00,5417.925292847246,3271.4247181600067,391.9321949436632,3746.1715514682655,882.227154809382
2030-05-09 16:00:00,5372.87985103154,3367.516901964021,400.8580146372197,3847.358769192192,925.0505484378292
2030-05-09 17:00:00,5561.115123588382,3584.768171490054,422.9220888041576,3976.005163792241,964.1219701678816
2030-05-09 18:00:00,5516.130045715672,3583.98688465164,437.0151375966644,4039.716371857246,996.6096091417966
2030-05-09 19:00:00,5551.289387694301,3593.1143585408536,458.0843168841841,4026.710152900501,1014.4276826633384
2030-05-09 20:00:00,5572.820236232766,3566.5755533348597,449.2754075312612,4026.027929628397,973.2265009668164
2030-05-09 21:00:00,5459.834682662818,3346.154625008207,426.13703001855816,3888.673591021432,951.6196146643116
2030-05-09 22:00:00,5137.291478513206,3081.1668271140315,379.8997104028703,3734.8802606272734,866.279198445882
2030-05-09 23:00:00,4742.092560121487,2986.519999022554,350.6746620021084,3556.989866860131,759.1435614221705
2030-05-10 00:00:00,4552.729772882125,2818.809058171957,333.8647195097129,3401.374347896374,674.7731411544095
2030-05-10 01:00:00,4442.1713705256925,2738.802663720485,329.13271137734364,3412.987053393951,639.3630712998628
2030-05-10 02:00:00,4356.341635987295,2747.006713239694,324.756554712506,3371.1855112802305,610.302661122948
2030-05-10 03:00:00,4297.9952758439,2815.954249150689,325.5943592168288,3360.346703048685,611.7330900580811
2030-05-10 04:00:00,4385.230353351252,2905.550243771764,329.2336538775618,3357.83570340769,625.9414159170918
2030-05-10 05:00:00,4591.860689735633,3084.6764082150744,355.0921445280363,3496.301613046732,645.9599344254663
2030-05-10 06:00:00,4662.884569690614,3309.10596165401,388.3591911751005,3676.565503629072,767.1929128335212
2030-05-10 07:00:00,4968.227064230204,3264.366765374628,391.1570827977896,3772.121819702319,888.7476942529248
2030-05-10 08:00:00,5131.474490453112,3370.8544852520968,394.0040249502362,3753.8699087117257,931.9740566709733
2030-05-10 09:00:00,5399.266526124655,3324.25398384695,378.9599065237405,3756.265465281578,950.9562946888708
2030-05-10 10:00:00,5437.1958373101215,3258.1964833857373,388.89620291766175,3799.525086469859,941.3651067570064
2030-05-10 11:00:00,5389.035842422162,3244.614327800929,391.5267737723826,3730.183659222848,931.3757983024864
2030-05-10 12:00:00,5339.121995595167,3215.352820568541,389.14380925044526,3642.848075857756,880.6106785724647
2030-05-10 13:00:00,5359.358929188258,3251.0208589281656,389.14860520655816,3734.474202389494,876.4301258869594
2030-05-10 14:00:00,5380.327455504932,3212.9543827207963,379.9010053184761,3705.618846181272,891.2467453880266
2030-05-10 15:00:00,5433.438431833162,3276.5678069635965,393.2796586565572,3655.113035663462,892.8784612123449
2030-05-10 16:00:00,5651.274997476091,3405.5765169417846,401.5619330393234,3804.716304348406,918.318937435944
2030-05-10 17:00:00,5480.2054846984565,3513.9939136483035,435.0135200180375,3896.230059627818,970.9859697899936
2030-05-10 18:00:00,5441.41932872951,3599.581185688125,446.93081021530446,3996.108035414788,995.927775966548
2030-05-10 19:00:00,5567.371202627635,3602.149221794112,455.57173494775446,4114.816301081716,997.0689302184776
2030-05-10 20:00:00,5511.324050215728,3577.481925542762,450.8693256103151,4076.254079621668,1001.6941886389118
2030-05-10 21:00:00,5309.3362990271135,3304.2569527629576,428.1738452464714,3817.7399517687054,955.8387398552866
2030-05-10 22:00:00,5113.583434845825,3062.4931834549197,384.75451848989337,3578.517560336344,860.6500317644302
2030-05-10 23:00:00,4727.729504970258,2940.666212249807,357.8603168087982,3517.41579613271,754.0529616938732
2030-05-11 00:00:00,4464.640730590576,2802.1019740884326,333.7904484201817,3452.905940451231,664.704024206553
2030-05-11 01:00:00,4320.588831958953,2716.6817079403418,324.24854549308577,3332.6868650398906,633.5386535327352
2030-05-11 02:00:00,4345.639981854074,2742.884389209517,319.47611535384056,3374.877540339847,615.9279402821915
2030-05-11 03:00:00,4327.439061822929,2769.848866990768,322.1305951881967,3338.0800294944056,610.9474035203948
2030-05-11 04:00:00,4406.588120051007,2912.5059781369014,329.1251934798318,3325.013875667596,607.9175294401908
2030-05-11 05:00:00,4515.635721595717,3162.793626179962,351.3992708712058,3451.7502567084784,647.667744676588
2030-05-11 06:00:00,4634.715008681921,3311.429453213426,393.18446709233,3659.029559429373,755.3971928192254
2030-05-11 07:00:00,4768.222219820183,3238.136484786786,387.67897248475305,3791.914230031045,861.8237793584464
2030-05-11 08:00:00,5229.51202644856,3286.083273271649,391.8141535533204,3764.260499876181,907.7360908311384
2030-05-11 09:00:00,5330.536789424518,3313.912184728115,387.8372578384616,3790.708113669753,944.7683634729044
2030-05-11 10:00:00,5419.418949126505,3251.1853114947467,382.4911069050755,3834.028796252893,921.2681069182994
2030-05-11 11:00:00,5382.822619183008,3126.5562185943213,385.466638911864,3747.217280404543,937.8984797990684
2030-05-11 12:00:00,5290.854457854578,3107.072059413151,373.4023833478052,3701.175716530968,880.0337743462842
2030-05-11 13:00:00,5272.783848600749,3247.537935832697,377.90070598714425,3687.643902407158,869.8580325983228
2030-05-11 14:00:00,5333.934387259271,3183.4277965558367,383.0900972886144,3711.5887305051488,865.1921083769981
2030-05-11 15:00:00,5451.598050111576,3318.382451973724,389.2466932449233,3682.451726041098,883.6186162945934
2030-05-11 16:00:00,5455.642072875606,3302.444037786267,401.0576368430606,3832.006219028936,926.3887956736496
2030-05-11 17:00:00,5545.719168405125,3479.373388432972,434.13161228362594,3898.0758987001095,973.731817573785
2030-05-11 18:00:00,5487.932236778154,3539.8691308245134,439.5600053043919,3920.1408107775687,994.0847815792696
2030-05-11 19:00:00,5467.529470914326,3650.747545094104,462.6117871349415,4040.806717248688,995.0294458467772
2030-05-11 20:00:00,5510.019361958721,3537.876160005189,460.9394628986453,3990.440898449656,996.3402993022592
2030-05-11 21:00:00,5402.989615200573,3295.2943253553576,424.38867517167125,3891.188965857338,944.1369148264864
2030-05-11 22:00:00,5103.970421315519,3113.4986185980733,377.93034302671447,3704.635153612959,853.081180292516
2030-05-11 23:00:00,4746.876984329186,2887.189777353032,352.2748601593469,3539.7535620820945,723.9550456768021
2030-05-12 00:00:00,4420.806869907532,2801.356609125446,331.51151613881325,3382.386912630934,658.9388062283601
2030-05-12 01:00:00,4207.562384476286,2729.0259611092547,320.3604482859366,3386.650242805971,619.2690541940868
2030-05-12 02:00:00,4218.532787074685,2704.3851272468746,318.1251520967878,3316.717337646633,603.9282186627444
2030-05-12 03:00:00,4157.328960956518,2709.744241097748,319.23542945284447,3301.08877027823,598.0814560497261
2030-05-12 04:00:00,4117.025813567301,2786.7165887431333,326.1317244996561,3368.121765143149,620.625788728366
2030-05-12 05:00:00,4306.931530536869,3059.232902515548,350.5979629749062,3479.024786309711,650.1560548104376
2030-05-12 06:00:00,4504.917408505725,3167.213689635628,385.8251856898688,3633.9034534026746,754.4599879475362
2030-05-12 07:00:00,4713.417834014077,3259.137132435559,386.2796271906868,3744.958582365135,875.898993116012
2030-05-12 08:00:00,5111.569140001968,3275.4531371558705,390.8248146538423,3735.903479355927,909.0836142387952
2030-05-12 09:00:00,5075.003504121113,3311.611905660028,380.5178811622824,3729.0665541017847,942.5605803333092
2030-05-12 10:00:00,5254.884198893942,3240.5954328024204,382.7821046483252,3720.0936184589455,939.8789639940786
2030-05-12 11:00:00,5156.013458330212,3235.516553421241,381.37383304883207,3754.3681799642254,918.4271634319527
2030-05-12 12:00:00,5070.167208950961,3098.7212354366875,371.83818200540463,3661.449368453952,886.4729148660656
2030-05-12 13:00:00,5200.0403363646565,3170.407790007162,376.593646010418,3661.036515376482,889.023919877771
2030-05-12 14:00:00,5137.464014568275,3200.7153632764894,383.756499569702,3695.597965647069,862.1026814852469
2030-05-12 15:00:00,5265.153584258593,3170.669533030253,384.61393505647936,3723.4719724466136,874.1154486525231
2030-05-12 16:00:00,5225.815296545634,3367.111112116013,405.97757247894265,3741.614690775079,916.5095807756406
2030-05-12 17:00:00,5295.750888133817,3493.435084514605,426.4486102812115,3889.820220723677,970.4861199997612
2030-05-12 18:00:00,5336.011631809521,3495.5320363853857,441.92142590732254,4040.350467113404,991.0109510135728
2030-05-12 19:00:00,5294.9929310753305,3496.148304025398,455.9194729228788,3983.391995606735,1000.3154654596808
2030-05-12 20:00:00,5276.578303594984,3480.5936000300703,448.0672304807402,3924.9330867286753,988.8089185599626
2030-05-12 21:00:00,5217.563396320282,3339.6874000570183,424.4960553529302,3857.129036582349,946.3076575987192
2030-05-12 22:00:00,4900.130981000282,3102.801112462224,379.6967485655565,3616.310675970332,850.9490040578912
2030-05-12 23:00:00,4496.369594136537,2938.836964371032,355.24917945480166,3491.6857910826807,731.6829510741742
2030-05-13 00:00:00,4449.987584303434,2805.4932832017967,331.54189625060746,3426.990272186885,661.3385118851589
2030-05-13 01:00:00,4455.641218051294,2800.419982696877,320.52645418908673,3348.866793116004,629.7711627133734
2030-05-13 02:00:00,4388.896190012679,2780.812265177094,321.7579797825609,3378.786961099282,622.9219844473968
2030-05-13 03:00:00,4249.387367232471,2796.334137135196,314.4887762623952,3348.529658476546,616.0092987627945
2030-05-13 04:00:00,4393.689503185505,2875.769371122018,323.1418552139695,3403.3516799578338,617.8342340417537
2030-05-13 05:00:00,4496.483314576823,3150.787665326571,352.0337860927897,3461.660141185048,646.4222142330823
2030-05-13 06:00:00,4647.231186143701,3215.0577682482667,386.7471128323888,3729.853858737782,762.7191190160862
2030-05-13 07:00:00,4918.344922886826,3304.5136174506783,385.7475697802825,3749.337095387978,889.3921340017415
2030-05-13 08:00:00,5137.132421227023,3353.06840838557,390.1089233269913,3788.875193053416,908.2103368992122
2030-05-13 09:00:00,5320.077211103112,3264.661526008956,389.7605764240466,3792.2186132261527,927.7336966920774
2030-05-13 10:00:00,5359.149365895258,3304.542766110575,386.7225476616083,3819.102906849857,923.694846145164
2030-05-13 11:00:00,5273.012647045642,3201.121276479341,385.6454215718458,3705.115502772012,916.46034594272
2030-05-13 12:00:00,5220.596121710806,3133.848629075119,375.0312380005794,3664.5656434737552,894.2706854457754
2030-05-13 13:00:00,5371.36058112833,3253.0093968268334,380.2837832402457,3735.2579436613673,862.9957985364318
2030-05-13 14:00:00,5347.298339585936,3217.829249779923,387.6004345552438,3637.7092105749657,880.0549083370951
2030-05-13 15:00:00,5416.332661790646,3310.093595680241,389.0534189110348,3693.712346020868,895.9847175214671
2030-05-13 16:00:00,5444.355138345274,3377.31135373975,403.8859910663378,3802.241145140119,929.309930069537
2030-05-13 17:00:00,5487.802577647454,3498.5704148794384,433.4149713498288,3892.451452934795,968.9718789798336
2030-05-13 18:00:00,5543.193898098671,3565.5775986106805,436.6230855508679,3972.5236108166623,996.8246862816868
2030-05-13 19:00:00,5516.042415814008,3542.563949002734,451.6309010382204,4034.0416813579154,976.3559233409396
2030-05-13 20:00:00,5410.59746777927,3541.125706024942,457.27838637510257,3924.5226344364687,998.3186926129628
2030-05-13 21:00:00,5332.562137219933,3359.683605438228,422.8061894956091,3859.896316592137,943.1242609797504
2030-05-13 22:00:00,5099.9968595909895,3048.749262129704,389.27199156403856,3646.320381304388,850.0627539668776
2030-05-13 23:00:00,4677.451470086721,2951.5885265719257,353.84078307144176,3522.2454082721342,734.5279889068487
2030-05-14 00:00:00,4567.718253839552,2807.4080012211034,336.6109132876459,3470.011657735993,679.9551173013567
2030-05-14 01:00:00,4439.115214197147,2774.2488281325327,320.0684591910933,3349.0624964512726,631.1012560138604
2030-05-14 02:00:00,4380.965440697877,2772.398613535686,325.2654339937659,3395.234280262034,610.140224572618
2030-05-14 03:00:00,4419.387937871069,2780.638449826881,318.704964018547,3308.532323494086,622.2969727137926
2030-05-14 04:00:00,4245.443185390701,2887.964100872269,328.3951710742466,3342.5888901470826,616.0688567290705
2030-05-14 05:00:00,4482.220107916553,3168.6535058301843,351.54118890281774,3568.283128369004,651.109066176141
2030-05-14 06:00:00,4709.096469827018,3304.262435938902,388.6725813379604,3725.343473582717,771.1399720396809
2030-05-14 07:00:00,4903.9434061140455,3269.142516986192,387.0621785080852,3718.711896236168,887.5533760606302
2030-05-14 08:00:00,5191.423298705191,3333.782820547611,389.3964412803493,3821.664376539308,916.5105471591633
2030-05-14 09:00:00,5429.957820115683,3324.210986676176,385.1702717212754,3735.049740336364,945.2499736541844
2030-05-14 10:00:00,5421.54426079238,3254.1245903311446,384.56483914915606,3730.482288445434,936.080993858274
2030-05-14 11:00:00,5469.114577949067,3178.757929646717,390.5134750868281,3796.2392977167474,923.8834103967272
2030-05-14 12:00:00,5307.210284558733,3147.5971568135224,378.29211185909696,3693.336078527576,915.2796850952436
2030-05-14 13:00:00,5327.853355899993,3214.251998037844,380.662834034561,3733.34855612324,890.66787553161
2030-05-14 14:00:00,5403.119283494378,3211.049639399053,381.1219054887249,3697.9422326198223,888.3333776615434
2030-05-14 15:00:00,5307.7412052444415,3260.004812869387,388.65695213784056,3703.1246549105294,882.3961385539706
2030-05-14 16:00:00,5489.40421438231,3383.934514062029,406.1423234966192,3892.457288554144,920.9509605328824
2030-05-14 17:00:00,5593.001921037427,3615.86918924952,432.0845012485808,3963.9084825431337,969.1081764585796
2030-05-14 18:00:00,5453.993025556437,3539.9083378655423,444.95869703778993,3964.235887712996,997.055440093689
2030-05-14 19:00:00,5528.403605528653,3596.0112729468506,463.96133077238994,4054.6104104082,993.8977505582812
2030-05-14 20:00:00,5480.074671097301,3556.5902426419216,454.65964606769217,4058.5988434536016,1003.4976573941556
2030-05-14 21:00:00,5350.652814514081,3381.4223573305985,432.1692593381589,3900.02853306354,950.3698732290368
2030-05-14 22:00:00,5131.489222116687,3130.6405438045026,386.76286112545614,3682.123938519817,846.3635268217554
2030-05-14 23:00:00,4731.793898991743,2931.702038611186,353.81312407576434,3562.1586051856816,741.746075087006
2030-05-15 00:00:00,4513.252994142097,2838.0950037180337,330.1458705962356,3410.14837230971,668.1662674457738
2030-05-15 01:00:00,4414.726085877923,2762.0840431288507,321.72280628525573,3418.795679859849,651.1190865618861
2030-05-15 02:00:00,4300.007312935552,2751.874407706518,319.51211143997193,3357.1932215188685,621.3232257955522
2030-05-15 03:00:00,4296.896819946776,2779.401766722641,322.7135100820141,3323.683213188485,613.8257227418825
2030-05-15 04:00:00,4448.155267390076,2849.581487476846,325.7695230090167,3386.6988748395856,618.057856732047
2030-05-15 05:00:00,4569.073102034825,3084.3345007534244,358.3187687989937,3535.5138689393807,648.9131779684881
2030-05-15 06:00:00,4693.800431221334,3269.995736176791,387.28882589546026,3708.9221687220816,763.4127558384979
2030-05-15 07:00:00,4888.54625621206,3291.1006770007725,387.2652362103869,3796.746638004719,877.6582175564437
2030-05-15 08:00:00,5252.469648452137,3262.2151312500364,382.9267231542936,3776.9067456711578,907.1206010318488
2030-05-15 09:00:00,5437.53262962401,3284.514096089309,380.6692494029352,3851.087519323815,939.3672298162154
2030-05-15 10:00:00,5427.152662832099,3316.800133418756,385.3150523000404,3786.147571527868,940.3640314820256
2030-05-15 11:00:00,5491.745029776207,3187.149339840956,381.5259674362888,3766.7392908417087,945.70104173361
2030-05-15 12:00:00,5244.101948878785,3219.381435852324,381.8739289294127,3608.835721558719,889.9495776416563
2030-05-15 13:00:00,5317.163509239308,3235.3733097551917,384.7229371760901,3678.5865481178143,878.1492190994848
2030-05-15 14:00:00,5393.045713755524,3217.218656197437,382.0482685819256,3687.479412851872,874.3583660468586
2030-05-15 15:00:00,5389.4932660604245,3298.8033645788805,390.5617549703712,3684.3223221723697,887.129798758624
2030-05-15 16:00:00,5405.023071159217,3341.396838207755,396.7809084449498,3823.10885472321,934.3141859228652
2030-05-15 17:00:00,5579.417261823845,3481.822000264746,430.04954446750537,3935.659203333903,969.2690413256108
2030-05-15 18:00:00,5563.384988391802,3560.131058234566,438.0706201972999,3966.7160139560137,1018.4321439046082
2030-05-15 19:00:00,5579.697586941556,3573.4656691938426,451.8697706573888,3981.189784009193,987.7872910338796
2030-05-15 20:00:00,5538.926247762478,3573.469617134176,454.9861813798351,4047.975648861372,1005.7433536344486
2030-05-15 21:00:00,5451.799480806972,3402.203838503984,429.90497524838105,3858.731608518457,974.1992099527808
2030-05-15 22:00:00,5172.540315585708,3133.039014523349,389.5278377582295,3658.423657380088,861.0318707000232
2030-05-15 23:00:00,4871.285835358903,2982.702663692084,353.35929415374073,3544.6895076676474,758.2007285765249
2030-05-16 00:00:00,4556.9440501741465,2860.0483223608385,335.6628512575506,3420.4060454767814,678.7854463503148
2030-05-16 01:00:00,4340.188357186279,2792.904238278617,325.7628459206717,3370.3737021736183,627.5877757280064
2030-05-16 02:00:00,4390.323523496828,2737.261745737416,319.9647930496316,3342.8271342724606,612.5127360692467
2030-05-16 03:00:00,4368.9875677991,2785.86443944514,319.79280032911765,3335.6601682390983,616.7241657726415
2030-05-16 04:00:00,4351.433286889374,2908.3215032101025,328.6080130502325,3433.1981662902194,622.5283914583827
2030-05-16 05:00:00,4549.911556235632,3127.8301864057235,351.15533371047536,3484.579343531533,649.8475648645846
2030-05-16 06:00:00,4638.650305009232,3323.0808433893108,386.4957314825765,3723.551857373744,764.9568443771227
2030-05-16 07:00:00,4940.242400655865,3294.1664216182267,383.6172953028894,3767.7450849652455,890.6721240155002
2030-05-16 08:00:00,5200.117050438655,3333.797046896548,382.999460990886,3771.397400082074,938.3318268757264
2030-05-16 09:00:00,5381.719297407977,3321.6131297485645,379.0583500982282,3809.151201013061,936.9620357289282
2030-05-16 10:00:00,5502.681045350004,3318.4279551867085,385.9939523523436,3785.2074396304974,940.1061108558026
2030-05-16 11:00:00,5395.501295240531,3225.135522101009,387.8053287255035,3750.7860889536346,934.6054745143748
2030-05-16 12:00:00,5373.623248469365,3166.9048931526827,378.56027401854334,3691.944697339003,889.1641922804785
2030-05-16 13:00:00,5399.082808478172,3237.8815315431207,381.8274183413113,3613.0252607437487,883.9781510560678
2030-05-16 14:00:00,5399.610073646018,3189.536981719774,377.8295763306193,3737.1104214962006,886.2927516182399
2030-05-16 15:00:00,5362.972910757427,3309.130281301164,390.2747555266041,3761.590558826468,879.6107445365461
2030-05-16 16:00:00,5505.503424653427,3400.691185663363,400.1928265507476,3803.449359733621,920.2571338899417
2030-05-16 17:00:00,5525.1312591109445,3519.334142971454,429.5957149582754,3968.770227722431,968.1959686687352
2030-05-16 18:00:00,5536.579942962938,3604.103897825296,454.2434855058053,4011.9176727235,1001.0258750163538
2030-05-16 19:00:00,5663.15545325453,3578.8883459579865,463.8087332838789,4082.6765544497343,997.7939046522542
2030-05-16 20:00:00,5586.084622507062,3553.976032204099,449.9687423425063,3974.549881142393,1001.496445343399
2030-05-16 21:00:00,5406.297382727307,3254.63469482894,430.0870983467777,3853.571212442072,968.1350151070634
2030-05-16 22:00:00,5125.894533983287,3131.980289479383,383.7653061285645,3715.55020956928,881.5640917162967
2030-05-16 23:00:00,4800.021514027065,2934.9737377573183,352.5797342386747,3558.007057379767,758.4441325926482
2030-05-17 00:00:00,4471.450133326278,2810.216669379909,331.1933281035858,3497.2400868336244,668.4461174611362
2030-05-17 01:00:00,4377.651134134462,2812.8623417724534,330.58876543690207,3441.608498218926,634.0085157846524
2030-05-17 02:00:00,4433.848423916195,2818.386387728898,322.4038859302018,3361.2335280090456,620.9866452158683
2030-05-17 03:00:00,4401.378346617752,2801.4164046646347,320.2018706924721,3374.223809667893,625.4243970182716
2030-05-17 04:00:00,4440.293053754732,2851.5885737045364,323.0505804680681,3401.1756533298585,616.4656360607224
2030-05-17 05:00:00,4472.959610203632,3147.1136657830057,351.7284568929879,3464.64331730687,655.8748013051197
2030-05-17 06:00:00,4687.412965595608,3312.969541221323,384.4699180032617,3744.1556555094858,763.0556447925816
2030-05-17 07:00:00,4915.344234410195,3240.733072081655,394.823376307538,3738.9704826589855,883.2835144836583
2030-05-17 08:00:00,5236.699027796169,3318.82465494179,388.23396953216456,3803.7947116571872,911.5743004906057
2030-05-17 09:00:00,5566.440314551863,3258.035975542645,383.3345814055877,3844.155608134266,957.2173945466895
2030-05-17 10:00:00,5517.441774590162,3280.390530346371,392.1409209549645,3818.038277786943,921.3748720427516
2030-05-17 11:00:00,5411.156561214486,3293.512528625205,386.93914039448896,3739.2019690352313,935.326332504312
2030-05-17 12:00:00,5354.189912242753,3150.28703480073,383.5684876263368,3675.98623739392,888.7901429298867
2030-05-17 13:00:00,5391.506997307613,3209.361748111243,389.739213323861,3666.650183973165,875.7527955059257
2030-05-17 14:00:00,5457.060397208324,3283.831601254265,385.5516873343073,3740.626200753197,876.1061893620758
2030-05-17 15:00:00,5437.500623322847,3263.0886957463517,385.3541047951754,3727.112978675809,880.0515537084716
2030-05-17 16:00:00,5504.687228595471,3398.0732967150866,406.3522497260423,3835.685975223077,933.4284483165854
2030-05-17 17:00:00,5534.583998476748,3507.9406041439897,432.5557500106479,3954.507836132901,983.34721252746
2030-05-17 18:00:00,5532.416159798429,3567.2126653134064,442.2150376428701,4054.002211630696,1002.7166545474264
2030-05-17 19:00:00,5636.971432072207,3554.393557617424,457.8875486562678,4009.0213746365,1008.6629487220724
2030-05-17 20:00:00,5482.244129035063,3570.6408792777065,456.02909705427874,4040.7277226860338,987.0086803793436
2030-05-17 21:00:00,5392.798259999003,3342.782742087987,426.4395638393191,3850.8844862692936,963.437050031423
2030-05-17 22:00:00,5085.834564949094,3207.241737930524,391.8501666941445,3696.7651562025662,870.674324454108
2030-05-17 23:00:00,4821.896390463557,2931.677428482711,355.40623022119263,3550.3035777755226,748.989825215446
2030-05-18 00:00:00,4546.208567830479,2783.8764079044195,333.02115194007354,3473.673935974938,668.5473668904424
2030-05-18 01:00:00,4445.768520628602,2769.883862259955,327.9492142058139,3397.070100850756,643.5453016925102
2030-05-18 02:00:00,4328.120858394363,2747.3859487438312,322.71562654452623,3288.577216301924,611.2551329063189
2030-05-18 03:00:00,4403.341522149195,2812.973898901503,323.403401759728,3359.2564331554413,611.711842195175
2030-05-18 04:00:00,4293.845027643609,2877.8672378295005,328.45372600232315,3380.047420246247,623.2067060181397
2030-05-18 05:00:00,4533.250294506995,3094.0844395420945,359.14018058439564,3481.4385187766347,652.7751680754843
2030-05-18 06:00:00,4663.550549585387,3292.4854226512903,384.7242199709633,3634.483876879128,773.52657260141
2030-05-18 07:00:00,4880.354516626627,3239.840760013289,383.0830723229346,3756.778247330514,875.3176451003729
2030-05-18 08:00:00,5228.199844964644,3294.361122257305,394.5693074206836,3741.1059377972088,930.9933234100994
2030-05-18 09:00:00,5391.678007048508,3261.1037526633004,385.2488563250286,3807.29064305666,925.7313397854712
2030-05-18 10:00:00,5526.412065865381,3257.5898961394973,387.49562510065806,3755.8801445405625,913.0943882103886
2030-05-18 11:00:00,5295.949661817295,3214.7938015007835,386.098532556097,3754.296712214324,923.0165487716508
2030-05-18 12:00:00,5176.84768482782,3210.9325452715248,383.4657783957712,3736.858613412645,889.8482244134294
2030-05-18 13:00:00,5303.688726615183,3206.6166813051213,380.5713611703549,3691.7426004542817,885.8366793093445
2030-05-18 14:00:00,5283.402466637052,3219.763718435063,377.007642639848,3721.912878029354,867.999281326597
2030-05-18 15:00:00,5335.53660797785,3315.429490829271,390.9207898483001,3780.0868313027554,870.782147462924
2030-05-18 16:00:00,5448.729647880486,3428.6053172196725,407.4486330781716,3755.878508541744,909.5340459222276
2030-05-18 17:00:00,5613.397334697024,3495.3262518003908,431.2696711326106,3913.060244448473,982.2816990647448
2030-05-18 18:00:00,5525.108580871584,3566.8445847531634,443.121488736011,4044.03975881952,1003.7882196704646
2030-05-18 19:00:00,5558.113303548848,3573.73266575304,452.339501213572,4125.589956500135,997.8819645583396
2030-05-18 20:00:00,5537.46288339786,3598.9851712305776,453.6771040416053,4043.0170706856215,991.3503682516648
2030-05-18 21:00:00,5350.57102959024,3356.9943265667043,422.6554927457923,3807.155390014163,963.1331180852198
2030-05-18 22:00:00,4996.658758777628,3146.433010108679,380.6023551918688,3672.703820071352,863.7959007622202
2030-05-18 23:00:00,4723.881913681928,2964.582577462116,355.9456808403133,3545.1044210597643,732.2454378623407
2030-05-19 00:00:00,4338.040513536095,2802.735210111188,336.9264831836345,3470.7671316744068,657.1523453847177
2030-05-19 01:00:00,4233.518120865121,2720.334619656219,321.3967547336633,3360.3544295743795,611.2062100254113
2030-05-19 02:00:00,4232.812328441519,2704.430897040552,322.43735168928305,3319.4625943124897,600.1877221056498
2030-05-19 03:00:00,4171.761210617896,2825.542195694929,315.6606454610849,3341.133276388358,601.1700170679795
2030-05-19 04:00:00,4228.305783133654,2838.81783407985,327.8121171592963,3363.971675230746,619.4587656924585
2030-05-19 05:00:00,4313.083870697561,3073.6759811041507,354.10924953717785,3444.3966432804946,643.5464743787876
2030-05-19 06:00:00,4513.76410338119,3247.2641078680376,388.5628361672216,3635.369740768269,746.3859330731601
2030-05-19 07:00:00,4767.209469902089,3231.559139257745,391.2595111720966,3723.1210828804574,883.7637994570046
2030-05-19 08:00:00,5087.836794999663,3283.2579516723463,383.4205595145611,3733.660692492744,923.6811660346156
2030-05-19 09:00:00,5200.56604804464,3307.8313787864736,382.95719601115104,3751.6549709278825,934.5336180970518
2030-05-19 10:00:00,5314.926203348945,3232.4489770613604,381.1227406616648,3822.611268546335,913.1117448221328
2030-05-19 11:00:00,5233.862294126076,3167.163443175037,378.7983244575186,3795.7183124639214,934.8996744823306
2030-05-19 12:00:00,5088.649847000922,3153.301170779977,372.1778883723645,3666.403470477546,896.4069212644993
2030-05-19 13:00:00,5212.822148882723,3212.5620064757813,385.59514023701024,3651.987100732216,883.7492827964555
2030-05-19 14:00:00,5300.971389669536,3174.38882682494,377.9431811898705,3641.559673305255,863.2748528192064
2030-05-19 15:00:00,5145.558362136431,3199.568393109878,385.0886274647302,3759.601590023048,882.9670123621112
2030-05-19 16:00:00,5242.75122722067,3358.793935536642,405.16170944070217,3757.5831044592674,900.7345433009724
2030-05-19 17:00:00,5387.137718517549,3472.9717540780493,428.0504638589449,3926.239368528671,944.6608500229372
2030-05-19 18:00:00,5327.112105892774,3497.048659991667,450.3233402540224,3957.5943242273697,977.99968181648
2030-05-19 19:00:00,5367.144757990203,3564.20596790836,455.9278522750809,4031.325214765732,1002.9348119337373
2030-05-19 20:00:00,5377.870691006817,3507.714864507672,453.7180528119762,3928.17134234429,990.8180443127292
2030-05-19 21:00:00,5168.009677038838,3339.621127169132,423.3479172568992,3879.413107065672,957.4650742162934
2030-05-19 22:00:00,4937.590751822915,3056.99319242771,382.1550536078945,3667.76831566652,853.6567848726522
2030-05-19 23:00:00,4544.810424492325,2948.819880064532,351.0105962733503,3490.9370253425823,726.3841834802175
2030-05-20 00:00:00,4567.11501702744,2869.996484930969,337.26884147715,3410.4668487780486,664.8707935940217
2030-05-20 01:00:00,4360.517636778109,2802.608435642322,328.4776120507368,3352.337730774864,624.1565989877087
2030-05-20 02:00:00,4374.8276513488745,2706.1095135429914,322.5238586567937,3340.2443225588554,618.313247747899
2030-05-20 03:00:00,4217.588890542906,2800.853762200022,322.0951628280906,3394.076207806754,614.6207421155979
2030-05-20 04:00:00,4341.358078271291,2873.142777971623,326.98042830120727,3329.9084432978107,633.1617159690134
2030-05-20 05:00:00,4481.295300527318,3019.997726774676,357.10935138015645,3516.9874485587648,661.6813837167085
2030-05-20 06:00:00,4698.483151971927,3313.99764671006,390.1981724377607,3706.903102146544,763.12830031051
2030-05-20 07:00:00,4866.45891870506,3260.861835602579,386.15544337264765,3723.7585378006415,872.5695211377874
2030-05-20 08:00:00,5113.280822699623,3337.519204710913,377.4079019110586,3738.7341812866616,921.188964530725
2030-05-20 09:00:00,5379.571580691014,3286.837483677824,387.0980535933585,3790.4710297258575,933.4319488280108
2030-05-20 10:00:00,5291.5303204826605,3283.869064068354,378.4837722444794,3877.73263032978,951.98340632903
2030-05-20 11:00:00,5311.649399382002,3191.139863715872,385.9956084278834,3793.598063004147,945.6581460805866
2030-05-20 12:00:00,5269.222579830723,3177.945046479249,388.3978582808845,3647.6472356743607,912.8422584915614
2030-05-20 13:00:00,5265.087590941496,3150.971499703244,383.5835474087968,3736.306083613263,884.3681346339835
2030-05-20 14:00:00,5383.584068184579,3260.6097590290683,376.51581327683857,3673.657504532222,865.9562539261043
2030-05-20 15:00:00,5417.622933192124,3342.353177584794,387.6002886367002,3715.068449832571,901.0771987654714
2030-05-20 16:00:00,5495.965526813806,3485.0706281566618,401.68336923285534,3868.066477207097,922.6366932931878
2030-05-20 17:00:00,5582.534349620581,3482.8606407612847,429.40135195083167,3895.00742359942,961.3250705499548
2030-05-20 18:00:00,5525.257249110722,3544.8420961086576,444.2581583224193,3993.114782540415,983.154743295931
2030-05-20 19:00:00,5570.141052318113,3599.1479352342685,453.10473229033073,4018.763761934405,998.9826353908109
2030-05-20 20:00:00,5527.207161052393,3545.9381216269826,461.3563162683177,4002.753896543967,992.7800907891184
2030-05-20 21:00:00,5365.2281684122345,3415.940161338224,425.7744060972157,3782.568073505663,949.1263785327084
2030-05-20 22:00:00,5041.587354711218,3110.5649355611367,384.03357660353095,3649.372397690976,868.758714461896
2030-05-20 23:00:00,4750.113313422632,2937.8893092747803,353.9993700008035,3506.863633068669,730.3628318433655
2030-05-21 00:00:00,4588.035503028237,2845.464978330095,333.5199290602096,3420.9122453819527,676.1219290015284
2030-05-21 01:00:00,4481.004545173526,2741.990213796753,320.0199273777813,3392.3741326625386,620.2622486388481
2030-05-21 02:00:00,4398.438817202908,2750.715699171616,324.4191724446632,3345.7636774123303,619.824494795626
2030-05-21 03:00:00,4321.062870105448,2801.868517307648,315.8878837192939,3365.31329373614,618.9356087106169
2030-05-21 04:00:00,4312.80199718168,2887.183571673855,326.4106382080196,3355.438454800656,617.9599015485735
2030-05-21 05:00:00,4513.581730085292,3141.6197188691053,358.9502072927657,3513.209553283417,651.3656596087958
2030-05-21 06:00:00,4723.2471078313365,3272.728614074318,388.9057764432406,3686.7999384388927,760.0542360156875
2030-05-21 07:00:00,4990.60502718747,3273.511226869441,388.1907405695955,3765.8861117642696,874.0706255971485
2030-05-21 08:00:00,5136.386983887969,3292.913677313853,391.913296665262,3764.091808336209,916.0108266262212
2030-05-21 09:00:00,5381.648534569808,3325.1218620962577,382.9660948463558,3720.274666030096,918.9893115068992
2030-05-21 10:00:00,5477.517933440046,3308.134081135781,393.585971559556,3728.32268719115,938.32310818802
2030-05-21 11:00:00,5373.630724564496,3205.923910201506,383.33250263749466,3720.619534151036,949.605500545314
2030-05-21 12:00:00,5267.266155903103,3149.5290799365453,382.13289855636174,3687.2979341010314,881.899647203671
2030-05-21 13:00:00,5365.379823952854,3207.821363062901,380.3792811923381,3726.698191506316,873.7401150470326
2030-05-21 14:00:00,5352.283012701376,3242.3885673311183,382.8278580319728,3688.84498344106,882.6744311115399
2030-05-21 15:00:00,5328.636067117555,3278.5131102544065,392.2489522947553,3750.26558203712,902.6375398875788
2030-05-21 16:00:00,5412.401042388577,3408.2403384340714,409.76862137077205,3865.741399910173,932.1374804961184
2030-05-21 17:00:00,5508.128747961588,3447.3684008019804,445.46118399011226,3990.349254337894,971.1695131674072
2030-05-21 18:00:00,5486.117410475938,3629.207266576144,448.4886976011881,3993.399312451424,999.0880649469408
2030-05-21 19:00:00,5579.286178283572,3566.6139585650853,459.1619242075061,4030.358394305792,991.7782884904404
2030-05-21 20:00:00,5544.27040387991,3533.7875048557926,459.8333439799831,4050.781819238605,998.7817041745644
2030-05-21 21:00:00,5325.679346999913,3428.761780296202,428.9093425664606,3944.351186416184,964.478549232946
2030-05-21 22:00:00,5120.637695455077,3170.386609540122,382.138822826552,3687.9412167827727,854.1558610509346
2030-05-21 23:00:00,4690.359779363438,2910.338023217816,350.6584501908873,3518.885520515268,744.4325633814861
2030-05-22 00:00:00,4503.967569705688,2833.2390062375184,331.43355373445394,3400.5099795854185,664.4103029997717
2030-05-22 01:00:00,4463.589272806051,2772.366245695395,323.31772377698417,3345.276797635883,642.4938988752509
2030-05-22 02:00:00,4417.474738214466,2739.39777017151,325.1602163372735,3395.869403540086,627.4623878024835
2030-05-22 03:00:00,4311.224611771821,2823.53523131506,318.04603663307586,3342.189818078844,600.3562879537465
2030-05-22 04:00:00,4411.474042155691,2833.3802485829083,327.04849573061927,3359.6024470251846,627.7821477553216
2030-05-22 05:00:00,4589.333186978273,3124.9980963602115,350.11725701188783,3527.024707307421,656.6070923193726
2030-05-22 06:00:00,4683.09818496207,3303.0687426213326,388.1521383299921,3684.4400748484727,755.3463054322158
2030-05-22 07:00:00,4881.3743462972925,3309.40189628154,378.1926311021664,3734.636598356421,903.1444897867972
2030-05-22 08:00:00,5188.229444465816,3341.441810523662,391.7987689115346,3769.5818993088815,934.4954256248748
2030-05-22 09:00:00,5421.315033072076,3393.7717467666253,390.8294685385288,3773.714355943479,929.2115777803162
2030-05-22 10:00:00,5436.155591826037,3325.356067880032,391.1828816073893,3815.270352502057,942.5793065194318
2030-05-22 11:00:00,5385.61716035144,3230.624752070191,384.565679059914,3692.3814929745217,914.2267630061306
2030-05-22 12:00:00,5342.266789408044,3238.320350269534,379.676402823207,3728.030057701804,891.5796079003351
2030-05-22 13:00:00,5310.929378414617,3114.529578952898,383.5315910925744,3624.7115894596154,895.4750216631497
2030-05-22 14:00:00,5431.155419059298,3242.944405145006,385.5950599273983,3701.319816541201,870.9299673356701
2030-05-22 15:00:00,5456.424068208199,3270.817332731528,388.25909499585305,3693.468737606335,892.7319789258796
2030-05-22 16:00:00,5628.996666061866,3397.59142461465,411.1187994097946,3806.7142472656055,934.1360804188898
2030-05-22 17:00:00,5578.27352182334,3522.172499205386,427.5593091819187,3889.426090385037,959.4860560985276
2030-05-22 18:00:00,5565.607624929022,3547.597510119953,446.4247343483804,4049.056013432298,1000.9543122224086
2030-05-22 19:00:00,5593.189661698459,3603.076739418411,447.92490325691625,4091.7359595758,1010.2472566294414
2030-05-22 20:00:00,5655.533340543744,3475.0503553775006,450.9299167974857,4122.6233587692,1003.9943931074342
2030-05-22 21:00:00,5415.94430062946,3348.1627979579603,433.583152621817,3855.31062630279,967.8498972344668
2030-05-22 22:00:00,5108.940274025278,3168.0089374348104,381.24650412248087,3694.216084798589,857.5267756315752
2030-05-22 23:00:00,4759.885854541227,2920.742786093656,351.5985021753076,3589.892481076126,754.4279728280553
2030-05-23 00:00:00,4624.7800580626645,2905.167552644422,332.4103290940525,3451.9769516780666,674.2244920934249
2030-05-23 01:00:00,4423.465171734533,2764.055371847139,326.2363147772092,3351.948567773044,639.848265231644
2030-05-23 02:00:00,4450.673842676235,2773.175775204444,327.31646460898776,3361.584089057852,622.5348537806562
2030-05-23 03:00:00,4407.991824053591,2805.693363619826,316.63658276967953,3391.3757309099865,617.4247097694779
2030-05-23 04:00:00,4405.113319290141,2889.0985075277404,321.79289414852343,3404.903326069828,628.1910329995272
2030-05-23 05:00:00,4645.571914954386,3097.6923859462645,350.61154975771325,3556.9165173525626,648.8317391368923
2030-05-23 06:00:00,4785.518545781152,3322.311722999704,390.7881304913361,3735.979427851831,768.8305900325746
2030-05-23 07:00:00,4916.147371914776,3307.593175008479,397.6180009945024,3811.4027047708655,880.8402548516334
2030-05-23 08:00:00,5329.420469760762,3390.4125836412595,391.9273402953421,3814.573584305542,915.9552569284876
2030-05-23 09:00:00,5386.695135892369,3295.2343261399974,382.9634777281747,3790.7973966976992,937.87129780867
2030-05-23 10:00:00,5476.05939720541,3333.800957384776,386.8673277332963,3785.1668080554464,937.4569707229484
2030-05-23 11:00:00,5443.75744031292,3293.0039756870065,388.5471809163956,3776.675714287247,935.3477034647304
2030-05-23 12:00:00,5380.009545370938,3242.117360851001,379.9536235856639,3820.887022608712,890.2113881934664
2030-05-23 13:00:00,5428.5520364045415,3217.9444721375985,386.6130202070837,3691.883834984517,896.9212989649255
2030-05-23 14:00:00,5427.24006958425,3292.8392107509667,386.2469886363352,3719.235794917044,875.3868070077053
2030-05-23 15:00:00,5487.681270858103,3289.4039086062226,388.5507937932066,3708.5561920424793,885.4839113652224
2030-05-23 16:00:00,5420.1462507110855,3416.7403937680606,402.6394466938252,3780.4473564161385,933.3059276701664
2030-05-23 17:00:00,5606.675274041892,3463.726215414649,433.74806039198063,3961.740296472315,975.2607831080988
2030-05-23 18:00:00,5444.2188176727805,3564.3596260275444,444.2491829506664,4065.111864305437,1008.51825215507
2030-05-23 19:00:00,5629.33171432239,3556.841179893581,449.740765570146,4043.355286615618,997.9032113169684
2030-05-23 20:00:00,5499.008336256084,3553.3907099459107,449.6892414201856,3953.082463857198,1005.3018421421992
2030-05-23 21:00:00,5484.005964068508,3348.343468548119,434.82772110415095,3877.982161243389,968.5974662677512
2030-05-23 22:00:00,5124.796129282216,3142.026825973204,383.7937756866594,3699.5326868392617,861.055063374844
2030-05-23 23:00:00,4802.3062916453855,2948.4168518506576,364.1309074512142,3504.20025117813,755.2547732697938
2030-05-24 00:00:00,4526.866323810663,2813.068915730996,330.5066361833813,3420.896757296058,672.046526677014
2030-05-24 01:00:00,4436.403347955904,2761.078225575114,321.38201601714684,3373.420770431791,637.0865997102644
2030-05-24 02:00:00,4356.484888119067,2723.6452288692512,333.9895486101552,3346.6967069275265,616.831032969366
2030-05-24 03:00:00,4367.38417061362,2822.2289878342344,324.3258357711986,3370.3252354287183,606.3504225891041
2030-05-24 04:00:00,4435.864732056413,2878.306125758322,332.517595103956,3405.5219330540885,617.7025165528457
2030-05-24 05:00:00,4539.324015259432,3149.446151148732,353.6271681254865,3495.489937650561,663.9205081369196
2030-05-24 06:00:00,4872.038255301085,3247.208485519692,392.05328843379925,3704.329378036465,761.7055043253719
2030-05-24 07:00:00,4831.352574141145,3264.914024917595,389.1935013546937,3698.882897004254,899.2238508860336
2030-05-24 08:00:00,5234.025684654783,3334.72530624677,392.5694795691115,3846.653577268208,943.1843044252818
2030-05-24 09:00:00,5381.253913280127,3244.536408415109,389.5348639400244,3801.7525925163263,938.9706865441586
2030-05-24 10:00:00,5529.395139083727,3330.2923442331157,385.2329466820075,3815.385541319408,941.0855829819056
2030-05-24 11:00:00,5449.98892664615,3274.8067993330787,387.8108909874514,3749.122302735343,918.0414038059404
2030-05-24 12:00:00,5275.695926190575,3182.304311522469,388.5169440342464,3742.512861162988,897.6330449837156
2030-05-24 13:00:00,5348.411587016475,3232.630110039752,383.43122457272096,3672.939933664909,888.4924716509169
2030-05-24 14:00:00,5290.7470827225525,3219.043723595664,384.69341186014697,3699.560072094975,895.7643905088374
2030-05-24 15:00:00,5462.845266166338,3319.7690449100787,389.6285072629035,3708.271000793234,884.0982142759023
2030-05-24 16:00:00,5520.202060423744,3461.957012623328,406.3416545352958,3810.861486894359,933.5052122679052
2030-05-24 17:00:00,5585.607886853443,3442.666952946262,431.3796368579904,3943.4221099683928,972.7537834051824
2030-05-24 18:00:00,5575.984094598704,3532.429540016423,446.1333630553789,4000.514300010917,1005.0945998692904
2030-05-24 19:00:00,5539.600147833831,3594.897307748297,454.3464044011103,4058.032728629511,1014.3946668830728
2030-05-24 20:00:00,5525.457721558072,3559.385144738128,453.5150497763967,4045.1359286536567,1004.9275276888932
2030-05-24 21:00:00,5392.596986301077,3381.8788377962383,433.4882272036127,3901.340147881062,950.5119841752946
2030-05-24 22:00:00,5130.743775495987,3140.292167708176,397.5934477406226,3650.304881866048,859.4823971295508
2030-05-24 23:00:00,4859.948033349895,2912.502859715148,352.0692124588703,3527.5615328685035,738.1353644616244
2030-05-25 00:00:00,4474.314166934328,2807.3923235970283,330.02234704750293,3397.3084883599413,668.8504135157837
2030-05-25 01:00:00,4405.429542834908,2813.752705745934,328.90696303705084,3375.769779482702,624.773441698168
2030-05-25 02:00:00,4398.000198912515,2745.758965265163,318.35518591083013,3409.970633538437,623.652531195753
2030-05-25 03:00:00,4304.240034553256,2781.0575754541824,324.8024572747601,3384.0866193351867,615.6315949018461
2030-05-25 04:00:00,4278.884872505258,2911.60423862123,329.6409550321426,3349.7051058002767,628.5047526703767
2030-05-25 05:00:00,4461.113821034294,3090.0716175841576,350.6043780965285,3490.6570622951767,646.989628674516
2030-05-25 06:00:00,4691.672065708187,3280.6508620511854,392.52236537641033,3694.080419532395,770.3251357396771
2030-05-25 07:00:00,4898.495930115842,3251.5705921181616,388.22059069252026,3787.523403871908,869.5287287554702
2030-05-25 08:00:00,5239.683570006056,3327.625730120445,393.6698602775841,3789.135864024053,932.2308651260934
2030-05-25 09:00:00,5437.883512712248,3299.803534494387,388.1646988698423,3732.564664721961,949.642491832037
2030-05-25 10:00:00,5384.755074811839,3233.902531526855,383.2516480036149,3848.6282416154,927.5883401463146
2030-05-25 11:00:00,5346.893446677468,3235.2788911886346,384.0193565446687,3746.0416121926,929.3148354610482
2030-05-25 12:00:00,5304.1207018140485,3208.725067409167,384.1997382863983,3686.117243179721,877.9914646933886
2030-05-25 13:00:00,5375.261291649545,3196.180617979005,384.1789675937766,3635.42928987992,869.3507424343404
2030-05-25 14:00:00,5256.669114014399,3241.906122819991,387.3295870037219,3668.626138243716,877.6543798764651
2030-05-25 15:00:00,5339.16839208579,3320.875887347221,387.2760554690587,3784.8796649476303,886.5863366482133
2030-05-25 16:00:00,5478.049745183085,3361.28924556,399.5944290308733,3814.141709823221,922.252448933349
2030-05-25 17:00:00,5558.431695857435,3571.814488721968,427.6213370502591,4001.0680549087874,976.0764878372684
2030-05-25 18:00:00,5488.343689106252,3596.3522269672467,448.17206413591504,4131.264409146634,1003.4163752364892
2030-05-25 19:00:00,5586.51283109331,3593.015409299612,457.0500280976188,4038.684966149437,996.9222678637884
2030-05-25 20:00:00,5448.385812675411,3531.196776067498,447.8278855973808,3913.090829960977,983.0501159594132
2030-05-25 21:00:00,5385.05978470891,3240.173561682981,438.5771254602468,3925.7133421582103,961.6370686780338
2030-05-25 22:00:00,5033.585777380129,3096.2651766214817,385.7169242820388,3693.572980566553,870.6720583460184
2030-05-25 23:00:00,4676.18400931544,2988.9212471938986,355.0427592034193,3480.8743919240665,732.8062575802167
2030-05-26 00:00:00,4333.386653288941,2808.943207382371,338.3018971760665,3444.955271376892,661.4776174391568
2030-05-26 01:00:00,4285.047168369016,2718.709346106164,323.27953334658,3386.4708577773968,631.4657916776868
2030-05-26 02:00:00,4220.723058164458,2725.159040999138,317.11299267756266,3365.0345721985973,599.1753612617944
2030-05-26 03:00:00,4186.910412353062,2785.080313530773,324.1954456722568,3356.9085929551925,616.3351230585905
2030-05-26 04:00:00,4282.377257110919,2803.102403315094,324.86706182602694,3329.966906386176,621.2800465220199
2030-05-26 05:00:00,4286.141187949995,3065.846613102924,351.2211100156958,3532.9004639901477,641.5132577438442
2030-05-26 06:00:00,4583.655876547614,3293.973454240132,389.00891223617015,3636.430048212597,769.8477909073506
2030-05-26 07:00:00,4640.949668265933,3198.5700180131416,385.0193730226298,3777.779765917457,882.718044657731
2030-05-26 08:00:00,5050.026016194229,3271.360103952311,396.9490050796092,3792.8052911648624,906.0013929848644
2030-05-26 09:00:00,5146.50949329725,3279.485725662224,385.2234369179984,3768.868231283512,929.7784834692668
2030-05-26 10:00:00,5264.083075653674,3261.1615514611835,388.20851730399113,3781.686702697806,949.9145347163736
2030-05-26 11:00:00,5150.80072524942,3213.924212196356,387.1439442416303,3709.9777863898703,925.5012761792204
2030-05-26 12:00:00,4991.865510903724,3135.1661224774984,380.8762724609225,3647.69524628564,883.8452373957798
2030-05-26 13:00:00,5032.088306306811,3216.3780375336905,379.3057188950365,3678.359582686938,890.4726281952958
2030-05-26 14:00:00,5172.557670792277,3096.673288238833,380.47588448514,3658.005046835465,864.0379605018833
2030-05-26 15:00:00,5201.593011156643,3247.824597665061,384.8889960068914,3747.568706847419,881.7747406462607
2030-05-26 16:00:00,5275.365857134419,3354.221167337977,407.4788637625681,3800.308824820459,905.4811061014178
2030-05-26 17:00:00,5254.976007376361,3381.1414628829552,434.5128427255551,3925.455057257093,961.8928095495488
2030-05-26 18:00:00,5274.597285030122,3550.490736610119,446.1592727437151,3974.608466770772,975.1137251635412
2030-05-26 19:00:00,5401.35254158117,3557.910576600841,451.05016150131377,3979.58487136185,994.7752868198172
2030-05-26 20:00:00,5287.165089802006,3528.83684025403,456.2471268965557,4010.358522928867,972.5713236025086
2030-05-26 21:00:00,5258.420830109726,3259.179157682433,425.2582098742747,3854.651453876795,976.6858477608212
2030-05-26 22:00:00,4893.5546554773455,3044.390434821541,383.58652225814166,3676.965174000185,849.53943772308
2030-05-26 23:00:00,4600.970976129073,2948.4121904479007,356.45441399695534,3526.617294130657,738.434996538124
2030-05-27 00:00:00,4555.740912483828,2856.4056226314733,338.3709218338438,3391.8026660087435,665.4223504433971
2030-05-27 01:00:00,4444.318452220159,2742.4581713008747,323.98715742675984,3392.5740700885376,628.4821916744545
2030-05-27 02:00:00,4377.152937833538,2768.845222308953,319.8628287399182,3338.759722127269,618.39604147188
2030-05-27 03:00:00,4390.179736478053,2781.245977142341,327.8864551708245,3371.636007541216,616.6577650375497
2030-05-27 04:00:00,4364.389051507105,2871.7689465591043,324.7511102990624,3367.4376397938013,617.6961917111513
2030-05-27 05:00:00,4397.500017839574,3082.044676810579,354.5103980482537,3495.9668073160296,647.9444307162765
2030-05-27 06:00:00,4734.19420565248,3261.01231942063,391.2856457951328,3702.83330618432,755.4792196416877
2030-05-27 07:00:00,4889.62822266967,3276.6926717934207,389.8999726470444,3764.901465586105,887.6185867345121
2030-05-27 08:00:00,5223.021255459946,3286.7146720652872,393.1510737298348,3781.973036398606,929.356675364172
2030-05-27 09:00:00,5422.218448374109,3266.925936218921,385.0280782429988,3788.673679956081,947.3995077449704
2030-05-27 10:00:00,5416.671253483749,3256.485543587096,385.63249720468303,3833.502656885874,942.3859227753552
2030-05-27 11:00:00,5474.598357704037,3178.5726794783964,383.6278626713888,3733.529567081152,921.9787784055642
2030-05-27 12:00:00,5275.8123388565655,3153.4035389294268,380.39382575665707,3676.269112271109,876.5734048810297
2030-05-27 13:00:00,5225.350572588459,3208.337600711069,383.1178980328566,3656.7222312703,891.8643013573077
2030-05-27 14:00:00,5350.636721755879,3199.6114471878145,384.1901504101534,3698.195604066272,873.5902940684658
2030-05-27 15:00:00,5368.323197589752,3285.2356200819963,384.1411969195131,3770.0750500165695,897.2922017388864
2030-05-27 16:00:00,5419.408054814722,3382.7051400676955,404.040283639232,3845.535245126993,919.3591157422056
2030-05-27 17:00:00,5604.005216940899,3518.042956096704,430.9863302963858,3994.577539012957,980.4174568136108
2030-05-27 18:00:00,5549.538684635595,3549.751953911127,445.1799913186392,3940.816004309024,987.5033834115465
2030-05-27 19:00:00,5537.449176928816,3622.737627346016,462.4478627640429,3950.716170727224,999.7998344767972
2030-05-27 20:00:00,5584.97375301929,3519.104427385735,457.28283273839406,4049.578538348625,999.3922950419218
2030-05-27 21:00:00,5293.229287402389,3388.553981242844,423.91007727175537,3903.3681633354176,954.3843814224164
2030-05-27 22:00:00,5006.553310055362,3104.247571845498,387.2226322127241,3675.045456495389,853.54019593929
2030-05-27 23:00:00,4737.554376662878,2907.701133408212,359.2107944659673,3534.5347857118963,745.6042563013534
2030-05-28 00:00:00,4587.683519598135,2799.8349255839757,329.7712052259631,3412.95618668287,672.6849813323637
2030-05-28 01:00:00,4528.914420926875,2780.7915076774566,327.1826575298608,3409.6725350516044,632.2081991014232
2030-05-28 02:00:00,4371.343622856588,2765.8449070715933,323.4935066492365,3318.244322398476,617.4274062419701
2030-05-28 03:00:00,4351.599470145782,2818.4935188075133,322.54291298265485,3350.517479730554,612.3357439162126
2030-05-28 04:00:00,4374.295228946134,2897.755766839361,331.1596253779273,3396.264368010626,619.569185765611
2030-05-28 05:00:00,4590.179283064441,3136.331073847577,359.5173005091766,3545.779344135043,651.9808211323633
2030-05-28 06:00:00,4722.74750969554,3313.033213108048,389.5964736164461,3693.954763561516,770.3491314203612
2030-05-28 07:00:00,4955.548986320332,3361.6142466038973,384.1983669613534,3787.4369080380966,895.0017229879453
2030-05-28 08:00:00,5308.055308591511,3326.986682237919,387.5859145513619,3839.7426323220607,924.950292063914
2030-05-28 09:00:00,5419.612019708757,3291.8488357296224,383.0077649486828,3844.187880970103,941.5362025457212
2030-05-28 10:00:00,5471.764341692339,3291.7238817371863,385.9620423678876,3777.596291070715,933.2191052155592
2030-05-28 11:00:00,5340.339019591745,3267.049675929404,386.9379409915077,3698.167635612216,932.9616486479272
2030-05-28 12:00:00,5256.956647293065,3226.4539008535585,378.94472755540426,3671.9371068869614,887.8561526485727
2030-05-28 13:00:00,5410.626861856188,3223.1110863524787,385.2271853357704,3720.7696542412814,878.1616865621475
2030-05-28 14:00:00,5320.266556072176,3217.2866212034314,383.81639305534,3683.35927974874,886.369885382548
2030-05-28 15:00:00,5480.563020226925,3305.195181897052,394.8939670481584,3763.572227272124,895.4891524312542
2030-05-28 16:00:00,5510.387236492035,3461.118064904342,401.4393535084619,3870.704801245967,925.4783384907832
2030-05-28 17:00:00,5738.304098352414,3536.5623875428373,432.45214445842,4032.89705370731,945.6862585026338
2030-05-28 18:00:00,5518.348077600807,3567.5299034962427,445.5839636373339,4002.444174861036,1014.71735196986
2030-05-28 19:00:00,5565.272739901108,3610.968292437178,459.3476722746774,4019.36783902071,1008.0674373086348
2030-05-28 20:00:00,5593.160756801779,3469.465925059328,447.3587852440607,3966.046905857638,1003.1296562371732
2030-05-28 21:00:00,5250.661762974349,3370.470149245836,425.7844600286479,3845.2096702346,959.9259433652222
2030-05-28 22:00:00,5093.830872895599,3093.9360292414563,386.4584133859758,3653.353253116452,873.5041168837912
2030-05-28 23:00:00,4709.881627977869,2957.8046223305146,353.54569587826927,3516.0860564962463,737.2550410369919
2030-05-29 00:00:00,4615.562944445872,2903.7042862408084,339.3688410391248,3474.17382349413,678.4318813457254
2030-05-29 01:00:00,4461.7754311470135,2769.1813458619376,324.24872382544623,3333.5586974465737,632.7833189021209
2030-05-29 02:00:00,4397.415769318461,2755.242718019391,323.2859927307589,3397.067696992772,619.294937580099
2030-05-29 03:00:00,4375.498152483755,2772.528087623277,321.1077855008052,3354.680553945781,616.9597032467609
2030-05-29 04:00:00,4423.454832007999,2868.4064007846687,327.1873463879886,3374.694078265813,615.9227150060186
2030-05-29 05:00:00,4520.644410900946,3069.39297123443,357.4957159561321,3501.909858768573,639.7701571007904
2030-05-29 06:00:00,4641.337282878086,3272.974034158972,382.6478629034924,3695.629571591728,771.5890425768288
2030-05-29 07:00:00,4927.656215632125,3251.771539529133,392.4551647446285,3810.5702406961577,894.6907163812317
2030-05-29 08:00:00,5222.410123425441,3316.5812827910263,393.28721844887576,3828.9518682506414,920.944348998154
2030-05-29 09:00:00,5453.262000060326,3321.4231649933918,379.4561594393178,3840.025648876707,935.5358199199044
2030-05-29 10:00:00,5449.569539378903,3317.2400231807937,384.04753663154446,3793.992317412342,941.917117555382
2030-05-29 11:00:00,5419.154327104887,3243.284838552109,378.8561563103364,3783.003186582029,943.1912875558884
2030-05-29 12:00:00,5282.862113408065,3187.3544428753853,377.6541091962426,3706.6733591651146,897.7531401678906
2030-05-29 13:00:00,5476.7933039831405,3221.9684127913515,386.099927452416,3656.9834527194816,882.4527507460832
2030-05-29 14:00:00,5402.597778622312,3281.058472529592,390.955219583694,3673.323597534604,885.1887710389889
2030-05-29 15:00:00,5409.604537450312,3300.293826764101,390.7572502254452,3719.253390383393,891.9874761688718
2030-05-29 16:00:00,5528.2445945132495,3369.002091995097,401.8002042070199,3813.716283442347,932.2823945968807
2030-05-29 17:00:00,5524.1880067954335,3539.1138136762247,431.29452744673495,3973.084925314032,985.9232414924854
2030-05-29 18:00:00,5539.282254288388,3644.004353139552,453.3278498580882,4004.825884328976,1032.0618451858006
2030-05-29 19:00:00,5641.348702190817,3568.3364826798474,454.95014463202,4051.759279321167,1008.999287051274
2030-05-29 20:00:00,5488.816658378604,3515.088067549737,443.9903381890376,3992.5723328387553,1008.345810203334
2030-05-29 21:00:00,5396.711780570518,3420.9383141628955,426.9195429807339,3860.5658248183486,956.6077401257264
2030-05-29 22:00:00,5196.118186951799,3114.3898019749545,388.89519239626657,3677.705925807671,876.6369906244308
2030-05-29 23:00:00,4702.677558717628,2997.3843403395176,353.9579000497211,3513.304729801311,749.1520449210556
2030-05-30 00:00:00,4590.184362466842,2873.9714740821905,333.3618173758177,3417.5378585548438,658.8317400001774
2030-05-30 01:00:00,4546.925120669058,2795.210104828761,325.5003836840401,3349.2307040974592,634.7130373033085
2030-05-30 02:00:00,4383.007334103359,2780.320801296656,324.8249474233819,3345.086313002769,611.8980368638506
2030-05-30 03:00:00,4383.698818161902,2825.309150344673,324.7250793787909,3386.60215506273,616.0640854043148
2030-05-30 04:00:00,4462.318221801864,2870.4309728608305,331.0247498220287,3437.424300426376,614.2110113187326
2030-05-30 05:00:00,4506.706729483185,3111.209560414125,356.5626849753205,3460.824952055934,660.3179156020728
2030-05-30 06:00:00,4687.813611627592,3322.186462709086,386.5868265630444,3727.878524161303,775.5841962754614
2030-05-30 07:00:00,4945.764242714921,3275.8784313870983,384.36818082122863,3792.707450194759,884.3596032302427
2030-05-30 08:00:00,5308.195647728167,3397.974342355069,392.6242305682604,3812.9603239875214,927.2292019329726
2030-05-30 09:00:00,5383.529078470221,3329.793798071166,388.83314556162526,3744.636757352839,959.0193663505526
2030-05-30 10:00:00,5474.750055558831,3344.8260660211463,381.38994102823045,3789.826504690276,951.6891962539158
2030-05-30 11:00:00,5428.735669877184,3233.571265881307,383.4166459074484,3785.006795981434,938.224430347334
2030-05-30 12:00:00,5439.318896375804,3271.006143217008,380.9979028155851,3717.52075700714,917.0321692061888
2030-05-30 13:00:00,5294.968346208035,3268.7970588966305,383.5457307247885,3688.9001477128,888.8041633364301
2030-05-30 14:00:00,5540.1810539739145,3190.763129840055,380.3275195218783,3681.853008865585,878.2091889767117
2030-05-30 15:00:00,5402.627388820563,3293.1163676964384,390.09432403308006,3771.094939173053,898.0096351065404
2030-05-30 16:00:00,5583.8642319800765,3473.709086154725,408.19852633213793,3864.212558674125,922.2317961165446
2030-05-30 17:00:00,5602.133503110062,3505.961204215095,433.4764030504663,4063.803398401967,988.9429504180258
2030-05-30 18:00:00,5636.820737750326,3574.268190834763,448.2941382589561,3969.702242518879,995.0070932213688
2030-05-30 19:00:00,5553.907419343928,3577.7373416630167,456.794214240088,4025.741627544227,1015.8096202831026
2030-05-30 20:00:00,5510.8123767503685,3529.1679929266147,453.1324286398518,4054.337031579335,995.7682808788448
2030-05-30 21:00:00,5415.00882394463,3367.493905115063,425.1656626097311,3886.129969253064,967.612695645942
2030-05-30 22:00:00,5174.506436858876,3083.02921070852,384.6305298864502,3678.975013581754,873.0085595488019
2030-05-30 23:00:00,4802.364191074233,2965.392857697747,357.160798446027,3537.534858060684,755.2030804709412
2030-05-31 00:00:00,4531.4534785138885,2833.5267537161726,332.71785483779894,3401.0486170488857,668.9109133379258
2030-05-31 01:00:00,4494.211161089825,2809.222763598831,323.3816632872354,3361.0238128329747,642.2731958299772
2030-05-31 02:00:00,4404.127368499746,2757.223021918968,324.79446322812686,3379.0827094382853,604.6166076832435
2030-05-31 03:00:00,4411.01843549963,2850.141098540182,324.36662022571943,3386.3528547546425,623.98787248712
2030-05-31 04:00:00,4343.461215510177,2886.810297394241,324.0557742393635,3343.852370488598,623.5388140260209
2030-05-31 05:00:00,4552.324620664002,3067.453127333504,357.0759697422048,3535.769195592162,658.8926022158788
2030-05-31 06:00:00,4686.679033827998,3293.994617900107,385.6843749875058,3765.660853461005,779.4514344697557
2030-05-31 07:00:00,4838.980489585228,3333.7797083476403,392.312896426121,3788.975765649525,886.9943626080701
2030-05-31 08:00:00,5208.667286192486,3330.596085077003,392.3089327995317,3800.128028647648,917.884857833089
2030-05-31 09:00:00,5447.399981001292,3341.559480655922,390.54879444279504,3746.0526861874346,946.6163968888294
2030-05-31 10:00:00,5511.931830534242,3301.4348974135064,389.2621027053728,3851.523074537378,949.275408985233
2030-05-31 11:00:00,5387.174222513147,3242.6600243460557,387.1176825611133,3745.1502456524654,934.4856454936828
2030-05-31 12:00:00,5362.446146307325,3193.147257998733,381.7149836682976,3711.549008419496,894.2275297946671
2030-05-31 13:00:00,5362.43311117802,3241.6310523241614,385.6179498321032,3711.7015145150335,878.193464087401
2030-05-31 14:00:00,5431.63667889287,3212.446161881391,384.5563266400805,3711.135964789685,890.7299967878389
2030-05-31 15:00:00,5438.545921077939,3326.5622715980803,396.8108898219747,3707.7765230317054,924.9546936672016
2030-05-31 16:00:00,5477.014340653523,3355.3631851562272,408.04901243892425,3817.144558740512,917.338720210988
2030-05-31 17:00:00,5591.702051165843,3569.499422086473,434.248533395392,3920.442930080805,979.214032784716
2030-05-31 18:00:00,5571.439939386768,3594.002963039151,449.1084500218096,4027.8188412727854,1006.245992571554
2030-05-31 19:00:00,5583.832584698292,3613.636371504449,452.1844063873775,4069.0486299858953,1009.3082745278036
2030-05-31 20:00:00,5604.144589820181,3523.3054343254616,457.7516425454373,3931.7933066254586,1004.8845042244084
2030-05-31 21:00:00,5410.307394667658,3385.099189113884,432.9676694259245,3943.33038602601,996.9392098751182
2030-05-31 22:00:00,5102.66450673861,3183.856755290264,385.1514516877074,3760.3730482987967,879.7615660692113
2030-05-31 23:00:00,4895.372732354247,2942.7693068728645,355.1896043953657,3534.9599425546635,760.4559605092762
2030-06-01 00:00:00,5074.100332472916,2937.7965854247427,460.6425562364364,3785.011008482974,773.3305760515468
2030-06-01 01:00:00,4931.212948325352,2928.926370900075,444.030426019517,3873.325506628223,734.2064466343759
2030-06-01 02:00:00,4800.883292078613,2896.1615790558726,442.14165620549016,3761.999366933948,709.3056396813068
2030-06-01 03:00:00,4831.699429062077,2916.503735937269,438.6114138711066,3686.333401055401,703.6134014816383
2030-06-01 04:00:00,4957.63268549314,2972.168240341785,441.9264449758908,3741.423627934359,713.760313370725
2030-06-01 05:00:00,5081.602355902191,3243.212625236018,487.7177726928605,3905.661606919016,751.1314989175263
2030-06-01 06:00:00,5269.561814594504,3396.128856544814,530.6219053657434,4139.097647516246,860.0397716212507
2030-06-01 07:00:00,5404.913540230223,3406.475461592582,534.156884790677,4201.675691725662,1016.032657433919
2030-06-01 08:00:00,5786.6494098726125,3446.521787033681,520.4180879723843,4241.956143097092,1077.3460614356304
2030-06-01 09:00:00,6041.246347350702,3438.5266729110995,538.0674038380282,4283.795632276698,1077.5996003121782
2030-06-01 10:00:00,6004.3809127770655,3453.573864706005,524.1291481411569,4288.59041967222,1070.8068691637473
2030-06-01 11:00:00,6008.428986812251,3392.753676333541,531.0231703470657,4232.935630970017,1069.7125666391755
2030-06-01 12:00:00,5914.529542058272,3319.822679756703,512.6523746249842,4131.690829308534,1003.6171006223752
2030-06-01 13:00:00,5919.439956304323,3402.10134192942,516.1123895982578,4089.842348229239,1004.339583235255
2030-06-01 14:00:00,5934.547744999252,3369.126253037574,519.4307511053769,4142.531115023869,1019.09351801362
2030-06-01 15:00:00,5987.568367871157,3456.899785107958,528.6984998925064,4192.461121875317,1030.5025537078905
2030-06-01 16:00:00,6155.004402238652,3505.8912975523463,541.0336264122789,4313.412215068957,1052.981078171389
2030-06-01 17:00:00,6260.189929077408,3698.631328722166,585.9689330716218,4342.943303662498,1113.0972728961408
2030-06-01 18:00:00,6073.436738615398,3737.0398219678254,611.0008310417987,4421.081426805943,1157.757923245034
2030-06-01 19:00:00,6247.209810547197,3721.490741447892,619.4991037883487,4523.441514386064,1161.49217799623
2030-06-01 20:00:00,6106.7642130298045,3726.7500633072,628.1273438739015,4442.972148081448,1138.9847615032686
2030-06-01 21:00:00,5975.325931936432,3546.443281969912,581.7614062328303,4257.326185692954,1115.9914694094816
2030-06-01 22:00:00,5634.715510660786,3282.21975213865,526.1107395406545,4106.870116482274,999.4882591783484
2030-06-01 23:00:00,5373.68261897188,2983.9429654440987,487.2270949460422,3930.545537830512,854.7697831556612
2030-06-02 00:00:00,4813.821096511376,2933.21087660402,456.75081206118426,3814.0338764929375,769.6639404419735
2030-06-02 01:00:00,4764.449683021835,2864.154940532205,441.5519331052288,3759.33555527338,735.5203865700038
2030-06-02 02:00:00,4679.456602915855,2811.677841265436,432.9818747547819,3702.620838977718,701.3148730708217
2030-06-02 03:00:00,4633.016509735421,2846.023117895054,441.24689655919167,3690.915462653688,702.1158228674499
2030-06-02 04:00:00,4713.0311384668485,3004.9829024363844,433.1577802144152,3778.79054538945,708.9953673205217
2030-06-02 05:00:00,4774.159406135246,3206.9100860100266,478.82288173467725,3955.1737315262185,758.1516630877863
2030-06-02 06:00:00,5116.355676108833,3340.2149012784944,525.8334754969762,4108.5779804391295,869.4660912070907
2030-06-02 07:00:00,5219.792565798934,3366.2576416336096,531.6438115272483,4199.301572466265,1024.916365241142
2030-06-02 08:00:00,5597.6611476063545,3422.8215995442524,533.7261179169817,4235.303548067823,1053.4091249414769
2030-06-02 09:00:00,5872.076740713543,3438.5712185524376,514.764151588853,4161.612307380415,1087.838113388009
2030-06-02 10:00:00,5825.976096851577,3422.12809599931,519.5513952832376,4212.418834764037,1096.784172395813
2030-06-02 11:00:00,5830.477080531644,3348.291202991777,526.8304910407285,4110.024204560673,1076.9583118626306
2030-06-02 12:00:00,5747.174999852741,3309.478878040713,512.7903988507638,4031.990281522789,1008.4784160493596
2030-06-02 13:00:00,5836.2184950972005,3298.9664371442723,517.745493958528,4054.78148568104,1007.4481695667648
2030-06-02 14:00:00,5958.197285818535,3305.1764190233525,518.5795119691364,4051.556894013853,1013.9271065848208
2030-06-02 15:00:00,5827.872345702676,3379.016253737089,521.5468395469051,4166.193752213194,1030.9527394501188
2030-06-02 16:00:00,5878.323160846513,3517.8818273303323,547.4139842738498,4311.675614136694,1064.2671820952642
2030-06-02 17:00:00,5978.564651616529,3601.3322852314527,585.1532541497589,4343.071999033079,1129.4064239897018
2030-06-02 18:00:00,6044.769761785572,3669.173236158032,605.1495941851252,4464.807470661332,1135.1642526308558
2030-06-02 19:00:00,5986.274581957891,3684.160527416307,621.897982288422,4484.171936485948,1134.4183693788864
2030-06-02 20:00:00,5940.464005407666,3659.333995436649,619.5838210376462,4518.584427258529,1139.92811405407
2030-06-02 21:00:00,5762.373059812679,3404.337058497466,587.0508220611592,4341.39864004948,1095.0169292459211
2030-06-02 22:00:00,5425.439821254786,3216.93800976944,512.483802184843,4067.674971133344,996.3632367644273
2030-06-02 23:00:00,5126.259623359646,3036.776595645736,473.4996070801124,3903.768941893453,841.3268024414502
2030-06-03 00:00:00,5050.787264753795,2949.361821460691,453.1320049026945,3837.267203567733,769.3198520499832
2030-06-03 01:00:00,5042.418467856503,2879.0680159645444,443.630531151027,3745.438332776729,739.4851428075941
2030-06-03 02:00:00,4881.674912193238,2867.3567571940807,446.5825415720877,3691.986060874964,716.0172481987456
2030-06-03 03:00:00,4805.521164928415,2891.587973592485,439.28146811951046,3815.797982546241,701.9824197355267
2030-06-03 04:00:00,4953.6289209637125,2987.9332393394047,446.3184314364298,3789.703678935377,709.0845473158515
2030-06-03 05:00:00,4959.923009010587,3282.7474685239,483.0511959031621,3971.4894588269344,733.6175456030431
2030-06-03 06:00:00,5316.277476161709,3428.1951318435813,530.7321880684723,4133.233890478164,872.0941454171176
2030-06-03 07:00:00,5438.796381602371,3415.385060409214,539.1606519332905,4274.165122183065,1004.8840374880434
2030-06-03 08:00:00,5754.495801073685,3481.8344787433416,535.2513623468625,4168.394244924499,1050.5704084737324
2030-06-03 09:00:00,6051.0085399062,3447.025767740338,525.477068885406,4214.258458920916,1090.308122086106
2030-06-03 10:00:00,6008.606776751465,3440.546976826304,523.1983772853321,4260.333544457921,1066.7218378910502
2030-06-03 11:00:00,6066.271811749513,3378.974354996226,529.0284953197036,4240.058237065135,1072.4675285610672
2030-06-03 12:00:00,5905.981763638612,3324.161943134775,522.9788678183401,4125.452320114118,1028.8186759887683
2030-06-03 13:00:00,5957.756686459068,3404.1565890166257,521.7569028980706,4152.496505306725,1016.0699389694728
2030-06-03 14:00:00,6001.364227459751,3348.3377699628704,518.0390433965401,4041.056136598393,1012.8023117656576
2030-06-03 15:00:00,6017.893634296711,3395.940893841094,526.6812256412338,4168.36250083807,1015.7579129484697
2030-06-03 16:00:00,6067.294451553005,3582.477029787936,548.0545477330157,4245.049249224652,1068.836013290735
2030-06-03 17:00:00,6224.549823129973,3626.7627744204487,587.1355853910155,4457.2447934147085,1125.056659751387
2030-06-03 18:00:00,6237.293519044593,3719.363910180357,607.3683630378223,4438.727331244059,1144.6949533524007
2030-06-03 19:00:00,6291.943642655853,3730.2358581471935,615.0332758767255,4496.4428299199135,1151.9815733127907
2030-06-03 20:00:00,6197.564068924691,3628.151681596184,613.7045565109887,4487.473060061415,1151.892300441987
2030-06-03 21:00:00,6130.403463470878,3514.355881409928,577.4112105810835,4257.035682825444,1087.8451565079297
2030-06-03 22:00:00,5733.801762404008,3307.5672987627354,535.7001380416135,4082.396020533928,980.9331082363224
2030-06-03 23:00:00,5232.707089445702,3032.0919610541923,490.85450617204526,3880.689136741869,857.2360144014727
2030-06-04 00:00:00,5115.827537431224,2950.191566991904,458.3730636341498,3750.360366008544,766.9388772827593
2030-06-04 01:00:00,5010.398622641745,2862.452649034038,441.9208692800362,3825.786530385688,732.9998849185863
2030-06-04 02:00:00,4877.851082675319,2856.2489773551347,440.57481189258846,3686.971742339683,721.2014932651722
2030-06-04 03:00:00,4964.706903759827,2926.193990558828,430.3193862868312,3702.5127344107623,702.7532461786989
2030-06-04 04:00:00,4961.200545597073,2995.9458113141686,441.5460545078044,3710.467243158984,719.1450312372893
2030-06-04 05:00:00,4994.479888124501,3259.890974701618,482.46015687021537,3965.9162401250223,761.3406461262322
2030-06-04 06:00:00,5237.70122472818,3393.837767980005,543.7046236342272,4155.419637400448,877.471014193575
2030-06-04 07:00:00,5536.726134274174,3458.095016678424,531.9036827095978,4158.501999383818,1012.1534146360648
2030-06-04 08:00:00,5845.912531139329,3507.032780100592,529.8535668038915,4254.520797865517,1083.1394918398796
2030-06-04 09:00:00,6073.6527809713525,3492.5733499098983,527.7167212504526,4256.209950369729,1063.4233224574557
2030-06-04 10:00:00,6088.859262943383,3435.5371219884278,519.3005190190752,4306.185395770031,1091.9188788431818
2030-06-04 11:00:00,6056.723068733749,3346.0928199589957,517.6286798171151,4222.749032554583,1075.057395473498
2030-06-04 12:00:00,5880.192757120372,3330.0846586191137,527.5158003897218,4131.677335840604,1048.669530006546
2030-06-04 13:00:00,5946.164169777177,3323.931542644601,521.7117780592297,4079.282455637314,1028.1220225650318
2030-06-04 14:00:00,6027.08880960697,3371.0887886492706,514.4995983154944,4113.015222660063,1010.5652192645742
2030-06-04 15:00:00,6154.460847036519,3454.5848079620587,531.0658068819718,4201.935448287934,1034.3059563291542
2030-06-04 16:00:00,6126.085610266149,3550.1554653939365,549.3485006706902,4333.733967539525,1056.208540874194
2030-06-04 17:00:00,6186.389933513568,3620.08740784364,595.6005811092891,4467.023166096528,1128.0868204347646
2030-06-04 18:00:00,6314.054052142975,3728.165903078084,610.3917173710722,4485.266845521616,1150.0636240570905
2030-06-04 19:00:00,6071.522443736907,3750.739796378491,624.5245215449347,4482.183350022698,1149.6051580525684
2030-06-04 20:00:00,6217.487014010395,3694.37638736776,606.9297595185074,4463.232223546405,1156.0030589105668
2030-06-04 21:00:00,5997.019295282899,3480.8970834258607,588.7149998774574,4306.646742230239,1113.522503359493
2030-06-04 22:00:00,5701.344133512525,3234.459869625719,522.0773402481013,4192.856221286513,999.3503044165352
2030-06-04 23:00:00,5312.443531602221,3034.119597978824,484.6983344648464,3991.989698476916,858.1868383887668
2030-06-05 00:00:00,5169.618008238889,2931.306932842737,467.25723189943466,3866.8549262425495,783.3807891349238
2030-06-05 01:00:00,5018.3581372970575,2912.2794565053414,440.079969024026,3742.5851664566094,730.5856540754173
2030-06-05 02:00:00,4960.300428599026,2899.231172915339,435.21199780274736,3740.727300824175,715.2727515873568
2030-06-05 03:00:00,4892.232947238102,2919.0859070095044,436.6119360149696,3774.585109995868,705.5693623218591
2030-06-05 04:00:00,4943.921174848442,3040.05371743646,445.62526895023433,3845.162128117373,711.5002408648379
2030-06-05 05:00:00,5058.856162127056,3193.105306795508,487.57061746607,3921.7298019069135,765.2179709345899
2030-06-05 06:00:00,5266.80831737848,3408.6923607761555,532.0261592032133,4139.429834783527,882.9804820678668
2030-06-05 07:00:00,5460.95004159118,3410.319503690404,523.2072125305042,4298.586166083152,1037.3967922687982
2030-06-05 08:00:00,5940.726928171446,3435.358030656532,532.2722192510319,4220.183999174456,1063.3497607054376
2030-06-05 09:00:00,6054.292600711248,3466.589335260854,527.1894420201303,4133.79297792902,1085.091391551285
2030-06-05 10:00:00,6148.859159880211,3486.599912051749,526.6873298147617,4281.982174632069,1098.8037139870469
2030-06-05 11:00:00,6044.899959955875,3421.8412567139426,524.8772321164311,4294.307971735392,1075.6776487687025
2030-06-05 12:00:00,5986.079949808674,3313.7768732008044,516.8426777588047,4181.0799061038815,1025.438091884129
2030-06-05 13:00:00,6096.475802724975,3373.6406663693424,519.8506592120856,4090.3707209951,1032.0776639767305
2030-06-05 14:00:00,6048.547572448674,3386.524142114284,526.1437481634881,4221.038882775922,1010.8816300718178
2030-06-05 15:00:00,6028.763888130562,3460.0738434868385,518.2150488557526,4163.449766208025,1026.1375443790016
2030-06-05 16:00:00,6125.519548888302,3540.5566824204907,547.8251426249662,4274.538565751193,1092.94183219951
2030-06-05 17:00:00,6305.480857420369,3698.584576160892,585.7154696530442,4472.870129931221,1127.6436835699365
2030-06-05 18:00:00,6220.706399930421,3719.138857017114,601.6612258515651,4422.854056216216,1172.527717561541
2030-06-05 19:00:00,6256.531523917832,3764.709430733145,626.8577110892949,4497.194903196781,1151.380970764265
2030-06-05 20:00:00,6294.680678223564,3662.284803299193,626.1256052178762,4480.479276277335,1157.886900816054
2030-06-05 21:00:00,6068.732093477658,3571.467152994533,584.2583761845227,4303.314556495914,1096.286456909863
2030-06-05 22:00:00,5785.219308064509,3278.1981033032503,528.5108007022611,4112.663870956173,1027.2691494473709
2030-06-05 23:00:00,5325.618547618749,3106.652471608957,478.3830645226443,3940.144653761492,860.4588569755182
2030-06-06 00:00:00,5152.85762763153,2976.862950483788,454.4265632005834,3773.2626447155817,781.1342137438581
2030-06-06 01:00:00,5021.171402859024,2957.2322990682933,437.0390245136378,3809.0451201015294,724.5947515937963
2030-06-06 02:00:00,4898.159548955755,2887.460232938358,441.8697559214206,3766.136753979103,719.7709123395978
2030-06-06 03:00:00,4921.100547674441,2933.159984208693,436.779183521471,3774.730794914294,724.1611376066729
2030-06-06 04:00:00,4942.99518353342,3001.943618658419,449.4700894934608,3806.0126269177335,717.9827958316633
2030-06-06 05:00:00,5093.902461113162,3279.850896376814,479.6438306233715,3960.731994808802,755.3767173020309
2030-06-06 06:00:00,5270.924785282673,3428.3140501213866,522.1658436350136,4093.822090614142,884.6753527351624
2030-06-06 07:00:00,5486.209101066436,3428.186547096743,538.2189767688972,4226.663460771838,1025.0152225895552
2030-06-06 08:00:00,5773.355909004818,3434.8102244194406,522.7829474728277,4314.421331692286,1085.5446711380405
2030-06-06 09:00:00,6093.217467236749,3457.683357767907,532.2784787282035,4204.63285856963,1084.2220664518022
2030-06-06 10:00:00,6110.522697122608,3374.053239926268,524.4875127194024,4233.710459735044,1074.3290568060245
2030-06-06 11:00:00,6082.964282101482,3361.427070551565,517.4243993255329,4228.472163793333,1070.3090204507505
2030-06-06 12:00:00,5999.205870875478,3306.409221691737,514.2175612211499,4177.0569520802255,1028.2978742820785
2030-06-06 13:00:00,6019.370801842249,3422.551787286332,523.4226787353266,4189.401605867021,1028.1123315176023
2030-06-06 14:00:00,6089.868382473092,3427.9835525394224,516.6981162959839,4147.831791586206,1031.628820100533
2030-06-06 15:00:00,6122.38873626031,3407.840915512997,522.6720939687638,4194.784565704224,1025.4984095732514
2030-06-06 16:00:00,6255.076053503807,3565.3342701226697,545.0397462549907,4293.964172050974,1054.2222536461136
2030-06-06 17:00:00,6262.05339147512,3672.811568975063,583.1862663566982,4414.545782200967,1141.8499651804532
2030-06-06 18:00:00,6257.121635560338,3744.013636484789,608.3044971479341,4563.243714347279,1169.1740871723778
2030-06-06 19:00:00,6330.074672069748,3711.8218851310794,619.9869412609756,4464.879367480081,1154.1880375845196
2030-06-06 20:00:00,6101.248447493546,3735.179783423016,613.7678948009026,4491.498973280253,1146.577906473186
2030-06-06 21:00:00,6226.62114459251,3428.564871492116,581.656249953718,4350.81212216251,1118.28165957329
2030-06-06 22:00:00,5688.727588132032,3239.5232217473845,525.891966222906,4043.2505993873583,995.6605320515398
2030-06-06 23:00:00,5439.571224081389,3062.6136449169862,487.0122803187658,3982.199725141613,862.5722467373578
2030-06-07 00:00:00,5068.523966265327,2917.34823183866,454.2654906695875,3886.537602597156,779.1065050809159
2030-06-07 01:00:00,4947.931471799241,2902.585628274638,444.8724271460591,3777.9866132473594,728.4750477255513
2030-06-07 02:00:00,4944.99271688626,2882.9212001073274,440.938372352834,3741.905511420206,717.977152490605
2030-06-07 03:00:00,4907.093955291264,2902.859543116394,442.0940276695857,3761.097123709903,710.3142940806118
2030-06-07 04:00:00,4908.135514049008,3010.6028736311155,443.9075301084732,3800.373704005516,719.7063639021125
2030-06-07 05:00:00,5055.969843309634,3228.779583730117,480.8993855791544,3956.4559859363744,764.026417018449
2030-06-07 06:00:00,5362.656640661232,3390.491637987726,531.3651419784502,4175.76745246461,885.4580396657211
2030-06-07 07:00:00,5461.6227933908895,3377.6644180688136,541.0157165574468,4207.673546479512,1028.0705083647665
2030-06-07 08:00:00,5907.7217792366855,3470.940422836382,533.1333630882227,4160.68330379666,1080.2780342011154
2030-06-07 09:00:00,6082.477165351685,3462.336305267825,520.4497565824024,4194.639410714996,1100.8068133070608
2030-06-07 10:00:00,6160.397565393173,3407.3544044035943,535.7437586065364,4261.723218978267,1087.5724199738424
2030-06-07 11:00:00,5928.69179043655,3399.5726422016683,520.7142897529682,4211.193271776642,1088.0183638261549
2030-06-07 12:00:00,5888.66223515801,3258.8812899588147,520.2604729218233,4159.246719997421,1052.5483521742894
2030-06-07 13:00:00,6005.623746914601,3347.8802838184142,518.0105726429966,4167.075683946163,1030.314010920664
2030-06-07 14:00:00,6071.482927368896,3378.512609098766,532.6279714409131,4110.830887346905,1042.4745358712614
2030-06-07 15:00:00,6121.254395166759,3428.6146969579704,536.3774858560253,4253.497886634349,1051.6591071302728
2030-06-07 16:00:00,6194.294790800154,3544.88408653194,549.9842691925071,4345.61970270958,1060.0263000652428
2030-06-07 17:00:00,6388.650180535739,3695.981973059605,591.7725929596687,4391.44331280772,1143.354690819105
2030-06-07 18:00:00,6273.379561795244,3744.024423907026,618.5401800155704,4478.680639487853,1172.3507987556504
2030-06-07 19:00:00,6247.255973971054,3797.5237167123087,625.7096085483346,4495.077590527603,1169.474399397922
2030-06-07 20:00:00,6230.86608881562,3694.141014569858,633.4998713755559,4420.390159508453,1165.704282470446
2030-06-07 21:00:00,6146.786534934027,3480.007426022468,581.8850202230796,4342.656386900293,1118.357760004739
2030-06-07 22:00:00,5731.052409859013,3265.935806189244,520.0437320181885,4189.969349776852,1010.5731208076942
2030-06-07 23:00:00,5347.629661959024,3075.162046122065,492.0897088565648,3944.259340163781,868.2746621577364
2030-06-08 00:00:00,5102.5094989433765,2970.249627441848,456.4835355060835,3853.727104788047,770.1591982141549
2030-06-08 01:00:00,4960.358891712284,2871.9778004153814,444.0765952008837,3786.150651761868,738.2338699670559
2030-06-08 02:00:00,4844.370832045372,2862.619496289808,440.7930085010093,3761.842292030908,702.5044714054826
2030-06-08 03:00:00,4923.062993993521,2914.317709881451,432.1471524733797,3748.753877953864,707.3180834251652
2030-06-08 04:00:00,4921.722188370259,2996.4354824568068,449.1500120236759,3789.523776296918,711.9483110626102
2030-06-08 05:00:00,4984.711606589879,3235.314801751708,483.2832589042293,3922.147077351332,762.4509138947385
2030-06-08 06:00:00,5256.113770268102,3459.8453236999094,527.5920641311201,4116.700396425257,884.7401062700146
2030-06-08 07:00:00,5410.204192146311,3422.5030299549094,526.9659182978105,4218.914261003484,1040.0568408686745
2030-06-08 08:00:00,5840.120998298798,3428.145454219969,535.7414305197027,4207.173345108005,1053.6858582992704
2030-06-08 09:00:00,5924.534890462616,3475.270909613506,523.9396584347579,4340.057695292233,1099.270822232783
2030-06-08 10:00:00,5989.095514793732,3423.7640576321537,526.9429903017136,4319.952042855127,1077.9616018227005
2030-06-08 11:00:00,5989.536523007248,3405.062451098633,527.7795610774966,4186.580469464755,1066.2912743090951
2030-06-08 12:00:00,5864.123880349619,3374.0155019172607,523.3747884025304,4121.043267285166,1026.1646975634796
2030-06-08 13:00:00,5966.674537009816,3390.4032383447834,528.331868462528,4123.829456865971,1027.727426931037
2030-06-08 14:00:00,6054.125861794552,3330.3189607766567,526.6530879318244,4154.746963652712,1007.8217609384794
2030-06-08 15:00:00,5993.284307123001,3444.2673424607297,538.1046263380507,4167.578391324831,1040.4169336404047
2030-06-08 16:00:00,5886.5557410163,3515.502990084636,553.1285782427573,4269.099058394279,1088.104207723851
2030-06-08 17:00:00,6162.682284039391,3664.9754418701255,586.9429410184707,4421.939589618353,1132.1409337567072
2030-06-08 18:00:00,6124.7865834178965,3658.4105238850543,615.4720647951809,4466.946308410302,1162.11373594502
2030-06-08 19:00:00,6179.154303022106,3680.378868682583,616.9615933372298,4468.269287415145,1130.0305453741323
2030-06-08 20:00:00,6119.514815771904,3676.274343464564,608.0048222886593,4550.878642280172,1166.066221634759
2030-06-08 21:00:00,6014.315418228752,3475.4711816959884,578.400919746245,4320.667439840639,1109.7607181166604
2030-06-08 22:00:00,5713.2729818949165,3326.9902896606304,518.8393494309354,4164.063118906461,984.1193468683264
2030-06-08 23:00:00,5230.79853046428,3058.657616465508,493.9209598770503,3863.697763138249,850.8271660295908
2030-06-09 00:00:00,4963.925811217295,2863.019748598475,460.3464071388359,3811.250481074384,764.604619741262
2030-06-09 01:00:00,4779.087834609078,2887.9735779386674,445.3717858113398,3702.499755421296,739.566790740333
2030-06-09 02:00:00,4723.700200782563,2850.089033432766,442.8636442724045,3733.757666281002,712.2432937703899
2030-06-09 03:00:00,4715.493580006577,2843.1221975825706,445.1678724912392,3673.557168954482,708.2230787301061
2030-06-09 04:00:00,4752.319769593825,2977.5536208492117,452.6174653742377,3791.519060982293,719.7415848200912
2030-06-09 05:00:00,4867.342113792115,3255.996000244301,482.41198353528296,3872.7813605408446,760.0145772441189
2030-06-09 06:00:00,5032.441945447453,3396.166280366986,517.241586923989,4133.654386184367,882.4089756242003
2030-06-09 07:00:00,5195.551125760793,3333.8559706751325,526.502697018348,4092.8895815402257,1010.1862652893694
2030-06-09 08:00:00,5672.430139296026,3390.2639686884127,534.7243465254692,4163.726817360258,1055.0205523911593
2030-06-09 09:00:00,5842.103056174608,3351.501687189943,526.0155862128827,4196.258967785776,1085.2059435661738
2030-06-09 10:00:00,5845.59628842199,3363.316893814188,536.1558140094268,4235.695475886721,1082.5332465148051
2030-06-09 11:00:00,5930.052136050191,3301.1930520716537,528.457544644222,4129.014483933208,1066.726678509412
2030-06-09 12:00:00,5664.901042278692,3331.620553717077,514.6837338443307,4032.802310860705,1041.2879503665256
2030-06-09 13:00:00,5732.724184016763,3332.927002811596,519.9435516301324,4084.372929697745,1006.7619998240516
2030-06-09 14:00:00,5932.755006746186,3349.9407641436906,520.1348277323099,4088.068472336331,1002.1572651914385
2030-06-09 15:00:00,5821.718070430798,3402.5956951823136,521.1626486372232,4131.095063101426,1020.1216777037644
2030-06-09 16:00:00,5965.8263853743865,3469.26848649744,550.3040500360515,4296.554370059547,1055.2711650672372
2030-06-09 17:00:00,5912.8484042146565,3600.696574764127,573.5972380500348,4312.3979693822575,1110.5366057690585
2030-06-09 18:00:00,6022.2418298326,3706.767999239817,601.3488836795656,4476.492532582104,1145.2770458321224
2030-06-09 19:00:00,6083.9735097674165,3724.344867145605,615.2068381109261,4495.54642282998,1151.9844427011926
2030-06-09 20:00:00,5976.202642156679,3672.049253885111,622.1363389430052,4346.631340046425,1147.3805724388917
2030-06-09 21:00:00,5773.580300321999,3424.866672621093,574.8096273367333,4295.211711352364,1090.6081460274304
2030-06-09 22:00:00,5449.803961618976,3213.3551480041183,516.0611494293374,4084.653815076869,985.6673015985922
2030-06-09 23:00:00,5190.754308251404,3010.770614957911,488.0430553583527,3944.756337671122,849.5089119817146
2030-06-10 00:00:00,5035.48668066354,2991.391903738077,459.4914900976646,3868.30340571556,768.5613449609801
2030-06-10 01:00:00,4968.969134604704,2886.554353455967,448.8824137092478,3778.10235258768,725.3349398521933
2030-06-10 02:00:00,4852.490512778013,2918.469984945865,434.807844556104,3825.268596960637,712.5479421122973
2030-06-10 03:00:00,4846.286022260112,2924.537867845368,444.6919985621654,3778.762166797913,713.2345435624322
2030-06-10 04:00:00,4876.851252779826,3051.7243947854763,446.2823608459016,3796.157248395079,716.4750579220565
2030-06-10 05:00:00,5008.265484139091,3216.356243092021,484.5203702730484,3885.192117482361,770.6873115101985
2030-06-10 06:00:00,5277.2810576805305,3357.3664810204505,521.2337439079693,4169.600578966797,878.9648091528835
2030-06-10 07:00:00,5397.471948711541,3458.37187694813,533.1848054345013,4133.251002092547,1010.9571091516304
2030-06-10 08:00:00,5867.981272450507,3433.396060469708,531.5829972826169,4286.834728262764,1058.2849657440065
2030-06-10 09:00:00,6133.713817115218,3457.752379378372,521.931753171354,4259.298498462525,1089.32797844945
2030-06-10 10:00:00,6198.575867271842,3355.145590926582,522.2313061316482,4265.346339474759,1078.5017045358677
2030-06-10 11:00:00,6153.8983381749895,3363.7390900093574,524.2406544638415,4156.999447255888,1069.5653080318707
2030-06-10 12:00:00,5875.457809586162,3357.683612707588,518.240800958832,4109.804688108071,1026.5104543021057
2030-06-10 13:00:00,5940.202643495865,3333.0099541135414,517.7990131298093,4121.326999080557,1043.195784584024
2030-06-10 14:00:00,6009.347434620228,3367.3961554685216,519.3520936247687,4147.236618618283,1012.0086301226868
2030-06-10 15:00:00,6034.60519879076,3389.301506046595,531.771691440211,4200.105230524181,1042.0680836773977
2030-06-10 16:00:00,6187.748240477336,3580.299913161079,548.9517526896258,4225.637496141075,1057.5800106549311
2030-06-10 17:00:00,6071.65496650577,3692.2410878765495,602.7359854898333,4397.930174496755,1109.4502025920476
2030-06-10 18:00:00,6173.6192963659805,3671.4289739543033,614.7830847615185,4412.691964871018,1176.1853336502766
2030-06-10 19:00:00,6227.025806956771,3718.4314140319975,619.9230943709799,4513.364921935605,1154.2657674148857
2030-06-10 20:00:00,6241.856057077932,3601.0102203490565,627.99429203784,4442.692256974105,1168.4336427378826
2030-06-10 21:00:00,5988.74748206626,3501.3536851743675,577.3197402843192,4384.149047518949,1111.9315199745618
2030-06-10 22:00:00,5812.7480505914855,3185.7413224815086,512.3097359039248,4156.857928535081,986.9564610487467
2030-06-10 23:00:00,5315.948644327697,3125.198300032979,483.6761922314264,3967.18891395681,861.6820056517008
2030-06-11 00:00:00,5068.542596584014,2938.405005767001,457.794548267645,3860.9242468233815,773.292802923095
2030-06-11 01:00:00,5017.422322197921,2921.205744930273,446.9521072915697,3749.361572452932,749.3924169166402
2030-06-11 02:00:00,4933.627892518815,2891.1051292676075,431.5589790650512,3688.513753561436,720.8361699247804
2030-06-11 03:00:00,4937.94764663889,2889.70982540611,429.51431303882185,3699.524706501876,721.651643953344
2030-06-11 04:00:00,4839.93603355143,3042.4260309012857,442.4198031722294,3786.560279065743,717.0645150159188
2030-06-11 05:00:00,5068.304427012378,3246.002923850608,482.5337078707682,3913.842057160433,757.513619200505
2030-06-11 06:00:00,5302.459478302057,3467.8242558865654,532.4853536018172,4140.525045853788,888.2337204693661
2030-06-11 07:00:00,5416.879941011562,3441.6234191756275,532.5759112906068,4243.033593274799,1020.9074110632254
2030-06-11 08:00:00,5809.306020919956,3451.0711288904126,535.0932175760144,4201.3607031941865,1069.6191930111463
2030-06-11 09:00:00,6040.05184181724,3400.59490777306,520.7439915676731,4268.442430676065,1092.6509518087214
2030-06-11 10:00:00,6189.517164019365,3376.589627518976,527.5879428771611,4286.86251220785,1074.9301916962393
2030-06-11 11:00:00,5956.299762623811,3313.679066681592,528.1165958012414,4212.369080435623,1093.2733152890803
2030-06-11 12:00:00,5919.192849215027,3294.381221732664,516.2225171075668,4141.943456418207,1033.838050790882
2030-06-11 13:00:00,5898.708535880245,3401.357797018097,513.395836099517,4069.1736613683447,1007.2539386294162
2030-06-11 14:00:00,6036.016421751851,3352.366148716251,524.1799537825726,4151.0827335472695,1012.8965968313958
2030-06-11 15:00:00,5972.519867261495,3443.3231237186906,520.6646724004465,4155.272894007106,1055.5254221682787
2030-06-11 16:00:00,6182.1140602206015,3548.907349505833,544.6313191245242,4271.017957200397,1092.0086189670528
2030-06-11 17:00:00,6225.789939926143,3722.1767614838623,589.6623733208289,4360.217345471399,1119.3029977758788
2030-06-11 18:00:00,6230.75218422595,3716.20763368277,607.0006965281033,4496.041349589669,1182.2892607302465
2030-06-11 19:00:00,6290.020917787758,3798.201699398128,627.3259931331837,4594.364386559802,1177.2201198692037
2030-06-11 20:00:00,6313.086244783174,3696.048720880497,623.1329296861834,4528.225488726876,1154.480863010724
2030-06-11 21:00:00,6140.646614107434,3513.68126931431,587.9815732930326,4347.240475231884,1084.6695504046493
2030-06-11 22:00:00,5810.107632459175,3268.259683244516,524.7030227879058,4093.5158663615534,989.2847928323532
2030-06-11 23:00:00,5382.301448502344,3033.7679531436693,489.2248843760148,3932.173945960608,859.145571791916
2030-06-12 00:00:00,5148.652315216023,2966.3432709040926,460.0900773809932,3806.85414039224,766.8393316616496
2030-06-12 01:00:00,5036.040150776423,2838.117124004742,437.1039858228478,3801.974196010796,733.7110565279307
2030-06-12 02:00:00,4955.655074746596,2912.183206149963,441.7307030537654,3795.546514367196,718.9855953331102
2030-06-12 03:00:00,4847.287002043507,2917.8795539880857,433.50631216891065,3774.665626094061,714.4713214865192
2030-06-12 04:00:00,4899.438492966208,2999.404079706747,450.4270081340285,3728.060874747231,727.4532451778705
2030-06-12 05:00:00,5060.011708280336,3173.0425759177947,480.0084862282659,3932.363656757564,752.1982623828825
2030-06-12 06:00:00,5277.21203296336,3441.766546370051,531.5873471642819,4242.566791836932,873.1586271742884
2030-06-12 07:00:00,5479.83539801133,3430.548574732455,528.3919645620512,4112.265049946318,1015.0121295067462
2030-06-12 08:00:00,5938.847267730104,3430.946952937833,536.489384827572,4274.538748342973,1082.6842124777506
2030-06-12 09:00:00,6076.550415284545,3398.769414152809,529.016165636668,4321.058271579067,1110.7151417462603
2030-06-12 10:00:00,6119.922531646445,3504.555718143826,520.9625013825804,4252.32099885076,1096.3191688953689
2030-06-12 11:00:00,6121.662037457036,3430.8410538582834,536.2216788575877,4173.363718571096,1067.7164664917818
2030-06-12 12:00:00,5926.185908858192,3358.322075466835,511.94965242503577,4195.588177991315,1042.6920213808792
2030-06-12 13:00:00,6048.484979818513,3399.172346613725,524.7301756699713,4139.651362927477,1016.8214396673666
2030-06-12 14:00:00,6193.132004395829,3342.6310119431946,518.7049671807964,4135.453009441821,1033.6904440320754
2030-06-12 15:00:00,6171.922295808207,3397.2249210750183,530.891613686953,4206.12428944307,1060.6505946881323
2030-06-12 16:00:00,6187.789229204885,3548.783546300674,547.9009151114561,4227.474979855138,1082.4720270993332
2030-06-12 17:00:00,6282.198090484892,3705.844499720652,596.2297834867882,4374.535625431228,1134.9712875939915
2030-06-12 18:00:00,6170.116075123168,3758.355083426184,602.7354533151488,4503.373086407805,1149.3467858661982
2030-06-12 19:00:00,6240.574017880493,3749.318112635134,616.9619499720593,4540.890384161489,1149.2466516629202
2030-06-12 20:00:00,6155.999903713593,3740.7041064517903,622.127494977567,4533.511074566986,1154.3077936160553
2030-06-12 21:00:00,6136.50882870231,3520.0052492928453,582.5444013163483,4346.858358842397,1127.820238143696
2030-06-12 22:00:00,5741.310170481485,3292.016598052181,515.5676364646363,4143.612097648565,1019.2788762046888
2030-06-12 23:00:00,5427.888972111757,3011.73555623254,478.9299483254875,3908.472317849048,861.4509038509603
2030-06-13 00:00:00,5117.767818967139,2944.4541246968365,458.4227223990256,3827.097818187382,772.3232665515216
2030-06-13 01:00:00,4976.222281472036,2854.738738395833,442.1331505257042,3795.721302175007,741.914856070386
2030-06-13 02:00:00,4955.362120997581,2893.0721465468587,432.5799790072504,3767.634724378964,724.0590330073451
2030-06-13 03:00:00,4957.35688389373,2977.129080160601,438.0686498229798,3816.138255825474,722.273965064462
2030-06-13 04:00:00,4825.676459477494,3006.1363230713555,448.2405789240895,3780.991767330461,707.2322704010348
2030-06-13 05:00:00,5074.6090905235,3291.5295722550454,481.6996605538327,3961.8109863452432,758.2045000789717
2030-06-13 06:00:00,5274.812355529281,3456.204718421911,529.8838419332976,4092.362652098308,888.1822112623424
2030-06-13 07:00:00,5455.835289339664,3436.3179346657744,535.4138875318715,4173.419483118985,1034.3334130323356
2030-06-13 08:00:00,5975.986916957598,3488.8193623948378,531.6343890997747,4208.16226090372,1073.3431382187846
2030-06-13 09:00:00,6120.612011374947,3530.9861443044283,534.2525976694708,4284.088041706074,1087.1568023501422
2030-06-13 10:00:00,6222.896262723656,3436.862552904526,529.0400045452981,4223.313025408469,1082.9760151766052
2030-06-13 11:00:00,6113.074862984153,3390.42540287713,528.3169408485296,4187.849660995421,1076.943200119532
2030-06-13 12:00:00,6045.769457366146,3383.811820336814,521.8992337687953,4192.772219232179,1037.3541066451626
2030-06-13 13:00:00,6125.645543926245,3379.7376953451208,526.4031118435345,4061.1283447696346,1040.119131482392
2030-06-13 14:00:00,6107.719255636286,3345.0044190864537,522.2972391226978,4142.739469899794,1008.8852440351446
2030-06-13 15:00:00,6136.956504408117,3427.9077616630484,528.8688478232332,4218.5655696818885,1035.0958197472985
2030-06-13 16:00:00,6243.017898065698,3545.668791820982,551.3747837669227,4250.376782751281,1086.8262468013415
2030-06-13 17:00:00,6251.675661214811,3701.55798394403,575.7105559901336,4501.424767216517,1133.7755707760548
2030-06-13 18:00:00,6168.369807606101,3705.21721228893,605.613732432518,4510.454055919777,1164.607000186536
2030-06-13 19:00:00,6191.644010871273,3765.869656588366,627.4576597810335,4580.999317493008,1166.1968017925385
2030-06-13 20:00:00,6328.844182660076,3711.7654143004793,621.8679015147726,4530.161734063229,1164.78161019163
2030-06-13 21:00:00,6033.536548500283,3533.966665735294,573.5287153848366,4310.796536873627,1123.6774134932691
2030-06-13 22:00:00,5760.657594116233,3298.5128089803684,529.4300228682837,4113.4284412851375,999.971775300523
2030-06-13 23:00:00,5383.890019752553,3094.0540755777515,482.94149624217965,3851.775808233824,852.5535980421819
2030-06-14 00:00:00,5070.933244589127,2958.7475555262376,458.7255770019416,3808.3371191693295,784.4727700335773
2030-06-14 01:00:00,5055.823536011038,2901.845204655596,446.5898175889921,3843.159048317777,737.3294640544353
2030-06-14 02:00:00,4845.402707718927,2886.599101497862,443.3612942660034,3814.3430864478814,715.9824219516432
2030-06-14 03:00:00,4969.844118700425,2930.539292914148,440.7117114526259,3730.637829062268,703.6031208936876
2030-06-14 04:00:00,4911.914178599018,2964.979182334564,442.2677637588285,3768.8491417231135,724.469151909022
2030-06-14 05:00:00,5094.76377422753,3290.723933380729,488.0820512951906,3951.9886233612447,758.0478383837592
2030-06-14 06:00:00,5293.92312596055,3459.954290372209,532.5915774810205,4176.315941554206,902.7287741246814
2030-06-14 07:00:00,5423.03749414406,3431.7684090043194,533.9289555605171,4234.179728287775,1029.1783179516751
2030-06-14 08:00:00,5944.272590414693,3472.3621644903387,532.7212567147592,4293.722202602419,1077.1890248306026
2030-06-14 09:00:00,6130.0743121168825,3482.2064115695007,533.4259608596343,4250.518445118186,1103.080553656155
2030-06-14 10:00:00,6172.603299556352,3440.417361434281,522.4130875549162,4271.474973934276,1063.902962167342
2030-06-14 11:00:00,6114.433259133493,3386.0632210908857,528.9405845403688,4198.763816456934,1065.9352634735624
2030-06-14 12:00:00,6041.073076503585,3297.023576736776,516.1933202324665,4058.48463327473,1047.7805486949949
2030-06-14 13:00:00,6091.073813656303,3351.0678997384134,528.800305807147,4144.175592467199,1034.5182289002423
2030-06-14 14:00:00,6117.165781251149,3360.633768586016,529.2256745844534,4188.203243524659,1008.7605351423068
2030-06-14 15:00:00,6174.503113567767,3510.209220630857,541.3497726065402,4155.666404438709,1031.791183681057
2030-06-14 16:00:00,6241.864620364194,3560.4779658108155,567.8746148875141,4326.772101632049,1075.6474936828583
2030-06-14 17:00:00,6329.81107490739,3710.2721852483382,584.0801966201417,4372.425137118175,1132.332695902616
2030-06-14 18:00:00,6216.4843823505325,3695.6695674609286,621.9302559424801,4521.129670801246,1155.2127449379334
2030-06-14 19:00:00,6281.297988815272,3735.956529252329,628.5836314929104,4525.190695178754,1146.3044345037645
2030-06-14 20:00:00,6313.6643961186055,3685.788528223351,605.742114723564,4593.063122666317,1151.0580861208596
2030-06-14 21:00:00,6133.868203741795,3500.5410298678285,585.640941472053,4382.964079747691,1124.1702278891823
2030-06-14 22:00:00,5691.72008824879,3345.1032318260777,524.2514629161276,4120.089808028612,1002.6720417231376
2030-06-14 23:00:00,5284.302775362902,3039.72186155455,492.15442589659233,3912.540266736765,858.7650576005831
2030-06-15 00:00:00,5094.207734165169,2935.2933690021905,457.15947164656495,3866.262305053697,774.1035594260325
2030-06-15 01:00:00,4914.004800916038,2899.779894790223,432.411965372993,3773.370902922723,727.3036976491369
2030-06-15 02:00:00,4893.878923765996,2920.150906421565,436.7685037532384,3652.7667947677137,715.7141381825978
2030-06-15 03:00:00,4940.181759292143,2914.731092609956,441.9946309149997,3718.5472532308368,703.6030591316965
2030-06-15 04:00:00,4852.296112890421,3040.4955327167845,439.623348701149,3818.450323640674,710.9619595869012
2030-06-15 05:00:00,5123.43044108989,3224.01508390209,486.11442036707086,3955.003830255602,759.8038440741374
2030-06-15 06:00:00,5219.329794366473,3437.0165533041886,524.380843185917,4178.0097279947495,877.9500444836139
2030-06-15 07:00:00,5473.445261911563,3514.385502199772,530.4914825204067,4157.111412867093,1021.4389597145477
2030-06-15 08:00:00,5809.124344972932,3421.7331946736017,541.3912920538855,4247.507548296659,1099.554423655068
2030-06-15 09:00:00,6000.789497867472,3441.868581898665,527.7027561905658,4254.451690701519,1085.8064501094457
2030-06-15 10:00:00,6204.440906126341,3386.59437098553,528.3318333110406,4265.599462333863,1087.1626566761938
2030-06-15 11:00:00,5959.175270741597,3392.920731896016,527.0093643472121,4221.257214740338,1090.5594150852828
2030-06-15 12:00:00,5831.424241808638,3300.602050803642,524.418367778013,4109.318504256972,1043.9943185475215
2030-06-15 13:00:00,6128.072944337832,3371.3132395667653,529.6858363665646,4116.248395737741,1008.7991052665664
2030-06-15 14:00:00,6035.530827272461,3383.1086262882927,524.0746900326056,4184.417180302459,1013.7634135193368
2030-06-15 15:00:00,5992.518314597117,3430.2353715107265,532.0831506656716,4125.877760295342,1030.2988802134364
2030-06-15 16:00:00,6117.134620532645,3584.0172633797883,563.3552361338704,4264.287450631201,1081.274135649439
2030-06-15 17:00:00,6297.34229303841,3679.150223390852,589.8035282682697,4420.994830606111,1121.5238884997225
2030-06-15 18:00:00,6089.567500455128,3717.437120164012,607.5187987145764,4554.448102801508,1159.385002942054
2030-06-15 19:00:00,6272.22837587159,3829.754016383885,607.9333463806037,4482.413278969069,1154.9870309757544
2030-06-15 20:00:00,6107.762294861848,3655.573149132243,609.0964363128219,4487.220016793569,1154.6008441916742
2030-06-15 21:00:00,5969.836886007601,3495.788568972083,589.2859707492144,4402.761365124727,1125.6758387070577
2030-06-15 22:00:00,5662.418082245429,3301.794433710694,524.8110618796779,4144.332880270627,1010.6022693239538
2030-06-15 23:00:00,5289.887884708731,3065.360326213555,487.9233274253808,3925.559200423993,858.3664983859031
2030-06-16 00:00:00,4861.77184873934,2926.1863944980346,457.2626433741679,3801.154690676737,769.2047430328586
2030-06-16 01:00:00,4775.585307788727,2838.6558313217406,444.398961915527,3712.324912112175,722.8855789778806
2030-06-16 02:00:00,4698.318802974174,2855.7168724772278,442.4214673243888,3743.94165750638,708.7289218162582
2030-06-16 03:00:00,4692.9876414703285,2909.7656654426432,436.8328467347966,3744.4319781464137,695.3404678864297
2030-06-16 04:00:00,4719.137635278399,2997.7706830823163,439.14053126272006,3751.828431329665,726.8719946397149
2030-06-16 05:00:00,4868.983077177798,3229.6744253745387,479.7554301995828,3838.764976545828,757.9688203082743
2030-06-16 06:00:00,5053.6556087643685,3357.0083969369894,520.3336257419713,4136.884353221915,875.3646412915284
2030-06-16 07:00:00,5228.937344636828,3348.9195286860463,531.5408121871161,4078.29469976938,1003.9325553434152
2030-06-16 08:00:00,5561.500328124577,3482.3609896791045,523.1779524186021,4229.773009416686,1047.052261457466
2030-06-16 09:00:00,5780.246293329181,3443.349195613498,525.8238510829399,4219.139881096367,1084.2700003019754
2030-06-16 10:00:00,5833.779785121676,3410.461165777543,522.7401276754075,4250.111274932592,1062.8117537633943
2030-06-16 11:00:00,5819.43867898333,3253.528542715057,515.2943805175083,4081.6212913215873,1076.0826071805332
2030-06-16 12:00:00,5712.466011397208,3292.918387824436,509.3828468674533,4119.977130934906,1027.3692240998344
2030-06-16 13:00:00,5775.139867520761,3355.722472650041,524.3848921568942,4116.386566768704,1014.18877718942
2030-06-16 14:00:00,5837.022723589763,3246.01474141724,519.8758279235697,4130.160422870651,1005.8056701847136
2030-06-16 15:00:00,5871.451073222757,3399.9696958175177,530.384258704658,4246.282352865474,1017.9600014145468
2030-06-16 16:00:00,5935.774917795961,3517.307829071732,541.3895059714105,4144.988188218683,1074.024031732036
2030-06-16 17:00:00,5889.003487423285,3645.299882510772,572.3435311009443,4365.280240864914,1125.9119628696135
2030-06-16 18:00:00,5939.859864413108,3732.165039441,605.1188028652782,4436.236743638082,1166.7508783762887
2030-06-16 19:00:00,6048.881487535803,3753.665345408445,614.4296704948305,4458.239549686194,1138.9970117446435
2030-06-16 20:00:00,6050.384003991135,3596.3228324415586,608.2659874344794,4528.377136860277,1157.8897476762468
2030-06-16 21:00:00,5841.945604069411,3447.08584773896,575.0231717082576,4351.457391997668,1102.683000225227
2030-06-16 22:00:00,5587.473107707644,3201.199753164875,525.6955729908337,4124.55179743634,999.8159336682364
2030-06-16 23:00:00,5109.963369253489,3083.586202961784,480.36610183556337,3929.0978974728114,857.1867875300998
2030-06-17 00:00:00,5057.948654151734,2933.160527850396,456.0325236029484,3861.044634879628,771.0845740062383
2030-06-17 01:00:00,4993.565770984554,2867.4672469953,441.8877219441116,3807.555546317662,734.289753386859
2030-06-17 02:00:00,4999.039545903944,2862.155497580637,440.5103346410473,3804.4062852076686,718.7807652193002
2030-06-17 03:00:00,4896.926913907933,2910.38357319932,435.5893469127957,3707.402051755052,698.6002553182499
2030-06-17 04:00:00,4906.120176944975,3018.0497765527016,437.92462915100606,3813.177247235585,716.3460952706367
2030-06-17 05:00:00,5056.857769691656,3269.1761380032253,491.213619630104,3958.2608287556495,751.5990058829921
2030-06-17 06:00:00,5313.773731546352,3385.3327877993893,532.443215860297,4161.252676204626,880.3365439477562
2030-06-17 07:00:00,5507.892916636058,3330.780130705612,533.7308135836766,4163.353561694687,1017.1270306564528
2030-06-17 08:00:00,5868.560608977721,3467.31680963969,518.8117511635186,4267.920445640275,1089.2132814088757
2030-06-17 09:00:00,5961.476180149731,3443.4202335071805,532.4013896201775,4202.273375426973,1091.997291908472
2030-06-17 10:00:00,6082.738424717449,3452.39614828508,524.0134590163389,4241.818956025075,1097.8626724417468
2030-06-17 11:00:00,6006.830153074767,3420.784797973068,530.2218144360186,4226.056307419004,1087.1230095363155
2030-06-17 12:00:00,5836.691972552373,3358.443692093754,524.7918296215353,4085.9899446616655,1044.9659754314948
2030-06-17 13:00:00,5962.619214462047,3317.672769132864,526.7871731148376,4214.932504579218,1007.0873014810832
2030-06-17 14:00:00,5971.697500860539,3371.6387614476685,523.6181113088401,4120.145042619691,1031.4834515551229
2030-06-17 15:00:00,5982.518546194193,3452.7351848018666,531.9133484500496,4185.8481252266,1050.0296473232145
2030-06-17 16:00:00,6166.564422344012,3521.503565618971,557.0013105440028,4267.2258602023085,1068.7072279362317
2030-06-17 17:00:00,6294.199833209841,3709.6015921405306,587.6124322588078,4407.939424111195,1114.907286118887
2030-06-17 18:00:00,6313.581312525765,3740.88280873461,609.0964986207728,4491.394639712303,1155.941529191007
2030-06-17 19:00:00,6248.139070188524,3732.050320835269,611.6910044848794,4471.451360764346,1157.4052225735602
2030-06-17 20:00:00,6224.284846555015,3660.081906372885,615.2701072609005,4491.67473602265,1155.4889280909772
2030-06-17 21:00:00,6051.588141408111,3522.234441427119,578.0833314054349,4243.945236056438,1115.5071278930425
2030-06-17 22:00:00,5689.9673549787285,3289.311131819652,523.2386668955752,4159.368820502695,1001.0337434005074
2030-06-17 23:00:00,5380.642562894993,3016.291091299169,483.43335592204994,3970.308914258478,860.7523355296734
2030-06-18 00:00:00,5194.647447587859,2980.3419807031364,460.9474635310378,3856.583781804413,783.9701368667465
2030-06-18 01:00:00,4949.15875553214,2888.579973619612,442.4810130285142,3814.336256000981,730.5374729032067
2030-06-18 02:00:00,4836.794056262908,2854.282055876435,438.4535103512291,3760.454648754774,715.5478446150435
2030-06-18 03:00:00,4977.161230707599,2927.3831116553342,431.8237755764774,3755.047223193597,714.8130078876451
2030-06-18 04:00:00,4851.946793393059,2990.269226459586,452.2438656115001,3750.718602414353,732.5789874186465
2030-06-18 05:00:00,5081.127718202382,3257.295269922584,480.05158060370303,3944.4404255352993,750.3468923035566
2030-06-18 06:00:00,5235.171805903042,3432.719909941268,521.435669217904,4180.014445781186,887.4959914499971
2030-06-18 07:00:00,5476.147926095115,3417.927959474364,530.3235456984366,4162.449571898437,1030.546124938504
2030-06-18 08:00:00,5841.490511874324,3501.65361202694,534.2476322035037,4305.236789643216,1056.5938455418311
2030-06-18 09:00:00,6017.313105947845,3434.037133172904,530.8255120773715,4257.4612747297415,1091.5693661398395
2030-06-18 10:00:00,6155.659106513137,3518.071069904421,527.2636223302055,4264.222809399102,1087.710091330785
2030-06-18 11:00:00,6055.834604264199,3373.315311954788,526.7331134374934,4265.113981038301,1069.9124010379987
2030-06-18 12:00:00,5983.2980162190215,3341.0942691134437,519.9106218255688,4162.29675395574,1032.447977139069
2030-06-18 13:00:00,6010.833883456748,3398.331589245043,527.0139756605995,4132.500662788667,1011.4096121070356
2030-06-18 14:00:00,6152.164296059838,3423.012347409846,526.3487284341493,4099.095149857062,1019.1284685779882
2030-06-18 15:00:00,6123.097789608081,3467.2325670920936,527.0334109934689,4186.36071679475,1020.7961794264896
2030-06-18 16:00:00,6177.775324413409,3554.0598883775333,548.0045642625133,4276.355893712862,1069.3213752874683
2030-06-18 17:00:00,6204.812615149748,3680.5172440976976,588.3630177564562,4397.875211525371,1141.3379476521864
2030-06-18 18:00:00,6235.91970022942,3736.698008033415,607.1734230374954,4471.1682456932695,1162.003923836587
2030-06-18 19:00:00,6192.20879812831,3867.0054922490463,625.1169414901409,4490.756442606427,1149.378725843992
2030-06-18 20:00:00,6274.920002365656,3679.0086693809776,619.3731846407284,4437.688622517303,1156.2974261697782
2030-06-18 21:00:00,6151.3801452004445,3461.3079182370434,585.7072440539042,4307.453064464358,1106.987485400708
2030-06-18 22:00:00,5854.110358884838,3320.2313824109824,525.996547796696,4162.80982045849,989.7715959472458
2030-06-18 23:00:00,5313.039629086561,3067.8788106982347,479.89653573987,3997.712705332445,856.9656073465363
2030-06-19 00:00:00,5146.571704570167,2923.918914070824,457.86978976263407,3924.636608931487,787.0535187493922
2030-06-19 01:00:00,4971.119512936169,2915.551386197424,443.5475352672491,3706.655771803935,729.269647616923
2030-06-19 02:00:00,4868.954516649038,2907.678985046527,438.4851255332796,3761.977355126475,723.6598261073098
2030-06-19 03:00:00,4964.878378434301,2988.965545838279,438.88477317211056,3735.96607099691,714.9743678688142
2030-06-19 04:00:00,4978.296090423509,2979.283950443556,448.7442832260612,3816.648630641032,716.8341903324239
2030-06-19 05:00:00,5110.310032411089,3175.4806061403765,483.712254912278,3862.295824998957,745.9244241698389
2030-06-19 06:00:00,5318.540687605208,3397.590450502092,531.3968788028482,4219.234497020857,895.5313068341374
2030-06-19 07:00:00,5514.82066204746,3448.387179008317,525.5994303288401,4215.013024304682,1044.0631732619709
2030-06-19 08:00:00,5903.4983962866045,3448.867000021731,531.526339083965,4198.945287470847,1093.1190519113918
2030-06-19 09:00:00,6038.2411382600285,3508.4144326909213,536.7641451247175,4202.082104566126,1078.0168724727057
2030-06-19 10:00:00,6201.942174401789,3391.9566362717337,532.3389384188024,4260.632650309317,1090.6259182203812
2030-06-19 11:00:00,6098.037331056211,3278.415400717989,523.8264389814229,4193.575702364433,1091.9474512713882
2030-06-19 12:00:00,6068.058117154695,3345.274662671775,510.9922144233968,4178.088176474567,1054.988203897999
2030-06-19 13:00:00,6069.592688878013,3429.7281935600545,524.4402539689196,4178.954998540625,1028.003439897448
2030-06-19 14:00:00,6016.214767754674,3368.534303128644,518.510219240806,4085.675725034691,1018.8689895685618
2030-06-19 15:00:00,6136.619057210575,3465.09879267231,526.7905325910184,4178.688209329703,1040.6432059214724
2030-06-19 16:00:00,6196.393213979986,3516.6884884901037,556.3933934191731,4240.634608593318,1078.1455330551762
2030-06-19 17:00:00,6140.168440555957,3670.5938799002943,584.5850474259412,4369.250229846678,1126.1091785225026
2030-06-19 18:00:00,6153.9207230227785,3803.977191333726,594.988025527692,4544.79131521409,1174.2337703537405
2030-06-19 19:00:00,6178.103106067747,3804.945548204677,622.8228397493718,4468.352309331919,1147.5377231754835
2030-06-19 20:00:00,6203.033632955176,3679.691292930294,615.4145330227237,4513.815496298185,1148.0149793409848
2030-06-19 21:00:00,6079.276344853595,3511.044191086208,584.6796683832699,4394.834212149149,1127.068020231956
2030-06-19 22:00:00,5840.453897985765,3263.2172697003084,521.1459145816117,4092.678755290919,1005.3416463028576
2030-06-19 23:00:00,5429.387919707729,3100.188147144737,478.4801758656847,3931.450511715406,868.9354885075531
2030-06-20 00:00:00,5139.014964095359,3006.1156974092582,457.6195324806957,3916.463503704445,795.3353330154508
2030-06-20 01:00:00,5056.700528433019,2893.7642651905394,443.9690618495476,3792.89919488012,747.4514830778398
2030-06-20 02:00:00,4975.540484195631,2891.592243775473,439.4583502389177,3766.0011135733616,712.7831418104483
2030-06-20 03:00:00,4953.142834484573,2902.6147581903483,437.4894829570305,3781.34855608456,723.2885933981698
2030-06-20 04:00:00,4981.805838772954,3046.917934882546,449.063707563459,3798.637805582133,713.9716553349697
2030-06-20 05:00:00,5050.925757021293,3264.4747884952035,481.761282277584,3955.5877513907294,756.0412659619454
2030-06-20 06:00:00,5304.815128649932,3471.8156449092885,530.3678416378468,4162.264256006794,895.9451072074665
2030-06-20 07:00:00,5515.327636009347,3430.653191779065,538.1171836214035,4293.754745466746,1039.390027630405
2030-06-20 08:00:00,5905.448475592284,3552.6984545942228,527.6256241872776,4243.771347843138,1074.8341408407227
2030-06-20 09:00:00,6065.491904430784,3470.2986507049304,530.0762750133894,4315.579610120971,1086.221181396033
2030-06-20 10:00:00,6160.943973345902,3516.034481854476,535.131188476554,4209.856602031116,1112.8683874415262
2030-06-20 11:00:00,6109.875753442077,3370.926226534885,522.5359165799827,4190.87213688645,1078.8917641872097
2030-06-20 12:00:00,5957.111501821161,3305.03223803466,515.8236355091539,4158.605575220339,1040.8179191048348
2030-06-20 13:00:00,6035.892075100805,3391.9819623777385,526.9311991706165,4134.399775516237,1019.481632227736
2030-06-20 14:00:00,6056.198111608018,3400.6875661425534,530.8300180628694,4140.4782874266775,1029.6846992085495
2030-06-20 15:00:00,6121.023306966787,3437.898788880629,530.3982030842616,4171.134964786662,1019.722619497628
2030-06-20 16:00:00,6259.031578672686,3568.445616930962,555.1373052947357,4321.986488680721,1087.3677400838735
2030-06-20 17:00:00,6266.857917082087,3699.444391533421,589.8280363989287,4465.045334933598,1128.7276971922424
2030-06-20 18:00:00,6146.143468494089,3764.761704890929,603.8265544934512,4525.26106484187,1171.1780485685674
2030-06-20 19:00:00,6284.534191729607,3772.275035817695,621.942358194072,4518.111279213668,1164.4271421963883
2030-06-20 20:00:00,6284.833101371481,3733.616775771983,619.5779794025103,4515.384344945715,1164.9615773256296
2030-06-20 21:00:00,6180.636104779845,3474.241284746376,589.3822995580908,4315.014427879863,1109.4489934525968
2030-06-20 22:00:00,5774.915600125537,3274.5107397879187,524.5850416869237,4120.962919082261,1005.21185373248
2030-06-20 23:00:00,5606.48256909503,3035.8574278363794,483.2452150842973,3941.318137773094,873.0483284213828
2030-06-21 00:00:00,5144.650068822897,2946.674823635097,454.0162302595226,3854.055811532975,774.573300518615
2030-06-21 01:00:00,5041.186154882462,2884.654975932603,441.0455710288814,3854.123971099841,732.4402349335888
2030-06-21 02:00:00,5035.4587195180375,2883.2809769122537,442.549814389473,3724.0581062382175,729.6864530710868
2030-06-21 03:00:00,4947.280453283425,2967.2411675780268,445.3310004261206,3756.567515041367,706.6183393330773
2030-06-21 04:00:00,5001.571536098428,3066.858989341235,445.5707710268788,3711.564694457437,722.7353620098086
2030-06-21 05:00:00,5141.9767481055205,3304.8314960913717,487.274775071331,3931.84863507151,766.2936172408137
2030-06-21 06:00:00,5182.946824862559,3462.465299241589,531.749758652911,4181.249757002033,894.7463087427311
2030-06-21 07:00:00,5444.100662058107,3452.041540787572,532.5781656938062,4204.630501520588,1031.7119288507229
2030-06-21 08:00:00,6003.692895059728,3464.683069088922,531.1963563159863,4282.864607791859,1069.1594013743986
2030-06-21 09:00:00,6075.342362141573,3520.769567066389,529.3113303971219,4243.984268069239,1110.9187345168746
2030-06-21 10:00:00,6187.172098079112,3446.6678997252243,539.7454158802435,4216.16013349983,1081.215338670594
2030-06-21 11:00:00,6161.240192590969,3407.012169297619,516.9659072229316,4242.632124067573,1080.5397721538463
2030-06-21 12:00:00,5959.863216098021,3362.0864048379367,517.993455244614,4088.84613584498,1042.7519723633764
2030-06-21 13:00:00,6082.300324010435,3394.570361763157,532.3216324985708,4122.105527775298,1021.4909375750624
2030-06-21 14:00:00,6154.194470465279,3405.284000362334,521.7871806089298,4147.32221404954,1030.3481997705808
2030-06-21 15:00:00,6110.835171222759,3413.4690795084966,527.045483142681,4209.344616500129,1054.4854468883786
2030-06-21 16:00:00,6264.280390872997,3589.4346043258843,554.2889600660366,4254.243862729916,1068.1905387190054
2030-06-21 17:00:00,6261.932850548142,3728.6668963296624,589.0626651417232,4406.729396964038,1136.8639427932244
2030-06-21 18:00:00,6315.106850222465,3773.2721894394367,615.9772198978488,4470.061604025062,1166.53348431773
2030-06-21 19:00:00,6296.180663520172,3774.958875815971,627.5855527974888,4503.71033168265,1164.7076868385998
2030-06-21 20:00:00,6236.842225549711,3663.748622123236,621.1567470250467,4495.159063174769,1186.6136268285045
2030-06-21 21:00:00,6053.324351111202,3527.553638976566,586.8758474390934,4393.98304710129,1108.8976965288475
2030-06-21 22:00:00,5748.885756802556,3255.833516514347,525.6050803355189,4176.731219426417,1005.3181811601174
2030-06-21 23:00:00,5339.809446980397,3083.2666736969054,492.5987059020301,3925.982911370473,873.4228822425795
2030-06-22 00:00:00,4991.152431797541,2956.8008250196967,457.3504827309395,3873.5787129350106,774.6221772567402
2030-06-22 01:00:00,4953.531540435458,2906.2412045408914,440.3901161227517,3822.510423990384,728.034639878864
2030-06-22 02:00:00,4913.134470957612,2883.8115406311704,442.3453105846005,3828.651964787001,709.9138658377265
2030-06-22 03:00:00,4894.409485420714,2932.952328478211,438.59020307849306,3755.163160965363,709.4947354876568
2030-06-22 04:00:00,4896.9028810788905,2955.195217153927,438.6702274825008,3786.935959477185,716.7953883533567
2030-06-22 05:00:00,5011.903797737258,3289.001262379688,479.7175850631271,3994.6407262760695,759.936043925207
2030-06-22 06:00:00,5230.004806441797,3424.11077046956,532.6301757084591,4155.146358141898,880.0624282739623
2030-06-22 07:00:00,5579.912805837062,3461.234176406547,528.0536990151129,4262.495683396682,1026.176123812941
2030-06-22 08:00:00,5829.851234249291,3517.2415785565804,535.4047614319387,4217.818448076359,1065.7905388184915
2030-06-22 09:00:00,6103.515727568989,3452.5861638238125,531.0657472465846,4314.283039649194,1092.9216330331644
2030-06-22 10:00:00,6112.828616134195,3430.038725507756,523.225175687483,4195.918083255141,1081.0926644507156
2030-06-22 11:00:00,5966.267248078463,3357.205310979931,519.1180323044495,4209.789297924577,1062.0319557470114
2030-06-22 12:00:00,5961.679687575462,3351.780459693018,507.7638092776674,4251.07282483519,1052.9071562434697
2030-06-22 13:00:00,6100.412048402701,3389.6410544650234,521.9103908214513,4246.337414101281,1030.856882916825
2030-06-22 14:00:00,5995.15783713374,3410.066827100575,521.8366950817683,4133.366500823005,1031.682509314199
2030-06-22 15:00:00,6216.049467496988,3470.28195577038,531.2186032365171,4130.130716224466,1043.241504144924
2030-06-22 16:00:00,6081.617153335774,3593.420801401115,553.342142202347,4249.222529628608,1069.3839909365572
2030-06-22 17:00:00,6181.162096864682,3647.989568444319,584.5452477376169,4468.339988856498,1114.986552546283
2030-06-22 18:00:00,6091.205400663493,3718.8467919402656,596.2040774418501,4455.089321380563,1142.3239805537105
2030-06-22 19:00:00,6273.994126698533,3741.167329349513,618.1547997458808,4556.535056347828,1161.2199945539817
2030-06-22 20:00:00,6131.878253143496,3722.613796213464,625.1417380070056,4468.476558655657,1172.97134842962
2030-06-22 21:00:00,6063.267705780013,3521.3072821301344,588.3528837954472,4326.842218156143,1079.5337031181823
2030-06-22 22:00:00,5681.599310361627,3237.6928249634734,530.8097506444044,4229.634780478746,1003.621768579528
2030-06-22 23:00:00,5286.17761700913,3048.491342659528,492.6541305082501,3932.493870065048,876.9278806577395
2030-06-23 00:00:00,4942.637016984314,2970.2370185851933,455.5476825650816,3870.78677887245,764.6177928780708
2030-06-23 01:00:00,4873.810579966417,2834.115333857453,440.9586188934692,3755.980453977013,737.8301708608996
2030-06-23 02:00:00,4638.983875712029,2825.1928518814043,442.7435117112413,3800.8986975807047,716.3942550726729
2030-06-23 03:00:00,4711.840229967274,2841.329763277826,437.5488357322425,3685.113741648578,709.9240678747199
2030-06-23 04:00:00,4822.292731604203,2924.087923165705,441.833603938249,3798.240259910473,715.3214128083562
2030-06-23 05:00:00,4810.627720058042,3229.0418462193425,482.847153995885,3924.125802267712,758.0313580961889
2030-06-23 06:00:00,5093.907826904219,3310.664601257873,520.6364562152276,4077.434772431977,862.1783840639577
2030-06-23 07:00:00,5291.994651816333,3398.155817682969,519.428576124806,4186.123886126194,1028.1211644833966
2030-06-23 08:00:00,5713.097829890444,3469.486552295529,533.2786366888715,4208.538079871197,1061.462307711232
2030-06-23 09:00:00,5879.829836163882,3433.00849639234,528.1374336610515,4211.692566666624,1073.4204311561346
2030-06-23 10:00:00,5876.126636035679,3360.3363191552685,527.8610124204005,4238.051958284873,1080.3556189074295
2030-06-23 11:00:00,5883.174100717687,3380.906599266715,526.7668575789855,4189.286049812232,1078.8174249020133
2030-06-23 12:00:00,5763.216802765121,3280.1303527777677,503.88795938890974,4076.006349232542,1033.6132663282997
2030-06-23 13:00:00,5845.3232297943005,3367.5893702132794,523.2256209475341,4139.034156712859,1022.8711294600176
2030-06-23 14:00:00,5795.825474000648,3323.0149253881705,514.1392070879792,4141.857961181365,1020.4403408080204
2030-06-23 15:00:00,5858.898569589671,3387.194353182936,522.3537605146672,4148.241911109143,1032.4937785730688
2030-06-23 16:00:00,5983.869298008685,3527.273833174766,544.0924760837169,4307.2891259565695,1060.781002054296
2030-06-23 17:00:00,6111.770944984361,3593.4601510210064,589.7104343675861,4365.972129114146,1132.949679964231
2030-06-23 18:00:00,5885.587959350846,3601.512350728328,613.5101829144131,4533.740402014651,1141.9283909194517
2030-06-23 19:00:00,6022.751704966209,3715.7343511610334,632.5583243203149,4468.763766798977,1134.019730736185
2030-06-23 20:00:00,6103.09647301201,3621.926452385777,622.7663580062398,4550.532418195048,1161.3642492878655
2030-06-23 21:00:00,5817.106813210256,3512.208077699319,578.7666539088049,4353.989287024648,1099.524044654368
2030-06-23 22:00:00,5510.983187292327,3252.82812607181,517.5751036834934,4124.751457434804,993.163049953628
2030-06-23 23:00:00,5134.721511993562,3017.9708133719323,480.7084394149968,3907.120528835989,862.815341421208
2030-06-24 00:00:00,5010.7899531471085,2947.2638137410163,457.9450823358645,3844.4133590288734,773.1717532103037
2030-06-24 01:00:00,4896.594246856966,2946.601446532468,444.78449268867416,3809.2850670632106,739.6882046048922
2030-06-24 02:00:00,4864.18856014522,2840.471358858687,440.8303912286984,3796.388443887953,709.3533099931658
2030-06-24 03:00:00,4901.274032212124,2921.259544834232,438.6767409768804,3753.6761746639168,699.2238557674078
2030-06-24 04:00:00,4821.285831430942,2985.5382340524416,446.5478785491878,3827.949542824479,725.7003766483546
2030-06-24 05:00:00,5019.204735483172,3198.3367240568696,485.5697029592392,3931.074513912509,760.4743372084133
2030-06-24 06:00:00,5292.347221262181,3473.1286714372823,526.0781960786605,4083.291772987534,894.8294607234997
2030-06-24 07:00:00,5415.907854218191,3430.123832058573,524.2523544623687,4132.231615080985,1008.4298258228496
2030-06-24 08:00:00,5800.229190516388,3447.089477781189,524.5132347569208,4248.788219049651,1078.7934849908731
2030-06-24 09:00:00,5968.133630976437,3478.19996325398,525.7373329562572,4251.126707567688,1081.014232603446
2030-06-24 10:00:00,6167.94645207542,3443.7288686275183,526.7627538871682,4291.338279599266,1096.9333381029662
2030-06-24 11:00:00,6068.911943807748,3370.441286631372,531.5523366587169,4200.2692072748805,1054.931810877608
2030-06-24 12:00:00,5906.652921520309,3367.4466807557924,512.0356052161841,4179.994555462883,1026.2642602914927
2030-06-24 13:00:00,6019.791839794776,3345.820689951522,524.9861974647057,4109.559893435914,1027.5562340770075
2030-06-24 14:00:00,6069.026668599056,3326.081189851784,513.3232398640316,4142.750256094612,1029.106553357661
2030-06-24 15:00:00,6058.291439154587,3439.639820224648,530.1983091943997,4202.475130177751,1022.5421692165444
2030-06-24 16:00:00,6327.522772764536,3532.1384768375165,543.6993704434578,4266.271767198602,1074.436480310053
2030-06-24 17:00:00,6169.573095307287,3646.6740717916255,595.3087719346724,4368.137308016693,1121.3189558581585
2030-06-24 18:00:00,6241.441977446418,3728.2374667086906,607.7704282626149,4474.424547239034,1155.116862326298
2030-06-24 19:00:00,6135.640016167161,3706.170361011368,628.2356198081242,4446.911444859075,1155.9939577658
2030-06-24 20:00:00,6255.5445440449685,3700.704048823285,620.5833553623347,4364.916236669785,1146.3781362143757
2030-06-24 21:00:00,6067.979769285321,3545.494480075995,588.8767259162863,4334.706814730329,1108.6037108154255
2030-06-24 22:00:00,5710.9873152749,3219.344617753572,522.9057569339777,4085.552096482657,1003.1031723034228
2030-06-24 23:00:00,5292.959806300645,3107.82551748539,485.632988438265,4010.822191650185,871.414211882333
2030-06-25 00:00:00,5165.7387404940055,2956.430945923072,456.9902214212301,3834.9899356174633,780.2015263803373
2030-06-25 01:00:00,4873.683726137224,2907.6920491188,442.44306042574,3847.114434993712,736.4315657098405
2030-06-25 02:00:00,4949.456319397244,2892.630716393599,442.5806158123819,3758.150853046987,701.3959411378183
2030-06-25 03:00:00,4883.701639195717,2943.1385749615697,450.582059719134,3745.2156513170894,703.9390534368706
2030-06-25 04:00:00,4962.462023401795,3051.1081261287286,446.8923357096876,3823.3180100673617,717.9740633468446
2030-06-25 05:00:00,5090.774682007985,3294.8072836204096,486.2557133085375,3938.124754871581,775.0692752042199
2030-06-25 06:00:00,5276.307248902182,3430.2988548660933,537.6516141946399,4150.9341181682685,877.6450068938403
2030-06-25 07:00:00,5544.464230318394,3411.320826889171,518.1811432683177,4265.4126897086935,1022.2258488855928
2030-06-25 08:00:00,5969.766239329968,3494.1893102195063,530.9225335275149,4251.539750475162,1047.2469123688302
2030-06-25 09:00:00,6106.024455306775,3483.9797866679933,522.8023268968208,4211.80295120472,1077.1061510243906
2030-06-25 10:00:00,6205.120574394071,3459.711124564858,528.1809366534388,4299.516416209287,1113.828959213207
2030-06-25 11:00:00,6040.390586258594,3381.8785758704994,527.5488165771801,4195.379797635313,1078.5572461916156
2030-06-25 12:00:00,5945.44063678928,3381.4436936701168,524.6272302935885,4105.731605503389,1044.6985047087703
2030-06-25 13:00:00,6042.208905176307,3386.1473166565784,520.0448983518071,4118.225334767575,1018.7875786045904
2030-06-25 14:00:00,6142.700007269524,3352.292860003712,525.3107321332633,4163.8236195912095,1011.3366725571734
2030-06-25 15:00:00,6117.337420759865,3394.6597936372245,533.8347776026739,4204.17823257273,1046.2450801418431
2030-06-25 16:00:00,6233.84786376166,3592.8049729852687,557.113988367496,4301.283012109903,1077.6505682614854
2030-06-25 17:00:00,6163.293878630642,3679.5819653405633,588.4279342689817,4424.188204699904,1108.5986862904824
2030-06-25 18:00:00,6188.117326327556,3703.605441804863,606.9194461105309,4464.407124712633,1181.597861386609
2030-06-25 19:00:00,6276.282413078031,3747.369527813412,622.433574912206,4499.898275268461,1156.8741970457288
2030-06-25 20:00:00,6203.064057306119,3675.9229489175946,617.1858004449496,4551.037480939378,1176.1633357142282
2030-06-25 21:00:00,5911.990761105415,3472.017208214202,596.652588427969,4328.621719785869,1109.261053228351
2030-06-25 22:00:00,5705.867597653119,3246.249172242638,515.7815699064354,4109.246241705205,1007.1874108208052
2030-06-25 23:00:00,5409.628713312982,3102.48926375926,481.2505562664274,3980.529568920367,856.0230816785277
2030-06-26 00:00:00,5052.962401420926,2984.872613799186,445.50724288604073,3898.084020803845,781.9550506563775
2030-06-26 01:00:00,4968.838066841901,2898.9002665861267,442.87383671088776,3823.603146628279,735.4978736281845
2030-06-26 02:00:00,4941.393424203803,2909.0095155890285,436.6026725406491,3837.169847336506,708.1665056274485
2030-06-26 03:00:00,4954.775446029525,2954.7752398915354,440.55355327675903,3721.0095083202423,714.9514491835099
2030-06-26 04:00:00,4971.965940437416,3027.711271732084,446.8413969937613,3811.174195160146,730.0596715869754
2030-06-26 05:00:00,5080.185502962996,3306.506989269198,486.7335483037647,3915.552509812897,761.4025485694394
2030-06-26 06:00:00,5298.788032445213,3387.434863277488,523.5161842309114,4189.183958218368,885.8591601819261
2030-06-26 07:00:00,5528.275282975126,3481.333816008835,535.3962705513956,4198.612545898199,1020.0441018944638
2030-06-26 08:00:00,5815.85237296107,3511.353128278564,531.1589943766247,4236.788316484153,1068.983644620875
2030-06-26 09:00:00,6078.610847207652,3491.443277106124,521.9403227248523,4267.006994471682,1089.625417900599
2030-06-26 10:00:00,6177.939332584375,3496.6860873502205,530.3618860459524,4286.65789166684,1092.7410063635668
2030-06-26 11:00:00,5990.094550931273,3409.718803946626,526.5375301099068,4213.955314742828,1096.6821192845746
2030-06-26 12:00:00,6041.012071434512,3256.359059697294,513.9044724249935,4111.251299350904,1050.0885127271686
2030-06-26 13:00:00,5999.5457127548,3334.4925608143026,521.7431819025368,4134.689726764878,1029.1125675677151
2030-06-26 14:00:00,6089.296295611887,3352.110319959605,520.2545106830711,4163.807405203971,1023.120165769044
2030-06-26 15:00:00,6104.377895329382,3403.7237116678457,534.3423109764007,4204.074309362072,1027.936205393209
2030-06-26 16:00:00,6107.149868076507,3529.6141929238483,554.9862439464755,4233.723919620734,1060.3416940228683
2030-06-26 17:00:00,6360.033383729336,3710.717062409881,581.401528967997,4433.167815902672,1115.6539938036717
2030-06-26 18:00:00,6290.02953915173,3763.557496821305,605.5766836085826,4529.906314726238,1157.5040151964963
2030-06-26 19:00:00,6265.873686981979,3750.534670062319,616.7261367213594,4506.144315528096,1163.1445678046582
2030-06-26 20:00:00,6268.626864516579,3719.907522826295,618.6051128171529,4616.506183656118,1145.0474024538746
2030-06-26 21:00:00,6064.6580703091495,3592.796442971494,596.906440989022,4365.902683288344,1124.71138748335
2030-06-26 22:00:00,5732.154568325032,3299.548198727967,531.4552931184467,4087.058210317961,1023.1053044717686
2030-06-26 23:00:00,5465.990211249902,3076.326942737186,480.1882602360878,3952.943202230656,880.4424799697905
2030-06-27 00:00:00,5204.613324090376,3011.6290420253977,453.8508031020082,3806.361552563455,771.9074854199791
2030-06-27 01:00:00,5066.118520131895,2927.9913252531537,437.5198462596704,3809.03893838261,751.122437994823
2030-06-27 02:00:00,4933.476823159731,2923.8643223391023,444.4780024810418,3777.653057332374,714.6943670388628
2030-06-27 03:00:00,4998.46982113501,2944.1597018769867,440.09148530247046,3771.030479685144,720.4976682165978
2030-06-27 04:00:00,4904.361056544982,2996.909647834527,437.4397594538387,3849.334758624088,723.2137214738809
2030-06-27 05:00:00,5128.653659137647,3292.0302209489028,478.8061792559077,3960.027680078625,773.8560169857632
2030-06-27 06:00:00,5260.629933565598,3369.659344159643,534.0269183842123,4179.169796471372,890.3785822961121
2030-06-27 07:00:00,5587.33076995797,3443.1701926112,529.922848078121,4175.756680718486,1041.620218469966
2030-06-27 08:00:00,5839.8540746639255,3540.24832926271,542.1051630682638,4195.18910043055,1071.3400828593751
2030-06-27 09:00:00,6030.839001910176,3500.0779581172583,523.972524983206,4287.099915413675,1081.9774796759546
2030-06-27 10:00:00,6226.249184651047,3484.418217035159,530.2449110536392,4260.49629530241,1095.9079648757656
2030-06-27 11:00:00,5938.044999349568,3407.836226152868,518.6935659445712,4206.635961182031,1075.4440896574483
2030-06-27 12:00:00,5973.956834850665,3375.3172347621344,522.6183590315695,4155.298072243321,1049.577942754025
2030-06-27 13:00:00,6128.285354124827,3392.585437602253,532.8689835938549,4208.224728699885,1024.2841910428183
2030-06-27 14:00:00,6065.433410409628,3436.8709416136685,525.0580397803863,4200.691659092287,1021.1221972259476
2030-06-27 15:00:00,6165.047595235613,3460.495911644923,530.1406433066888,4203.416987422901,1055.7940143078213
2030-06-27 16:00:00,6210.801158861278,3556.645257404716,553.692812142029,4259.641228608435,1086.6016201681723
2030-06-27 17:00:00,6175.894297804932,3683.431434335271,603.0601051724515,4467.462917757268,1119.8559896128534
2030-06-27 18:00:00,6303.072929997015,3730.588745245815,605.9801691629092,4472.321771775049,1163.1918542634
2030-06-27 19:00:00,6165.795123816909,3777.909510537682,623.3578183048244,4511.361798459984,1158.7649904324426
2030-06-27 20:00:00,6306.383810748322,3695.8024019972927,626.0503434185316,4470.491440056696,1174.5265944496075
2030-06-27 21:00:00,6065.738222741481,3485.107632763475,575.7989061316264,4295.492458418969,1119.2892820360785
2030-06-27 22:00:00,5776.277394402098,3281.8612394280617,532.0902284078954,4176.822422540227,1003.3758363206504
2030-06-27 23:00:00,5432.135512033463,3111.7032090083926,478.5275322826162,3927.2493209549375,862.1716327019943
2030-06-28 00:00:00,5162.557079800604,2953.2578644360115,470.3164422685895,3891.318843347304,783.031983950165
2030-06-28 01:00:00,5085.919200033344,2964.1836596179564,448.8065688588948,3813.007220122583,733.3896667710303
2030-06-28 02:00:00,5013.54180113973,2883.40763929909,437.0229430849786,3875.162284776369,727.7916582557311
2030-06-28 03:00:00,4919.137320172329,2962.3590025202434,441.7408865306136,3756.9934626317863,719.6948607091558
2030-06-28 04:00:00,5011.108012276518,3058.338606275047,447.125443841838,3835.1690728655153,718.8868036267447
2030-06-28 05:00:00,5096.326248970601,3234.6097649601465,480.1179999227524,3928.929345765103,763.4527138338858
2030-06-28 06:00:00,5231.684310475282,3459.702059151205,533.7628575980211,4164.719067757928,890.2871246046507
2030-06-28 07:00:00,5462.7442921720985,3485.060535238088,532.6017728254175,4247.850472688277,1033.5244359758412
2030-06-28 08:00:00,5847.125674509971,3452.7736821274657,536.4347023823927,4258.19944297119,1074.523429635494
2030-06-28 09:00:00,6128.594934991146,3526.0130764083437,533.4309774382511,4291.027207772927,1119.2329694350094
2030-06-28 10:00:00,6185.216561287694,3484.7925656450457,522.0455443634393,4224.058006138722,1100.939552177991
2030-06-28 11:00:00,6137.124763125118,3421.3377377048214,528.6815954243827,4216.354015256278,1100.5607081533076
2030-06-28 12:00:00,5985.503024361252,3443.5223655476084,520.0888584825171,4178.816498222472,1044.584250894988
2030-06-28 13:00:00,6076.390295251863,3439.896385476837,520.5529175311718,4114.0772302868645,1011.4123373829826
2030-06-28 14:00:00,6055.179461256415,3412.3840371810747,528.0681900169374,4223.239804982445,1026.6624391126172
2030-06-28 15:00:00,6167.441074134099,3465.5291266350787,530.4066986793705,4235.583616350154,1018.970525827008
2030-06-28 16:00:00,6197.557010602977,3591.8828026569718,561.8090991025115,4434.742140184162,1065.111678485247
2030-06-28 17:00:00,6287.753512299083,3719.117721821289,589.2748295382678,4446.907916331617,1128.4965521664192
2030-06-28 18:00:00,6283.913297716103,3720.612752372158,625.5507168412026,4554.175410432801,1164.3326908491322
2030-06-28 19:00:00,6261.618635238241,3767.8565711070096,622.1906135330345,4579.436777122933,1183.0068438153737
2030-06-28 20:00:00,6186.991068525146,3695.361352576031,619.0769495980221,4497.975767862902,1156.10574139334
2030-06-28 21:00:00,6072.789547638621,3566.660121086432,587.6773245987284,4351.338935612751,1123.8543717605442
2030-06-28 22:00:00,5825.890564962629,3342.2192543806977,527.072047592787,4149.667195390721,996.6677587720628
2030-06-28 23:00:00,5439.5588172745465,3102.7646209805525,485.2248929060811,3942.828773926241,851.3093871785752
2030-06-29 00:00:00,5096.930261278472,2995.4311383206427,459.176151537243,3870.096671067274,776.1080254748359
2030-06-29 01:00:00,5052.521015878429,2933.466006341497,447.2028029941593,3812.7403574346,729.2462297188711
2030-06-29 02:00:00,4824.73840474184,2803.536533350674,442.4711626709453,3830.179000629038,715.9548983048928
2030-06-29 03:00:00,4848.366017073893,2894.728456378671,436.8497260022079,3745.495133179461,711.7431782414833
2030-06-29 04:00:00,4914.434314625978,2990.910059129425,449.71799868217965,3770.691282962936,722.2495240717775
2030-06-29 05:00:00,5038.005176939701,3238.8476611096567,478.55950043386986,3933.969004374804,748.9198021936315
2030-06-29 06:00:00,5384.86333208537,3467.1063249671183,532.281640351315,4151.232705666924,886.862055063536
2030-06-29 07:00:00,5436.972651359302,3461.287003943817,531.2506468761906,4194.906901271696,1015.9824462866518
2030-06-29 08:00:00,5752.431179136048,3485.0071026618302,535.2333481318972,4182.973532658598,1058.3408533146928
2030-06-29 09:00:00,6143.444726151846,3418.079189505524,519.2791032043327,4333.766287356503,1072.503684511447
2030-06-29 10:00:00,6119.034811365457,3492.3237793007347,525.2169953640396,4231.832441175011,1094.6403607657026
2030-06-29 11:00:00,5903.562244258184,3419.1918959826185,529.1387957372642,4245.157978507787,1068.434828332698
2030-06-29 12:00:00,5910.34910546957,3316.6536299034,521.1706094147906,4120.316605388475,1031.8694275577454
2030-06-29 13:00:00,6040.913256464758,3384.2365017460097,530.2909316950291,4152.37334104064,1013.6961652438368
2030-06-29 14:00:00,6015.358724247296,3409.174522223482,527.6648902954277,4162.864006427775,1013.817483721176
2030-06-29 15:00:00,5993.422633607203,3381.018959625386,531.2852512759033,4167.2057455575805,1015.7423136362484
2030-06-29 16:00:00,6194.02627713094,3568.7577192934027,559.1000531642763,4303.985933656495,1091.0134404111575
2030-06-29 17:00:00,6261.12181059783,3693.1198572608632,596.72644667322,4385.909039874452,1132.5878265919478
2030-06-29 18:00:00,6247.941248659369,3675.895282913028,621.3759806523849,4468.313526128006,1164.0209365170915
2030-06-29 19:00:00,6203.838587105994,3813.401976212376,629.5061025561243,4535.586889992074,1164.354584180321
2030-06-29 20:00:00,6201.235821216141,3767.462206458064,630.1124608690064,4476.240456436395,1146.4351146427744
2030-06-29 21:00:00,5970.210479788075,3484.398926656069,585.3193440408545,4387.829801705456,1107.1437594594056
2030-06-29 22:00:00,5692.603703409298,3335.7949379201523,533.2246433424775,4148.513622211051,992.4430777725591
2030-06-29 23:00:00,5193.699512771584,3108.3176376824663,489.48593248696784,3984.399076681281,862.5713159992122
2030-06-30 00:00:00,4892.128779196986,2968.757581600795,454.1044452785167,3832.430066553397,775.415960070384
2030-06-30 01:00:00,4819.573339053492,2885.1713185448903,437.3068575418531,3811.171256734741,732.4374968211835
2030-06-30 02:00:00,4727.9477169918,2898.9161277123585,430.3404359612167,3809.4140529058063,708.4712264259352
2030-06-30 03:00:00,4771.089820529466,2863.561787130082,447.9205801648491,3778.886526823589,703.9383215433185
2030-06-30 04:00:00,4780.735060961498,2949.979564547598,445.9445278357632,3750.1400059981497,716.4238406705203
2030-06-30 05:00:00,4841.273656744476,3242.13798931598,473.1559500412927,3870.473800863992,751.2702106975581
2030-06-30 06:00:00,5079.436305524118,3320.336000615541,523.5531816564937,4141.803018926294,889.859266402712
2030-06-30 07:00:00,5160.781497200637,3437.0512222565358,527.8814804348975,4314.084530571907,1028.742484680243
2030-06-30 08:00:00,5577.579556974094,3455.6719101515987,535.533145205396,4284.085267752627,1073.9125048101073
2030-06-30 09:00:00,5808.501220051287,3414.345747379128,530.3753601553952,4241.9490986022665,1091.02040960247
2030-06-30 10:00:00,5860.414092689133,3393.8974321871924,527.3790724287674,4260.6123658737215,1085.244537331997
2030-06-30 11:00:00,5788.554501773343,3402.8770159972146,533.7204390498126,4148.997277349369,1082.103233298422
2030-06-30 12:00:00,5805.956759904425,3297.440820529237,519.7189033845201,4220.823006080599,1036.9553621530174
2030-06-30 13:00:00,5799.436565851685,3264.502954625642,520.1742479154241,4096.175725714368,1021.4613036392408
2030-06-30 14:00:00,5861.021982771781,3363.8827971364194,514.1492185412977,4160.135895945906,1028.622393402576
2030-06-30 15:00:00,5919.103849779285,3433.4112514786907,527.479756915992,4154.89312027216,1038.3844797798656
2030-06-30 16:00:00,5857.746211806142,3523.3842767439423,545.1981415810853,4311.920039396086,1068.9590859965117
2030-06-30 17:00:00,6062.5257875431,3608.0031786325,579.4817596364012,4482.046909246339,1129.8009505375098
2030-06-30 18:00:00,5933.410524783541,3691.491927979953,601.2401253661401,4447.770523033564,1166.559445307362
2030-06-30 19:00:00,5951.004818721888,3689.615308943188,619.9619988274446,4493.549925383025,1147.7032040227607
2030-06-30 20:00:00,6011.188575690259,3675.538516418283,617.5159386047216,4523.979433374229,1155.4062728234185
2030-06-30 21:00:00,5761.890145338267,3461.187041198369,581.4224156956055,4328.463648685803,1091.199836469458
2030-06-30 22:00:00,5544.730599770674,3266.96430325031,526.2109257185672,4156.90849077532,990.035174423554
2030-06-30 23:00:00,5180.112796434141,3047.808380889259,484.42675771249696,3941.415962677228,866.0530141896231
2030-07-01 00:00:00,5486.979542736777,3187.6472053896564,534.2425829200911,4188.421849479008,832.6858749660787
2030-07-01 01:00:00,5364.166084199241,3128.4275443032548,506.3747543629307,3997.912536233392,790.3351132612611
2030-07-01 02:00:00,5397.832929256874,3070.632259187293,508.0279701676208,4028.3748383749776,773.2182802223846
2030-07-01 03:00:00,5309.104082073264,3114.5354908768454,503.85028327492086,3977.322910616625,769.5489123528479
2030-07-01 04:00:00,5310.166021342125,3260.507526481997,518.3278379217627,4053.400588220248,777.4476589341233
2030-07-01 05:00:00,5476.360982512468,3468.568550636987,557.271926799652,4193.649532891524,810.7283783106368
2030-07-01 06:00:00,5739.894597636911,3733.333064884812,607.5467905926937,4456.2197157283845,956.817022391568
2030-07-01 07:00:00,6025.824694217163,3733.467359501978,628.311853775759,4440.164062740722,1109.1168517433823
2030-07-01 08:00:00,6212.351070051017,3756.775915212655,615.98317152734,4541.810958529379,1149.470930871236
2030-07-01 09:00:00,6542.354216545868,3751.477320979393,602.0383892818487,4550.109329434782,1163.290232382158
2030-07-01 10:00:00,6607.767809650692,3642.539867870253,608.0266889216159,4529.503154885443,1164.0235798093945
2030-07-01 11:00:00,6520.181175979406,3673.586815116932,610.5071981463009,4535.023584235993,1166.8960830281503
2030-07-01 12:00:00,6412.906019451715,3581.580350115464,600.8515222243519,4370.96923787245,1116.5812631251106
2030-07-01 13:00:00,6550.846334176317,3642.7753139955817,592.3695738944725,4454.439676492655,1080.3407823634318
2030-07-01 14:00:00,6664.898539366971,3634.1199498834153,610.4138021428508,4417.234755316913,1109.7717529421996
2030-07-01 15:00:00,6661.625083535329,3771.830620705529,630.4313677057057,4423.868404837741,1097.5368687553218
2030-07-01 16:00:00,6636.644378842107,3796.572933223184,638.4049453915258,4534.373943302312,1130.2499826074638
2030-07-01 17:00:00,6745.049107810534,4000.649718192986,676.1145975538225,4755.452479994899,1195.852619878119
2030-07-01 18:00:00,6768.476755446335,3997.582190255479,718.2319415496736,4779.944842303259,1279.9219227687067
2030-07-01 19:00:00,6736.964296226546,4079.415082804299,720.683018333875,4813.456724726088,1231.2329653045997
2030-07-01 20:00:00,6758.050695499884,4062.20840088184,708.3499395574402,4848.931097125965,1220.879353187031
2030-07-01 21:00:00,6576.297156729407,3874.210928096767,663.5345821919204,4671.278428251644,1185.7136705411613
2030-07-01 22:00:00,6207.391309685268,3573.9910292652053,605.0350657332191,4476.670309152802,1074.892758552465
2030-07-01 23:00:00,5718.441154669185,3316.729649860403,555.3862463703225,4244.0474991485935,908.649597379692
2030-07-02 00:00:00,5474.440562249863,3219.783573708941,531.4086382715221,4096.283026374079,849.8280998496194
2030-07-02 01:00:00,5451.024128261964,3148.62787091371,519.2010988505272,4083.770301927121,785.7274774590458
2030-07-02 02:00:00,5330.729512891463,3153.127848985064,512.0920783443987,4026.476037335431,762.9846481172871
2030-07-02 03:00:00,5362.708129115279,3160.1131118892317,509.8307158903703,4031.989953367356,758.3618160015056
2030-07-02 04:00:00,5356.386172285406,3252.1410752793963,509.95164710208326,3991.098140408562,768.8369496834738
2030-07-02 05:00:00,5513.413073968823,3519.3270317924794,551.5189649754494,4153.037782710386,822.7231609632082
2030-07-02 06:00:00,5729.088280741264,3709.627802208128,602.214949524618,4404.674590416091,963.715342220371
2030-07-02 07:00:00,5968.344541721187,3714.8092064094176,615.9592177799542,4514.29102969503,1107.0124023535743
2030-07-02 08:00:00,6252.442695661983,3750.8879414506528,616.9225553787663,4548.059433610308,1147.7278456850058
2030-07-02 09:00:00,6469.2000990969245,3765.1457826569113,604.8086382707113,4666.155196050093,1202.6050058965022
2030-07-02 10:00:00,6645.795154555036,3683.325271361847,611.6655138392624,4489.723769223177,1186.8984272982043
2030-07-02 11:00:00,6595.391061180448,3642.9286981125474,608.6172717553517,4449.838782005161,1187.38532043976
2030-07-02 12:00:00,6482.745378717157,3591.2925106163048,596.674787204775,4360.213840442909,1124.6639897363648
2030-07-02 13:00:00,6565.288472204025,3585.105958129622,608.5371632702266,4335.890419185136,1088.9987774055471
2030-07-02 14:00:00,6496.705347494431,3657.478684046063,600.2068248798329,4462.872155235612,1093.5059913829805
2030-07-02 15:00:00,6591.94202243072,3712.068080384679,616.7296512806904,4506.51458782316,1123.8914933972676
2030-07-02 16:00:00,6757.4222785417705,3925.5413822201904,651.3089744553441,4547.334928462965,1146.416516319488
2030-07-02 17:00:00,6761.754034413195,3989.9786366268154,684.5891737741337,4650.264571866203,1216.7774186642184
2030-07-02 18:00:00,6895.874024396302,4055.82161859963,692.1581142179627,4921.277116148624,1253.4749209890356
2030-07-02 19:00:00,6785.706943797344,4127.560579864688,726.2881040546526,4812.653226483538,1250.7784342981984
2030-07-02 20:00:00,6893.867001296155,3988.5137060592415,716.2215776058401,4837.708291456316,1254.2322898898026
2030-07-02 21:00:00,6642.815074119703,3771.383062396231,680.7691212720574,4666.965495057184,1191.1715195473523
2030-07-02 22:00:00,6254.151200780917,3555.2967522476133,607.6684082449166,4359.626984197015,1090.1724013897797
2030-07-02 23:00:00,5897.283980228758,3315.186492744168,558.9026442036836,4217.975200605316,939.464659009605
2030-07-03 00:00:00,5683.669128406303,3157.98825698733,533.7262071170281,4089.4979493607498,831.1838060060292
2030-07-03 01:00:00,5509.132683526686,3113.5735374908472,512.519505566394,4052.7538139986063,785.5664172764635
2030-07-03 02:00:00,5464.965123935041,3109.317341139824,508.9053695184429,4025.67371690596,778.3522552011747
2030-07-03 03:00:00,5220.892581604747,3135.783469254704,504.5836647356825,4001.334497133349,772.8399369841538
2030-07-03 04:00:00,5300.639288164223,3268.3426276071486,517.487759217067,4046.987798254984,783.2367063147492
2030-07-03 05:00:00,5460.86874357074,3556.604954647797,562.328868576905,4215.345672864708,828.7215113940626
2030-07-03 06:00:00,5762.384752530411,3716.847124630869,612.6388879298514,4409.766004810218,960.7130154796504
2030-07-03 07:00:00,5955.381478269318,3744.166270886341,621.3801736178691,4492.644441065917,1102.6850516084126
2030-07-03 08:00:00,6385.614842903015,3823.047032715431,610.2316305961434,4527.921034451327,1175.219426421609
2030-07-03 09:00:00,6522.302052833728,3760.7028392575926,598.4396961589702,4547.548359360812,1168.0577031371124
2030-07-03 10:00:00,6679.249074570286,3825.18745849348,620.7132371980526,4548.333677474954,1174.949603426174
2030-07-03 11:00:00,6677.988318832276,3658.090902104753,620.9979984829125,4493.4476655642375,1169.9347184775852
2030-07-03 12:00:00,6448.553173933101,3606.7467745510417,596.1120259907959,4394.142220213572,1149.770704027988
2030-07-03 13:00:00,6637.881005923573,3655.927982226532,604.9484333676595,4430.313537612983,1097.3284033326245
2030-07-03 14:00:00,6653.528330872534,3660.304068419251,590.098114994418,4524.77456925985,1101.2703091355131
2030-07-03 15:00:00,6596.1357496201135,3751.201215262345,613.4880206751533,4530.067163834723,1120.9437345105068
2030-07-03 16:00:00,6735.606037938615,3890.813212293616,640.7635464979955,4581.975365154518,1211.5489193251035
2030-07-03 17:00:00,6884.998334459722,4069.738757605228,688.4295319844432,4699.027063154686,1228.7639976251537
2030-07-03 18:00:00,6756.826507813478,4074.809952597499,702.2059399771001,4856.355316520958,1240.962756501828
2030-07-03 19:00:00,6710.210340188601,4107.729500809217,714.5134873421708,4797.637082810501,1270.672598571632
2030-07-03 20:00:00,6757.690112920875,4050.407112039992,722.756622693563,4758.486447542384,1268.4385255449677
2030-07-03 21:00:00,6711.094178070774,3765.0021467474776,679.4799017394413,4612.943817153554,1220.874778217516
2030-07-03 22:00:00,6282.108067525276,3586.3095491582176,611.1292989084326,4500.641616860163,1110.205468862728
2030-07-03 23:00:00,5873.508740356885,3346.1561693139347,555.984242068778,4209.56294102274,947.196485185088
2030-07-04 00:00:00,5609.209579180213,3193.3721383341017,529.129017411014,4118.326256055226,854.0663265875397
2030-07-04 01:00:00,5490.381627961634,3170.841593365116,522.1415858870566,4065.685167313535,800.0476296861559
2030-07-04 02:00:00,5424.647702055125,3117.841478870231,504.7297216992574,3974.3989712577536,755.3689946561403
2030-07-04 03:00:00,5320.179021609662,3178.9376949170305,509.69377023665606,4002.1836722323,772.7700029350295
2030-07-04 04:00:00,5391.063726978627,3281.997472921765,510.0860437435377,4049.545529765972,784.9276356745961
2030-07-04 05:00:00,5446.051980616072,3553.6963703001697,569.222503400512,4292.381090880949,830.8272246995716
2030-07-04 06:00:00,5731.172382293802,3688.0894844347135,611.6304754802657,4489.980163145681,957.0109447263308
2030-07-04 07:00:00,6068.372191443065,3684.857837355731,611.6343767543801,4521.330307252982,1104.225048709771
2030-07-04 08:00:00,6439.139365076879,3804.625702264592,619.0284376539998,4559.292068677977,1148.8201257580758
2030-07-04 09:00:00,6694.482140601367,3787.782189630181,602.1090607360878,4579.736093870186,1189.166451060904
2030-07-04 10:00:00,6684.643458147962,3760.7786716986816,608.9862718524602,4598.816332411259,1171.62075604246
2030-07-04 11:00:00,6523.833317622427,3754.222388094677,595.80767303198,4536.194278074128,1179.7092925274796
2030-07-04 12:00:00,6621.084604559554,3548.873332595961,600.2982571560319,4456.225247063954,1122.61366563636
2030-07-04 13:00:00,6604.34101507109,3660.626181395826,605.576492486183,4461.102777404217,1119.290096935758
2030-07-04 14:00:00,6807.839689604445,3674.176141899939,602.217836789762,4314.955937401923,1108.6129860612152
2030-07-04 15:00:00,6749.199297605499,3730.385698098852,616.9283782647484,4500.114754444588,1121.8287378678474
2030-07-04 16:00:00,6758.744340925783,3827.6753394187,618.172808499628,4604.281619010493,1153.5074660385606
2030-07-04 17:00:00,6820.429163587333,4065.961270291461,680.9430185354923,4796.172992587519,1230.0399028919016
2030-07-04 18:00:00,6739.56319145395,4066.918707832247,709.5663277793133,4833.158475345691,1244.958392174554
2030-07-04 19:00:00,6934.582498244994,4170.702037911472,727.794902780765,4897.892340110184,1243.3114251563234
2030-07-04 20:00:00,6861.17028008235,4042.029402729365,712.1951456458866,4786.534654670591,1245.9259407014088
2030-07-04 21:00:00,6595.435633287017,3847.3526792661114,670.6401866904105,4608.570791468152,1210.8344059708295
2030-07-04 22:00:00,6361.632079600476,3575.9529239137546,613.7114085357193,4440.851051670974,1093.04960379512
2030-07-04 23:00:00,5873.897330457294,3363.247479188873,557.8145231135394,4159.627863138224,930.1446487033684
2030-07-05 00:00:00,5558.568629465514,3182.0462425635656,535.0891863059401,4120.109736663228,844.9323044091308
2030-07-05 01:00:00,5441.996342901499,3133.2943334926454,515.5924435573774,4124.067699074491,795.1023404001786
2030-07-05 02:00:00,5335.626506416842,3130.5038096450485,508.375612231592,4037.662785140464,775.2932168447701
2030-07-05 03:00:00,5333.262210005019,3166.9834537054617,516.4272963826687,4011.266687691013,774.3568216304315
2030-07-05 04:00:00,5447.453773617371,3251.775940737982,516.4520529827724,4115.3050249694825,787.8179633783429
2030-07-05 05:00:00,5565.418287466169,3497.719657142735,550.24866298809,4263.686866315268,835.0133090861683
2030-07-05 06:00:00,5807.704189835726,3782.773144873976,615.812041412138,4545.997031939472,965.6765004434344
2030-07-05 07:00:00,6050.126121610726,3705.5276365169566,621.8763323890083,4534.269918740089,1110.072771242914
2030-07-05 08:00:00,6347.837459185298,3765.46588937062,612.126613314105,4589.1144411776295,1155.0749132285462
2030-07-05 09:00:00,6653.153660973853,3725.252356268468,616.3506879073881,4587.536603126694,1166.6082512585483
2030-07-05 10:00:00,6774.6077950136005,3834.644978127637,615.619715388091,4548.760746154677,1181.5614878691
2030-07-05 11:00:00,6671.692870938269,3760.132856671255,606.5974717532728,4563.478189541572,1150.8205249138125
2030-07-05 12:00:00,6419.14809486965,3737.532858419996,602.3595789441731,4407.627750571051,1130.1051375322193
2030-07-05 13:00:00,6615.119675865707,3599.326317130336,608.9533836643266,4435.104553584944,1094.6341301471944
2030-07-05 14:00:00,6598.177911965554,3693.881633088812,606.5987531222432,4458.802969871331,1095.205332944502
2030-07-05 15:00:00,6616.300516539187,3732.052759560243,621.0129957546403,4510.198532718468,1114.8157760942388
2030-07-05 16:00:00,6641.53837445261,3885.713020932422,634.2005308455363,4587.255100610854,1162.2473500415374
2030-07-05 17:00:00,6820.307735667181,4014.014278794855,685.3084207933318,4683.965664026657,1201.6035439813477
2030-07-05 18:00:00,6784.92488066837,4085.193627996306,700.754382775554,4875.4727286152975,1274.459716517579
2030-07-05 19:00:00,6791.192210030628,4090.911288459552,728.4091787167994,4878.820570158243,1243.0540153815805
2030-07-05 20:00:00,6846.960949938857,3980.149258932353,710.9283854999117,4790.554540477127,1251.6457933951467
2030-07-05 21:00:00,6559.090831900276,3755.5530166660337,673.5162600049964,4618.844671198976,1216.2978339933045
2030-07-05 22:00:00,6226.370916726397,3539.3399575236635,608.1296594374563,4450.934525499433,1084.6322371960705
2030-07-05 23:00:00,5891.360838701253,3405.2485625821496,562.1693716295063,4294.67730164236,927.64661333714
2030-07-06 00:00:00,5530.360117507961,3216.609733447539,530.3878536490296,4142.151723893557,830.7642575057157
2030-07-06 01:00:00,5397.799572763163,3147.572055595171,506.25604284258736,4022.608913010157,789.0881604186636
2030-07-06 02:00:00,5317.346949358458,3103.9824857095805,508.4307709344434,4098.412095234422,769.1382135574718
2030-07-06 03:00:00,5269.10849235246,3189.511921352122,505.1263684116263,4022.840129678158,761.8157774338725
2030-07-06 04:00:00,5316.256796940178,3317.8584569336226,514.3441713555644,4078.810867161443,766.9397899189711
2030-07-06 05:00:00,5522.43436683954,3517.618349378424,559.9389509638443,4146.371864458557,818.0341871346461
2030-07-06 06:00:00,5614.441168696376,3709.529737747876,618.865053491827,4501.469279110115,958.0310600028282
2030-07-06 07:00:00,5971.892844193691,3704.538579886505,612.9152344807422,4581.552510450256,1083.9257549303163
2030-07-06 08:00:00,6215.364192807588,3768.557293406412,608.0644546655144,4542.648320202668,1148.0838429276987
2030-07-06 09:00:00,6566.074058910884,3780.8362291770495,610.3627124579065,4641.381162355896,1164.472220513116
2030-07-06 10:00:00,6598.990028883941,3766.736507470194,599.5378214278805,4550.814445128295,1149.324396524108
2030-07-06 11:00:00,6598.357742804484,3654.597771562337,604.2994390720219,4511.179071972845,1149.6580400901871
2030-07-06 12:00:00,6464.824205682119,3621.564259353014,604.2883011630731,4405.829720434268,1104.8305975575113
2030-07-06 13:00:00,6489.679094433139,3651.732331233462,607.4376628634747,4409.427191048078,1115.0510741661833
2030-07-06 14:00:00,6578.652728769713,3655.978175601845,605.4239061975737,4417.088066803682,1095.488246742753
2030-07-06 15:00:00,6680.835900032663,3621.921776299687,604.1405619552702,4436.843839423848,1128.0579395402174
2030-07-06 16:00:00,6643.217682814003,3819.1947783805927,626.4214526978894,4559.922516527669,1181.327635559587
2030-07-06 17:00:00,6703.658430658858,3992.696424273745,688.7620394124547,4668.757746625769,1216.896689995444
2030-07-06 18:00:00,6731.185165081,3987.454260997944,718.0296796432447,4808.722609584661,1228.9827882489233
2030-07-06 19:00:00,6765.12358203139,4069.138137902734,719.474445418883,4783.993058020403,1239.330873663786
2030-07-06 20:00:00,6756.927866366502,4048.650980375845,706.6792673364134,4829.269505779221,1241.987723617333
2030-07-06 21:00:00,6572.836653908616,3800.909681113848,670.8587889748084,4648.2645482644,1186.3036484313557
2030-07-06 22:00:00,6236.101918851408,3516.255647353885,606.2129673821523,4377.671626700402,1083.483263265421
2030-07-06 23:00:00,5706.892196576487,3316.444420508427,549.9533377835149,4174.879229478388,932.3461675868476
2030-07-07 00:00:00,5352.78783163802,3154.022680255808,526.0673945436927,4125.52204943212,816.5708403357015
2030-07-07 01:00:00,5265.773939214522,3048.336255245535,513.2087522818098,3989.030580129184,791.5737484864311
2030-07-07 02:00:00,5156.566943760839,3093.128679311247,506.3779247040835,3984.7565399976943,762.0656129488514
2030-07-07 03:00:00,5163.948271568053,3133.4651480383304,508.248006835934,3924.6545999828622,760.5841861190103
2030-07-07 04:00:00,5111.083782288272,3221.1375828092114,515.6169264942212,4054.2669229647145,778.0732373970412
2030-07-07 05:00:00,5343.646891644893,3532.5413208652035,561.5768533668635,4196.60661964796,801.7769499856846
2030-07-07 06:00:00,5516.07574849044,3616.4033451379673,607.2822410875559,4387.599172303089,955.9811474294196
2030-07-07 07:00:00,5788.373608027755,3672.653529403237,603.1385793161023,4519.100670474132,1077.3785460047732
2030-07-07 08:00:00,6128.115909256923,3798.222990251014,605.9069057361021,4478.371909785696,1158.618052585947
2030-07-07 09:00:00,6406.040646436108,3700.988254018103,611.170766524887,4579.208392038143,1180.0873773779697
2030-07-07 10:00:00,6535.3695758561935,3701.2370740151655,614.85641798577,4562.718814630413,1159.4337428921538
2030-07-07 11:00:00,6343.538632503373,3640.7318752234746,605.5285196917073,4439.901193593311,1140.465864087029
2030-07-07 12:00:00,6224.5217215603925,3579.7109625896774,602.8696955407736,4435.99717747123,1124.9572334120487
2030-07-07 13:00:00,6275.54731911019,3646.5417605364737,606.5199415541457,4350.454564074238,1098.2286120036297
2030-07-07 14:00:00,6374.379043594043,3627.6280109761256,603.9223499121543,4397.51024219648,1088.162885560661
2030-07-07 15:00:00,6363.25171233535,3727.542375544544,612.3120557474142,4404.66843758819,1098.3947802812186
2030-07-07 16:00:00,6480.625840796403,3779.378440357588,627.0587831281705,4486.766660364328,1153.4020243867528
2030-07-07 17:00:00,6501.337279584406,4011.170786805144,667.1367963049912,4710.148323635469,1221.6641969573243
2030-07-07 18:00:00,6523.152268060378,4017.510089753684,706.1350502735248,4786.855200677484,1246.422023071092
2030-07-07 19:00:00,6522.945806190334,4080.494662503386,719.9354434634072,4821.0780153216165,1247.9691149393102
2030-07-07 20:00:00,6469.813132068395,3942.9485602639006,716.3747641593006,4738.846586638293,1226.331341211485
2030-07-07 21:00:00,6409.600136883855,3722.400563716093,688.8956031608526,4616.42128903469,1177.6844880434114
2030-07-07 22:00:00,5950.370808247901,3538.53638135144,610.1961126574939,4383.770183460516,1089.7944656687334
2030-07-07 23:00:00,5660.57179000745,3287.231377780586,556.7106401178362,4133.4895419509385,925.5851692244964
2030-07-08 00:00:00,5419.682302235731,3200.0447966289016,522.4766050019388,4094.14952091569,843.8924056058825
2030-07-08 01:00:00,5358.695026583058,3164.863130395244,509.3388679083657,3999.580954118188,798.6173311508145
2030-07-08 02:00:00,5361.372141971165,3138.7961699590787,507.4200881247409,4050.316775318736,760.526621533459
2030-07-08 03:00:00,5285.451509658489,3204.680956014469,510.5714718261254,4020.289432212464,742.2798597057405
2030-07-08 04:00:00,5331.073312209326,3189.265552148124,508.79137716667526,4073.0516956153,767.3860979993452
2030-07-08 05:00:00,5581.477931841615,3589.2483494695057,563.143379132995,4177.96252445434,808.3973760880077
2030-07-08 06:00:00,5746.188074399714,3727.387915870417,604.4707087757495,4445.505111095164,955.757065954979
2030-07-08 07:00:00,5928.06869093982,3674.370843862405,616.4683849713824,4538.122043452853,1098.3882936193222
2030-07-08 08:00:00,6371.583018902058,3780.3428262451994,612.809514143493,4600.11280792956,1158.7198453537635
2030-07-08 09:00:00,6568.11854241268,3758.2169669627247,606.8365502185341,4491.7499332661455,1178.9932049457454
2030-07-08 10:00:00,6672.507265323407,3745.850480977029,610.9984099140288,4437.366212043466,1172.3456433150448
2030-07-08 11:00:00,6528.921872330734,3704.000810536336,604.1205456867182,4444.076964262103,1151.507213995164
2030-07-08 12:00:00,6446.481301828546,3575.488793672332,592.987516832242,4474.559737289126,1112.507265941289
2030-07-08 13:00:00,6386.8022085749735,3629.479267652948,601.9357901152196,4448.355868971301,1110.1932131229564
2030-07-08 14:00:00,6608.806921744495,3664.6047245705727,603.6216097406343,4422.381980833038,1114.1532153449036
2030-07-08 15:00:00,6661.843846804908,3715.246015920624,602.0590504863789,4574.148530513353,1140.3666250892238
2030-07-08 16:00:00,6637.795754810017,3809.493609889417,636.8082138700419,4548.491954891126,1160.0909016839564
2030-07-08 17:00:00,6804.70634299051,4019.485235927624,682.1458040101634,4767.574352517699,1202.2137349500692
2030-07-08 18:00:00,6710.977966741549,4040.808008907468,701.649826156529,4828.669849923704,1251.601213846259
2030-07-08 19:00:00,6730.009653809444,4051.4307712650216,703.4375862483337,4828.970506888159,1228.5430195244317
2030-07-08 20:00:00,6891.082231239566,4016.495446330216,714.6308373888431,4798.492687615465,1228.0332098607776
2030-07-08 21:00:00,6608.086583083015,3842.3277547187513,682.3708210092785,4700.857184877876,1201.6640298768766
2030-07-08 22:00:00,6238.226542275737,3555.3739344778915,612.7704635650335,4473.965753086565,1069.3197256341723
2030-07-08 23:00:00,5864.759822850377,3345.060735994984,557.4445030552117,4199.905171210989,919.2567658191352
2030-07-09 00:00:00,5590.151220603847,3235.278916988414,532.3560173291226,4100.246854791309,843.1809329635621
2030-07-09 01:00:00,5351.828975360903,3185.631753760377,510.83897244673386,3994.944241868812,796.2750869359137
2030-07-09 02:00:00,5350.861436563561,3090.813993578932,506.7263690581072,3994.656851916098,779.6134715422392
2030-07-09 03:00:00,5352.236790952482,3135.8220677006416,508.7147540366016,4047.669678554431,767.5302386083121
2030-07-09 04:00:00,5472.613959923079,3304.7623951636,511.81735697159166,4114.709787567864,776.0989011083504
2030-07-09 05:00:00,5523.966592090555,3461.0461960296484,563.3009295639303,4181.052536575545,821.1519450633974
2030-07-09 06:00:00,5718.162149874914,3658.683474059159,622.9516795716091,4379.70554943586,957.7253537690824
2030-07-09 07:00:00,5996.6569816193605,3736.510487145641,622.5102131812333,4472.692950756902,1108.0908896164422
2030-07-09 08:00:00,6334.856181969085,3771.202285465087,615.3726549272851,4572.292647813289,1148.7801132737436
2030-07-09 09:00:00,6629.98689184164,3791.363282805467,607.6794586632669,4519.28675099148,1200.8867127110202
2030-07-09 10:00:00,6773.827405049804,3821.600669733029,612.7542265995705,4527.822099925516,1168.3834668563152
2030-07-09 11:00:00,6524.56391557847,3720.641369044115,605.6771138173467,4426.724411110746,1179.4768409387166
2030-07-09 12:00:00,6519.49113945517,3517.8087116543943,600.5751589874712,4405.587068464326,1119.1504736766722
2030-07-09 13:00:00,6575.918841731163,3685.266767252906,599.1085229000472,4448.545323987273,1110.1480138963386
2030-07-09 14:00:00,6582.756816464775,3675.85255510608,614.4879026147153,4442.787991375896,1107.754421526164
2030-07-09 15:00:00,6653.428299126667,3703.721754859471,612.2338345786284,4454.118433079447,1119.8346243421563
2030-07-09 16:00:00,6671.070841436663,3798.351013509198,635.1210379085329,4556.337410368107,1190.980520753825
2030-07-09 17:00:00,6780.434353164535,4019.303611802708,674.1668993041,4741.612456929724,1209.6281476029487
2030-07-09 18:00:00,6779.777082459511,4050.109132179694,700.2357985225616,4818.031551175495,1264.4227799126097
2030-07-09 19:00:00,6733.831893070845,4002.334614657681,711.2930814350884,4845.168203920148,1260.1960165583998
2030-07-09 20:00:00,6690.520166147181,4021.303332008848,719.6343547128521,4796.305722175616,1266.6168053416234
2030-07-09 21:00:00,6600.145516989935,3776.516083764862,659.0485466536725,4732.828534381188,1207.641754791718
2030-07-09 22:00:00,6301.4572230236345,3526.407954454512,614.0908162319375,4414.565501670039,1094.504485708899
2030-07-09 23:00:00,5918.217319748452,3343.23823329378,565.0201844190306,4239.021320989091,945.2293858637402
2030-07-10 00:00:00,5562.742246311494,3247.445884364465,523.2172838958384,4104.293550436153,840.1499095890066
2030-07-10 01:00:00,5489.652930996631,3130.851380166954,510.96003073109847,4050.5629887282576,789.4259535048552
2030-07-10 02:00:00,5500.931876749545,3108.6361123555157,506.5376077896181,4005.764547459174,780.2602716658556
2030-07-10 03:00:00,5348.822330011629,3185.216921617245,506.5242191609472,4005.1803666267,760.7503679967245
2030-07-10 04:00:00,5353.929703142892,3198.752440639608,507.4358745898693,4085.907327714092,788.4776951749068
2030-07-10 05:00:00,5493.675373818013,3570.34063611059,557.0325493650779,4243.767225445625,832.7868341034184
2030-07-10 06:00:00,5799.420860069122,3737.1133942158426,594.9234701188258,4443.633074210106,955.0032126069208
2030-07-10 07:00:00,6033.644618524761,3691.346483684621,611.3597326296031,4532.209788025559,1128.9815498990522
2030-07-10 08:00:00,6415.55801221922,3830.7624589016286,619.9620012638104,4546.292575552373,1181.1045782623023
2030-07-10 09:00:00,6611.570446981768,3851.37615959358,607.2465737446487,4580.241959103146,1178.8673479083106
2030-07-10 10:00:00,6584.550056944364,3810.9300089837143,604.5852715248346,4586.275814998617,1187.619273676712
2030-07-10 11:00:00,6615.182517346364,3692.72997483517,601.4631394448297,4507.513604666331,1188.224253393937
2030-07-10 12:00:00,6590.744238966845,3603.5417856660665,599.2702493366007,4435.7624308968025,1127.2758304704782
2030-07-10 13:00:00,6541.046530424644,3750.3683874212015,600.307754983875,4438.686208666076,1106.4062449997616
2030-07-10 14:00:00,6518.98117474108,3667.116697672598,610.057112316533,4485.060233650102,1110.4675674544712
2030-07-10 15:00:00,6667.995109937889,3769.790464941359,609.7462649093831,4521.917137331458,1137.077002319503
2030-07-10 16:00:00,6710.925681631118,3833.0428848976057,635.2543211136037,4597.190777387841,1153.8907513961449
2030-07-10 17:00:00,6843.229543146165,3993.823953063865,683.8456568581707,4788.596292126162,1234.898844128666
2030-07-10 18:00:00,6772.437670970725,4081.5260070343206,702.0380018450999,4882.603667916918,1265.5641906230862
2030-07-10 19:00:00,6814.28381884539,4102.970742912337,726.3559103429374,4845.946388756819,1271.5107379660626
2030-07-10 20:00:00,6744.064588516423,3935.3522502793703,709.9757013448982,4853.201973985363,1295.054719764756
2030-07-10 21:00:00,6670.241841666777,3835.537418587289,675.5309885782907,4639.783193687734,1205.0465464077038
2030-07-10 22:00:00,6294.915272328176,3563.32380069774,602.0235202385394,4438.46684702182,1085.4503482753726
2030-07-10 23:00:00,5835.6020698617895,3365.1565166861164,551.3776742089757,4247.39374546381,933.3527054523328
2030-07-11 00:00:00,5648.424449381466,3258.765253684912,521.2585672767561,4127.803707506163,835.7598557754516
2030-07-11 01:00:00,5439.4395234524,3136.3785510934576,515.4420623131917,4099.01657645974,797.2447035303971
2030-07-11 02:00:00,5443.977579063216,3126.161778173414,501.4066833410375,4044.823366529458,783.7269574526618
2030-07-11 03:00:00,5407.731077827326,3182.1552896953667,504.7107458259628,4000.488877706298,773.8901608057879
2030-07-11 04:00:00,5380.905813903605,3267.063218029469,521.1967338072277,4097.894489571811,789.0668657585716
2030-07-11 05:00:00,5595.832630633284,3599.939802430604,556.5906844815588,4265.531498888994,826.2494491735544
2030-07-11 06:00:00,5832.590792169776,3715.1822306392046,612.2732495878101,4492.013331289441,947.7102776078724
2030-07-11 07:00:00,5900.857949774431,3731.93856894606,614.8362604880265,4526.714958290348,1105.0881584425567
2030-07-11 08:00:00,6479.203828862385,3780.206981450329,606.9762303929742,4494.728362075677,1171.1931242952276
2030-07-11 09:00:00,6643.486844227348,3847.3236628093496,607.0222858334095,4547.079525617714,1175.3855499976123
2030-07-11 10:00:00,6814.595288693038,3746.57009195358,601.5941711923991,4567.167492344773,1181.317238295946
2030-07-11 11:00:00,6666.514005505196,3653.5848141871584,599.5676102040158,4522.75269396583,1181.6410819212492
2030-07-11 12:00:00,6548.913596806302,3613.7699805129832,601.1206833124468,4393.067186174593,1141.7782281260495
2030-07-11 13:00:00,6556.547160008286,3698.952977057976,605.7607943473895,4481.54880033676,1097.9817415019088
2030-07-11 14:00:00,6595.043179680607,3669.931668276808,595.5377248930807,4417.866294971922,1114.3986569558356
2030-07-11 15:00:00,6673.248691640153,3722.6417845121664,597.9484076486896,4514.258562946091,1093.3785868099485
2030-07-11 16:00:00,6745.059298335537,3847.265115281792,638.8901702989904,4608.916009380571,1153.920306809513
2030-07-11 17:00:00,6811.494177763879,4015.682263036191,673.8455517941031,4714.484822022493,1238.5773053955934
2030-07-11 18:00:00,6772.363423731336,4066.9028568085487,706.3088489995606,4863.882454338223,1263.3619338484514
2030-07-11 19:00:00,6916.239936477028,4093.329158256855,717.2488614061468,4855.378944590502,1268.050835812803
2030-07-11 20:00:00,6706.611314383727,4016.267205541816,702.988319353307,4794.288719578745,1268.0271698548574
2030-07-11 21:00:00,6719.770904839219,3852.38612081876,673.0448168198209,4635.225251284417,1196.5553847263814
2030-07-11 22:00:00,6311.07948241252,3564.0023312132244,600.9465449831633,4457.586532363013,1081.208735881874
2030-07-11 23:00:00,5837.210897083425,3390.179811526777,563.807315169655,4247.434532724989,939.3319676071692
2030-07-12 00:00:00,5642.693358140954,3226.4801911813256,529.4246470792413,4060.574836523184,834.5863696751455
2030-07-12 01:00:00,5534.5457055648585,3078.033757075013,517.1968619960891,4079.354228930335,800.0425180350918
2030-07-12 02:00:00,5427.798157672675,3108.3673059177468,515.6584239540788,4017.253932095077,787.2374670619457
2030-07-12 03:00:00,5433.955217481792,3184.5237051203526,503.3652341096409,4015.1564963638943,771.1424810621568
2030-07-12 04:00:00,5451.354921831753,3245.6647156883982,509.5796675524364,4026.9125594200714,776.7176886655625
2030-07-12 05:00:00,5623.771001363707,3491.46936953618,556.2279056938036,4175.723393211843,833.7865232914677
2030-07-12 06:00:00,5777.687265383497,3743.730637512167,619.4982993055662,4486.496461437453,956.4227128123832
2030-07-12 07:00:00,5955.8593981760805,3761.204824111066,622.2459695885912,4549.296043125302,1098.0004503542932
2030-07-12 08:00:00,6392.957956420864,3829.5376068794894,622.7149428979686,4513.870661383887,1157.4521409005065
2030-07-12 09:00:00,6631.227810805771,3772.8935247599097,608.3903370571297,4628.044275342095,1186.646769751335
2030-07-12 10:00:00,6797.141880469774,3769.007061675751,610.9339641331096,4500.985406282445,1179.4377420093192
2030-07-12 11:00:00,6436.995655891356,3694.761107422994,613.4164500199366,4566.440059234012,1199.052525776677
2030-07-12 12:00:00,6470.8236806967,3683.813286581828,599.4317779438442,4449.632088759464,1113.113682056432
2030-07-12 13:00:00,6499.636413944306,3671.8599388043017,598.881055853051,4543.877127198123,1110.5574352450185
2030-07-12 14:00:00,6737.228072661304,3745.745146782781,619.6631935349878,4490.594151474682,1123.4426097918497
2030-07-12 15:00:00,6753.329485009825,3770.9352953383086,619.8923194930173,4515.854147178651,1129.6138492693503
2030-07-12 16:00:00,6846.567696052839,3919.430440295625,646.1372116638564,4593.799639542682,1172.3388314072388
2030-07-12 17:00:00,6916.295065702947,3963.551692755933,689.0384958799302,4823.107219639828,1221.5275539491192
2030-07-12 18:00:00,6763.821418670817,4082.402723554262,703.4548246436833,4772.285820942887,1273.0436435723952
2030-07-12 19:00:00,6829.990079623967,4131.924377320006,733.2851197341951,4763.999994078816,1272.912679327067
2030-07-12 20:00:00,6805.935852897884,4157.659155309535,701.4773629175812,4797.240073928514,1260.8971255196716
2030-07-12 21:00:00,6703.807025623247,3841.525386971589,677.9542240514846,4643.431407947187,1194.8329835369566
2030-07-12 22:00:00,6282.510871042105,3600.8756119512927,621.6283309809716,4347.946350288694,1095.6418129663757
2030-07-12 23:00:00,5961.283210394489,3327.782865146544,570.7910385824139,4283.935111988714,925.251210679864
2030-07-13 00:00:00,5495.248248329368,3167.346845505202,526.7907534279511,4111.002871634888,840.1307408860886
2030-07-13 01:00:00,5356.274309008861,3161.498278906033,515.1845417729692,4051.671771467125,791.2971210505918
2030-07-13 02:00:00,5294.943820819051,3139.8580839230985,507.4338166135341,4011.824918039613,766.27363680836
2030-07-13 03:00:00,5267.269348181856,3117.4490364466787,509.7767347732183,4034.934708815325,762.6241105854198
2030-07-13 04:00:00,5353.490372566052,3327.3530564956995,515.113338261426,4075.240174689938,768.9383409706988
2030-07-13 05:00:00,5575.128032308562,3558.625858996853,552.1105763177494,4179.420485194391,821.4559772340403
2030-07-13 06:00:00,5742.890974675633,3740.756505939684,598.9211119703135,4407.921181314991,946.1458991479508
2030-07-13 07:00:00,5797.536031587676,3689.605629721017,620.2577176318887,4496.4295181954,1100.7582576144605
2030-07-13 08:00:00,6333.502433972731,3816.867378724177,628.4077959292598,4529.095807855252,1150.7530261796285
2030-07-13 09:00:00,6635.523877546237,3774.405350117441,607.2267219668179,4533.526201962262,1170.6415790206415
2030-07-13 10:00:00,6618.333736801555,3800.7914516587775,612.0722927898291,4524.839243967475,1162.263609584484
2030-07-13 11:00:00,6539.196133799192,3654.969581755011,606.0115083701618,4435.490412308009,1165.8935255278209
2030-07-13 12:00:00,6454.912732639142,3615.010755525872,598.8940036653022,4469.080393891273,1125.0514054607077
2030-07-13 13:00:00,6350.615786006447,3686.8895324870687,604.5947051635138,4387.621094641986,1082.4578039591793
2030-07-13 14:00:00,6602.21139296771,3687.94514793464,596.0207570483401,4421.1781175007945,1092.965979671595
2030-07-13 15:00:00,6652.311592238247,3767.616591379336,615.0021774249486,4470.471838661301,1091.2373849590983
2030-07-13 16:00:00,6758.18908474399,3920.810922554997,634.7131053218201,4584.423064958723,1175.0930346316595
2030-07-13 17:00:00,6833.50200915002,3978.890205970606,677.4428006915648,4698.305267058012,1228.6277809477515
2030-07-13 18:00:00,6674.5072757798325,4026.949417546048,716.5239351529932,4855.404791345189,1254.1918235231892
2030-07-13 19:00:00,6801.072108482455,4071.1928946482094,719.9819655231996,4806.0526224917285,1259.5136773871443
2030-07-13 20:00:00,6750.095668180203,4051.078230757857,719.2187524694477,4836.079598779723,1266.3094004198474
2030-07-13 21:00:00,6599.606896607725,3800.9866496255017,688.2551351426589,4677.219000354712,1194.186346375914
2030-07-13 22:00:00,6249.645314189888,3517.670486143766,602.2187908622022,4426.3576150838135,1089.409180805155
2030-07-13 23:00:00,5776.060233959375,3322.547936187604,555.3847202766341,4177.618084369375,946.6109915550018
2030-07-14 00:00:00,5342.308819130606,3148.9109487082906,530.3652709907658,4054.082491515756,826.5087076767962
2030-07-14 01:00:00,5295.387400075087,3125.708025057451,512.2250170034267,4066.319955543168,795.1493335977644
2030-07-14 02:00:00,5124.503109495282,3023.241967707356,506.6737118826515,3961.4649573478296,767.1806094195676
2030-07-14 03:00:00,5055.596921168094,3100.7490790597453,516.7344108864742,3967.460228620884,758.9017327073599
2030-07-14 04:00:00,5137.358750155842,3215.0547120421734,512.3020422076896,4050.068043449069,761.1995829161967
2030-07-14 05:00:00,5329.265703380851,3516.43925863993,549.0014881495599,4143.638174734396,814.6771381536432
2030-07-14 06:00:00,5486.4665392094985,3651.892614732846,601.1020494331638,4341.6350237016,969.3162856577138
2030-07-14 07:00:00,5821.176193187277,3710.44396482514,620.1514781631511,4578.478781822362,1095.855391041163
2030-07-14 08:00:00,6108.576392996599,3710.841817592412,609.7303552230538,4506.559766676665,1146.785094770426
2030-07-14 09:00:00,6381.364113751473,3801.1703757823775,605.1235204085339,4479.944469752278,1173.1537918544004
2030-07-14 10:00:00,6417.97376294,3729.170094202719,619.9130343610809,4453.952078604027,1158.3549615789516
2030-07-14 11:00:00,6409.855692778789,3595.574841121643,603.7960394991801,4465.560515049934,1169.61997982486
2030-07-14 12:00:00,6126.502499985483,3610.4794399477537,597.6391926708189,4431.415512970603,1090.12338296757
2030-07-14 13:00:00,6378.118182533793,3607.7115596588255,593.5491977258692,4433.573127195471,1105.154277102906
2030-07-14 14:00:00,6364.788578484388,3598.062803474283,603.6762624462241,4473.41166447146,1115.5293327847255
2030-07-14 15:00:00,6332.477258514111,3754.725873812484,605.861209153707,4427.419824275854,1115.0839712368277
2030-07-14 16:00:00,6413.5772895711725,3812.582694478584,636.5687234195549,4613.135100260492,1134.070720662175
2030-07-14 17:00:00,6648.994140933864,3956.594162779031,677.0013278304871,4665.2389668240585,1186.885599883566
2030-07-14 18:00:00,6500.401622225295,3966.640475745962,705.8913627722022,4765.526054016779,1245.1336961860436
2030-07-14 19:00:00,6590.557607370521,4024.6017737797074,715.8139639068447,4784.633723287814,1242.2433782429252
2030-07-14 20:00:00,6454.020009823163,4026.9884812144487,711.9879799058243,4662.365312856246,1248.7722235864128
2030-07-14 21:00:00,6344.78399798947,3749.262727193767,667.6356813019853,4605.291066436807,1199.497738183546
2030-07-14 22:00:00,5979.518940786916,3487.254755496475,609.3767123280795,4385.210348172986,1073.5415832163908
2030-07-14 23:00:00,5738.146491547575,3336.790948708626,557.640843643374,4228.611108884987,935.8714969031556
2030-07-15 00:00:00,5542.503569875669,3217.7275260007186,534.2038299903968,4052.3210659512856,845.8915456233296
2030-07-15 01:00:00,5455.200815223743,3121.205253512489,514.1342258525126,4064.573536800873,788.1695400251533
2030-07-15 02:00:00,5322.998043836277,3108.298264030187,512.7356717201538,4089.404243939177,769.5947689644145
2030-07-15 03:00:00,5349.140915212664,3140.05631784878,511.4904911088893,4067.658073525802,771.806907297742
2030-07-15 04:00:00,5302.950761338333,3289.449840003357,504.4419533016589,4048.381975729856,777.8381816191553
2030-07-15 05:00:00,5655.82645559239,3529.908194143665,560.042811531422,4086.6053722945626,815.553418574919
2030-07-15 06:00:00,5676.136266072159,3694.753952819016,608.189797239354,4540.995073514654,928.717939748477
2030-07-15 07:00:00,5825.559374638083,3726.928914100261,619.8173581183819,4523.058607156423,1115.1365764955258
2030-07-15 08:00:00,6384.632419961394,3754.990421016809,613.5895061292276,4522.217617463603,1141.6227552919534
2030-07-15 09:00:00,6578.610154123167,3714.1947079455,612.8895240108849,4509.189580844895,1174.6883104889614
2030-07-15 10:00:00,6613.4379895847605,3702.652030685165,616.0874922953132,4534.576977659579,1177.7025837947992
2030-07-15 11:00:00,6608.799734609555,3717.856376743011,615.9121040170538,4465.298868881022,1169.3166920021545
2030-07-15 12:00:00,6552.1048411581305,3611.153340127392,597.0358544659421,4442.061320663871,1110.2225665235958
2030-07-15 13:00:00,6672.476108498859,3675.625372468882,605.0098759579951,4455.234962539533,1103.7491462397504
2030-07-15 14:00:00,6530.244786630419,3642.318617118885,592.8221033071594,4455.4194846033815,1096.1932079690175
2030-07-15 15:00:00,6691.08199184959,3712.927433987056,607.7850473785924,4453.170321427275,1135.6688951733263
2030-07-15 16:00:00,6653.295763306768,3809.550687856005,625.6840970150097,4617.751027268332,1159.1279710815584
2030-07-15 17:00:00,6788.714352476704,3962.344777701878,679.8855280364087,4770.546040674532,1242.629114306255
2030-07-15 18:00:00,6641.408814250445,4025.372418423779,704.1528107660893,4851.05914597372,1239.7644725851806
2030-07-15 19:00:00,6839.613282071735,4114.027670674814,734.8076248946344,4770.783645555536,1254.000529892236
2030-07-15 20:00:00,6819.81529101725,4018.829194101928,718.7208775805784,4845.255933551335,1261.8895523530691
2030-07-15 21:00:00,6562.204512632396,3854.413111673157,671.2363133285925,4658.820587281605,1180.9297427417443
2030-07-15 22:00:00,6072.355256616502,3507.7130810118983,602.6528730896829,4436.813858542095,1074.644842211099
2030-07-15 23:00:00,5705.071593414646,3326.946543650972,551.7944674792972,4246.032785125798,928.1247736104208
2030-07-16 00:00:00,5602.795120008464,3214.2569390764183,530.3153908221547,4110.385282218119,833.6239020918097
2030-07-16 01:00:00,5450.772624186043,3168.4101460186744,508.4293826270435,4107.214329224265,787.5287727301725
2030-07-16 02:00:00,5351.888862404552,3101.8202716334367,507.00027372601056,4047.408596472739,761.2676074287037
2030-07-16 03:00:00,5249.700856203762,3184.7801505794464,517.2046233344935,4032.240106306841,773.5510910782178
2030-07-16 04:00:00,5300.196433032203,3267.492409285374,520.8744283414914,4004.286351595631,780.6158941552823
2030-07-16 05:00:00,5534.723357270447,3536.921533752811,549.7168122009582,4280.176283820393,829.8627286548277
2030-07-16 06:00:00,5757.577376378139,3742.963538373495,613.174220933223,4380.303499452721,938.7265675308608
2030-07-16 07:00:00,6013.329453364049,3733.707891788713,624.118427181823,4461.335536969531,1112.3379158815624
2030-07-16 08:00:00,6352.865348836633,3711.307445983897,613.1295151203235,4539.26639547684,1160.3200798440428
2030-07-16 09:00:00,6690.6437051397625,3729.488701514668,597.092089323432,4594.7667217814,1173.370204623868
2030-07-16 10:00:00,6716.799814207268,3843.21706225151,608.2615132527337,4547.162814721226,1192.931753856933
2030-07-16 11:00:00,6574.443177088064,3765.409191958693,609.9452981938429,4442.817672168246,1177.2712879603134
2030-07-16 12:00:00,6329.208366078412,3618.412350933042,604.6248460353144,4425.660978570591,1108.7487918608656
2030-07-16 13:00:00,6698.058695565526,3672.421886823977,610.970718785411,4425.875112040881,1081.293619401511
2030-07-16 14:00:00,6633.99462930859,3664.019504323487,606.103668954901,4427.026023637395,1095.8273830863186
2030-07-16 15:00:00,6680.79835074744,3674.9076874255097,616.6289841873815,4502.197927470902,1129.4008180048954
2030-07-16 16:00:00,6719.555957484274,3863.547590112467,638.7790566417141,4663.761099213607,1181.801082725074
2030-07-16 17:00:00,6883.945455616494,3936.196034134661,684.5128021749605,4693.285558855232,1230.643371525786
2030-07-16 18:00:00,6832.750001000899,4026.896814455456,703.2179500460863,4861.473574249299,1258.8438396737051
2030-07-16 19:00:00,6780.265957442037,4063.0149307715888,713.8279757980843,4795.646186095241,1259.4581312374544
2030-07-16 20:00:00,6737.724980062375,3993.6014710214,709.9246721282535,4815.277189107954,1264.764724451392
2030-07-16 21:00:00,6548.530430832488,3816.696169375221,670.9149926337111,4689.842256139162,1205.6634023084302
2030-07-16 22:00:00,6126.305176210714,3615.9398671080985,621.4120959339584,4398.985195501228,1069.2639986978934
2030-07-16 23:00:00,5764.233508232525,3286.3889445249984,563.6828113033065,4148.846235659665,932.99801313109
2030-07-17 00:00:00,5622.366624288378,3213.742854290563,529.9488816283508,4044.532557880561,841.9287671900406
2030-07-17 01:00:00,5433.622051491126,3152.7700981877533,511.3944282759706,4030.347675701383,809.2299391221201
2030-07-17 02:00:00,5403.627683600875,3165.713242500032,509.72382492547945,4072.670700361577,778.9006313535992
2030-07-17 03:00:00,5307.275483326709,3207.298203411819,499.6808561292973,4042.611897199456,779.0899327294054
2030-07-17 04:00:00,5374.059694388034,3256.627842460121,517.635828057477,4093.012892323953,781.318009828138
2030-07-17 05:00:00,5524.526257824741,3533.206258255099,554.6165877152494,4243.220465374853,826.5668967208841
2030-07-17 06:00:00,5779.297525959394,3742.709604147276,614.4740070009271,4447.672292170887,970.216351666958
2030-07-17 07:00:00,5967.169624124905,3706.859731908409,610.5391145922484,4559.9606462622205,1095.837180548483
2030-07-17 08:00:00,6460.839117755251,3738.663782891649,624.2837900215711,4471.779413935396,1166.1583327009057
2030-07-17 09:00:00,6654.546323646628,3757.870554238812,605.8518953864549,4613.535773172334,1172.6776980392408
2030-07-17 10:00:00,6751.223942079761,3727.998701753562,605.3329463319426,4577.256599085783,1174.9520995233224
2030-07-17 11:00:00,6590.4179473265285,3734.048863475586,611.4400616604344,4517.066600972591,1183.5965375323046
2030-07-17 12:00:00,6515.16308333678,3587.517828065277,607.7707958081245,4530.994585465708,1125.4540659625288
2030-07-17 13:00:00,6485.595790522754,3651.020080427457,613.573494189763,4498.04703676907,1117.23830719774
2030-07-17 14:00:00,6681.981367792949,3635.6221741135514,602.9272491522762,4515.0140862314975,1109.610685953902
2030-07-17 15:00:00,6669.075732780656,3675.6616958896175,612.3944570709616,4456.840145902357,1120.9339802051231
2030-07-17 16:00:00,6786.537281914097,3863.566544232488,645.2173572250913,4544.671939151719,1183.4356202695255
2030-07-17 17:00:00,6918.944737961615,4089.750271974629,686.8415134632901,4720.712260337752,1234.1403975318972
2030-07-17 18:00:00,6822.415330198716,4055.629104095657,707.5668543645983,4751.681559899589,1264.4668907626494
2030-07-17 19:00:00,6732.933628741578,4118.901375728712,713.6597310730964,4835.055193397391,1262.156734823244
2030-07-17 20:00:00,6946.073470488767,3995.317319241083,705.5180844680534,4936.055678540819,1276.448360825085
2030-07-17 21:00:00,6594.535720863757,3896.180213746056,674.4470975050513,4557.562220191041,1229.98736409432
2030-07-17 22:00:00,6267.54108407301,3589.541297259943,606.5772361306326,4497.487352727365,1097.5090021078347
2030-07-17 23:00:00,5870.204803794367,3447.617475639818,555.9076213034817,4209.310160378127,939.6138541842616
2030-07-18 00:00:00,5549.105030329842,3248.8997737828727,530.9940576724947,4132.01830333311,834.575526579656
2030-07-18 01:00:00,5441.521294853247,3175.682516047384,512.6730163625426,4080.103994897353,809.0119722954327
2030-07-18 02:00:00,5367.307778328564,3152.361672199143,504.6602845599231,4009.592453965023,786.0249268760427
2030-07-18 03:00:00,5405.607476892129,3173.300949068463,506.4688705696208,4088.017868526997,779.6867599990527
2030-07-18 04:00:00,5351.31369352478,3324.8681595052217,515.2580521356023,4089.935528242457,790.6926009016817
2030-07-18 05:00:00,5541.571072582837,3561.9385643728524,565.6909715299956,4317.1580294422365,816.5684452086908
2030-07-18 06:00:00,5912.648841324076,3698.1852938001775,597.9714972826313,4474.262615928814,967.666678976806
2030-07-18 07:00:00,5916.384618393467,3771.425089525672,623.4838660590632,4554.705161016734,1119.198248386282
2030-07-18 08:00:00,6450.400788691742,3767.352895588577,620.1328378467643,4516.371626306978,1160.9439628512382
2030-07-18 09:00:00,6632.613318088065,3773.634292017342,609.8001370074627,4645.166577014463,1183.0098530907442
2030-07-18 10:00:00,6767.417710352474,3789.960591312792,599.4258688402477,4520.869175342505,1176.416794870647
2030-07-18 11:00:00,6670.300825562777,3648.1398032083343,602.4303877512128,4559.667873478807,1143.1295824195224
2030-07-18 12:00:00,6587.700346441648,3607.531424928936,597.8959614938425,4443.93769759964,1123.0284720269967
2030-07-18 13:00:00,6557.837742883606,3668.3792703749023,613.8788690187142,4422.040650570089,1094.366742423621
2030-07-18 14:00:00,6729.112795113878,3692.2849196946872,607.404268509187,4541.521292898286,1105.7758409032842
2030-07-18 15:00:00,6691.134439958067,3711.967130261925,612.8463046225015,4458.359145466845,1129.3932311875992
2030-07-18 16:00:00,6725.362151067045,3824.880173899338,641.7566907281333,4582.088374924537,1178.1890076249244
2030-07-18 17:00:00,6838.237555577791,4048.7909942059623,679.3606962080714,4761.318968153712,1226.1147936856594
2030-07-18 18:00:00,6890.642079525949,4071.463253014046,697.7732617435095,4840.368892180481,1273.911081282506
2030-07-18 19:00:00,6946.008621542655,4122.96953897982,725.4851084792916,4817.434513745241,1266.1790879450514
2030-07-18 20:00:00,6805.066900570207,3985.2384018451344,721.7411494193369,4878.92374229053,1249.7420727722874
2030-07-18 21:00:00,6608.534448822003,3857.204951211817,680.0240178782872,4615.519848849238,1204.450449536482
2030-07-18 22:00:00,6329.810726242784,3605.879091610621,611.5669881116582,4416.571533302781,1090.3332044145584
2030-07-18 23:00:00,5835.953507523057,3371.814755171129,555.9107318799316,4243.755743588969,957.275974768812
2030-07-19 00:00:00,5583.325053566792,3275.644592990728,514.0305054795278,4193.445642156467,845.7932631176428
2030-07-19 01:00:00,5487.126054168599,3201.266160996139,520.4344684315689,4106.069016847161,799.2179615925307
2030-07-19 02:00:00,5477.017563011737,3149.4230778243223,510.90608689773,4030.134971349845,780.4220138100028
2030-07-19 03:00:00,5344.487149750692,3245.752706416918,510.2820557629739,4092.28603418209,762.1157103501926
2030-07-19 04:00:00,5408.497006758549,3263.4997221519225,515.4247945256602,4119.931258839365,785.3162094631066
2030-07-19 05:00:00,5531.189788667447,3570.932810462723,566.5307335295627,4252.475561480532,818.4758113587391
2030-07-19 06:00:00,5738.200143000789,3817.501229015276,605.7428764392143,4395.199145821831,968.8471177181736
2030-07-19 07:00:00,6061.071787349574,3775.735960943384,608.3268510462617,4392.286906340677,1119.1212440563904
2030-07-19 08:00:00,6502.322272349406,3811.522364482332,619.1175927751942,4636.518587842149,1155.055430087078
2030-07-19 09:00:00,6517.208304027279,3806.9295428094783,601.741120421428,4562.070058117318,1162.5955360146345
2030-07-19 10:00:00,6754.014889462777,3755.61158439889,620.9561158106588,4574.702238024204,1183.6235488456864
2030-07-19 11:00:00,6525.266686026326,3714.482287771927,614.8323580363328,4519.354916940909,1163.6662108251987
2030-07-19 12:00:00,6530.798495865294,3607.420369147116,596.5726868462012,4513.344616192142,1125.4498588384367
2030-07-19 13:00:00,6511.286522329348,3645.943530090997,610.8388061271554,4455.143753406246,1116.6671225325963
2030-07-19 14:00:00,6512.7279025491625,3642.91102210497,605.2823606570656,4495.521659002986,1111.2858962348232
2030-07-19 15:00:00,6732.065436817928,3697.1690121015454,615.9432477231643,4479.290770959588,1134.8390676281074
2030-07-19 16:00:00,6714.917484902973,3888.789999926223,640.57683349318,4577.9734285121,1177.0667107192482
2030-07-19 17:00:00,6851.3084780610025,4057.177318052297,698.4000067180871,4699.450501701233,1225.6671263200071
2030-07-19 18:00:00,6870.446186531312,4069.5054298769824,711.1200790524942,4822.107867449867,1246.8628681198495
2030-07-19 19:00:00,6810.0070425716585,4122.18096844314,720.5902794790853,4823.051293397473,1252.5293641160235
2030-07-19 20:00:00,6807.460839384516,4087.111806316571,713.7679372877777,4826.14687721522,1263.3763963063668
2030-07-19 21:00:00,6552.808447352535,3859.0008290965143,677.6707000787795,4672.327601323075,1204.764023136732
2030-07-19 22:00:00,6264.635284112076,3576.650743475075,618.8583322482838,4455.78927808923,1088.2424358222145
2030-07-19 23:00:00,5902.794933062086,3453.3624960010693,559.0452047698142,4218.015391849727,928.3093486266094
2030-07-20 00:00:00,5508.3872068832425,3188.718712024222,533.4897720891312,4095.737441092392,832.6212085081889
2030-07-20 01:00:00,5373.870024464067,3106.372171633938,514.8064397618783,4141.997328085976,780.9262453901574
2030-07-20 02:00:00,5339.502781311346,3132.625892024781,513.1428216938559,4099.689930559259,767.0010148842199
2030-07-20 03:00:00,5266.152753527287,3204.2710843320115,504.3550051141604,3991.2680540157567,770.3553556672696
2030-07-20 04:00:00,5391.622318425433,3249.081927017145,518.1741426978314,4052.3445776042936,767.4899211185765
2030-07-20 05:00:00,5495.008946566689,3516.629514337563,568.6265057841691,4306.603754746664,815.7617284251918
2030-07-20 06:00:00,5752.265311601967,3653.369263924885,614.7018138803904,4453.698190973672,968.4817536055036
2030-07-20 07:00:00,6021.446574673381,3706.3752055186137,615.1090116934768,4565.100721814577,1098.3574064264114
2030-07-20 08:00:00,6457.566258088084,3800.1427145346574,622.2882061078203,4609.233303248827,1143.0337091738152
2030-07-20 09:00:00,6587.468858641947,3763.424853558816,613.7150066255645,4563.766627188523,1166.3314569078243
2030-07-20 10:00:00,6657.81067866956,3716.70475982243,611.2113461482793,4653.779456087833,1148.828741765549
2030-07-20 11:00:00,6436.229903601393,3699.857425962112,609.932467051347,4472.348166061092,1188.6196011021486
2030-07-20 12:00:00,6504.844274002694,3632.533066208548,600.192172830717,4501.246381272028,1121.713139346694
2030-07-20 13:00:00,6598.292411463945,3710.848686027539,605.142400522346,4495.839995565798,1102.558339076277
2030-07-20 14:00:00,6542.41764633975,3692.945221352016,600.9873753827161,4405.4411037439,1098.2221735224548
2030-07-20 15:00:00,6545.744159857053,3809.09532314308,616.9176484541051,4499.618501025595,1127.1416774164431
2030-07-20 16:00:00,6611.527513322695,3873.865147973757,632.9559830678694,4591.879031085154,1162.493683562505
2030-07-20 17:00:00,6771.183821881433,4005.362287618376,678.0935495134681,4725.327743658594,1216.4068240602855
2030-07-20 18:00:00,6790.6268138818405,4047.961453008395,714.9400502321856,4779.789591045816,1254.5877211167742
2030-07-20 19:00:00,6718.695797283607,4070.0843391977855,727.6092039823378,4857.050189364271,1226.65349913246
2030-07-20 20:00:00,6787.409364252227,4035.402183861294,710.6692941476691,4766.663736090751,1258.5041489792857
2030-07-20 21:00:00,6637.814187364329,3826.4216842936457,685.1254015658759,4627.201140010956,1222.4329156373572
2030-07-20 22:00:00,6171.392981386166,3550.4390349867563,611.5277193818058,4366.754897637832,1065.3229917924184
2030-07-20 23:00:00,5842.36250676766,3348.7663677552573,572.1751187799368,4239.264178621165,927.9667289524128
2030-07-21 00:00:00,5298.213536425931,3176.9607347346628,522.5866284337956,4131.113700660276,834.5948193009884
2030-07-21 01:00:00,5241.973023350291,3085.173980244956,507.6400507644663,3969.975862925778,773.0036607429519
2030-07-21 02:00:00,5153.099818812387,3140.4625457214534,505.2119603141303,4015.170234157884,765.5712052784487
2030-07-21 03:00:00,5054.615139189292,3186.724087624351,503.9141785609435,3999.4973675502793,745.169910299916
2030-07-21 04:00:00,5201.070593367668,3219.494777875701,513.7462417211609,4029.931335805095,772.9928957572749
2030-07-21 05:00:00,5292.000911872185,3532.743330269626,554.9712376729425,4186.296728301754,820.4468687246571
2030-07-21 06:00:00,5484.54543795274,3657.8655270556383,606.5524309175802,4419.956658605031,963.6338946508956
2030-07-21 07:00:00,5789.363963718328,3683.6000749962095,607.4742231357775,4414.222164079863,1110.3662915143825
2030-07-21 08:00:00,6265.533415964104,3727.707887078276,602.8102205917235,4430.550548589773,1157.6353671442707
2030-07-21 09:00:00,6305.708741835543,3655.983173606829,608.5402992419466,4489.984400019202,1176.163829114009
2030-07-21 10:00:00,6444.615268686515,3768.772984542517,603.2445362739568,4521.264769193867,1190.3369621610952
2030-07-21 11:00:00,6321.103890204648,3656.5237486309184,603.9873993498206,4476.304570298981,1145.3820521042724
2030-07-21 12:00:00,6318.817345667187,3564.751643561484,597.0964976162402,4397.509063905678,1105.773687761392
2030-07-21 13:00:00,6335.6620762184775,3635.623812647756,608.0285016297604,4496.093856770052,1110.8434453034463
2030-07-21 14:00:00,6359.5273264969965,3625.623852799056,607.5910272703995,4378.959122477819,1104.6364371754603
2030-07-21 15:00:00,6391.866756855266,3607.0725624896345,605.3590258906282,4457.075770709916,1107.9600923155924
2030-07-21 16:00:00,6366.275770530219,3798.637888807651,636.2087761992361,4528.531311347943,1152.4246024572394
2030-07-21 17:00:00,6484.256454054722,4045.9610219535807,683.2416274715115,4700.6302752340725,1220.1669091722115
2030-07-21 18:00:00,6542.16819710917,4035.674236389963,694.5224622398849,4801.809874013712,1244.0710715901423
2030-07-21 19:00:00,6497.139327984392,4000.940690588999,730.2309690667556,4818.143302053002,1240.800232318877
2030-07-21 20:00:00,6584.325031777403,4038.801558458687,701.2496485695558,4739.83449778811,1244.1946271751103
2030-07-21 21:00:00,6308.958843635119,3808.249662710174,663.0117897862444,4616.673253144245,1184.3579333520806
2030-07-21 22:00:00,5974.6831621222,3514.335871890408,593.0742692208879,4423.898605586278,1082.6223860643915
2030-07-21 23:00:00,5597.201676102484,3350.337947257711,561.2231667358996,4167.863038189855,942.0777838685834
2030-07-22 00:00:00,5499.566841006791,3240.7624921924926,527.980293146994,4105.271979606477,835.0163188169537
2030-07-22 01:00:00,5478.150324539794,3130.752063037303,516.1859194259366,4014.5299337907695,808.6375674338352
2030-07-22 02:00:00,5352.460656492388,3103.6083760064057,501.8199561111701,3989.840455409553,772.925154987504
2030-07-22 03:00:00,5261.223484389828,3176.876511718756,509.3845350127915,4045.331368264743,762.3557074709237
2030-07-22 04:00:00,5291.948226832516,3263.84463079238,515.7227604222021,4083.402867211888,783.3093257013575
2030-07-22 05:00:00,5665.035542115466,3584.972469388975,563.0722497224974,4190.262809987037,810.3634273975435
2030-07-22 06:00:00,5741.623079457227,3757.100286523,627.1430452218551,4479.869463895735,966.531856577966
2030-07-22 07:00:00,5933.193530129007,3715.735561323849,605.760685925734,4535.975158636009,1096.373229101957
2030-07-22 08:00:00,6519.333832759106,3766.8442907724034,618.5730555155595,4501.388247755028,1162.3464246764163
2030-07-22 09:00:00,6706.074533038371,3771.870021546608,607.4370796736605,4660.114329602076,1173.6050163657908
2030-07-22 10:00:00,6707.240710278079,3702.157851207373,613.0476452559907,4537.944711807305,1178.4806361398744
2030-07-22 11:00:00,6680.676881981122,3741.664892184016,613.4210169090464,4442.253785073072,1168.3498653520762
2030-07-22 12:00:00,6444.355598147227,3629.7714692631935,589.0139531458499,4428.846501733137,1124.1507644965357
2030-07-22 13:00:00,6604.959702680451,3646.50472455804,591.556747107935,4407.023746680998,1126.7526333005949
2030-07-22 14:00:00,6609.805053522854,3729.3496073510337,614.0603343621491,4460.021896051638,1117.5297757378628
2030-07-22 15:00:00,6726.8422236695405,3757.4319531069327,609.466750628438,4533.789720609363,1132.8088640132823
2030-07-22 16:00:00,6725.316903703816,3897.936895543448,633.7344257935404,4577.311215591926,1164.644370809919
2030-07-22 17:00:00,6725.404939939875,4046.004290830172,681.687841313881,4698.67315931647,1211.2087488063544
2030-07-22 18:00:00,6723.480674771895,4035.9049931098025,706.2573338704476,4765.369257618777,1253.0144706453716
2030-07-22 19:00:00,6793.319449290208,4029.109459953312,730.3365915754451,4817.790336713149,1256.209557779475
2030-07-22 20:00:00,6794.996920019643,4019.88008442691,717.4288278679571,4737.457818609095,1274.7488291705902
2030-07-22 21:00:00,6514.64354524235,3795.009199781669,672.0455785503793,4663.443694130024,1200.197097029641
2030-07-22 22:00:00,6320.468810847488,3572.2627724944136,612.0203197860562,4393.30684832773,1084.4065936937254
2030-07-22 23:00:00,5798.557983693825,3378.0609920881225,564.8650361371583,4183.154475495329,931.1871087618664
2030-07-23 00:00:00,5584.100496437363,3275.2316168291804,526.931870979693,4140.894483261726,845.0318741513191
2030-07-23 01:00:00,5461.247953766821,3188.329467476364,511.667005802588,4032.523581016916,797.8050966593464
2030-07-23 02:00:00,5359.111105608071,3094.5893668915915,507.8709873881256,4006.9578242657126,770.2612746049595
2030-07-23 03:00:00,5255.232572075551,3185.3691691098165,501.2818234043692,3991.4372324477354,776.5204483842804
2030-07-23 04:00:00,5494.047277560634,3212.483158314456,515.2465128579215,4062.661997393342,778.5945565731664
2030-07-23 05:00:00,5586.700828567168,3531.9348369974277,562.1362781247973,4140.200293426813,812.1263317606029
2030-07-23 06:00:00,5774.810460476287,3733.386824129867,618.4960629172049,4487.735797532842,955.021520068012
2030-07-23 07:00:00,5986.968059923974,3726.727759089321,621.0179607578546,4532.775645843491,1105.3940257120653
2030-07-23 08:00:00,6354.878215559464,3771.529486517386,605.8891326196892,4539.076962125185,1166.2083258244593
2030-07-23 09:00:00,6568.102134758501,3721.8504862820096,609.5477214693459,4534.707413907031,1172.0353825946916
2030-07-23 10:00:00,6585.804329467684,3788.726176398413,609.8153742749173,4466.035856722283,1164.5102092005516
2030-07-23 11:00:00,6611.2270000281405,3698.138847357375,600.9704957175753,4449.337945900927,1171.0198738964386
2030-07-23 12:00:00,6498.692696853043,3577.47419147061,602.8790441687302,4439.014550768966,1135.7540023300062
2030-07-23 13:00:00,6628.784373500119,3713.794806026599,605.0264751401262,4355.757193225981,1112.5232299074762
2030-07-23 14:00:00,6620.237240432145,3639.665500516708,618.1702949965897,4471.134739351705,1133.3940654045336
2030-07-23 15:00:00,6544.890973107971,3699.435412028781,604.5739494519964,4462.556095945631,1124.1842134872254
2030-07-23 16:00:00,6596.146421219984,3815.7931026245456,629.4474730670707,4544.148532037995,1155.76460544047
2030-07-23 17:00:00,6750.443498331458,4047.587380410514,668.4115275185073,4688.814619782653,1201.9973136037215
2030-07-23 18:00:00,6796.617993378168,4096.368810097505,700.0150718843697,4852.604713797074,1265.0082888934137
2030-07-23 19:00:00,6772.145630192064,4085.180839252003,721.9203219105777,4870.907722981086,1249.5208503822032
2030-07-23 20:00:00,6949.968689733087,3993.783958232402,725.8049773131837,4839.662253636872,1262.311490461146
2030-07-23 21:00:00,6581.592954714207,3838.770467755201,681.5680687966803,4654.662986132428,1202.739878390549
2030-07-23 22:00:00,6307.311910897705,3622.0260520747297,591.5195214124685,4393.089896455173,1078.5933817573011
2030-07-23 23:00:00,5794.631802242723,3309.6647857165617,555.4601541793545,4268.218330437596,930.06109893408
2030-07-24 00:00:00,5594.439848682152,3184.056454584548,534.4143407431078,4132.373984056147,861.115714884943
2030-07-24 01:00:00,5480.050843911783,3171.4600765207297,520.387228635137,4062.241935406871,794.3053216335218
2030-07-24 02:00:00,5308.198159032258,3163.087251152255,513.5991073029688,4023.463322390066,778.0187733589311
2030-07-24 03:00:00,5423.187019978988,3189.5435785323566,518.1140991925656,3979.0626396453695,773.5427076621529
2030-07-24 04:00:00,5322.077208787613,3319.873790719443,510.81665745637855,4037.124575454439,787.0396637862902
2030-07-24 05:00:00,5677.763363923073,3562.020883792041,565.1075409088276,4116.178219893111,815.1020975514319
2030-07-24 06:00:00,5839.517339853757,3809.449475618552,609.5361009999854,4448.446845046695,973.1479181831876
2030-07-24 07:00:00,6020.1295264129785,3783.247139904412,617.2759177967935,4528.345933968648,1124.3586947238005
2030-07-24 08:00:00,6506.990921137743,3861.0013178071863,620.6305182786526,4455.906718910995,1168.8525632193716
2030-07-24 09:00:00,6722.873043183366,3789.5320139125247,610.9225207468168,4581.563573374489,1172.6447094310302
2030-07-24 10:00:00,6711.133464494653,3777.195895439277,605.7810272745868,4596.105766327705,1181.7007910578795
2030-07-24 11:00:00,6677.31321463529,3647.401665399266,597.1459708348006,4588.016113133747,1163.8448107630056
2030-07-24 12:00:00,6581.776680923733,3531.6499012907198,594.4065214996156,4468.544302453392,1109.131406251184
2030-07-24 13:00:00,6599.274130785503,3676.4166106372686,595.6991405820798,4461.362222788187,1099.94382427721
2030-07-24 14:00:00,6624.476676697841,3621.001817920273,616.3370874280633,4466.907246789713,1112.0395570512526
2030-07-24 15:00:00,6674.389241224967,3733.236789801344,598.2635072673061,4429.541141275668,1124.183658188966
2030-07-24 16:00:00,6695.6525700006405,3847.702842992918,641.1630302724127,4654.544982627841,1173.240748395471
2030-07-24 17:00:00,6938.839966843589,3998.4512812007865,679.8289371402427,4808.649440319789,1219.2810071702993
2030-07-24 18:00:00,6803.187157606454,4102.032354381135,704.7063004337524,4778.435295337323,1262.5343882898146
2030-07-24 19:00:00,6902.587722806591,4180.590177499304,716.4519814773239,4938.379250335014,1265.9169730374683
2030-07-24 20:00:00,6816.642074140945,4067.089904068107,728.3420151737291,4809.5040104294285,1282.8135671890122
2030-07-24 21:00:00,6736.130416943717,3843.86858388445,683.2865090568807,4649.033189810501,1218.7109783379851
2030-07-24 22:00:00,6382.705900333331,3601.2650023893807,619.315170644105,4467.217245672968,1089.23366853017
2030-07-24 23:00:00,5888.804555554256,3342.6532432795548,562.627156176536,4268.614767683132,940.0287148049308
2030-07-25 00:00:00,5580.835986976943,3211.9575887488654,527.0696194723806,4231.15435278566,841.4546410097248
2030-07-25 01:00:00,5486.444425154718,3180.8025571644434,510.53598640562274,4039.0130489359713,794.4807069623215
2030-07-25 02:00:00,5383.054150941684,3167.024909937408,514.3020253307029,4019.5749362396928,777.4478409638785
2030-07-25 03:00:00,5386.337887724371,3199.092746042882,509.4808485849098,3971.1879584652256,766.4526647473965
2030-07-25 04:00:00,5448.134270228153,3240.1215857184006,515.0219985223043,4061.194301862844,781.4363067639565
2030-07-25 05:00:00,5643.510199382107,3560.1172126484066,560.9143359101873,4154.053879290452,820.8751590194523
2030-07-25 06:00:00,5805.28860026484,3698.729174765013,626.2441005964857,4478.03792745467,964.5993578324568
2030-07-25 07:00:00,5956.337609700627,3704.015365624141,615.7750365440604,4557.690125958534,1110.3883606520585
2030-07-25 08:00:00,6384.057339110993,3788.730703511759,614.8554949665394,4546.081450053768,1151.9321152396576
2030-07-25 09:00:00,6559.263592350022,3858.198685179804,613.6904132967647,4553.808251027298,1194.939360697025
2030-07-25 10:00:00,6755.233493968346,3770.548539689098,619.3487943129679,4499.050165798303,1190.5859399795922
2030-07-25 11:00:00,6739.324008166009,3762.4045912870233,616.4773694131596,4511.933944459064,1174.60276391461
2030-07-25 12:00:00,6572.978846789823,3715.471190454601,613.8741436935678,4395.554545025602,1118.9147946851965
2030-07-25 13:00:00,6679.1216096190965,3644.436959866745,601.9300193413901,4390.634784970267,1126.8677641841282
2030-07-25 14:00:00,6644.508155262467,3674.7970767855977,615.3555334573666,4520.390356911516,1119.3025535421912
2030-07-25 15:00:00,6756.263944798025,3719.7642777104616,613.5443091427655,4484.134239601991,1123.1547678113393
2030-07-25 16:00:00,6791.755129895086,3916.1813239891744,644.0618819183937,4644.129651928509,1162.844498288512
2030-07-25 17:00:00,6987.8265108135965,4062.061280850513,678.9228073020417,4830.564177419794,1224.81289963405
2030-07-25 18:00:00,6836.948702893644,4045.021043807016,707.8346602179417,4802.202648607208,1254.5519150427574
2030-07-25 19:00:00,6795.543481998425,4171.910189467715,716.6437399182978,4821.046041027576,1259.8411566000605
2030-07-25 20:00:00,6712.632868910777,4023.486937082871,702.7184661173341,4742.272022606464,1253.4334203669007
2030-07-25 21:00:00,6592.677180456313,3880.4311491508297,671.7177720790615,4632.344467069817,1203.1186069679943
2030-07-25 22:00:00,6218.473265327457,3571.491552109005,607.1390229451345,4474.678122279941,1074.7281138844007
2030-07-25 23:00:00,5905.272952875167,3406.1995100249524,560.0885383475671,4175.426849326886,943.288696167507
2030-07-26 00:00:00,5607.392325575879,3229.9682711671526,528.617803735277,4142.260187881583,833.7600459487232
2030-07-26 01:00:00,5539.066766382716,3149.6327567967,514.5330241366778,4092.2867445464144,803.8739736032294
2030-07-26 02:00:00,5403.921511654009,3095.411677641462,512.1827350415048,4044.788489433363,765.2263329427202
2030-07-26 03:00:00,5336.532758495824,3211.95243114508,503.9430449424427,4024.635008825933,780.4511898132141
2030-07-26 04:00:00,5365.34519481152,3324.25218486216,522.5794362443987,4074.633596920629,773.7733098930179
2030-07-26 05:00:00,5559.768535744299,3617.214449887134,559.8039416239704,4268.210200003468,801.140715042833
2030-07-26 06:00:00,5701.714441285606,3727.694780716868,612.0711704651497,4441.994618113699,973.8536167645076
2030-07-26 07:00:00,6023.809937762215,3822.3007972309456,626.4944460336322,4544.146893149344,1098.6364258996157
2030-07-26 08:00:00,6496.833625582226,3773.3738832650233,607.2765225242846,4492.389606772309,1176.8641655404886
2030-07-26 09:00:00,6633.339810570962,3733.4789820843785,613.5415156917664,4515.22528760098,1178.5911115058043
2030-07-26 10:00:00,6735.336080188058,3756.728327995715,612.0343305975242,4539.857759228595,1178.2696923227772
2030-07-26 11:00:00,6638.788586471676,3676.459578580828,608.866655535234,4527.775992296596,1189.540280968611
2030-07-26 12:00:00,6609.084022532665,3648.082244938297,609.0285869338692,4421.783197796228,1146.4293841531364
2030-07-26 13:00:00,6593.517854973161,3703.6249868294585,598.1357992611712,4404.739181334616,1102.9843784180994
2030-07-26 14:00:00,6704.75887358022,3662.89939687186,604.0599769462035,4458.677994482672,1112.1236536853514
2030-07-26 15:00:00,6721.188756324095,3760.573470180685,608.6955308920792,4496.958253543764,1124.4533676026438
2030-07-26 16:00:00,6761.779619812578,3902.882473970336,642.2687470093653,4620.47065189224,1162.592827756523
2030-07-26 17:00:00,6882.523264915022,4009.922983961383,686.3383005765702,4721.218022671776,1242.1851518150468
2030-07-26 18:00:00,6856.524375723791,4094.6546528807407,708.3468708903246,4797.297717810468,1283.2535599627745
2030-07-26 19:00:00,6758.576349372427,4106.0685822131945,717.658823018735,4932.362753703245,1278.8097443680094
2030-07-26 20:00:00,6792.587764131463,4042.535812745201,728.4692600100632,4832.686799217871,1256.1636725022222
2030-07-26 21:00:00,6804.783545284105,3792.85242137585,675.461026198438,4712.908286282528,1216.7938410287877
2030-07-26 22:00:00,6355.117564525196,3620.658760766911,602.1347942030454,4415.71120604881,1089.9233471713449
2030-07-26 23:00:00,5843.949558347478,3390.26992694624,556.335761413346,4226.895377597311,947.1022822165256
2030-07-27 00:00:00,5512.487992542555,3269.108663931608,531.8364347002822,4128.22845976568,831.9537339247191
2030-07-27 01:00:00,5442.654947827914,3092.703012024596,509.1801780594483,4039.075870675152,794.8081915583633
2030-07-27 02:00:00,5354.498898004943,3097.1691771118253,505.9915607478879,4065.070124351178,772.8745399309719
2030-07-27 03:00:00,5283.544331676247,3200.510011020381,509.0030414618173,4126.044389466223,780.7109998716913
2030-07-27 04:00:00,5433.978248731075,3261.765852065938,516.0356514426247,4064.651895808412,779.4932892896401
2030-07-27 05:00:00,5472.785179595281,3528.348094863868,564.1016212378114,4235.082239317686,813.2471407353205
2030-07-27 06:00:00,5632.284053878564,3751.3714081929575,610.596830736752,4413.102597515797,955.037943299012
2030-07-27 07:00:00,6023.329627868315,3724.956680463335,619.3149388570874,4641.575878894033,1127.1205077593966
2030-07-27 08:00:00,6460.992398664087,3750.029530040695,615.7638997950448,4580.078071096431,1160.9628730853349
2030-07-27 09:00:00,6559.349792419415,3792.0051054310047,606.4567032623663,4516.7690050483625,1188.9214514190733
2030-07-27 10:00:00,6607.202376046051,3753.681520747727,613.5778766490251,4591.219078099626,1188.8458747460586
2030-07-27 11:00:00,6566.118547600067,3643.448604093599,612.969204860892,4436.981768299584,1172.98854206165
2030-07-27 12:00:00,6371.465833539557,3642.367208185141,607.4100493936464,4440.812255101587,1116.4972354569154
2030-07-27 13:00:00,6460.795156227827,3766.5318533799473,604.4654159531309,4515.035903326283,1096.1941731271097
2030-07-27 14:00:00,6558.777285900649,3660.851352578309,610.3223786464062,4338.212744610143,1112.0025108920493
2030-07-27 15:00:00,6687.47709531002,3746.815173311288,613.6686529350786,4487.233216126678,1114.0289943660996
2030-07-27 16:00:00,6710.796205714277,3891.929538414492,640.1795975780725,4630.639511225881,1152.9361645432436
2030-07-27 17:00:00,6766.893509133092,3997.9551162639577,684.2832364675804,4700.172154581011,1249.6592656336377
2030-07-27 18:00:00,6799.829622452517,4081.04625785519,717.5510315386456,4732.232506365724,1231.9933002688333
2030-07-27 19:00:00,6871.073971759431,4166.121349292362,714.7786257069395,4885.284969789438,1285.7460281086148
2030-07-27 20:00:00,6778.724402755977,4032.357235392751,709.9888590197597,4792.952304082715,1253.7143938723734
2030-07-27 21:00:00,6513.6952186832805,3888.8053828031952,676.8258874481032,4683.686902328582,1211.799363474022
2030-07-27 22:00:00,6260.649398648321,3548.7645067673707,611.4635093199435,4382.005760398529,1085.276430408148
2030-07-27 23:00:00,5814.009404420659,3328.5746226856254,557.1732768834414,4207.238819388923,933.2224966360922
2030-07-28 00:00:00,5332.18653697354,3181.9315450493336,528.1730505452015,3975.199522062537,832.4875021205751
2030-07-28 01:00:00,5313.191198498897,3118.123157383948,509.2413047648436,4053.019626272383,775.9918159148717
2030-07-28 02:00:00,5194.780914137953,3118.4805439716247,498.3099707209347,4094.473628641929,779.724159577064
2030-07-28 03:00:00,5151.722276423059,3155.983274760131,516.0863567880957,4013.40878801656,767.7177243024393
2030-07-28 04:00:00,5160.091604101463,3254.612699599932,508.6587416926737,4067.028529161592,759.5185924258282
2030-07-28 05:00:00,5374.060799989049,3483.532216645418,561.1723679958084,4274.590399350311,826.225262922184
2030-07-28 06:00:00,5554.233190654549,3669.719155583967,603.9279073421407,4463.516446330536,960.5480999468728
2030-07-28 07:00:00,5759.00762578403,3678.1396255583777,623.2317781864025,4414.653712533919,1108.0016143454752
2030-07-28 08:00:00,6178.596353229401,3725.71570843881,609.64367805484,4503.668055268085,1159.3719754705835
2030-07-28 09:00:00,6433.852625470882,3719.893675667792,602.2784852147913,4507.992610317782,1164.1272305399127
2030-07-28 10:00:00,6438.424874461005,3692.270922095512,611.3182388070799,4546.706340225581,1161.7096651308348
2030-07-28 11:00:00,6477.77931635339,3594.5485927096524,614.6716719066387,4475.659006225981,1169.7092814423063
2030-07-28 12:00:00,6285.296721026756,3566.963964245229,588.600020101433,4410.466742943212,1128.9207859426926
2030-07-28 13:00:00,6234.971142374527,3638.877319613918,607.0320585292748,4421.629920491914,1097.242089963948
2030-07-28 14:00:00,6351.71382430178,3638.9668317528985,611.7513240386545,4421.63463361838,1099.7904102184395
2030-07-28 15:00:00,6399.080192746627,3689.818597973931,610.2015997694319,4483.831881180694,1099.5357169772117
2030-07-28 16:00:00,6498.810666297677,3793.703706021244,644.5736002544145,4541.955583984447,1164.7922941358436
2030-07-28 17:00:00,6666.038709958392,3921.256282970342,682.3190793427796,4753.625660098779,1204.2075722163324
2030-07-28 18:00:00,6525.04778122969,3999.110700209236,704.0222082069513,4761.527200042439,1245.0058707383066
2030-07-28 19:00:00,6687.86200719762,4044.616568363774,716.7975272407693,4787.516766509457,1251.130983763702
2030-07-28 20:00:00,6519.590980816631,3974.1302495316745,722.3186039607006,4823.311435595787,1238.838831262787
2030-07-28 21:00:00,6354.046868612215,3767.707484094671,672.1317425806209,4670.017947420857,1196.9049540291887
2030-07-28 22:00:00,6087.028906364649,3541.602043850696,605.7165488205045,4429.486710817783,1091.2908825225657
2030-07-28 23:00:00,5557.96778970793,3344.187024098762,571.2522693089135,4259.625668401728,946.6160126309608
2030-07-29 00:00:00,5561.606693641688,3214.0072420291617,528.8989940616752,4084.022945759884,819.7284952802186
2030-07-29 01:00:00,5499.583834742801,3170.795033521818,506.8176364168502,4048.172714223622,794.58522527249
2030-07-29 02:00:00,5456.165322253036,3203.5677459731464,510.7784120681338,4048.2838729106606,777.6623864135368
2030-07-29 03:00:00,5303.288309166564,3169.5916075726336,514.1328583402708,4057.474084259022,776.7586824631613
2030-07-29 04:00:00,5435.868042634622,3266.579378747021,531.939573623041,4043.445311043934,788.6546882262767
2030-07-29 05:00:00,5591.5857125042885,3526.3587479934545,565.3252466222323,4169.484241955561,826.6274217675536
2030-07-29 06:00:00,5769.442029292457,3783.0983899130174,610.3273520401077,4404.752615841268,958.4456870500236
2030-07-29 07:00:00,5993.858247596106,3716.8213568962983,607.943887496612,4507.48341178019,1092.3348354628483
2030-07-29 08:00:00,6384.958103826478,3791.1224637038417,613.3316048735685,4494.023698512383,1164.8371935156215
2030-07-29 09:00:00,6649.722576357777,3730.977623159368,611.5553058557706,4563.162308872925,1179.8570831002462
2030-07-29 10:00:00,6584.542426607664,3813.8101285324537,599.7881206832492,4551.91817603981,1174.8247428289565
2030-07-29 11:00:00,6579.230592247737,3642.169392636462,599.837003516789,4488.879999261711,1171.2397081041902
2030-07-29 12:00:00,6498.13174484588,3654.936397124784,605.8131260816264,4470.240140361081,1121.7601681650438
2030-07-29 13:00:00,6462.663328561742,3689.312847596117,597.4345898170219,4484.085088861776,1110.5287720487702
2030-07-29 14:00:00,6610.971413076859,3669.916764738896,611.3377011345859,4382.568741578821,1093.8927387129693
2030-07-29 15:00:00,6546.70417951027,3762.829530232738,617.339232820005,4487.33313898413,1118.6956726790147
2030-07-29 16:00:00,6732.984119794226,3881.1616009937943,634.8977003810475,4547.476070548919,1171.6149871364432
2030-07-29 17:00:00,6832.376217610236,3989.6013558256745,684.8670092111196,4679.108987844379,1225.4413633030676
2030-07-29 18:00:00,6839.194606690599,4067.051069427965,710.3114909661859,4880.52440726882,1263.8055963221125
2030-07-29 19:00:00,6744.329357830986,4135.931622931107,725.9705698567415,4866.2829731800975,1250.1938972489947
2030-07-29 20:00:00,6744.174095590657,3960.5099184011256,703.0839669311845,4924.357471872526,1255.0310726868402
2030-07-29 21:00:00,6517.322316854678,3721.2958257160976,673.7451214612748,4741.748830589348,1221.843996686339
2030-07-29 22:00:00,6169.791247061067,3588.255500569349,609.5599131187364,4451.612220464038,1105.8496625791795
2030-07-29 23:00:00,5802.765027399891,3332.892975037363,560.5511866685251,4210.612047857067,931.7089552074164
2030-07-30 00:00:00,5593.5317962827885,3222.077600558738,530.3038139180413,4117.05212157278,843.0176639836258
2030-07-30 01:00:00,5341.818284148909,3147.696591831235,513.0128667677373,4060.30530235078,796.8800437163491
2030-07-30 02:00:00,5438.475064300321,3121.248498104032,506.9945779979757,4091.615182299274,775.0753868583912
2030-07-30 03:00:00,5284.380909883933,3197.960347146219,502.7133281371221,3999.449711137599,763.678108232451
2030-07-30 04:00:00,5321.505578164733,3315.489911392576,510.6125955769188,4079.0196386405223,775.9074607056693
2030-07-30 05:00:00,5538.303103650481,3622.481834692396,552.7153352078142,4153.306955377468,817.2260903880202
2030-07-30 06:00:00,5725.038395227516,3758.1151043464265,609.2576884291574,4424.6802163564425,958.5844824354906
2030-07-30 07:00:00,5968.169444672834,3768.8798703930606,615.9693554732215,4589.114491815873,1094.072084676648
2030-07-30 08:00:00,6372.076775539388,3808.442983897589,617.0959043280286,4565.744080255273,1161.2341243609844
2030-07-30 09:00:00,6616.795943934578,3782.322648583309,610.1455721012276,4551.36098762847,1165.854129718068
2030-07-30 10:00:00,6771.600217197793,3818.2160813210176,609.1162798356152,4470.461003154608,1153.4564332897712
2030-07-30 11:00:00,6504.356857111145,3735.418072815612,601.4697822167052,4460.072084004743,1149.2693282086057
2030-07-30 12:00:00,6488.209672725857,3623.045862425956,600.806944106058,4343.252199054906,1125.4740917023248
2030-07-30 13:00:00,6599.249715382836,3694.799191950888,600.910372529215,4469.454122089759,1090.5913621946163
2030-07-30 14:00:00,6560.874554234295,3708.463272789056,599.981222067555,4516.750448305757,1103.9256804850736
2030-07-30 15:00:00,6731.995041563876,3671.781008047642,618.6669594778319,4608.357067514215,1125.450749119461
2030-07-30 16:00:00,6748.397089856549,3849.748435141827,643.9351375737715,4578.881449252081,1147.802058886961
2030-07-30 17:00:00,6834.017151302448,4004.691286685448,669.5303754214405,4736.480217469601,1227.5378917111389
2030-07-30 18:00:00,6814.246820456496,4179.246085815067,711.945614382267,4856.1685232287255,1262.458415449332
2030-07-30 19:00:00,6857.902048615236,4153.7746078928185,716.2238830802476,4755.662753692387,1276.2538184549385
2030-07-30 20:00:00,6875.770391322364,4074.279820941432,710.7950411602474,4782.644126157013,1260.472920803181
2030-07-30 21:00:00,6731.529846426048,3769.226936550951,676.3139216047377,4724.807107696587,1192.330455934708
2030-07-30 22:00:00,6240.1223266050565,3675.959437855661,604.1046646122616,4452.400088286407,1086.1019240699743
2030-07-30 23:00:00,5790.777751711686,3349.8882392086884,566.8171707195398,4203.2853991241045,941.1506296055792
2030-07-31 00:00:00,5543.83673509259,3244.646715122235,532.0199339618503,4084.2164726712426,845.5544526164269
2030-07-31 01:00:00,5480.418083050621,3145.1110703818317,513.9404052739508,4111.766828690201,804.3276096002697
2030-07-31 02:00:00,5392.27490188913,3142.6618276833374,513.3238795891449,4102.001580381711,772.347818070129
2030-07-31 03:00:00,5346.164892713715,3182.161008839168,510.0501652095977,4109.117160769433,780.451253090289
2030-07-31 04:00:00,5374.678109863386,3278.5701777385366,517.208661444641,4070.522608949645,778.3035018337939
2030-07-31 05:00:00,5542.974582633727,3615.300484771284,549.7812914098474,4199.716588759803,823.3816770950981
2030-07-31 06:00:00,5765.144458815273,3726.0749227151614,614.6668828194344,4426.016196771334,974.81224190013
2030-07-31 07:00:00,5976.508221398847,3670.485811490626,621.151371276497,4537.668554638713,1119.5631469030438
2030-07-31 08:00:00,6429.933341345492,3742.9639259645614,613.5505490009299,4605.0720405275815,1166.9907703754618
2030-07-31 09:00:00,6721.521181433022,3764.334404612385,607.0456420883485,4616.8521885976925,1183.1509330120236
2030-07-31 10:00:00,6785.593002729817,3824.026287674125,616.4403709090095,4553.785279922315,1203.5930249116543
2030-07-31 11:00:00,6788.894358703551,3639.6177299692554,611.3441345845052,4556.50719197471,1188.285699031557
2030-07-31 12:00:00,6423.123997252792,3652.95265446656,596.031691236484,4496.216564428842,1145.3058137851776
2030-07-31 13:00:00,6587.67705354336,3688.960419283757,600.665696820716,4500.973710343795,1124.2929993160292
2030-07-31 14:00:00,6584.036964701286,3700.6142698372855,616.0081278854823,4481.228097100298,1105.2614548072013
2030-07-31 15:00:00,6562.526458756637,3765.67155705322,608.352635746866,4527.390255741644,1155.4255026863066
2030-07-31 16:00:00,6630.598074725965,3929.996550530551,631.2008836924165,4661.645952120412,1175.7197192719432
2030-07-31 17:00:00,6747.713684284615,3976.232768029228,673.6368876433295,4788.555593897491,1239.7680598477502
2030-07-31 18:00:00,6739.772481889182,4087.6824706167135,715.8307320509768,4888.651206659928,1253.3046604636577
2030-07-31 19:00:00,6837.251584705271,4086.040335209803,706.9222274829984,4824.763348407676,1263.7012017551303
2030-07-31 20:00:00,6826.492276349129,4035.030535235904,722.3350754591703,4845.50889869902,1271.249940255978
2030-07-31 21:00:00,6564.029373001508,3838.2795665181175,675.5233110049936,4672.838726784137,1218.9744195732117
2030-07-31 22:00:00,6221.317632338582,3623.42311451575,603.8580637425483,4471.300564773032,1075.5395584294574
2030-07-31 23:00:00,5829.224169377744,3330.7642551231656,559.7053513583201,4313.673982692805,936.9382646211136
2030-08-01 00:00:00,5191.530705978849,3084.199910099006,449.3609413704486,3896.017714314021,787.7727274068765
2030-08-01 01:00:00,5104.596743143952,3051.4101243264986,437.0203773703575,3842.065161583575,733.8500911753927
2030-08-01 02:00:00,5019.368314865632,3040.925804573396,429.2033203286804,3856.9732721928017,730.3690875928386
2030-08-01 03:00:00,4892.314069119833,3031.1387164209486,436.84105547745895,3881.178160221636,724.9605914010311
2030-08-01 04:00:00,4955.502324648944,3130.5884456544545,450.0414371187297,3874.964537371378,721.6857246458121
2030-08-01 05:00:00,5289.163436375669,3373.455148642248,481.8454619021264,4001.8368316728593,773.2901947543312
2030-08-01 06:00:00,5401.662064226442,3546.049668920925,519.6241612770681,4261.930210182656,893.00955192629
2030-08-01 07:00:00,5613.967299231409,3563.35508027656,529.3323320994301,4295.968783158203,1030.296854131388
2030-08-01 08:00:00,6060.891452643912,3561.0263305082003,519.5213057166125,4297.127293207811,1114.0815678717304
2030-08-01 09:00:00,6324.139862651405,3616.494972542717,519.8854963952284,4399.176111665849,1101.748685602966
2030-08-01 10:00:00,6312.923650817485,3642.753140503628,517.150168176238,4319.741693169471,1112.975733755409
2030-08-01 11:00:00,6294.336446723303,3520.7615400820923,527.0824896884411,4241.7980394801925,1088.3769777988678
2030-08-01 12:00:00,6168.004682477081,3488.659337689796,511.7634729091731,4216.127234245254,1074.8167152122692
2030-08-01 13:00:00,6217.400241705464,3529.171812546273,519.8402960659535,4226.737525040368,1039.8471975790626
2030-08-01 14:00:00,6215.354898031191,3525.6572874969643,526.9564596563447,4224.141211870333,1031.486823675766
2030-08-01 15:00:00,6290.99433212496,3554.779165325675,531.7322695236219,4310.689337561317,1051.1815580717662
2030-08-01 16:00:00,6305.509832393822,3696.4638979999,546.6411097758559,4446.424125401417,1089.9336681700845
2030-08-01 17:00:00,6233.492698042402,3831.7599575593817,572.8218942258925,4493.516428976981,1141.824357569163
2030-08-01 18:00:00,6365.372785494133,3882.976194691072,606.2066555986625,4602.65040433051,1195.1881342075812
2030-08-01 19:00:00,6319.034870737412,3953.166264152451,612.0646421606416,4633.925037430105,1176.2550579660756
2030-08-01 20:00:00,6397.041026392096,3831.007795745456,610.1441983281719,4526.148220611983,1175.0718685702282
2030-08-01 21:00:00,6235.952892353354,3666.705376956371,575.2133957587577,4451.94949428278,1141.01926005131
2030-08-01 22:00:00,5874.416450769969,3447.1918015133097,516.5654136217174,4254.552269173682,1020.999871588187
2030-08-01 23:00:00,5519.552625126691,3174.690605681034,482.75735654736496,4042.4118276780455,870.6082412952112
2030-08-02 00:00:00,5194.503561792162,3100.5737087464263,457.5228500402278,3898.214967382452,771.1589259570775
2030-08-02 01:00:00,5154.005979009915,2992.620311207935,442.2542214195256,3813.421787179117,751.3036850310331
2030-08-02 02:00:00,5158.39916332712,2978.183324001516,432.2106759102327,3875.703922576967,721.935503034645
2030-08-02 03:00:00,5004.8696122815945,3021.3360000361786,434.40051550320015,3803.214618247775,722.584236309662
2030-08-02 04:00:00,5103.417824789522,3190.5454854445097,444.56403852424063,3891.498393804504,729.0254629209448
2030-08-02 05:00:00,5195.815504475739,3340.897173902528,471.13533738417976,4049.4200133814666,771.5647626195152
2030-08-02 06:00:00,5480.53515771062,3575.183295711733,529.6634288064554,4181.26451909609,909.343198703614
2030-08-02 07:00:00,5614.934482928218,3521.528212013918,534.467165363977,4265.205286747294,1059.5828096775574
2030-08-02 08:00:00,6045.086016485807,3608.3933559224342,538.0622451796951,4253.925635176741,1095.5641268494446
2030-08-02 09:00:00,6234.436551988566,3651.76727334259,518.3500175276355,4310.958126964289,1109.8426792906753
2030-08-02 10:00:00,6317.364556427092,3579.1672134624378,520.7235260894774,4402.384230886096,1116.4512292061454
2030-08-02 11:00:00,6167.689887124636,3492.032844352613,521.305236041498,4337.42501829087,1098.0294518412463
2030-08-02 12:00:00,6107.122217030523,3519.6493990036406,510.022025146028,4189.498579013653,1061.4481129918397
2030-08-02 13:00:00,6053.650061829332,3511.571739742349,511.2823300792105,4244.564978390565,1031.3829205552056
2030-08-02 14:00:00,6136.677794470699,3440.3374782010487,521.5117674223338,4183.101378029156,1040.703305046962
2030-08-02 15:00:00,6211.071966727562,3590.857985795357,537.1317348489482,4262.115096305663,1046.1478751042505
2030-08-02 16:00:00,6259.311823641887,3737.675637816355,551.367149043838,4298.3055725298245,1083.9507394706034
2030-08-02 17:00:00,6451.724545769822,3853.3235581772183,588.90647359311,4444.851166252307,1141.271195721597
2030-08-02 18:00:00,6311.432885861585,3846.074284156083,602.686569091421,4592.477641224545,1191.423863712752
2030-08-02 19:00:00,6380.38345992635,3887.667556272052,616.8392366478621,4530.390523220362,1182.7451306031594
2030-08-02 20:00:00,6421.449678096118,3756.4836805282575,611.1151114830494,4558.239077309329,1175.4351270837246
2030-08-02 21:00:00,6218.215783472154,3617.937971346034,582.5766567920925,4501.839642315498,1123.0838913844111
2030-08-02 22:00:00,5864.825226774228,3424.503267329332,519.1155779463526,4246.202445382952,1029.821698521631
2030-08-02 23:00:00,5500.748580440601,3227.350874831702,485.1645762315539,4046.1561086713,864.4665019728698
2030-08-03 00:00:00,5186.627100002351,3127.385961352414,458.201621688272,3996.894474739475,777.2731730907906
2030-08-03 01:00:00,5021.190435355722,3034.585452127264,434.7318486721245,3877.882399876744,739.7066075032833
2030-08-03 02:00:00,4887.575518969899,2956.94347578218,436.2502235662648,3872.691792856088,724.5600678697116
2030-08-03 03:00:00,4886.92016640383,3016.7931044031343,435.5678448989732,3823.986735811368,717.1445472308218
2030-08-03 04:00:00,5023.058123133481,3107.192720935591,445.1645191412333,3790.736628982864,728.7350428955965
2030-08-03 05:00:00,5158.413737687743,3377.0592895304244,476.61129679950864,4039.176039036709,768.9805760238019
2030-08-03 06:00:00,5323.969941494845,3559.1805844069504,534.809785027368,4191.570168820678,896.4187580753405
2030-08-03 07:00:00,5683.263227357694,3490.153451278836,534.2690224909176,4251.249247263933,1041.438822031998
2030-08-03 08:00:00,5953.642187353545,3632.837869288978,522.2584764510419,4274.26346440715,1084.185054967448
2030-08-03 09:00:00,6124.751051843677,3564.936877440428,521.9154966194975,4288.371460130498,1101.3482409830303
2030-08-03 10:00:00,6214.267954655542,3566.621966150577,522.9042384767026,4319.041521615318,1102.7656993481094
2030-08-03 11:00:00,6080.145535577644,3613.095047803246,519.4018749997002,4285.696934556808,1075.2990551973166
2030-08-03 12:00:00,6031.248568564933,3516.907841225148,512.748757947232,4213.306751346945,1043.472468304907
2030-08-03 13:00:00,6008.197237606251,3490.6908416505844,517.9025459446068,4262.162123974119,1035.5141300743037
2030-08-03 14:00:00,6187.925109547476,3495.2519766987225,520.5877728382197,4245.227535942409,1046.273805298642
2030-08-03 15:00:00,6171.307693250909,3570.558492957866,522.934979845585,4308.508052625794,1037.8990756953904
2030-08-03 16:00:00,6176.73646861849,3716.8126781607407,546.0747348536437,4380.787603658916,1084.4758906280535
2030-08-03 17:00:00,6295.122066011701,3722.644270183696,581.1067070067912,4390.8187404909,1137.3234308041765
2030-08-03 18:00:00,6273.820110720639,3922.428058937231,602.4223658584997,4565.863454171504,1162.6374754072365
2030-08-03 19:00:00,6357.074015387698,3883.563644722899,612.8261419077164,4603.500852430481,1166.3966838261051
2030-08-03 20:00:00,6422.59039132466,3820.110708197195,611.776500947836,4531.993080120587,1169.1327637742158
2030-08-03 21:00:00,6095.287898510727,3697.846204736301,583.6257248315327,4386.455214656333,1123.7989160744194
2030-08-03 22:00:00,5839.880356491508,3405.690594716641,518.987231938033,4222.891277615449,1001.859324090098
2030-08-03 23:00:00,5435.190862518648,3155.7004066213067,475.0169452431944,4001.2224837138806,867.549373976745
2030-08-04 00:00:00,5011.482665921076,3041.56284728119,446.1370554868215,3872.328175395934,771.3977482820512
2030-08-04 01:00:00,4897.706926621678,2997.512079038664,434.1895956632956,3824.9990998271664,720.1688263571634
2030-08-04 02:00:00,4702.455763856815,2918.088810196369,428.20370936120486,3776.74097105652,717.2740542747495
2030-08-04 03:00:00,4833.889518504718,2962.29604418217,433.63649643352136,3770.0756302760224,722.2078871407545
2030-08-04 04:00:00,4876.83636618247,3080.277282218888,437.0855766634903,3798.4687067596215,718.4129777762515
2030-08-04 05:00:00,5008.358486141587,3366.4667524088145,480.38893474028976,4082.910247540727,758.7718796863217
2030-08-04 06:00:00,5066.305508740725,3539.2878066836365,522.9863130798885,4212.367073205256,896.789379457678
2030-08-04 07:00:00,5345.822862805133,3499.8816384662514,522.7785603162348,4316.845417814969,1039.7581518130498
2030-08-04 08:00:00,5822.040911211325,3543.551066767552,524.4612470080061,4239.376821930802,1061.512239060059
2030-08-04 09:00:00,5993.404088410493,3552.7658633484,520.0837374633052,4275.213316060767,1083.838536557502
2030-08-04 10:00:00,6077.399196514896,3612.421278894648,520.7245497512688,4294.668786728207,1086.2812152815811
2030-08-04 11:00:00,5853.105516255619,3490.0898815049727,522.6839136602186,4306.839631116998,1077.3334753102336
2030-08-04 12:00:00,5920.147889591151,3433.332097163944,513.726329217945,4150.086299599852,1046.949767451738
2030-08-04 13:00:00,5994.78294389068,3467.511136940024,511.6538639413229,4201.000356289555,1031.9896107753043
2030-08-04 14:00:00,5934.8660030476485,3462.050913335154,510.3757236548511,4176.171848274399,1026.0106520888048
2030-08-04 15:00:00,5896.55711919572,3507.1356200232167,520.9490803907021,4211.327497615912,1036.5294600923091
2030-08-04 16:00:00,6109.454982753503,3669.3184653985927,547.7399787160844,4309.135460757101,1064.4345144214394
2030-08-04 17:00:00,6126.707734083045,3776.109000887559,582.0840523152517,4503.520436681858,1129.968668678545
2030-08-04 18:00:00,6154.3890127851,3776.6621174901343,603.0958269730766,4635.967885737174,1161.302979500986
2030-08-04 19:00:00,6200.0999507990255,3848.0410720877303,612.8109135256288,4485.606943880805,1182.1277676003235
2030-08-04 20:00:00,6163.686959160312,3851.546849947384,617.1502732061717,4585.157191462822,1147.605503011091
2030-08-04 21:00:00,5928.235598466523,3587.747328844173,578.7319541122998,4425.148756034075,1129.4303137774143
2030-08-04 22:00:00,5666.942182658467,3368.6138398026874,527.9947006743987,4157.02816379296,1013.857027149079
2030-08-04 23:00:00,5217.211033819617,3128.124250091601,477.4333121385674,3897.044006511181,878.95095915899
2030-08-05 00:00:00,5188.991596409716,3067.9392178755534,455.7421544213972,3862.700891079947,784.0257831919483
2030-08-05 01:00:00,5101.267510672285,3008.776376723944,434.0526200735973,3862.1120748751214,728.5421013573156
2030-08-05 02:00:00,5000.22345120805,2985.788477085696,425.8540291600319,3853.828976737153,733.3905803260685
2030-08-05 03:00:00,4987.668858587285,3004.9386475952333,440.7569391289497,3832.004275319837,720.7305174673277
2030-08-05 04:00:00,5037.35765688633,3178.2859453654223,437.0585064968424,3903.13103581237,716.3322669073729
2030-08-05 05:00:00,5165.963165480043,3357.7970421499285,477.1333554335114,3984.822804442601,771.2358231191731
2030-08-05 06:00:00,5307.800626291119,3521.585664622175,520.1458714968072,4247.641379596394,891.4290659611651
2030-08-05 07:00:00,5520.78496601218,3562.7923026503186,524.0334085291798,4389.864803744647,1031.840927566513
2030-08-05 08:00:00,5881.917572675037,3587.1057515574475,519.6470199885334,4308.424028586188,1074.7489663449185
2030-08-05 09:00:00,6182.113022303957,3602.1741929304108,519.7823133854654,4353.439139988925,1108.0017810561224
2030-08-05 10:00:00,6282.725348980908,3583.8768609014373,523.675144524937,4358.547894055605,1107.6344268690934
2030-08-05 11:00:00,6279.573127065676,3531.2083249923944,516.3832468271884,4253.590882766519,1080.7644599036682
2030-08-05 12:00:00,5885.497117849995,3457.423820978032,514.0336704205292,4276.319146037517,1042.2260198416295
2030-08-05 13:00:00,6233.158749264463,3548.5165538470387,510.20838763345085,4187.940221550777,1045.5655641014357
2030-08-05 14:00:00,6257.042265671509,3467.710855985261,523.6110333097754,4224.266736111928,1027.4787941700456
2030-08-05 15:00:00,6166.458246625206,3564.685304662463,522.8718511039845,4278.894665606382,1048.9567050706091
2030-08-05 16:00:00,6231.029262927482,3728.454779739404,553.0840682351705,4337.848692989627,1084.900263859375
2030-08-05 17:00:00,6443.3372840068005,3813.1991108100055,576.8114318860561,4454.4574658668935,1144.6184177483708
2030-08-05 18:00:00,6370.478202637316,3873.9735282904394,602.6511751416854,4523.376796388937,1158.4878232290002
2030-08-05 19:00:00,6362.567191831627,3943.17133131052,613.5060915316417,4618.3653309557885,1164.384127595598
2030-08-05 20:00:00,6435.148126736387,3807.437810848265,620.2253371932901,4643.140260903372,1178.5604362604956
2030-08-05 21:00:00,6148.9401616368905,3685.450912832576,580.1274742100289,4443.935030500912,1115.79253106537
2030-08-05 22:00:00,5767.279223000002,3444.4918891149346,520.3535134109308,4247.147434114828,992.924563153902
2030-08-05 23:00:00,5528.645656929548,3208.285490817917,480.80270086791535,3996.375931698356,869.492649564762
2030-08-06 00:00:00,5152.007702879926,3109.1475126181176,459.0479712767193,3922.548428894376,790.7893602316626
2030-08-06 01:00:00,5002.579779937193,2984.5525327831915,439.254153384754,3831.999053271882,761.6715940455946
2030-08-06 02:00:00,5005.106601381747,3020.021256850476,431.0364039897806,3779.7028704560144,729.4524584807956
2030-08-06 03:00:00,5073.716684235656,3014.539131502966,439.1594568258577,3799.621326157384,727.2005225040534
2030-08-06 04:00:00,4983.943313488769,3111.9906644036087,440.88637718085903,3810.511390327707,723.1992962156369
2030-08-06 05:00:00,5211.974821204708,3364.1919135076632,486.4241835600732,4010.685781477054,770.9252463338012
2030-08-06 06:00:00,5370.987368454655,3548.343588339443,526.0778120116502,4180.669885901385,896.5713772249993
2030-08-06 07:00:00,5662.189308501313,3663.0371829524497,527.5005643758878,4285.794002733068,1023.3217213153108
2030-08-06 08:00:00,5899.459881006018,3641.354624809132,530.6375529700978,4395.008253311685,1062.7591800921034
2030-08-06 09:00:00,6320.984775219437,3522.857599022371,518.7968045352768,4324.579386933799,1114.4630542755383
2030-08-06 10:00:00,6315.595421890341,3568.1816027431305,520.09944793701,4270.329013337207,1085.142907175373
2030-08-06 11:00:00,6159.671673386534,3530.030650801311,522.4803799140524,4295.335256422546,1077.9692670904717
2030-08-06 12:00:00,6020.851072699098,3402.549191463559,513.9216402314521,4215.803435683462,1061.1848271586152
2030-08-06 13:00:00,6191.739548256456,3530.368787842393,520.6703830073221,4215.4328685075925,1028.7584965343058
2030-08-06 14:00:00,6298.374746735366,3459.4288623137704,516.4641255393493,4212.608185141622,1056.466790141781
2030-08-06 15:00:00,6314.576607039071,3621.736959814088,531.491825707094,4273.519199529541,1034.8977702613422
2030-08-06 16:00:00,6362.925106550943,3662.260065763681,545.9325136200724,4302.9286289751935,1070.994865349585
2030-08-06 17:00:00,6397.5676100730525,3778.695447629936,579.1668315714455,4474.302017178606,1118.689077347444
2030-08-06 18:00:00,6288.170595013852,3867.942811497273,610.3302394392999,4637.770323858232,1195.489615508296
2030-08-06 19:00:00,6454.99432868865,3852.2503601881103,609.588130204259,4612.415757963845,1182.0651428843198
2030-08-06 20:00:00,6444.965423896386,3793.8591062550254,615.7461658634081,4620.836070758799,1165.925774830382
2030-08-06 21:00:00,6112.894573170467,3634.4111932578257,577.5801489579559,4430.919326813071,1146.880485999218
2030-08-06 22:00:00,5886.541474672155,3433.387478755916,521.2361623634481,4243.183966780687,1032.8508187784687
2030-08-06 23:00:00,5430.674425083601,3129.364682027672,486.9357127790692,4027.435571332662,871.7367847231258
2030-08-07 00:00:00,5220.545539366276,3077.025953302229,447.4064444275453,3955.057603101296,796.0662341144315
2030-08-07 01:00:00,5045.7834264077455,2996.5245252862755,427.1608898779974,3843.3555879271175,753.8511353695753
2030-08-07 02:00:00,5014.90653946,3010.1948781763035,432.7804333255802,3811.948786996131,740.1803671811226
2030-08-07 03:00:00,5110.195810594951,3046.99891199617,436.9581300727557,3779.105291435477,726.6609908625688
2030-08-07 04:00:00,4993.386537909006,3139.3707024859323,443.2626617092611,3954.43099489551,734.2765166507922
2030-08-07 05:00:00,5192.1803079686615,3381.999314550196,483.17847088329705,3889.299011170008,779.1151215628472
2030-08-07 06:00:00,5408.063755214064,3613.571681997899,516.0421322212719,4235.712837877475,920.6302949872636
2030-08-07 07:00:00,5586.685500073999,3618.442951709107,530.4289744445235,4340.048866386876,1034.5560810400511
2030-08-07 08:00:00,5972.953426816066,3636.3903875280334,520.2555226647144,4379.78795546968,1089.0354212657517
2030-08-07 09:00:00,6182.482002660817,3644.416192372143,525.7838435463145,4379.603885950104,1113.3430229765947
2030-08-07 10:00:00,6266.7490680638175,3647.965984656082,527.4218464264122,4282.789944674566,1098.8954513661197
2030-08-07 11:00:00,6241.50327310772,3481.212209215073,517.161558216143,4272.746468743828,1100.369225880652
2030-08-07 12:00:00,6164.527655304559,3523.5630079905186,512.9173228484527,4254.371531934531,1070.8506974850422
2030-08-07 13:00:00,6192.490058113454,3514.65515558192,520.9561025091597,4263.231693170887,1050.058431217824
2030-08-07 14:00:00,6191.114442059163,3488.0398107078927,516.0858855454335,4202.457506535661,1035.022669329465
2030-08-07 15:00:00,6266.603472341907,3554.5280031526263,530.7350236871644,4287.772132712148,1052.021390257093
2030-08-07 16:00:00,6353.866685592015,3726.3541434969766,545.8408426122888,4313.064991598797,1087.9536402829513
2030-08-07 17:00:00,6462.965870821591,3889.513588643266,579.8458958609227,4573.530346776586,1143.9977925923229
2030-08-07 18:00:00,6362.815677168227,3938.42858230515,607.6301435451085,4565.93154247264,1189.2587046814726
2030-08-07 19:00:00,6489.480883244639,3880.554916968167,622.4995945618007,4575.691149144719,1184.2318313091075
2030-08-07 20:00:00,6506.832465960535,3793.592240593632,616.2385493037175,4541.3416902389245,1185.7438512199967
2030-08-07 21:00:00,6133.171634560575,3654.992950760123,576.2239995578492,4444.433789224281,1115.8357658569823
2030-08-07 22:00:00,5897.323820378663,3420.1133201565817,522.0771881803219,4253.638696735837,1017.122299241388
2030-08-07 23:00:00,5436.027143403675,3220.0218107584456,475.3610538751598,3968.793506576672,879.7638172481959
2030-08-08 00:00:00,5309.715708917312,3101.280403462311,453.7303040061462,3986.132039421668,788.8724975690684
2030-08-08 01:00:00,5124.180182338697,3079.4434218920183,431.659863899269,3844.795097159608,740.8333515204938
2030-08-08 02:00:00,5016.6962927473,3006.22777161446,437.82458632709125,3798.0604489813504,728.5756199884386
2030-08-08 03:00:00,5095.445003753836,3005.6979594098034,441.3443838735225,3884.973935143552,715.7684780947812
2030-08-08 04:00:00,5066.765279004836,3116.764680858635,438.0119799517554,3881.810124110655,729.6987850605561
2030-08-08 05:00:00,5268.311570075188,3407.9855314095485,477.3343163778532,4059.52748460071,775.8741944219407
2030-08-08 06:00:00,5379.783209874558,3537.1008025118904,528.7697777080808,4224.406575020045,910.9910526957505
2030-08-08 07:00:00,5587.969615415043,3564.3795033798624,528.1217335710677,4208.808775061328,1039.6889756705602
2030-08-08 08:00:00,6051.130471922885,3604.177819036384,528.7940868917755,4398.210210564703,1087.172379250922
2030-08-08 09:00:00,6188.242422291338,3635.318899640694,518.2180778802125,4389.702358457237,1099.241495158256
2030-08-08 10:00:00,6240.470388507047,3667.722413363193,525.8635027429841,4330.078182776454,1111.6521754192454
2030-08-08 11:00:00,6273.498955896861,3584.426247940513,528.7571240924271,4318.018052871388,1109.1156032286683
2030-08-08 12:00:00,6071.664944749507,3453.642468848966,512.8247775022802,4236.32721532547,1062.284970838577
2030-08-08 13:00:00,6063.047978589174,3491.448277237094,515.964701656403,4146.241506440152,1030.770395727292
2030-08-08 14:00:00,6238.406019829584,3529.2196515943187,518.6295347037523,4207.064876055569,1032.741711136682
2030-08-08 15:00:00,6243.600538580857,3588.1097526311187,522.7960460833062,4285.365795470085,1061.6814139795017
2030-08-08 16:00:00,6398.697098180658,3692.6789910798966,547.2988984701345,4318.869487258621,1095.428498587276
2030-08-08 17:00:00,6352.803959380448,3882.769731838866,577.5790433269722,4490.1644511759805,1136.49299567882
2030-08-08 18:00:00,6481.853774069868,3906.812111091978,602.2641888550187,4511.4706211799485,1194.8380877606246
2030-08-08 19:00:00,6478.714286688735,3987.4423493920335,625.2896233810972,4606.625729975837,1185.2600814099817
2030-08-08 20:00:00,6381.192072324794,3881.1836924643594,611.8496217343658,4625.216294494733,1162.029403500342
2030-08-08 21:00:00,6205.678396088813,3657.5142779060634,572.7542328092832,4378.833383067546,1113.172624996746
2030-08-08 22:00:00,5795.7529619835705,3464.612237103508,528.4737658143526,4183.328830370875,1020.9324249269308
2030-08-08 23:00:00,5559.827095499678,3256.2233242833536,479.54900794604606,4026.763248790917,868.7535864260775
2030-08-09 00:00:00,5322.911152199324,3086.7259240298213,455.0635519292938,3924.728141938615,800.3202965355744
2030-08-09 01:00:00,5145.967223688297,3018.906655860993,440.7100709331413,3871.548591347894,742.460113151783
2030-08-09 02:00:00,5063.221886313358,3020.924798256622,439.0348622142955,3878.4306928095248,729.4096518673618
2030-08-09 03:00:00,4998.047698367704,3057.288383882839,430.148047025074,3812.4628070462736,712.4664778374537
2030-08-09 04:00:00,5067.026514991838,3122.478844724724,444.25074858684417,3788.141461794139,734.8875662586875
2030-08-09 05:00:00,5220.572335332179,3399.7410051246143,477.92037268903744,4036.558886586022,752.853497396117
2030-08-09 06:00:00,5439.951519187362,3543.4479718024336,521.8409109252752,4213.353356533832,900.2103105332109
2030-08-09 07:00:00,5586.699922402976,3548.3354635469987,530.7655866799603,4257.708249690501,1059.756284295609
2030-08-09 08:00:00,6110.619708516065,3637.562949020354,526.129919128337,4303.76063686047,1076.1610920395658
2030-08-09 09:00:00,6187.933671236558,3600.898353765609,531.2829952691145,4305.34092451123,1107.8822869779226
2030-08-09 10:00:00,6346.053079545576,3618.2635978528815,510.79369693098994,4404.321484209561,1095.759781022556
2030-08-09 11:00:00,6225.384994016515,3475.3789261887164,527.7915233098178,4286.007992380891,1108.008245959108
2030-08-09 12:00:00,6107.047049869116,3508.582071853976,510.35084678941337,4267.419804709247,1065.2233990340371
2030-08-09 13:00:00,6238.672710895618,3520.659573488284,514.3653559772858,4282.094538372881,1044.8591456520792
2030-08-09 14:00:00,6243.234849385554,3500.2508723605147,510.3922665419531,4239.39996766219,1038.4258707532597
2030-08-09 15:00:00,6235.802057316904,3604.975466214958,528.7794428080091,4319.75737969687,1070.5261044226909
2030-08-09 16:00:00,6379.454060533507,3706.887959144681,542.8456206520748,4422.191177060922,1104.1519284049682
2030-08-09 17:00:00,6356.03320162708,3777.310332993589,585.7853644398024,4544.970178359932,1161.5273406695542
2030-08-09 18:00:00,6440.580561403849,3886.720748004538,605.1219627178357,4629.8291479813,1177.5960813187114
2030-08-09 19:00:00,6306.796606777857,3892.296811888446,624.5250082607668,4646.435750661532,1181.3629327068295
2030-08-09 20:00:00,6411.012828514645,3856.647579572689,619.1496004939388,4514.194209866653,1166.8533593631753
2030-08-09 21:00:00,6172.0919161859565,3675.178308451472,579.5101179781574,4448.3462805935005,1134.2689117126354
2030-08-09 22:00:00,5981.6788887672965,3383.893725301769,522.5344644062924,4208.374944207159,1016.1189982544312
2030-08-09 23:00:00,5481.35226498555,3205.9499718081297,484.5614278044182,4052.532041694783,880.4300231384127
2030-08-10 00:00:00,5197.254357652456,3078.1946067083404,449.20559727466855,3884.1091252869815,791.9974194369054
2030-08-10 01:00:00,5151.816287572163,2949.209488576195,442.0458955907107,3818.834363884396,726.4828307019084
2030-08-10 02:00:00,4881.314417073873,3002.085569369832,434.5353468253069,3858.663490237603,716.6224885949604
2030-08-10 03:00:00,4974.279073862979,3028.363923592749,442.76262559627054,3847.016318692761,723.4393309348254
2030-08-10 04:00:00,5030.735902513524,3097.360959816232,446.3411860076497,3847.995628804247,737.8071348173663
2030-08-10 05:00:00,5193.843912391342,3371.04192985144,474.9017123842583,4014.0139026370903,770.5530397904521
2030-08-10 06:00:00,5394.682743295086,3612.791417027574,528.7223422268584,4309.089772267243,890.6515636356888
2030-08-10 07:00:00,5589.246300746598,3598.145135590969,523.7759586531148,4302.821920155826,1040.5978223249274
2030-08-10 08:00:00,5959.5002232260185,3629.1200821454313,534.339828721204,4316.887042927679,1075.4483306072527
2030-08-10 09:00:00,6222.377185616757,3598.6618793606763,533.3220000532672,4298.542796358077,1105.0484092936692
2030-08-10 10:00:00,6362.910516852636,3563.2513458514222,523.3260108618176,4318.028990222699,1092.6047450719116
2030-08-10 11:00:00,6183.425035042379,3469.825228799366,517.1360727258036,4352.505154331887,1082.633216291744
2030-08-10 12:00:00,6025.496406298988,3498.1069016164115,509.5602160475835,4219.3802310571145,1058.383730325254
2030-08-10 13:00:00,6055.976204521217,3473.10305403774,517.9413996951681,4283.303244779519,1029.6624730967628
2030-08-10 14:00:00,6186.705062907837,3589.4451780434606,513.116414392254,4280.445001760074,1044.7930418303022
2030-08-10 15:00:00,6195.225508802294,3650.60585435374,524.3898505707007,4259.378108091212,1067.9660526394644
2030-08-10 16:00:00,6266.038306339701,3699.0610900272472,538.9984904367557,4333.926017316541,1105.1657045805357
2030-08-10 17:00:00,6402.843088952048,3853.1818407475794,576.802652452604,4483.324769219494,1156.4465139115252
2030-08-10 18:00:00,6393.579704601193,3903.0492472355154,617.9896488243126,4601.216352614969,1175.8338815336035
2030-08-10 19:00:00,6395.8023225452935,3946.637035341886,615.5318195035973,4618.203970613441,1167.7624599922265
2030-08-10 20:00:00,6259.106287791375,3862.247906176646,604.2896104024139,4531.02816195037,1167.6895582904708
2030-08-10 21:00:00,6078.763429869144,3666.413308216296,580.7246677501561,4393.451044260237,1112.1885138348443
2030-08-10 22:00:00,5924.885214280598,3411.0752807555536,519.1508456919603,4166.062841416683,994.504552563879
2030-08-10 23:00:00,5513.805961635952,3235.063896466092,480.2284371003477,3982.995903143847,876.024698959381
2030-08-11 00:00:00,4946.676491074569,3085.88271458193,447.1551476623892,3856.035463825409,788.4435782151137
2030-08-11 01:00:00,4930.01370702159,3007.310838393955,443.1676327992688,3908.320903778958,736.8008469558297
2030-08-11 02:00:00,4767.7619094661495,2937.216606976084,436.46421831203975,3766.919688056512,712.0382723041802
2030-08-11 03:00:00,4755.643003886476,2962.8758104197336,434.3332930099377,3787.41320109997,713.9402473180713
2030-08-11 04:00:00,4827.618315578534,3101.80687560057,443.5366962152654,3767.22522725541,726.1228152863414
2030-08-11 05:00:00,5049.202221274446,3344.0621398345297,474.46904760382415,3930.849206040014,763.6469446795621
2030-08-11 06:00:00,5171.512960014831,3515.4108433768533,512.8545129518791,4227.699528723671,885.6618289678167
2030-08-11 07:00:00,5411.137318400483,3617.2885078289446,520.8383347099272,4339.218788904387,1023.89547367686
2030-08-11 08:00:00,5909.606478114899,3489.5648953109608,530.7029612333348,4378.463120216128,1072.0619120042384
2030-08-11 09:00:00,5985.144580220497,3613.07459719644,520.861769624714,4278.277669096693,1089.419623183244
2030-08-11 10:00:00,6101.002840326813,3574.575130791529,534.982588514031,4286.22800478427,1095.2369246360345
2030-08-11 11:00:00,5870.366271626214,3487.876030273916,514.4284447700902,4240.282613374426,1091.1387608067475
2030-08-11 12:00:00,5788.982580568407,3431.816555956633,514.883771953779,4184.128499109958,1062.647630246032
2030-08-11 13:00:00,5920.991380994012,3457.311639242882,523.9245312960064,4171.697044914551,1031.2678047389154
2030-08-11 14:00:00,5910.0752469282925,3480.2505352776207,523.7132713791502,4204.099046435585,1033.2584696107351
2030-08-11 15:00:00,6015.789904536867,3588.348668341706,523.4377282843278,4279.510151585834,1039.0967191798538
2030-08-11 16:00:00,5996.650203572183,3666.4675698960623,544.859965207395,4274.06951413932,1085.6010885442176
2030-08-11 17:00:00,6055.87201681145,3765.1774969461394,587.3189246273628,4449.9383168767645,1134.7198182058785
2030-08-11 18:00:00,6188.049720529494,3770.566026596617,609.8410903802755,4567.92047990194,1187.1757598983925
2030-08-11 19:00:00,6215.471262086293,3835.690843331881,611.094924615635,4522.759800133499,1183.0201645221705
2030-08-11 20:00:00,6067.078907745136,3763.421923619574,596.219893234651,4582.610572241177,1147.600406432248
2030-08-11 21:00:00,5891.857409776398,3619.023820297212,586.5610460203076,4340.913434556128,1125.99422167144
2030-08-11 22:00:00,5610.642758385788,3358.8632689713527,528.663102886033,4189.721715245169,1000.5470163586684
2030-08-11 23:00:00,5280.701942823924,3148.8412109064134,473.907939112358,3958.29628130651,853.3355520901606
2030-08-12 00:00:00,5249.036092519097,3061.993505420068,456.3571748723252,3922.073788452652,777.2366316069023
2030-08-12 01:00:00,5050.187594692922,2995.729768310616,441.1149480500444,3873.85439397161,746.121308763994
2030-08-12 02:00:00,4977.683143055299,3071.438268801045,430.98827427646745,3842.071729648227,719.3736615347611
2030-08-12 03:00:00,4986.064126789148,3002.259828603016,432.4149830950056,3784.910204514089,717.1889636012934
2030-08-12 04:00:00,5058.016400083848,3131.77389214543,440.3974690979312,3784.870344338132,715.6806723766897
2030-08-12 05:00:00,5206.92176364107,3412.775594352034,479.4139246042831,3922.557409348265,758.6677393617747
2030-08-12 06:00:00,5357.916104101621,3527.41741185291,526.2405942066761,4248.087898890496,889.1522929275197
2030-08-12 07:00:00,5551.946470935141,3535.9003305946208,527.7715261066536,4274.345491944348,1029.1143502207246
2030-08-12 08:00:00,5945.031966577221,3673.790862017014,544.4547692696578,4299.654318737322,1070.4405183727904
2030-08-12 09:00:00,6119.933909764071,3597.4040354676536,518.566777199141,4345.138586881113,1103.1671517787945
2030-08-12 10:00:00,6211.722568442162,3629.310484924495,524.0479165172168,4397.246385021307,1102.766447596243
2030-08-12 11:00:00,6133.935176839524,3514.030230049771,510.6965482406504,4312.384290398593,1097.721688219478
2030-08-12 12:00:00,6160.999886998222,3476.8989228493083,518.4567988159702,4337.263685327886,1049.2677953345096
2030-08-12 13:00:00,6201.90929566094,3556.185456051431,520.3780926498553,4248.857552608296,1048.076245200558
2030-08-12 14:00:00,6154.167926027473,3531.489495313203,511.3824826585979,4164.034436314866,1050.2573492427564
2030-08-12 15:00:00,6199.113862389885,3637.328825771283,523.2876681996153,4262.530363312121,1062.0419494922337
2030-08-12 16:00:00,6327.988591652603,3649.007480951701,555.7872470182341,4299.425356983149,1083.6105882269912
2030-08-12 17:00:00,6389.16932639732,3832.051439356988,577.54360913326,4486.684405769593,1131.4700833309698
2030-08-12 18:00:00,6336.185663730206,3868.239130673785,607.9440497100048,4567.1955283839725,1187.8292120255771
2030-08-12 19:00:00,6269.393204260724,3918.040726808722,621.5487021134827,4555.870200099836,1170.617804360246
2030-08-12 20:00:00,6373.795843220044,3810.839581115187,606.9661795912322,4607.849712930125,1155.394321486895
2030-08-12 21:00:00,6273.412358146741,3656.6868528951422,571.894766965138,4401.085314302849,1125.9822863347044
2030-08-12 22:00:00,5954.698106054637,3384.2618906235384,519.4685836852606,4257.308131317063,1029.134974498683
2030-08-12 23:00:00,5483.465909590959,3142.609497979601,476.0547737612908,4123.448700956241,867.4008422896661
2030-08-13 00:00:00,5213.561554422161,3048.6570572118967,457.1515466849431,3982.000581247858,787.6009744075063
2030-08-13 01:00:00,5045.343862457509,3059.78444789628,442.5296964591528,3877.208621739531,750.4669939289435
2030-08-13 02:00:00,5017.550299853307,3002.787900476096,428.8058405388885,3858.042038424174,712.6573241495405
2030-08-13 03:00:00,5008.991910559893,3036.5355536306183,435.4738016243963,3817.766978774221,741.0849439001489
2030-08-13 04:00:00,5147.432820181653,3099.9641502293016,443.4609990604393,3905.3343941127214,745.1329286955697
2030-08-13 05:00:00,5232.984502416174,3402.304533025276,468.7329547788139,3996.8174526722505,769.678956200379
2030-08-13 06:00:00,5449.426369267249,3557.061340048338,530.533980320121,4228.509663047098,900.2622222163892
2030-08-13 07:00:00,5570.557307605071,3616.2066129825193,535.4273029024187,4289.959480342335,1034.3651178788937
2030-08-13 08:00:00,6041.044296118105,3638.5643627926074,535.0499865592459,4286.783126757775,1093.9910851818884
2030-08-13 09:00:00,6156.777966963103,3572.2167987790217,524.8155258500304,4344.552314240478,1096.899031938328
2030-08-13 10:00:00,6205.572294116425,3588.2546590944585,522.6942403674065,4259.0027004230815,1106.943676663508
2030-08-13 11:00:00,6129.601065478694,3534.8883242813736,528.9372919608494,4341.2800511676805,1080.554607775652
2030-08-13 12:00:00,6073.411995003521,3449.309526400139,510.48180956560674,4245.469408860264,1027.3680731581962
2030-08-13 13:00:00,6186.125619276042,3504.248230842309,523.3667918144959,4172.97222619477,1044.0202454921382
2030-08-13 14:00:00,6257.570014074919,3477.221534501768,517.17421213407,4219.289487301567,1042.8395903093449
2030-08-13 15:00:00,6186.776339060456,3511.4684901682954,528.1973253067858,4345.563595996691,1051.842535697519
2030-08-13 16:00:00,6232.033850892875,3746.617032448389,546.9687026064263,4322.250241917075,1083.5506325383142
2030-08-13 17:00:00,6516.580066533506,3770.613331524793,577.9990678628643,4482.2032669884975,1147.586794040573
2030-08-13 18:00:00,6548.774973860947,3885.785640141461,607.5497126756637,4602.198506238638,1161.4036002720115
2030-08-13 19:00:00,6309.479304818974,3962.092117092347,609.5212348663454,4577.976462136115,1178.9885943912286
2030-08-13 20:00:00,6367.138107590779,3860.9563868888217,609.5373474356214,4600.656705048137,1169.5797320579888
2030-08-13 21:00:00,6099.132293461347,3625.456624150042,576.236429939017,4419.219125422036,1121.3726691550942
2030-08-13 22:00:00,5917.785842419808,3505.015289030027,521.5312132230534,4217.628636984553,1007.8579115833542
2030-08-13 23:00:00,5427.968713200833,3224.8696011003403,480.2286567283059,4007.345204011296,873.0853764781535
2030-08-14 00:00:00,5357.351026818058,3084.02430257686,458.2769967452898,3910.1173213375287,789.7187125087571
2030-08-14 01:00:00,5213.28897722512,3067.619697569424,431.8268572366401,3838.050226187424,742.1550429197944
2030-08-14 02:00:00,5045.734554031658,3003.228952222674,424.9690416287689,3791.3478978835233,727.8077896294835
2030-08-14 03:00:00,5094.037010003493,3104.003617987947,435.650218927106,3818.592201601791,718.0777146684147
2030-08-14 04:00:00,5071.689065708506,3145.528947684594,447.8443664960163,3873.326810523745,734.4968159468211
2030-08-14 05:00:00,5252.497122974637,3400.542744700124,477.983737108461,3909.29654388832,770.3115457388055
2030-08-14 06:00:00,5335.082425643377,3607.4200691310193,524.9975513454037,4201.984508950543,902.3171199566114
2030-08-14 07:00:00,5697.874603879938,3592.349408732392,523.0227794529424,4300.617351227623,1047.7943109929572
2030-08-14 08:00:00,6031.1520158094245,3661.359427072467,532.1500127460358,4371.485323058996,1076.6298033978412
2030-08-14 09:00:00,6285.147489932087,3641.5564268419903,516.7501210889168,4289.089196263494,1104.8816512571802
2030-08-14 10:00:00,6384.502358724408,3580.3492888855085,519.1010061770656,4310.703179773004,1106.0217268114532
2030-08-14 11:00:00,6154.783657202372,3491.3263898759096,523.494810238425,4200.983124186722,1094.9811668888535
2030-08-14 12:00:00,6209.467159225566,3483.4743610865003,506.8097835945472,4252.827482770804,1053.2269302507948
2030-08-14 13:00:00,6124.209755529666,3449.308280028405,522.4366381547181,4326.366932202781,1042.6913900854138
2030-08-14 14:00:00,6237.865250796362,3564.682842545676,510.758270022912,4210.625945334341,1053.250437093655
2030-08-14 15:00:00,6219.53539251948,3596.9161450248835,520.2164822519014,4369.290405536121,1048.951843309539
2030-08-14 16:00:00,6365.618683718771,3750.5438294655537,555.9469239505185,4377.769004755951,1083.9431348043584
2030-08-14 17:00:00,6453.125042021709,3855.122931486291,584.7405713835273,4552.696774671535,1146.1411844123272
2030-08-14 18:00:00,6321.407853844636,3923.1207859960696,606.599139203369,4612.857969935743,1196.6317972721033
2030-08-14 19:00:00,6463.239071288527,3913.181652575432,624.2012591183562,4621.424006073476,1183.6670139453968
2030-08-14 20:00:00,6465.193439726628,3954.37069473448,612.1633658546448,4562.335839833252,1165.3783780803744
2030-08-14 21:00:00,6111.547053281577,3623.072144119994,573.7912933442884,4488.2687115210265,1130.3368093421716
2030-08-14 22:00:00,5954.131094158156,3427.0829154899748,516.031138050749,4199.947982136268,1016.5826957602568
2030-08-14 23:00:00,5469.68288881236,3181.808044566531,483.90796020291714,4042.251491417838,881.9836580773352
2030-08-15 00:00:00,5308.45474798045,3025.8235865467173,461.8790604204652,3950.8759292998,787.943691484682
2030-08-15 01:00:00,5133.976552817318,3055.6020619639485,430.457474453491,3936.664082135591,745.1250955272299
2030-08-15 02:00:00,5087.492370391068,3049.147376668085,428.3810638005008,3872.84468109548,728.7502946858353
2030-08-15 03:00:00,5100.280726286659,3101.1538644520365,443.32731452045465,3833.129905701093,718.0144125964549
2030-08-15 04:00:00,5086.681094158598,3115.574075858556,439.5023202823198,3870.294997386042,731.2845013454837
2030-08-15 05:00:00,5281.623338819603,3406.9098865029227,478.9358910638124,3984.006138112939,775.8802918752242
2030-08-15 06:00:00,5442.9825333375975,3596.059194357937,530.3772406061096,4227.549883899292,906.0683621485384
2030-08-15 07:00:00,5715.064789966679,3600.7488602402905,532.5763791870761,4233.442311966464,1054.639871755361
2030-08-15 08:00:00,6094.400376076449,3623.527781777644,531.389785115279,4365.589847816652,1089.9571156677514
2030-08-15 09:00:00,6265.447227048789,3674.596006081218,519.4863239402546,4343.88611031549,1106.463815285862
2030-08-15 10:00:00,6289.493440629805,3650.180343448068,513.7164704768503,4384.686017806368,1110.5219222830929
2030-08-15 11:00:00,6315.643753667828,3564.9081236149405,525.6866711624181,4277.667138782261,1112.0756810794917
2030-08-15 12:00:00,6226.000611650442,3504.7937406390006,508.756441577276,4135.036485768734,1058.8106230942549
2030-08-15 13:00:00,6149.571273519115,3543.5174013125534,518.8694922290989,4184.958112767492,1026.3704583031194
2030-08-15 14:00:00,6265.636325726381,3605.8302769024936,532.6458288669133,4182.875193393033,1052.0598871082304
2030-08-15 15:00:00,6186.461232996891,3535.527882503222,536.2694564397734,4286.32143193686,1041.3766875278836
2030-08-15 16:00:00,6362.808145787993,3697.5716754189775,543.0474196674155,4381.102674263332,1089.4493816152767
2030-08-15 17:00:00,6429.514322428308,3931.924654991181,585.8302076002396,4444.349147403563,1164.649559231036
2030-08-15 18:00:00,6366.630337115509,3876.079243965354,596.5143273022265,4604.738158106199,1164.7924856214
2030-08-15 19:00:00,6387.163640713849,3918.996317449768,611.3676959588213,4620.791034081909,1185.8862450418349
2030-08-15 20:00:00,6484.127268233905,3884.9987772316417,613.260651129137,4549.347874790907,1171.9740508576665
2030-08-15 21:00:00,6134.372836793803,3598.637585925705,570.5223911541821,4484.692669663053,1140.3239779424928
2030-08-15 22:00:00,5879.703228907558,3450.0679040535665,520.2283580949438,4173.019623588384,1024.7814830458906
2030-08-15 23:00:00,5464.251179024939,3265.9213911537267,486.1133919642365,4033.2244838160073,865.4531117121395
2030-08-16 00:00:00,5276.626501786637,3081.4953548663143,454.7455329020205,3918.491870470768,792.2734862795777
2030-08-16 01:00:00,5185.675083595104,3028.590154169596,443.4335405375129,3885.8835338076433,748.1460995791879
2030-08-16 02:00:00,5002.762532597812,3002.9599750680227,440.77893215423984,3839.822833107189,724.0334086843123
2030-08-16 03:00:00,5032.716678356054,3043.602376064846,439.3584208200113,3867.94355657484,723.8975618679602
2030-08-16 04:00:00,5088.037436775726,3104.951861930155,446.338306972404,3849.7234762167113,742.46413175087
2030-08-16 05:00:00,5187.269007850654,3407.1017936301487,484.58683101648006,4018.5191714387033,766.4533828554142
2030-08-16 06:00:00,5300.451060872558,3644.854130867624,524.3007233228975,4241.792107060412,913.6095791347956
2030-08-16 07:00:00,5638.6167615127215,3610.836280796467,533.4098481269943,4309.561382147464,1060.1312476032404
2030-08-16 08:00:00,5906.8080279669,3632.190290833529,526.5967831931115,4329.375780401807,1085.938715115634
2030-08-16 09:00:00,6149.490984665478,3546.779485199125,528.0586732911547,4367.068678220217,1112.721088656268
2030-08-16 10:00:00,6280.314125196775,3664.048066300533,523.50307338183,4388.325267686914,1086.5872469605797
2030-08-16 11:00:00,6179.3917756891215,3596.861686290611,524.6029739632503,4270.096863944746,1084.8656736319103
2030-08-16 12:00:00,6174.271770231578,3569.7244869851734,505.4885783417019,4127.3054242679445,1052.9330410131086
2030-08-16 13:00:00,6183.329160574048,3544.860048583549,521.8661122256406,4143.891819598236,1053.5816799798995
2030-08-16 14:00:00,6297.893225603967,3589.1837409251148,511.8801720012679,4233.379893538713,1047.8085933308214
2030-08-16 15:00:00,6323.384859369383,3576.8707081792954,522.8770302851382,4290.1742297850005,1059.0451037811542
2030-08-16 16:00:00,6279.606293514106,3722.0417079792505,549.6765310871305,4413.871951299144,1108.678297314077
2030-08-16 17:00:00,6411.520860865611,3908.695170443973,589.0642063221804,4518.285787168043,1145.1865811502928
2030-08-16 18:00:00,6484.688503050491,3969.2141846134537,604.1227086416843,4619.7796511257575,1167.3646994643689
2030-08-16 19:00:00,6414.610220902457,3922.7949314634175,617.0575023917658,4613.705580216819,1157.0047671309228
2030-08-16 20:00:00,6437.860631865387,3876.220692867838,603.3961343482214,4608.784395110224,1181.9871306776708
2030-08-16 21:00:00,6291.887468589918,3744.85185084211,572.5086415883318,4340.322501084779,1137.258357322138
2030-08-16 22:00:00,5826.384964274924,3485.797456248314,519.2829941595253,4218.728235314182,1025.5490528865926
2030-08-16 23:00:00,5489.402644742491,3219.4432823251145,486.4835240956693,4023.079043076543,873.1110094715488
2030-08-17 00:00:00,5160.455340560618,3137.3614199473936,451.085933876828,3854.50492811858,794.0012848046064
2030-08-17 01:00:00,5091.587512841662,3062.036545941048,437.9070443670452,3875.5078911277383,733.3490479070911
2030-08-17 02:00:00,5112.256619748294,2985.2724291975323,436.7372881127606,3822.790267086551,718.4519426397877
2030-08-17 03:00:00,4982.391819193411,3020.957173139549,439.6552477688791,3814.862323699365,717.9470344998545
2030-08-17 04:00:00,4974.363641714813,3150.8305779057205,442.3787171476175,3900.7951711450983,727.5063034066633
2030-08-17 05:00:00,5224.717631493309,3438.609036427237,487.43159328669736,4006.198354691757,771.8036493861309
2030-08-17 06:00:00,5404.551106010575,3578.205708264054,523.3971192614455,4209.316703278442,893.5543870120359
2030-08-17 07:00:00,5501.032065293243,3540.768153597974,527.9718660514062,4283.090813134645,1052.581917731378
2030-08-17 08:00:00,5924.474458223906,3616.4705663775294,525.4916566229341,4310.566355216292,1087.918336432883
2030-08-17 09:00:00,6156.669077768943,3704.120901670528,526.4475278728315,4282.006871871152,1090.3973474272852
2030-08-17 10:00:00,6155.0304961036645,3662.556713514213,529.8388798933728,4349.017009457574,1111.518656504706
2030-08-17 11:00:00,6149.174690109947,3523.8633518132247,526.4093237877031,4133.930662351195,1087.784747312034
2030-08-17 12:00:00,5976.845190646794,3457.6042265921137,520.725254390587,4136.883962188034,1045.576175227077
2030-08-17 13:00:00,6102.967147197348,3517.569591857071,518.7597269352102,4248.551896878301,1036.084691412142
2030-08-17 14:00:00,6102.309303362296,3509.540952843467,516.5016870785615,4214.2666127703,1038.3114003190217
2030-08-17 15:00:00,6254.280008067194,3588.755902236455,529.6089312736561,4286.885965326151,1041.3589773833037
2030-08-17 16:00:00,6311.274078067134,3682.7447639503575,546.0806016339988,4347.139961247807,1087.5986342503911
2030-08-17 17:00:00,6360.360593651244,3818.230946223433,586.7977202085334,4457.445685482541,1138.3510308635475
2030-08-17 18:00:00,6437.161688821589,3907.770931558887,593.1091635832547,4551.332862648579,1158.3346637647055
2030-08-17 19:00:00,6359.178307957363,3990.737340851744,629.4531934899563,4687.667304040368,1162.7693937192157
2030-08-17 20:00:00,6296.100103495346,3790.158364228908,613.0587206284566,4631.532296147299,1183.278899146603
2030-08-17 21:00:00,6141.4103361413545,3694.57308499341,576.4162929186994,4409.756713884955,1139.5826796280217
2030-08-17 22:00:00,5918.280011610854,3421.1484788528837,516.1570683077144,4173.370575069351,1012.4403465775928
2030-08-17 23:00:00,5373.439196991981,3184.0280373244923,482.8768612945988,4019.7201047753297,877.0755606775549
2030-08-18 00:00:00,5053.960446446386,3071.143283126007,447.1339804791208,3842.058173382979,783.2105636672879
2030-08-18 01:00:00,4917.620415874275,2953.643805536285,440.1821596845797,3854.24737664402,740.1122987554044
2030-08-18 02:00:00,4854.537367254208,2996.1418777910258,431.7674259247002,3877.7423157636927,727.1112713880547
2030-08-18 03:00:00,4767.745893420255,2965.698520649243,436.3775649951325,3862.497542207076,722.2627683129822
2030-08-18 04:00:00,4831.962576068864,3118.566445478072,448.028712045465,3915.014800927795,714.5719535546224
2030-08-18 05:00:00,4975.691443706159,3329.652752240702,477.2996745705068,4002.500397568405,769.0856592112549
2030-08-18 06:00:00,5186.934721530079,3523.8243900229227,527.0094313176544,4162.41989326577,870.5155792803827
2030-08-18 07:00:00,5496.5162003487785,3527.7058714759573,536.3172753959873,4257.950956876916,1034.2095294702592
2030-08-18 08:00:00,5676.234537366463,3579.72036201852,528.102159191075,4303.542398779434,1086.6088576348195
2030-08-18 09:00:00,6008.227141541394,3590.505970665949,519.8897470154562,4325.184621791379,1083.567501788064
2030-08-18 10:00:00,6005.42798942862,3594.267345294212,519.1625264677411,4248.505473326689,1104.3909219645186
2030-08-18 11:00:00,5999.009803589109,3476.342280481507,519.3649409455442,4226.348114815814,1092.901190278604
2030-08-18 12:00:00,5857.551416400203,3448.2047045723257,512.9051449774612,4227.570023499085,1032.4824590590651
2030-08-18 13:00:00,5894.956573050165,3493.7332784483256,516.1561739070994,4243.754537400989,1033.4753910271108
2030-08-18 14:00:00,5973.231807693806,3412.513949010291,523.6088593017599,4220.888214314629,1028.892275148453
2030-08-18 15:00:00,5987.505462325825,3541.292836901964,526.0762173744453,4250.279297472694,1049.6709006524247
2030-08-18 16:00:00,6067.459637899811,3678.0117107566384,547.1192050205128,4246.469243949775,1078.9897948777636
2030-08-18 17:00:00,6216.103615958515,3765.2144604613927,574.9313563248847,4352.376539901892,1147.773694969351
2030-08-18 18:00:00,5991.316567846274,3882.187019602664,605.6497323381071,4505.910635432245,1159.1210112050885
2030-08-18 19:00:00,6120.790362012393,3900.004119424086,632.0591340301585,4579.740973251919,1165.9648040763868
2030-08-18 20:00:00,6156.737402097498,3877.150691923349,610.6020341876663,4582.299000410211,1158.703392444983
2030-08-18 21:00:00,5958.773203843276,3618.173651352468,583.4138186982573,4392.716835294362,1090.9624165637292
2030-08-18 22:00:00,5631.370888631037,3341.231021831928,522.5658169458667,4202.683959700382,999.3717891633312
2030-08-18 23:00:00,5179.628964248359,3175.4988975959213,481.2233724578722,4022.0808327067984,873.4290695771413
2030-08-19 00:00:00,5212.137823967576,3104.8033912329247,460.7420761225322,3903.608196575657,792.2766712861352
2030-08-19 01:00:00,5107.30178621092,2998.694457851611,439.4803115516572,3858.426672061453,746.2727195113202
2030-08-19 02:00:00,4957.318224031179,2978.5744460318742,438.23233969913264,3842.8022703961856,732.012348083101
2030-08-19 03:00:00,4994.0557374296,3040.3418931592355,435.7888284244272,3843.417853833613,729.1001113876325
2030-08-19 04:00:00,5024.317437972671,3166.5021348339924,434.2035112441394,3815.011741167089,724.0143732885714
2030-08-19 05:00:00,5159.752037562024,3374.1577260634062,475.5483519264004,3992.5104224627394,767.2042744186156
2030-08-19 06:00:00,5290.0728607242245,3534.189467659021,530.5295096390873,4247.857915921981,894.4351723561906
2030-08-19 07:00:00,5647.772178489109,3529.858543471178,522.7131986122239,4255.892652608463,1030.9798651824633
2030-08-19 08:00:00,6013.818451051117,3651.521989268654,531.3450591193258,4322.928360935826,1081.992110921291
2030-08-19 09:00:00,6151.570774801938,3666.179264689884,519.820361017736,4299.894674120042,1080.7652061708925
2030-08-19 10:00:00,6173.5059584233,3696.750416026915,515.4290232671702,4354.839298777382,1096.8295675415343
2030-08-19 11:00:00,6159.182204977229,3573.336384211681,513.1838751796502,4223.310949813304,1075.4378062584824
2030-08-19 12:00:00,6168.487521579142,3456.7850845311195,514.090110173393,4199.50835229823,1049.4058888176908
2030-08-19 13:00:00,6167.717460523814,3509.6359557520627,523.552882452355,4284.469698877967,1021.719932155969
2030-08-19 14:00:00,6231.638498635576,3488.083981641711,520.6220899553193,4185.867932785456,1030.1771768280853
2030-08-19 15:00:00,6140.408012363045,3629.792098673992,522.378091741285,4205.884893402468,1057.9721243769325
2030-08-19 16:00:00,6204.679413977272,3712.7752161170406,535.5564539187174,4348.508651807484,1101.57364552033
2030-08-19 17:00:00,6422.686900883665,3859.0628778428086,582.5865425460636,4535.571676026341,1138.783803538365
2030-08-19 18:00:00,6294.424259356361,3920.7974776555134,613.4427282602617,4570.135167319513,1182.7140011597508
2030-08-19 19:00:00,6307.664402580693,3947.0478899771815,624.4415547722369,4573.75436420944,1185.6840895052842
2030-08-19 20:00:00,6194.109119418845,3928.450601930188,618.9749201923266,4586.786660936626,1159.336634921429
2030-08-19 21:00:00,6212.4953370984085,3641.699586429634,580.0291048651233,4499.532996424545,1136.5379259569274
2030-08-19 22:00:00,5864.525877616773,3456.4512477649487,522.044078399261,4241.286580369063,1021.5993547840974
2030-08-19 23:00:00,5436.170416781,3177.097079927699,475.90560573926143,4095.394920582745,876.319955128265
2030-08-20 00:00:00,5222.120992894059,3150.2762683937635,453.3798272695219,3888.568963657381,776.2379576149887
2030-08-20 01:00:00,5124.65941785939,3039.3919950508266,436.88762403484907,3872.0492965797794,725.514028008565
2030-08-20 02:00:00,5028.465460732201,3039.469487673541,429.2748750409279,3886.217228846522,726.7104184978377
2030-08-20 03:00:00,4911.923339750632,3015.6575440626807,441.7293638231389,3922.256531954437,716.8479847981316
2030-08-20 04:00:00,5019.147886196985,3141.0005021117354,437.2646780896164,3882.0031558438345,737.070914754744
2030-08-20 05:00:00,5207.963434410422,3357.5594776782405,480.0250172037884,3955.878494505403,782.7783524219641
2030-08-20 06:00:00,5331.424558969471,3607.4222493285697,524.3930243402062,4250.698401044066,909.2758124424286
2030-08-20 07:00:00,5657.111142116765,3546.67525076541,530.8970467056813,4252.780656664208,1047.0921521120815
2030-08-20 08:00:00,6049.340181526913,3621.4536422967385,528.7045934163498,4259.207129277263,1104.6054206618885
2030-08-20 09:00:00,6165.963786719426,3626.9528288175575,521.0533806279585,4367.997671519521,1118.0644478701213
2030-08-20 10:00:00,6300.788604757241,3652.434708536344,518.993332188385,4350.832471560509,1109.394658530426
2030-08-20 11:00:00,6190.965941020428,3604.976887912055,522.9866052948686,4280.648977779541,1086.3714265702563
2030-08-20 12:00:00,6110.085165349211,3429.217186397825,519.6893668607078,4212.394265406845,1064.2753645961343
2030-08-20 13:00:00,6210.485461692825,3498.5420038600446,520.0824310920494,4188.503043731097,1058.3914441849251
2030-08-20 14:00:00,6247.524983733632,3496.890291727816,518.2196439185519,4291.884674666173,1046.2298111414048
2030-08-20 15:00:00,6173.514580348089,3580.494211719429,520.1109496949258,4204.932674687066,1050.3417080427553
2030-08-20 16:00:00,6239.942368376489,3693.333102769542,545.46924455298,4290.550902946847,1068.8400416427014
2030-08-20 17:00:00,6308.952972293116,3870.681700429083,580.9624945520866,4496.70862636826,1155.8716789854589
2030-08-20 18:00:00,6431.026605576037,3949.364585858965,606.2535050798675,4600.715275197603,1172.348883977478
2030-08-20 19:00:00,6452.530588541013,3971.1216060076767,624.1097000689607,4566.334540784957,1177.657497101058
2030-08-20 20:00:00,6457.864934563765,3821.537285310188,613.1418236659374,4607.230649781916,1165.2505994225298
2030-08-20 21:00:00,6173.785095044481,3716.469685840431,571.0683623976995,4472.1033931805205,1132.4413442073626
2030-08-20 22:00:00,5870.458212379002,3433.5404961494314,516.70316063844,4195.563474356553,1022.9207777799136
2030-08-20 23:00:00,5484.340534690705,3196.6161754499008,482.0642938049016,3966.555726991596,878.5589054956018
2030-08-21 00:00:00,5191.494435262718,3159.214802475437,451.413892262344,3875.905544301628,804.1463685854438
2030-08-21 01:00:00,5094.688086944618,3070.385676251909,439.3299683491516,3904.198326502542,735.5756517933006
2030-08-21 02:00:00,5110.602054463003,2946.181302442452,435.02391482874657,3906.4676419890175,728.944152326389
2030-08-21 03:00:00,5071.03594814424,3025.590217931876,438.3200086981442,3829.2681504886887,724.7776590516778
2030-08-21 04:00:00,5046.675662047458,3158.247611186828,448.78494244587097,3903.918244144292,735.498063076665
2030-08-21 05:00:00,5226.615984884896,3348.550752405936,474.4726438045259,4011.3587839129686,776.712726409772
2030-08-21 06:00:00,5303.174335627322,3501.2062235162025,529.6274350947252,4209.207209323192,900.0695663090445
2030-08-21 07:00:00,5648.281576493907,3654.886032825742,527.4214368304487,4269.734749617608,1064.3561620272696
2030-08-21 08:00:00,6094.342314782351,3649.488021701601,526.4169418214558,4356.01140041781,1126.8315431266333
2030-08-21 09:00:00,6171.14109695266,3654.6507889782656,528.4227651639163,4396.282017147471,1107.8244661710664
2030-08-21 10:00:00,6241.516545231815,3672.748151135143,523.0795905756073,4325.237568804821,1113.819940068821
2030-08-21 11:00:00,6283.85209092845,3461.3588260814795,530.0529924103877,4294.124321957121,1110.333616324902
2030-08-21 12:00:00,6107.35695721863,3454.808366723824,517.5832539487714,4260.169894875834,1071.8387824679023
2030-08-21 13:00:00,6195.76159804811,3587.0187479260867,512.9349145854749,4185.996118153095,1049.3080447530929
2030-08-21 14:00:00,6282.608605270767,3465.698490624511,509.0792003980082,4273.868689804549,1041.727844500351
2030-08-21 15:00:00,6298.233269842728,3589.581099527384,530.339174243882,4302.663905176114,1051.3932219155956
2030-08-21 16:00:00,6336.525318575175,3693.578937952329,543.1459595296054,4409.559006225863,1098.759971955864
2030-08-21 17:00:00,6493.083184232044,3836.0222357107527,574.4575365638809,4526.185846507646,1151.0334836732998
2030-08-21 18:00:00,6274.242374677003,3896.616262988096,601.3748053274874,4596.316963420529,1183.6521470844327
2030-08-21 19:00:00,6379.046382486728,3955.0534631563874,618.2508914197338,4598.104094342874,1206.5057339595148
2030-08-21 20:00:00,6546.4830386611775,3851.9978163376,619.9561096826237,4561.253806698678,1199.5027501185823
2030-08-21 21:00:00,6278.771865045544,3638.007304578728,581.2171830141026,4431.18909745256,1134.811838409095
2030-08-21 22:00:00,5750.980389858946,3412.676858586392,519.0449512873279,4180.250864078108,1046.041560514468
2030-08-21 23:00:00,5579.36904715687,3189.1868943203613,483.1061432602664,4070.644571292534,872.3812584988569
2030-08-22 00:00:00,5106.355788728065,3210.823958424314,454.0158018039821,3956.678148755056,803.7384822225158
2030-08-22 01:00:00,5163.3044775955705,3013.684721798565,441.9018571997971,3893.842975253862,751.8789357455651
2030-08-22 02:00:00,5087.605614500087,2996.3753120489014,447.9402905156024,3834.7270592647446,734.2641425991342
2030-08-22 03:00:00,4968.376702379982,3005.847058179394,442.9071695903295,3872.494163208986,717.236457879506
2030-08-22 04:00:00,5153.050457627443,3178.527458448684,449.23447252035504,3919.668479294546,733.7915805568392
2030-08-22 05:00:00,5254.941575341137,3423.930756564301,484.4468001179886,4111.690497063901,774.3738319900267
2030-08-22 06:00:00,5473.903863087908,3629.234332326443,523.0902425536004,4206.5095953054615,904.2929092311688
2030-08-22 07:00:00,5677.466989879094,3601.799613779823,530.135163406658,4343.479527451136,1057.1011260631942
2030-08-22 08:00:00,6080.899259938011,3607.895568024427,529.4957208436399,4367.519198461539,1107.7052649731886
2030-08-22 09:00:00,6294.401471865631,3612.890320554669,526.8109172518416,4313.676866619144,1096.7254779987825
2030-08-22 10:00:00,6372.876748012899,3600.3192593808694,510.5155734263159,4362.978981689488,1115.3293668514375
2030-08-22 11:00:00,6277.584615623898,3521.408348906802,522.2109656592555,4291.760526718127,1111.9523429426054
2030-08-22 12:00:00,6159.531120804906,3482.7933388789465,509.37853544554247,4292.845249590007,1056.350549746622
2030-08-22 13:00:00,6194.960229381612,3504.412378435359,523.8166290612423,4279.80662558748,1031.1246739529297
2030-08-22 14:00:00,6342.2440348657765,3494.5353501066684,521.5934250011662,4255.809971888728,1039.5173680183038
2030-08-22 15:00:00,6320.96454476428,3622.1488451153286,529.8660053671471,4343.398402925327,1061.4838678783854
2030-08-22 16:00:00,6391.154411460284,3773.8793762860287,546.3030887580632,4402.929307953163,1097.7101082352403
2030-08-22 17:00:00,6447.6427400570765,3865.937760872949,580.8567712506756,4573.047988409721,1147.3046681177468
2030-08-22 18:00:00,6473.387996435551,3972.9485289371833,618.4822259699771,4618.56373690984,1178.908453448057
2030-08-22 19:00:00,6510.079205441538,3958.4711907781143,617.9001287727615,4523.749320473045,1194.997712816542
2030-08-22 20:00:00,6532.399912198711,3834.618335697785,625.2875799100678,4553.424104850008,1194.383099006609
2030-08-22 21:00:00,6228.413116460579,3644.024967709469,573.1090117214827,4411.938176789345,1145.7855948595602
2030-08-22 22:00:00,5872.6976705089455,3488.2298883377666,529.5873705284434,4242.877746825179,1045.4568489612925
2030-08-22 23:00:00,5645.381461822939,3210.9506263021867,478.72910217360896,4069.732370424175,859.8444418630758
2030-08-23 00:00:00,5354.099752276158,3067.973438695388,450.3014430561718,3928.1841440514977,802.1843568171311
2030-08-23 01:00:00,5198.6062628827285,3027.379171950904,441.22841139584045,3853.8174651144745,752.5381833756364
2030-08-23 02:00:00,5102.6984962841,3054.266199655646,434.4877257690943,3828.041714736513,723.0450982627684
2030-08-23 03:00:00,5105.572160292078,3061.663842290384,435.2139217658086,3851.8754946949816,719.8189744196383
2030-08-23 04:00:00,5157.350455365615,3140.417853395655,445.7909716148255,3895.7007386897226,737.6421713815065
2030-08-23 05:00:00,5217.028843342731,3461.3036874140903,490.0890185818012,4026.188155154746,756.9614439546198
2030-08-23 06:00:00,5388.643849488698,3608.7779069148887,530.3665559132539,4267.247058096384,905.249513831196
2030-08-23 07:00:00,5709.561905009899,3544.2334723637514,539.3913935566322,4316.833986201331,1050.2514103839123
2030-08-23 08:00:00,6045.297259574043,3702.3511915955855,529.360951067984,4370.657377755352,1088.702222476673
2030-08-23 09:00:00,6282.023590561275,3615.132045247058,532.3290564091149,4398.9159541195495,1097.306784509517
2030-08-23 10:00:00,6300.9614223745175,3607.5982762566096,519.7751163568312,4308.939484886565,1108.478720764673
2030-08-23 11:00:00,6307.271544488349,3456.348482556153,525.3965694069306,4290.246380680521,1114.916441428753
2030-08-23 12:00:00,6238.103304932515,3506.8675644894915,512.3618963018075,4216.563011262523,1059.001003386394
2030-08-23 13:00:00,6132.918778052354,3523.852834056343,518.5310329176187,4142.890584140047,1046.4499370711928
2030-08-23 14:00:00,6212.989971211272,3610.192837612164,524.8499103234161,4202.104950497,1032.0539412011983
2030-08-23 15:00:00,6337.425473518798,3540.246457601301,534.2141095081383,4333.710301566323,1068.2359744645785
2030-08-23 16:00:00,6224.863644258234,3774.684207318752,558.7558170137643,4357.71348115018,1094.8701006445615
2030-08-23 17:00:00,6551.613173947096,3859.934492287633,593.7507421206936,4484.87123958808,1165.9429750994634
2030-08-23 18:00:00,6396.103052282214,3939.8217877736215,604.8713098277257,4612.496971241273,1175.2720185059152
2030-08-23 19:00:00,6476.776072101504,3911.7468832944464,626.590266108365,4588.901764420012,1190.6764493827436
2030-08-23 20:00:00,6459.9736301309085,3814.477997608021,614.3068246689248,4600.317229860309,1184.0538723581476
2030-08-23 21:00:00,6297.779347455397,3664.042730297868,575.2872045473337,4521.706818713597,1135.5646872340426
2030-08-23 22:00:00,5943.96027811537,3447.0131148036485,523.7920193128238,4233.9119707137625,1042.0719150243317
2030-08-23 23:00:00,5570.916272180328,3224.0546598020364,482.0968825614895,3979.609981696384,877.797673150779
2030-08-24 00:00:00,5162.300313440651,3160.933705462682,453.0947784876717,3873.987136101636,780.368125501815
2030-08-24 01:00:00,5063.399755291258,3054.899522921185,441.9793695169872,3836.792073968392,737.2485592529541
2030-08-24 02:00:00,5043.828198184275,3000.404623043048,439.8185088250693,3799.984883560405,732.3523609148737
2030-08-24 03:00:00,4953.907959430492,3031.7270078123283,434.5998809803358,3870.960864734303,721.9116349858425
2030-08-24 04:00:00,5025.820185144392,3106.584756773084,447.2534370967587,3872.8681176215023,728.9512851107582
2030-08-24 05:00:00,5103.035599580672,3428.182932930812,479.73568093355607,3980.99938930396,770.3462023033878
2030-08-24 06:00:00,5393.193814894929,3578.2919814369484,520.8716856255184,4149.371951704014,914.3463810288868
2030-08-24 07:00:00,5611.686238178157,3534.5654874617,527.1821530083784,4257.579760965059,1043.8347322894667
2030-08-24 08:00:00,5957.424310115622,3589.660317666882,542.0097012176948,4290.953201473269,1093.8286517511683
2030-08-24 09:00:00,6156.888064997901,3555.982669806266,522.2188678399423,4356.007415462685,1086.4144023769898
2030-08-24 10:00:00,6137.466309078731,3612.15358135805,528.2291249379476,4333.199635396947,1096.4993295345184
2030-08-24 11:00:00,6056.939822344038,3555.11599925921,527.6372571499046,4219.21670115062,1078.2471408850631
2030-08-24 12:00:00,6059.890922699413,3484.3228736385126,515.1573503835021,4165.18930353836,1062.4644822103094
2030-08-24 13:00:00,6125.730989668656,3488.053102187162,517.982146382862,4268.447685917314,1023.096183094817
2030-08-24 14:00:00,6155.730862786651,3558.8129687594133,523.1840166313067,4215.03777457326,1045.254922412165
2030-08-24 15:00:00,6196.759546661466,3572.49082040807,527.2621015076664,4235.713186696644,1053.7870341210148
2030-08-24 16:00:00,6282.6836575548605,3711.8549905007126,553.4468252809265,4355.04421597612,1098.1927876188302
2030-08-24 17:00:00,6474.591830862908,3816.2345898671183,580.0178342902572,4514.353751074996,1137.4063139540074
2030-08-24 18:00:00,6460.805583343036,3808.2893764187297,601.427247043048,4533.66657360938,1182.7828968178055
2030-08-24 19:00:00,6410.76805253519,3963.2623866675503,623.7480752265345,4620.723635200839,1199.2803270362274
2030-08-24 20:00:00,6289.216029539644,3864.291064362868,616.5881674612641,4528.658624139544,1187.4736415688565
2030-08-24 21:00:00,6114.614622465806,3619.139499587042,583.6312805819736,4425.299725305368,1122.1551600171974
2030-08-24 22:00:00,5811.504157316635,3409.8558952893004,529.4941975321086,4211.973808313843,1012.9826260450376
2030-08-24 23:00:00,5429.139700647145,3268.154279196534,485.3691738830356,4098.403064881499,882.709599314805
2030-08-25 00:00:00,5026.287519440003,3063.349693241048,452.8770433012941,3876.3503119488487,770.1400135057972
2030-08-25 01:00:00,4860.694938977555,2991.560536232986,443.84023281735807,3904.446136914399,742.2569128953145
2030-08-25 02:00:00,4901.5501483632615,2995.447830305576,437.63451307147255,3831.35470968252,732.0979535331523
2030-08-25 03:00:00,4720.707350847813,3035.537639183466,429.35762434730657,3816.2871303768784,708.0440804007154
2030-08-25 04:00:00,4842.303249227928,3087.60235389545,445.3814069977868,3865.023909616168,731.9676014403594
2030-08-25 05:00:00,5073.538900567788,3271.799685827724,478.9501630021571,3962.817076149855,757.4622000672449
2030-08-25 06:00:00,5101.022275996066,3527.9839138942884,523.0743335482164,4245.287920102015,885.5911287227376
2030-08-25 07:00:00,5453.697405116626,3528.8885390698306,532.2364957054649,4300.630684287642,1032.1238710126536
2030-08-25 08:00:00,5769.562784227251,3492.0574958909347,531.5465152951032,4317.948464385383,1079.4032218767072
2030-08-25 09:00:00,6018.497342996331,3525.5122113746934,519.0274776892687,4261.816804953191,1101.7124954988024
2030-08-25 10:00:00,5954.181901491845,3547.175893064724,530.5353742224248,4319.37296689434,1107.3629972713725
2030-08-25 11:00:00,5942.956099337934,3492.7120977516897,517.1927244882118,4300.948898331008,1095.3554766276975
2030-08-25 12:00:00,5802.077239103792,3447.273143416244,512.2317502162896,4257.639345970736,1046.6774692316228
2030-08-25 13:00:00,5875.831365054074,3490.9046099143684,522.760205736423,4229.61013581995,1028.8660096920837
2030-08-25 14:00:00,5994.949278454311,3457.9728835207297,526.0935530595056,4289.106067917082,1055.499292915886
2030-08-25 15:00:00,5985.347374479908,3542.9169875643333,534.0358780168114,4264.3949803688165,1031.9461972904137
2030-08-25 16:00:00,6050.407158002473,3638.932069562199,539.5920848714185,4263.545918038202,1077.2501816895
2030-08-25 17:00:00,6157.3422133341855,3808.775831195702,576.5297803447828,4445.061829916811,1129.5529215136496
2030-08-25 18:00:00,6189.275222441329,3860.4498020747487,609.6199214642926,4529.097390415488,1196.4303577493629
2030-08-25 19:00:00,6201.842927557406,3862.175959941365,615.6175566481206,4547.324922895795,1178.394650630386
2030-08-25 20:00:00,6115.28057839151,3762.777510031121,610.2257380762728,4546.979450027131,1167.131513049967
2030-08-25 21:00:00,6018.402280077055,3662.868360740504,582.6302425352617,4351.907752232504,1126.4909333407857
2030-08-25 22:00:00,5615.575937428263,3368.57926724487,525.2728043094689,4277.508023830948,1031.0236763350292
2030-08-25 23:00:00,5241.460618153912,3194.6687840128984,487.7192749017167,4033.401348721134,860.8914801078463
2030-08-26 00:00:00,5238.50780348934,3105.626548659279,452.4595166533543,3895.394994448296,795.6824464823529
2030-08-26 01:00:00,5148.272082197739,2985.164140172681,444.7622445365045,3846.708430128805,755.0465535498237
2030-08-26 02:00:00,4939.804983090126,2979.4166168443166,440.84221591507855,3859.3146464382335,725.112398292449
2030-08-26 03:00:00,4958.496537264975,3125.061309859036,424.5549023992529,3779.280085964917,722.4766886814008
2030-08-26 04:00:00,5073.503049501942,3156.1508920679958,440.1904027631314,3879.091849305904,730.253347450416
2030-08-26 05:00:00,5209.212795228019,3334.660616644512,478.3086031886799,4080.669494550591,758.908291695925
2030-08-26 06:00:00,5412.711363599354,3590.2777326219502,521.8497477445428,4230.827171102074,895.2577657549785
2030-08-26 07:00:00,5526.564597133368,3551.719538127957,526.099720285472,4253.243786208601,1028.494471442167
2030-08-26 08:00:00,5992.085966794707,3607.68537721609,538.7974062083499,4338.369237589121,1087.907618460389
2030-08-26 09:00:00,6218.162018897381,3646.628472602744,521.0875407891355,4363.659921413162,1114.9618445195383
2030-08-26 10:00:00,6292.453328986801,3559.514168538557,525.9498393728741,4352.784907023099,1117.7382972175158
2030-08-26 11:00:00,6098.506852911592,3497.3406378929994,513.3578302776043,4202.339578799564,1099.5289108144514
2030-08-26 12:00:00,6113.320998159833,3498.471945051905,515.1933404160209,4209.447571554821,1060.565457905867
2030-08-26 13:00:00,6143.332081241734,3499.4107666311056,516.8262279831646,4274.892411312416,1031.7681939895758
2030-08-26 14:00:00,6135.663450055999,3469.6726386235773,519.6346715028124,4205.086487903954,1037.740089660383
2030-08-26 15:00:00,6209.131613238302,3536.1865976615936,523.6973154626687,4380.778660476659,1051.3759501409916
2030-08-26 16:00:00,6263.557782038155,3668.6240087707465,543.7066722130596,4356.68825928519,1088.8165506332589
2030-08-26 17:00:00,6400.157614021609,3722.5213418010326,576.5658274409946,4513.010452569201,1143.6823018126286
2030-08-26 18:00:00,6341.655907874683,3809.250554505084,610.4329117746146,4572.177092623578,1187.9420744316342
2030-08-26 19:00:00,6485.032548426262,3969.9661827432647,621.5928598443579,4585.141216537795,1182.8091764746614
2030-08-26 20:00:00,6298.581393108407,3864.943779419948,600.388798362753,4485.828246830343,1188.7211946235104
2030-08-26 21:00:00,6399.928758364718,3656.9334556330673,584.8079445990616,4392.601858204805,1123.5458709868603
2030-08-26 22:00:00,5940.9980983577625,3386.6963146544767,521.7912254247863,4181.211196671533,998.9901481177084
2030-08-26 23:00:00,5454.525979474206,3202.166807170714,473.79739777276455,4038.4484540347858,856.4826075259745
2030-08-27 00:00:00,5189.43975142305,3060.0284582826184,448.9053866663944,3943.14952312643,790.4400208122023
2030-08-27 01:00:00,5191.024717729131,3045.032237542117,440.5068820016813,3825.890531583972,733.9323256436932
2030-08-27 02:00:00,5051.631804528543,3006.4467617065743,440.9117090429832,3804.9903224621457,727.9191976199425
2030-08-27 03:00:00,5009.373720842057,3051.7949134811183,442.6151203953366,3910.843330833516,728.4355553798724
2030-08-27 04:00:00,5078.691550437948,3149.3599489726425,439.41469949694863,3858.865335167116,721.7181463750345
2030-08-27 05:00:00,5113.1021899125,3392.185231390507,474.6040966489125,4001.4951857684982,773.2026329610559
2030-08-27 06:00:00,5439.648344576331,3603.1775246621846,519.5957891191473,4174.372025851143,907.862144562082
2030-08-27 07:00:00,5765.96779737198,3625.152546679122,538.0972664084688,4374.202863910867,1035.4219612541765
2030-08-27 08:00:00,6080.097843150763,3622.178104888356,533.6797411499596,4341.496677748617,1085.4363616300525
2030-08-27 09:00:00,6151.820740179775,3627.121891730169,514.1556816977376,4375.965385609928,1117.672178347267
2030-08-27 10:00:00,6347.505921523337,3617.9759731388936,528.5223598161076,4276.3603803323695,1086.297142475875
2030-08-27 11:00:00,6259.099873139901,3586.76363666855,519.9521935451079,4207.695604681526,1089.9416127301415
2030-08-27 12:00:00,6152.687524397359,3433.5805783546807,512.5814004333173,4227.713696420212,1057.5491534325772
2030-08-27 13:00:00,6270.542023037655,3501.409879257259,520.0654086989734,4263.0406966295495,1029.31819055475
2030-08-27 14:00:00,6287.409982111326,3501.6813809069354,527.3996795177684,4145.858129918292,1041.8137001633718
2030-08-27 15:00:00,6247.719168866156,3599.6615808799943,516.5071399010078,4303.205301798917,1060.2294957095658
2030-08-27 16:00:00,6313.617870942703,3731.959998758324,548.9277961549524,4335.261068383819,1086.4029305891647
2030-08-27 17:00:00,6417.328975701137,3834.148744527552,588.8093019050079,4493.8173927040325,1138.3987201433738
2030-08-27 18:00:00,6437.951928167287,3925.9329218512594,604.3978151102272,4569.202566764555,1195.3291869002896
2030-08-27 19:00:00,6458.533360672248,3945.2575447210384,621.3400584643163,4610.030336980573,1180.4605347703746
2030-08-27 20:00:00,6362.968611514166,3852.410973470112,620.1158452859884,4593.098385775454,1172.8483795607451
2030-08-27 21:00:00,6273.652710738004,3670.161556805429,570.8610543738768,4421.551757292743,1136.2126809012652
2030-08-27 22:00:00,5924.505049462435,3462.966284481561,520.6884487360995,4293.152107017106,1017.3227933246992
2030-08-27 23:00:00,5496.333062854759,3232.087733299829,479.5449781917163,4136.491129506335,889.6536181736863
2030-08-28 00:00:00,5285.211813817647,3038.438646821223,459.1995063944035,3904.267856898061,797.2552800440708
2030-08-28 01:00:00,5139.527665767635,3028.77268492696,438.9205034757708,3869.392804105678,746.0964457355606
2030-08-28 02:00:00,5177.706437857307,3040.55655863221,437.6016529371774,3817.659470332829,729.02670131666
2030-08-28 03:00:00,5033.080556764439,3051.219861010262,435.4401923515864,3848.2691016125727,720.0839722586849
2030-08-28 04:00:00,5110.192493409664,3158.4122072999785,439.3799707387138,3903.390979469223,732.398476275603
2030-08-28 05:00:00,5235.83439402357,3434.5759521083646,482.7640076904391,3999.690998837288,770.1079047374012
2030-08-28 06:00:00,5380.315316807761,3574.1717451080563,521.2159510081527,4238.541567399672,896.8851084125779
2030-08-28 07:00:00,5794.652697186248,3640.688464361346,530.022180719964,4316.720897670918,1050.7553703403555
2030-08-28 08:00:00,6045.081664901331,3636.998395857389,530.3166025644817,4404.288987946172,1094.3290946591314
2030-08-28 09:00:00,6276.373697377768,3614.47902492676,523.434735785835,4372.479400524076,1118.5514563047593
2030-08-28 10:00:00,6357.697274891283,3593.0550721289173,523.9596392153318,4356.49019122338,1109.474187152491
2030-08-28 11:00:00,6284.902248528565,3484.542461064776,513.271022459181,4310.625648380083,1108.2836253508758
2030-08-28 12:00:00,6134.796543594252,3495.8668759441,514.9722274902473,4254.710917122159,1047.1534518393523
2030-08-28 13:00:00,6229.266580580327,3520.8802722728774,520.2739428789611,4284.301280669591,1039.496357518943
2030-08-28 14:00:00,6180.50801234929,3560.809495292706,519.529304571754,4354.84241928572,1046.363803877765
2030-08-28 15:00:00,6372.490432778684,3603.966425530529,532.2291281679027,4268.340531733067,1087.43524072521
2030-08-28 16:00:00,6338.513640535366,3695.4020188792856,535.5934298839647,4397.125733409432,1119.7164339128617
2030-08-28 17:00:00,6434.378180133538,3825.014049155937,587.174038232735,4593.007054154377,1151.9931351197386
2030-08-28 18:00:00,6591.586455135181,3930.646493272341,609.1104918193174,4553.184857505012,1214.2451450914923
2030-08-28 19:00:00,6406.884773117285,3970.429004950421,635.7069596789416,4598.580053406769,1184.1691624338423
2030-08-28 20:00:00,6427.62764919357,3883.6332371622248,621.8224087908018,4649.200662415271,1197.7513936172147
2030-08-28 21:00:00,6212.076859797673,3709.4483861620897,564.8180079995128,4462.291161174263,1134.1046839680987
2030-08-28 22:00:00,5929.423537233681,3452.337979972436,520.8568004464632,4288.800885099137,1028.0211565889977
2030-08-28 23:00:00,5562.826765273832,3212.670650542343,475.3532928579197,4022.64886097661,862.9080842781127
2030-08-29 00:00:00,5267.332285349814,3106.946275705034,459.856173224002,3929.881746292571,788.5985170343386
2030-08-29 01:00:00,5153.15043550872,3019.8262855196795,435.9646463188768,3918.29631199364,757.5875684202534
2030-08-29 02:00:00,5099.997096960796,3030.282790654771,432.5368759398252,3806.840008655584,721.9647187292005
2030-08-29 03:00:00,5029.937922601528,3013.8323908709785,436.46298497163895,3846.276881145531,738.7886479702422
2030-08-29 04:00:00,5036.805083443473,3177.512108544801,439.18570634818553,3887.843776587496,741.7777032906699
2030-08-29 05:00:00,5223.55689707325,3430.098492734812,474.9303340402389,3978.293516578357,777.3153687498067
2030-08-29 06:00:00,5417.635408654844,3602.6724696176966,522.3641752557869,4217.0418369287145,901.6592533656968
2030-08-29 07:00:00,5644.215363269582,3609.9136241369647,533.694441533952,4266.136279594407,1057.7867650828343
2030-08-29 08:00:00,5993.2494933001535,3655.091642746909,534.6896491445751,4282.711604060548,1108.8823606283026
2030-08-29 09:00:00,6354.251750354846,3630.832707387712,523.1246866019941,4237.494009872303,1118.6900156480372
2030-08-29 10:00:00,6337.997520890932,3654.118646918516,527.0593245645548,4287.159555467898,1079.9248424084851
2030-08-29 11:00:00,6324.554294241697,3583.311185127466,525.8123330176435,4274.355484445439,1096.4945767312204
2030-08-29 12:00:00,6249.73087284603,3412.5479653982115,506.67429718724736,4217.0026104394165,1047.7433149992614
2030-08-29 13:00:00,6139.135083754359,3519.923329044082,519.9723185966897,4237.451142842545,1046.892603287159
2030-08-29 14:00:00,6260.464880674281,3585.889057832276,523.0625900501584,4268.357519565431,1032.6504058560577
2030-08-29 15:00:00,6318.403582346475,3530.650116412539,528.4199642560831,4302.064854647153,1042.9673834390237
2030-08-29 16:00:00,6347.276742865534,3718.758631396252,546.1392193500376,4381.336856764453,1087.5793639543997
2030-08-29 17:00:00,6545.771176778188,3769.286219713796,581.9925517500656,4631.038205069336,1141.4225885926191
2030-08-29 18:00:00,6420.337459651577,3952.976496865915,614.885447611209,4531.951104337207,1176.5678532806028
2030-08-29 19:00:00,6540.307846461721,3919.097862451859,624.7690874797221,4671.950545843689,1173.8338282200696
2030-08-29 20:00:00,6459.229328180106,3908.675465235355,612.6042937936842,4688.232621648232,1180.212733714989
2030-08-29 21:00:00,6172.883826978828,3707.491965651093,576.2086409308699,4421.924219445818,1129.2778783006377
2030-08-29 22:00:00,5887.134727956814,3432.2102969852763,524.7972011425534,4195.978738488394,1019.8461276534096
2030-08-29 23:00:00,5494.655790565317,3185.576217056948,482.4986472551625,4013.33205370632,865.5229082217229
2030-08-30 00:00:00,5226.872281437835,3064.0908747586936,454.49127333728194,3938.5287072123824,786.9198695753446
2030-08-30 01:00:00,5182.321024777379,3064.705242524409,446.3827200628734,3922.940789574623,751.2039476796397
2030-08-30 02:00:00,5048.009545070143,3047.153701679546,437.6849579850915,3821.68667698764,730.8252413697273
2030-08-30 03:00:00,5090.035380573006,3036.448175759276,432.6912746412333,3768.4998965988434,736.9710135332226
2030-08-30 04:00:00,4990.45693955252,3233.792308932373,445.6208881065132,3861.430250093132,736.1294287513574
2030-08-30 05:00:00,5329.892767640033,3448.9961741686075,489.4379376578472,3990.003758449626,775.8739031702472
2030-08-30 06:00:00,5478.472893237052,3647.804507781713,528.9789734398336,4262.570312001236,903.2556680970216
2030-08-30 07:00:00,5761.686340852632,3593.4754204685573,528.0185376493245,4369.286466938448,1061.7128837130704
2030-08-30 08:00:00,5994.354276134518,3641.346699947736,530.6887424712193,4338.40705460005,1102.0346563406292
2030-08-30 09:00:00,6265.427110801956,3606.989530982032,523.5552290532221,4330.660743728027,1093.2533554318095
2030-08-30 10:00:00,6358.524848706262,3690.485438073444,526.9557622609639,4379.101130856729,1133.3579572045046
2030-08-30 11:00:00,6331.151880409062,3561.1972204942927,520.4348794471349,4349.427507188753,1101.831174880988
2030-08-30 12:00:00,6214.345492514797,3448.448944714642,514.7781677207223,4248.844884289339,1071.366673849724
2030-08-30 13:00:00,6107.222928328582,3550.184706871042,520.7927510983208,4240.111418340456,1041.485838898598
2030-08-30 14:00:00,6315.056277397132,3543.3592748408114,517.8817065247908,4254.3243823497805,1039.132979278408
2030-08-30 15:00:00,6328.03879705071,3580.5078103997844,530.5021275214873,4292.795470415278,1054.0272448781316
2030-08-30 16:00:00,6240.522966273045,3770.6688115863385,542.5274636646631,4451.526665209672,1103.1751957933218
2030-08-30 17:00:00,6469.121940494721,3877.2083057572745,592.1814104361746,4482.647117142549,1164.7798077213265
2030-08-30 18:00:00,6412.828181788688,3931.547026262487,609.6581045452021,4647.681668243768,1155.9584310929351
2030-08-30 19:00:00,6448.68731406797,3908.917142328502,619.1794505831045,4567.024860458964,1178.8418574898387
2030-08-30 20:00:00,6506.70157459324,3883.9956386866834,618.2746187053943,4587.792746823643,1190.1497729054188
2030-08-30 21:00:00,6296.691046418258,3681.728960637015,577.9287611726716,4405.843271102963,1134.7260005925937
2030-08-30 22:00:00,5938.19096592919,3441.752133064645,522.609816580211,4245.235707453991,1013.9099067440148
2030-08-30 23:00:00,5561.251149863553,3279.854103633111,482.9690002213762,3979.637207659861,883.7112869994614
2030-08-31 00:00:00,5150.028380813812,3090.567051783465,453.1876266937272,3958.811417226269,787.3535940054359
2030-08-31 01:00:00,5133.100535743567,3046.358408749659,443.90963042244016,3857.24647336574,746.5210390683591
2030-08-31 02:00:00,5040.856556359737,3004.531088956787,442.4295056522032,3794.9741773857168,725.3084702485731
2030-08-31 03:00:00,5080.294938608286,3006.554015735285,435.65546429739857,3930.350324339264,722.1037734956813
2030-08-31 04:00:00,5133.830951825107,3142.0023025221817,441.9837858802494,3825.408789990816,736.2102244166699
2030-08-31 05:00:00,5186.866808725575,3432.908532195637,481.1590400390368,4040.6667689618366,772.3898637247486
2030-08-31 06:00:00,5445.915447613487,3608.469044942099,526.9976878041249,4226.847760613946,890.3376168323227
2030-08-31 07:00:00,5515.520028812683,3646.592564448282,540.4886885817172,4245.463645331345,1031.2303911037836
2030-08-31 08:00:00,5921.599395721019,3588.687961405326,528.7228468249455,4355.84418341704,1079.1424799003307
2030-08-31 09:00:00,6075.682155604629,3579.367759729957,526.8357096902723,4360.836498320575,1108.9741854490328
2030-08-31 10:00:00,6191.244138943234,3541.9208387405674,527.1478848098105,4352.881015600325,1097.3261468908602
2030-08-31 11:00:00,6214.219438917527,3511.0849238708447,523.6433482463733,4315.864743768867,1096.7447436117543
2030-08-31 12:00:00,5962.793496833692,3562.2930324067647,518.0458796356958,4226.447506438858,1063.317182520676
2030-08-31 13:00:00,6111.186006487797,3513.318891175125,513.1790497203156,4135.738625528275,1047.5451599382054
2030-08-31 14:00:00,6145.385464444264,3526.1226995651696,526.1571603490626,4255.202506221574,1039.2103575847211
2030-08-31 15:00:00,6285.765957867176,3617.686727890743,523.5571848904702,4273.132946128124,1056.8670519187167
2030-08-31 16:00:00,6385.474342457129,3782.770036875244,545.8658595906157,4343.769513766516,1086.4297007905482
2030-08-31 17:00:00,6404.713335606152,3881.54805235694,591.3800709072556,4458.1897279278655,1143.779701711809
2030-08-31 18:00:00,6420.482401966695,3874.1119245614623,606.8898934897189,4549.2705893899765,1173.577648883325
2030-08-31 19:00:00,6408.160377511549,3896.49191438662,622.1589067028364,4546.400964984476,1179.3469887143683
2030-08-31 20:00:00,6400.361287741871,3891.2087219657824,608.3484081136513,4541.1587552807,1166.9591673406555
2030-08-31 21:00:00,6204.75997439539,3641.648753790465,578.2829414061305,4448.015717172718,1114.6855956195134
2030-08-31 22:00:00,5900.448018954873,3453.5236976603887,519.7344324853881,4206.208470306648,1019.4852298235244
2030-08-31 23:00:00,5527.36682779542,3241.49916676918,481.6710092351439,3969.033631052943,884.8280597555992
2030-09-01 00:00:00,4415.604247438926,2687.835324469565,355.09223082031656,3274.438973870041,652.0727411195566
2030-09-01 01:00:00,4419.09797975264,2622.072946758475,345.41176666553827,3257.886208026672,624.9443613811014
2030-09-01 02:00:00,4317.753715812777,2602.7057173663443,338.33957620604457,3241.156617727708,593.6960734766442
2030-09-01 03:00:00,4209.439748894016,2638.351495200243,337.3806482527399,3223.492740589254,596.280884348889
2030-09-01 04:00:00,4195.345108554661,2638.445250211189,342.57507473410897,3280.730510562764,596.520671015258
2030-09-01 05:00:00,4511.215821806949,2937.731145161365,373.91250536899616,3420.9723951688607,642.989280115386
2030-09-01 06:00:00,4646.24654300895,3078.279179826954,407.14585646558766,3578.743289156257,745.1332114841358
2030-09-01 07:00:00,4765.133200580312,3063.9579329855305,409.351581499846,3590.4044137613496,858.2198004536394
2030-09-01 08:00:00,5116.418438576332,3147.7622013634573,410.9687200172564,3729.170948531251,883.4957112122972
2030-09-01 09:00:00,5279.989889315008,3122.9780976397096,400.915315090195,3678.8055823604977,926.8046450037804
2030-09-01 10:00:00,5374.087211593542,3157.6319159438453,405.8718145182172,3661.9614330584895,919.1270602787788
2030-09-01 11:00:00,5310.033982769761,3043.863087304436,405.3448176479857,3610.05683800541,923.136357293557
2030-09-01 12:00:00,5195.032041856297,3025.310142493614,402.05351385548295,3613.7273168625047,867.2475741926914
2030-09-01 13:00:00,5244.276859981562,3097.160536884462,389.2149095023267,3524.630930131613,859.9900589005615
2030-09-01 14:00:00,5338.525389875752,3099.5411424676777,402.6550528430407,3623.664042253024,861.1975786330809
2030-09-01 15:00:00,5212.040845776573,3093.9178902175427,408.4436028285058,3639.1916458853766,872.4657296183157
2030-09-01 16:00:00,5350.35305813978,3166.2164074436514,423.5210785377022,3721.5007744529626,903.890955799133
2030-09-01 17:00:00,5533.052549853851,3298.651381220446,446.6930883283531,3810.164613981749,940.2810836379869
2030-09-01 18:00:00,5584.742885463731,3419.9353298277115,476.226453473555,3860.219300586655,976.2336374287923
2030-09-01 19:00:00,5458.825767881696,3424.352548907721,475.54283372497537,3845.147144165538,976.7966012994196
2030-09-01 20:00:00,5474.088409003196,3391.06955098992,482.07093944625984,3900.534915677317,958.2768001146046
2030-09-01 21:00:00,5302.980396610561,3168.4762555595453,445.439866644157,3764.7053881007423,940.5270858429888
2030-09-01 22:00:00,5103.541765023972,2932.868654052622,404.614666882448,3573.466543533318,840.7116004677432
2030-09-01 23:00:00,4699.544767487023,2829.9013131313664,373.5453122872476,3420.608066043048,725.2407973788178
2030-09-02 00:00:00,4640.712476907795,2708.0443235809657,357.19295430328106,3309.9662214017053,652.6318823612354
2030-09-02 01:00:00,4488.507923355605,2667.083234375357,343.9439657600755,3295.172607816045,628.43468923203
2030-09-02 02:00:00,4401.754251397811,2652.8522399323165,343.8116092095037,3313.302248799613,602.7429709625753
2030-09-02 03:00:00,4380.849354083071,2643.0207177016887,339.9790959819569,3297.594800018024,601.1788206153215
2030-09-02 04:00:00,4508.563514651804,2757.590758928324,338.9412179896863,3307.2237379727912,608.1024486539808
2030-09-02 05:00:00,4526.448472892816,2980.835625132738,365.7574453123614,3433.5663674881607,643.292389419474
2030-09-02 06:00:00,4666.909349409036,3161.516358136935,408.8104933539689,3596.036777209199,734.8057443337293
2030-09-02 07:00:00,4922.381560240394,3164.8178960418268,416.14830578716703,3631.783054564157,873.2350073267881
2030-09-02 08:00:00,5335.71478195984,3145.739689089374,410.20346949450976,3693.6598903175486,912.6774242014396
2030-09-02 09:00:00,5436.667800457318,3163.277908801921,417.0396507357083,3709.80650321775,905.804339502006
2030-09-02 10:00:00,5446.90947886829,3128.7497849865736,404.3436328857961,3674.1324668206407,925.3118946543772
2030-09-02 11:00:00,5460.477871550616,3059.0271221451526,409.9723022931,3642.299174793565,908.6327454706052
2030-09-02 12:00:00,5375.616685773151,3068.282531565296,401.5283675163146,3584.849063502288,884.3233977033211
2030-09-02 13:00:00,5498.430401034889,3050.527980818192,407.2836573262676,3580.078289097108,864.234637303491
2030-09-02 14:00:00,5432.1351358870215,3083.211549392101,407.4141969156827,3628.439109667037,870.3538706938949
2030-09-02 15:00:00,5450.665268483535,3128.161445918281,403.2772250381797,3533.8024462843982,873.5401100459314
2030-09-02 16:00:00,5459.58979931634,3279.4237217656414,423.6393422276013,3719.680767877762,902.8628557131076
2030-09-02 17:00:00,5652.53772271742,3385.886502900703,459.2040507238126,3789.584397975761,961.9961975422156
2030-09-02 18:00:00,5566.128823013197,3466.556085432294,485.97935549947806,3949.4743501894695,980.4289792190192
2030-09-02 19:00:00,5673.062422937402,3459.406715074256,491.09834269139895,3882.1775065055513,996.0845162055142
2030-09-02 20:00:00,5682.355583391164,3341.300199774013,475.3491881601224,3899.255619121393,968.711934486366
2030-09-02 21:00:00,5519.016304655084,3226.6434169539425,447.0002202131355,3788.7522504812105,943.1461758202396
2030-09-02 22:00:00,5225.676549164509,2984.071342399358,408.0578526935953,3621.3364470919514,866.8673718096898
2030-09-02 23:00:00,4758.58143917847,2838.947743402677,374.99328563753033,3473.7863155317164,727.0438002638955
2030-09-03 00:00:00,4653.438512820308,2723.628167357526,355.48546034945605,3341.4256207608987,668.3399846777279
2030-09-03 01:00:00,4573.5453229659015,2711.2862624634704,343.4672741340874,3294.252575105693,621.5125829632873
2030-09-03 02:00:00,4465.591510163293,2619.770881308549,343.8034345171519,3255.352658281803,594.2923289384644
2030-09-03 03:00:00,4501.139163396305,2648.628472891797,338.0837880028834,3303.620353365517,595.698890788551
2030-09-03 04:00:00,4432.955617689039,2719.577874451973,347.7414260326395,3223.693829778765,609.6303104966124
2030-09-03 05:00:00,4690.26878959118,2980.817106703251,370.0876807408206,3425.905950046265,652.9600289278136
2030-09-03 06:00:00,4839.982711045251,3210.3144813481945,412.35319214323465,3654.250121611297,751.1493493468378
2030-09-03 07:00:00,5009.583752770024,3117.856290933344,417.939522578142,3609.499493548458,877.4458648779213
2030-09-03 08:00:00,5352.189027119287,3183.627502365652,415.23125615620336,3643.8316820226096,907.882221101972
2030-09-03 09:00:00,5544.007823504496,3159.0603897099318,417.7119355175803,3679.391183796709,908.6152326525854
2030-09-03 10:00:00,5582.841595909667,3163.927755730333,407.3039636472683,3649.7120918056967,918.5307138455348
2030-09-03 11:00:00,5565.779764400186,3106.0273485410635,408.13073440221217,3654.4825011349967,903.3535186340893
2030-09-03 12:00:00,5431.229945274316,3036.363630019915,397.5177068776055,3623.107575486132,885.2769389461777
2030-09-03 13:00:00,5482.62549643768,3126.2351208420077,407.8713197805279,3623.6775596741754,853.8943491757383
2030-09-03 14:00:00,5529.497336351485,3105.1076398626665,412.71757776913495,3591.980508393207,868.1508851265271
2030-09-03 15:00:00,5592.124993380037,3154.974537187727,412.3366826277983,3658.1179161270416,875.3544412845678
2030-09-03 16:00:00,5706.7601903728055,3235.821770942932,432.98510522771886,3753.9898317099633,918.2495956186566
2030-09-03 17:00:00,5712.292633902232,3403.2130201831,452.1067617109951,3880.48041655754,951.6681489026053
2030-09-03 18:00:00,5701.96772570098,3384.0198725022246,471.5438127905556,3953.0346773622136,981.1539689031836
2030-09-03 19:00:00,5683.241709897278,3472.5671405222733,479.519577503763,3947.866215000624,988.8582100521618
2030-09-03 20:00:00,5718.882962830836,3384.672510399851,476.4663066120245,3839.189615617409,969.9872635467904
2030-09-03 21:00:00,5387.931476300997,3223.1992207934377,452.6008261405803,3804.544943529786,932.880862057688
2030-09-03 22:00:00,5291.0524713978775,3027.208324438788,410.3004403105769,3554.095781408816,859.1258677235254
2030-09-03 23:00:00,4954.923890811199,2844.184765874344,380.3884976511848,3403.796219627794,730.8253586397611
2030-09-04 00:00:00,4700.137971354713,2771.756358638808,352.0344872885332,3322.855315001478,662.3299109928483
2030-09-04 01:00:00,4543.17730885289,2637.142066841458,339.0108084201233,3331.396144889929,630.8042759675589
2030-09-04 02:00:00,4558.430779900146,2683.263716682796,333.86830740726987,3272.404976811156,610.3647515773586
2030-09-04 03:00:00,4445.252842687003,2692.8847299436543,343.56726356621533,3307.5976924368947,607.4317019511531
2030-09-04 04:00:00,4507.457014751012,2729.250349476033,346.777767930786,3284.596762362704,613.6199697247032
2030-09-04 05:00:00,4616.979352401016,2982.971347712584,376.51841190574487,3366.846524698228,644.0707632718068
2030-09-04 06:00:00,4783.881821599939,3156.0037399042067,404.5788354065953,3628.1816245085433,757.8323718792323
2030-09-04 07:00:00,5047.575806505827,3067.060097658949,414.3251953760772,3740.192428789093,876.6350582944644
2030-09-04 08:00:00,5408.586272712347,3193.127457320999,413.421805849854,3664.090801392128,912.9308517955942
2030-09-04 09:00:00,5493.495718968252,3187.072518516891,407.99276236262494,3702.277004902544,931.1215219610622
2030-09-04 10:00:00,5619.474180584584,3141.325982003719,407.59061585473125,3650.671933412713,922.9877768967622
2030-09-04 11:00:00,5480.7319775483065,3103.184957307392,408.3903559814093,3679.7929385026655,920.4895102630134
2030-09-04 12:00:00,5403.5946495307335,3045.685118999001,398.109463785692,3602.09265206646,889.8097453339192
2030-09-04 13:00:00,5531.36531439,3101.6279932777657,400.0203889495372,3656.692949802771,880.6835408751411
2030-09-04 14:00:00,5523.178424616965,3124.414411348987,403.4054766148597,3515.627953995396,875.7275978708979
2030-09-04 15:00:00,5515.191905663375,3139.614829495082,414.0369813684214,3673.824685772372,891.2484023183775
2030-09-04 16:00:00,5544.219417530319,3295.085002853604,428.577779070788,3738.579238546724,901.7135793009855
2030-09-04 17:00:00,5706.431122724471,3415.7212962801464,455.7479876529871,3936.428984404947,971.9780684015112
2030-09-04 18:00:00,5669.644018172801,3413.474654547995,472.441597626614,3917.558358040492,1000.6467714890064
2030-09-04 19:00:00,5821.226069189423,3493.235266068372,486.04704275993225,3914.594577036668,977.5614668362464
2030-09-04 20:00:00,5691.664010557793,3403.277502468789,478.510565167388,3928.983194006465,992.1841832561596
2030-09-04 21:00:00,5556.153621662006,3212.5362342404715,455.3433656398397,3772.1258999741103,939.7798017388204
2030-09-04 22:00:00,5240.504772159471,2968.963294709205,405.280403031622,3642.919699485195,859.687771697122
2030-09-04 23:00:00,4800.537497028551,2870.9306144056527,383.1995608949762,3425.4273183133146,741.9189653717557
2030-09-05 00:00:00,4714.549275311321,2748.1735089502163,362.211732490298,3405.8057168398645,648.8097901396117
2030-09-05 01:00:00,4573.105392480392,2673.7879296931087,346.2736373543841,3327.0024723223496,618.2867177998769
2030-09-05 02:00:00,4478.577817500157,2643.110199376086,340.75068955355664,3265.750371675066,605.2406486214388
2030-09-05 03:00:00,4444.772621562393,2689.710779279002,342.36026836892074,3293.836368019518,621.4779138792853
2030-09-05 04:00:00,4490.224674406297,2698.165921447792,348.13310126433026,3305.8728604584558,608.5816971713214
2030-09-05 05:00:00,4657.753121952679,3041.3434434460733,379.3498109305616,3451.115263352096,637.2166846299053
2030-09-05 06:00:00,4819.3811217570565,3181.2206970824595,412.1982810392947,3562.392940591524,767.5935764706219
2030-09-05 07:00:00,4991.660859577413,3088.9541859476312,408.0284598375592,3679.7860321236753,886.7461886467877
2030-09-05 08:00:00,5358.122033914205,3197.852214293449,419.731536881471,3708.800134471404,913.848815462384
2030-09-05 09:00:00,5569.103879579316,3254.9693852048617,408.15917234592575,3712.377357700406,929.9840190361256
2030-09-05 10:00:00,5568.238950158812,3155.8241399132858,412.9127358905706,3727.8831072480502,919.6738905056792
2030-09-05 11:00:00,5559.79257880757,3116.6415963933214,411.82768295169257,3723.2982426864473,897.5848768398366
2030-09-05 12:00:00,5492.213573298344,3120.573020144421,399.9916231260103,3604.378820748496,887.9648319876834
2030-09-05 13:00:00,5427.316782170149,3105.8481715505577,406.7620011862773,3632.541895803288,887.3904693000725
2030-09-05 14:00:00,5610.97841430943,3043.586284795621,410.2975489700456,3712.376663042039,872.3994535768034
2030-09-05 15:00:00,5572.816159765206,3138.5216284119674,408.8796120870205,3655.1292099026105,892.2008893516228
2030-09-05 16:00:00,5678.431375520647,3276.1603511347244,425.0355195881327,3794.0955603087887,925.60281428126
2030-09-05 17:00:00,5662.797214293579,3383.40651056222,456.6626019717526,3883.7914476735136,944.1614404449964
2030-09-05 18:00:00,5687.02191812964,3427.384157097331,469.694049968699,3878.181392251963,983.4438765155064
2030-09-05 19:00:00,5756.787546050444,3424.56647204658,487.7352371020642,4011.137259911175,992.6595760474138
2030-09-05 20:00:00,5765.307058729805,3343.422164409448,475.3910837502255,3934.2262674206736,998.0821359205382
2030-09-05 21:00:00,5487.908350127479,3225.742093323132,446.9106311281818,3787.428266071452,953.0547076234316
2030-09-05 22:00:00,5153.71162839266,3042.906258785032,407.1432659654001,3598.7407320953985,866.849644059917
2030-09-05 23:00:00,4766.280571560374,2796.048686374543,373.2861998381858,3419.7029065963643,732.120263005507
2030-09-06 00:00:00,4664.023431592906,2649.2950916468726,360.0111239140401,3426.379178723403,656.0906489206885
2030-09-06 01:00:00,4631.116244747062,2692.8634720795,346.04578747268783,3314.373659190327,620.3837205620417
2030-09-06 02:00:00,4536.339238360778,2601.6729882126133,343.53626923204894,3338.36146298967,602.8807694560202
2030-09-06 03:00:00,4567.539978055597,2671.6086084340336,349.1346418198759,3309.5135484848943,597.5749813075687
2030-09-06 04:00:00,4539.680652322802,2747.809348181217,345.36499364647057,3348.544312878934,622.2839910593373
2030-09-06 05:00:00,4708.913110661243,3035.624625911681,369.3942393005897,3459.944953672288,652.3817850130788
2030-09-06 06:00:00,4825.289816618057,3150.508937237897,411.4828818675071,3603.787052188357,754.136841391187
2030-09-06 07:00:00,4962.848415279629,3152.7328351931737,411.6954609674334,3638.484355708189,870.2861408289939
2030-09-06 08:00:00,5268.79450792623,3163.374105363512,420.0195143810884,3638.43189318766,891.1954745014067
2030-09-06 09:00:00,5592.860553847509,3208.221566099427,405.3015193330465,3689.9012721681065,927.5849319555612
2030-09-06 10:00:00,5557.043271798111,3173.5548201719403,409.9709065557946,3713.399297582605,911.203587133058
2030-09-06 11:00:00,5679.182046306585,3139.705731825951,404.0047612361381,3586.363877620354,910.7599959410716
2030-09-06 12:00:00,5376.190880054478,3083.043208309772,404.1568197099283,3636.407223997976,897.8005610959178
2030-09-06 13:00:00,5536.396845982998,3181.582909247812,412.3240844933891,3613.934025630412,872.0270620597894
2030-09-06 14:00:00,5609.320335366516,3077.8346971121973,394.4880646663893,3635.893415958709,859.633577869236
2030-09-06 15:00:00,5541.272983316103,3140.151029554936,409.4425555808476,3650.9366185119775,874.3826921096716
2030-09-06 16:00:00,5599.3193200615815,3279.6876528386188,425.3959510160475,3786.818089059367,909.8155501030568
2030-09-06 17:00:00,5686.319231551196,3423.500803698888,454.9346045799432,3890.291375359096,963.961187660609
2030-09-06 18:00:00,5666.590745263066,3413.162827120951,478.2436362993898,3950.60910012309,993.1793214610852
2030-09-06 19:00:00,5764.579949298132,3491.8660236636915,474.1199272607013,4001.139904830913,978.5083675192592
2030-09-06 20:00:00,5707.758520312592,3406.7835189722305,482.148428948597,3948.4226748185006,991.4078982756156
2030-09-06 21:00:00,5605.580452008311,3213.757204757745,449.44386054374434,3716.8794834850414,932.1324375207204
2030-09-06 22:00:00,5241.409978411315,3067.413336586996,407.0179219631795,3557.773638516608,856.687085887185
2030-09-06 23:00:00,4953.816156756048,2835.555080441479,377.8556218377992,3433.7219024723368,733.0314237678757
2030-09-07 00:00:00,4614.784335258854,2741.2880340459064,356.3800950860791,3358.550583136554,654.680144759334
2030-09-07 01:00:00,4491.906248929255,2664.178726915105,345.95475153113176,3299.113713142009,628.53044643198
2030-09-07 02:00:00,4409.628573555559,2637.0934693527047,341.5598084851489,3282.703817715757,598.1380255756987
2030-09-07 03:00:00,4437.417420479126,2698.720301249958,339.7895008061076,3286.012177236789,599.4548752702441
2030-09-07 04:00:00,4508.27263241018,2760.620293527297,346.560547022602,3290.9390404731366,611.4435988157009
2030-09-07 05:00:00,4594.365713042916,2985.64097033121,376.6050759868402,3388.193207201416,654.39911434237
2030-09-07 06:00:00,4762.819287756996,3107.2835342539734,412.6938113718335,3652.307908011288,748.542099594088
2030-09-07 07:00:00,4973.362008468847,3106.272330526222,408.8832391248718,3686.131267092559,867.149606501019
2030-09-07 08:00:00,5237.380889918475,3118.3035025035474,411.05172762912287,3648.571750359401,918.9009998442124
2030-09-07 09:00:00,5506.804237107323,3148.9045033105704,406.79376839113297,3733.271879111006,904.6108814729856
2030-09-07 10:00:00,5475.839739993719,3169.71315088871,406.6734320453023,3769.282957246763,902.477225592419
2030-09-07 11:00:00,5549.305267898499,3102.912591810033,407.88203404558567,3611.380787639291,920.464853420664
2030-09-07 12:00:00,5290.1231095336725,3067.2616064238823,404.9267871143263,3612.91132710645,878.4582761713789
2030-09-07 13:00:00,5492.46541695749,3065.659751869435,406.4755920415873,3614.316401236167,862.1552035540918
2030-09-07 14:00:00,5440.771743872013,3065.942474213454,407.916653096673,3606.4978523582254,860.2569370085139
2030-09-07 15:00:00,5540.155928300948,3163.89571351544,412.8368411734317,3585.02568865264,878.0566633333102
2030-09-07 16:00:00,5533.049465107624,3203.708561645643,421.7703614288656,3758.087589097918,903.274916075037
2030-09-07 17:00:00,5588.308190660644,3377.737495528233,451.9219033615405,3861.151468811821,944.833303192307
2030-09-07 18:00:00,5562.800843614998,3450.526462117688,466.1226478559905,3965.048010217489,989.1094821362572
2030-09-07 19:00:00,5644.216596019412,3430.9557490618504,496.95486099220216,3944.3399316258833,968.1184825326172
2030-09-07 20:00:00,5670.072769911455,3388.0222838164946,476.1425555823634,3901.810012683891,975.425968016388
2030-09-07 21:00:00,5429.853721049468,3287.7229600407736,452.7230383658792,3736.2864267928153,926.6905367432968
2030-09-07 22:00:00,5112.074210692578,2987.972829257525,407.84843081283736,3563.3053647882325,848.9882328553695
2030-09-07 23:00:00,4815.19574787114,2771.9494721965684,377.40927446161385,3458.139614497716,729.7577083307356
2030-09-08 00:00:00,4509.724581530069,2649.260531904293,354.1025210904236,3295.169800485544,663.3361587477513
2030-09-08 01:00:00,4349.004270050797,2650.883853199407,343.8476569019254,3264.988550604032,617.1069866184605
2030-09-08 02:00:00,4330.242623353984,2606.9300194644798,337.3048309883513,3287.5672979142128,602.2447893462073
2030-09-08 03:00:00,4330.033036780392,2655.860447036448,338.5733627009837,3253.2115949414315,599.4459640604123
2030-09-08 04:00:00,4321.026305309657,2716.555809059493,348.5620767026934,3314.8121767513544,603.9516299934583
2030-09-08 05:00:00,4423.320004564352,2945.885097714887,377.9952629142962,3423.096003149244,649.1867191142113
2030-09-08 06:00:00,4646.2887180184825,3099.799711174618,408.19155831945056,3541.228573094328,759.9756971808928
2030-09-08 07:00:00,4789.77621871216,3109.3520371973063,413.2543995461901,3626.776854342992,864.2694754415193
2030-09-08 08:00:00,5126.618434374975,3177.3791261959345,414.75123620689055,3683.35032698836,904.9605992878164
2030-09-08 09:00:00,5182.356545265408,3127.493878565762,408.921540976283,3644.0060398814703,922.3672661294016
2030-09-08 10:00:00,5434.954467970702,3122.2758646893053,405.50699908088814,3616.7044248042826,905.8163302312872
2030-09-08 11:00:00,5361.322912478758,3136.01466347315,402.8948539463616,3655.165748942529,907.6552848692826
2030-09-08 12:00:00,5250.356787512769,3012.086688469937,405.8066400265362,3593.8592704973885,864.4287108876216
2030-09-08 13:00:00,5346.654715865352,3090.064311538238,400.9758023893972,3604.8754043903145,847.7511422044902
2030-09-08 14:00:00,5321.796342562213,3036.673116363252,406.4283139451752,3569.86015824398,866.4835198745711
2030-09-08 15:00:00,5340.738276164993,3071.136498628062,402.4605515850488,3652.538219270786,879.6840431575981
2030-09-08 16:00:00,5427.850603498062,3238.3886144891003,425.97542348028975,3721.749709804789,917.8344668121912
2030-09-08 17:00:00,5439.06147046053,3320.792454983808,449.76603387862735,3813.7529643758953,952.3474742625696
2030-09-08 18:00:00,5493.5015748626565,3405.8034548131664,476.8010013651152,3879.320826494963,978.2991999954723
2030-09-08 19:00:00,5424.256224729372,3435.225022726495,491.2770803796668,3910.726978888581,957.5945399562085
2030-09-08 20:00:00,5408.251666168694,3390.310910696437,473.2092942654952,3846.4237577699455,972.5982501361196
2030-09-08 21:00:00,5342.992993298594,3151.8694734657524,458.7966608104061,3752.579108394903,951.1623791770488
2030-09-08 22:00:00,4985.252083038547,2989.8908803578297,414.90243357251785,3559.6221301915275,842.0681328320068
2030-09-08 23:00:00,4642.719199418801,2794.0510744962653,374.223548846981,3456.8059177156465,723.9539316832786
2030-09-09 00:00:00,4592.514846647516,2712.8470901708324,349.3415175880687,3336.70321785026,663.3897086477285
2030-09-09 01:00:00,4562.745224357563,2650.848351481123,341.57180808983213,3273.0989851774284,630.9164865486972
2030-09-09 02:00:00,4478.171711555194,2609.2349761488963,337.7409070754649,3267.970659563892,590.8276098762669
2030-09-09 03:00:00,4469.567841931581,2694.1542070894743,336.4106324852481,3252.371221458903,610.2216747559629
2030-09-09 04:00:00,4473.930126074269,2794.978814210674,347.797337359382,3307.00104993227,625.0576464854681
2030-09-09 05:00:00,4641.276584547757,3057.312306274951,371.7445252438014,3372.485700515837,649.2485834523122
2030-09-09 06:00:00,4765.676596046535,3140.2793820416136,412.04410621170246,3572.389084171114,742.2664553528563
2030-09-09 07:00:00,4963.097570375906,3161.1742891011054,410.5895896635637,3658.353358527952,872.9536782806733
2030-09-09 08:00:00,5257.741398298471,3175.242024723249,408.1487036118978,3663.635815604929,916.0757199870732
2030-09-09 09:00:00,5516.937514508048,3181.854504179996,406.657886286053,3686.900708105281,920.5335520556876
2030-09-09 10:00:00,5502.989376479625,3128.4995675898194,414.2184235608751,3704.962981976686,906.573583114092
2030-09-09 11:00:00,5515.640825957294,3135.3282104534937,405.89051735264337,3627.5252694766345,927.3959179959054
2030-09-09 12:00:00,5400.243224620956,3035.1960562905037,399.6879989381613,3660.583486623269,878.4738514735672
2030-09-09 13:00:00,5551.116319400919,3057.287540082055,402.1352238387215,3567.870091998158,870.5987525002835
2030-09-09 14:00:00,5518.790260139578,3074.869845949051,398.1263207140781,3609.555723102782,853.9104783162766
2030-09-09 15:00:00,5589.13606838699,3063.649331294353,414.82298344788825,3655.112673731447,872.1572095509887
2030-09-09 16:00:00,5513.117022077927,3246.2445440491074,424.5720887310026,3835.063158088049,900.5537355252354
2030-09-09 17:00:00,5725.785330550142,3312.612826843041,449.0401490713196,3839.299614047377,966.7029582132784
2030-09-09 18:00:00,5609.9822490022725,3438.622460220339,478.9548182245127,3937.324185458804,985.400175553783
2030-09-09 19:00:00,5750.932002852555,3449.613116336744,485.8442026331384,3966.523088457032,962.87681111344
2030-09-09 20:00:00,5745.784702218308,3429.6431543844246,478.9371896231529,3958.643731157488,973.1297844108534
2030-09-09 21:00:00,5533.923282481385,3236.620637856415,460.5241371328378,3771.451061306489,927.0009444265498
2030-09-09 22:00:00,5115.393665803597,2962.057194379584,400.1192710446458,3579.73913260842,856.5219422559323
2030-09-09 23:00:00,4761.006726626535,2806.18434672191,373.72753940633294,3500.7484825708075,744.9730453557056
2030-09-10 00:00:00,4595.341464496814,2731.4478663650643,353.5905437772193,3325.7547478764523,642.4997781680961
2030-09-10 01:00:00,4653.058198583415,2657.021243528857,339.0896772373409,3271.4940140578374,615.2945714915505
2030-09-10 02:00:00,4520.898351448176,2673.884666171028,338.8949072572767,3257.844267347461,606.8841868834412
2030-09-10 03:00:00,4423.0651027883705,2703.0616354451035,342.2951757136975,3308.1245593898907,606.5720108988397
2030-09-10 04:00:00,4517.022714149679,2741.4379932403376,343.03233189032994,3338.6650435175434,614.6768179788581
2030-09-10 05:00:00,4653.446644341989,2993.500673872739,372.6667491909907,3441.790527618432,644.756318391466
2030-09-10 06:00:00,4827.065863541684,3169.2090935501155,414.8112210305516,3610.30852221636,744.2487944120458
2030-09-10 07:00:00,5004.371397773191,3156.493714701346,413.28389386317065,3720.7845489485926,876.396653492191
2030-09-10 08:00:00,5349.281919766871,3232.188952557653,411.2899214413915,3701.388375723379,911.8475109422742
2030-09-10 09:00:00,5566.439312147747,3203.8172483157377,404.2157424208875,3686.080283826919,933.0921387291168
2030-09-10 10:00:00,5653.634230886085,3140.8442218852288,407.3815482134856,3676.423910256405,926.3655123149877
2030-09-10 11:00:00,5401.352660714219,3093.360897551533,409.5433607491411,3674.685352835305,912.4687328288568
2030-09-10 12:00:00,5509.13947758966,3124.519763170012,400.3262378718418,3566.168013749508,871.348253237896
2030-09-10 13:00:00,5504.150733411095,3094.4726491691163,408.6943384014259,3630.590936318873,874.3863005918356
2030-09-10 14:00:00,5547.928285858286,3074.160650244368,412.6544371039053,3569.364398963256,867.3564864583462
2030-09-10 15:00:00,5488.199030526182,3110.1246384194424,409.8126072454529,3671.452628568233,891.2116329212322
2030-09-10 16:00:00,5565.510383633166,3272.141511682026,418.7524165104321,3683.212625033791,899.6576121891095
2030-09-10 17:00:00,5713.746846289891,3357.8259895829733,452.3631373375253,3845.785902949988,964.5255697473629
2030-09-10 18:00:00,5556.914104244896,3427.321351246723,478.4039232773823,3880.6562946356216,987.351453904325
2030-09-10 19:00:00,5721.212434994351,3417.6747283036675,492.5865255568085,3973.727714636031,979.053368227412
2030-09-10 20:00:00,5735.935828961264,3373.6325748272243,484.8600666542106,3957.052262878121,994.0298140768116
2030-09-10 21:00:00,5409.710767623314,3198.993584017881,456.5340088788472,3844.971674873893,948.3157815687372
2030-09-10 22:00:00,5228.744668999989,3010.5702487561834,413.94922599899945,3552.3662845763997,839.397335089834
2030-09-10 23:00:00,4919.78053304382,2822.251493152423,379.0939903114801,3432.759564607728,729.9496387903539
2030-09-11 00:00:00,4592.346053183003,2710.5058294972496,358.87859824123325,3280.5050183282024,674.4999023054934
2030-09-11 01:00:00,4587.439022946613,2651.441578211197,342.04094194161775,3280.129602793136,624.6942611085632
2030-09-11 02:00:00,4533.7350692063,2701.7328786453936,333.5661446404997,3265.0203451566927,613.2919384705169
2030-09-11 03:00:00,4451.196654410232,2674.514866409216,341.43843564767445,3272.158725917964,611.1697983865021
2030-09-11 04:00:00,4502.995255578632,2792.121050334562,350.7641856262515,3272.23588885098,616.7351877282747
2030-09-11 05:00:00,4661.000763469232,2976.06237153373,371.5370661270776,3385.6843803391343,655.3224027421152
2030-09-11 06:00:00,4816.251524603872,3206.7805237597718,414.79270324369327,3628.139406412162,760.5062313639943
2030-09-11 07:00:00,5043.824209043204,3186.358770140968,416.4158965270231,3723.863648704156,885.6069608308968
2030-09-11 08:00:00,5397.928087219388,3154.2321976365124,419.7573032531171,3642.3433633132577,914.5108285863192
2030-09-11 09:00:00,5489.679385643155,3126.64195429043,411.4296472001893,3762.943937271508,932.8286627490036
2030-09-11 10:00:00,5600.452892370168,3138.605850889495,415.05347714921527,3734.355987140292,931.2468605979512
2030-09-11 11:00:00,5596.587393234814,3124.5645981287294,406.476750963293,3627.129576118504,915.2211744524578
2030-09-11 12:00:00,5398.662269169886,3048.6985383132287,402.3616395398283,3633.1521164106302,909.1097293237478
2030-09-11 13:00:00,5480.66259809121,3057.132636128523,404.8167334747017,3651.126036300424,886.5324284323842
2030-09-11 14:00:00,5514.088195336675,3111.550461886736,406.4573183795786,3720.551200840438,882.1540443337636
2030-09-11 15:00:00,5557.572684954443,3143.927306374682,416.9723149900496,3628.986848298503,890.9441045437444
2030-09-11 16:00:00,5623.971453567467,3234.353079504919,426.51624586167264,3684.744754532618,919.0404684226528
2030-09-11 17:00:00,5686.141688089993,3372.2746024096514,453.55045948031847,3851.705470298775,943.1204110634552
2030-09-11 18:00:00,5664.544721244801,3477.4511124481146,476.0157800504496,3969.8470220719255,993.527577949049
2030-09-11 19:00:00,5742.116462529036,3544.194739745969,483.2781888785184,3946.6647939536047,985.0751631841384
2030-09-11 20:00:00,5655.979418471293,3433.74986001311,476.8465042573559,3895.4147243630073,989.5092116813544
2030-09-11 21:00:00,5568.424220165058,3180.913242926132,444.6641944733401,3690.643266536895,946.8047916734992
2030-09-11 22:00:00,5200.038058902867,3025.021571352165,408.63298167587726,3638.905725303004,843.6387277744717
2030-09-11 23:00:00,4913.123465927685,2810.1012294745287,381.9381981976222,3427.514398987974,739.5209579003172
2030-09-12 00:00:00,4728.02989944834,2726.3250737289613,354.4799846470759,3366.3075833873486,660.887127583274
2030-09-12 01:00:00,4528.134730818824,2682.626239083476,340.1465253545393,3232.7627795224403,622.8286948762224
2030-09-12 02:00:00,4529.136428559429,2633.213657795692,349.7084591947864,3280.148258336209,607.7305219122128
2030-09-12 03:00:00,4518.882357701714,2695.1804609906794,343.1912092861074,3343.234084824858,606.4045733122156
2030-09-12 04:00:00,4458.300481158975,2734.2926400026067,340.9881373047333,3401.381752678971,619.523920179625
2030-09-12 05:00:00,4650.760203281056,3020.1511247355947,378.09357260264176,3405.818315721465,638.5864313497675
2030-09-12 06:00:00,4891.197013165778,3173.940635890967,408.01834707961626,3584.3408765513045,757.991031912721
2030-09-12 07:00:00,5087.758257237458,3164.392789264066,417.4146237095789,3727.456495029215,880.6667401805133
2030-09-12 08:00:00,5428.687639663833,3186.806813713463,411.803110134916,3683.565474141905,913.8853157206178
2030-09-12 09:00:00,5584.443233131166,3200.6109497666685,410.9334549712183,3702.7323114163296,935.122366794226
2030-09-12 10:00:00,5572.906346422028,3210.732424552827,411.3321877045079,3680.658992974612,932.4118368932116
2030-09-12 11:00:00,5592.12543605197,3188.735613235533,406.3245449631975,3666.6150386144022,929.481259555982
2030-09-12 12:00:00,5507.862232242616,3050.1857049976056,406.1169934722798,3627.942450076817,897.6137010021679
2030-09-12 13:00:00,5493.199905209227,3074.9273223909627,407.0493874368963,3703.517648893952,865.3339985610033
2030-09-12 14:00:00,5537.084205996404,3084.150062768667,402.7226431102904,3586.3412256474294,856.7451352099818
2030-09-12 15:00:00,5639.616751147432,3191.5068275938806,409.6660878336583,3630.053316186669,867.5537587300742
2030-09-12 16:00:00,5655.2814868106,3274.0655202187754,427.7935254343014,3727.6912670420193,914.16983518888
2030-09-12 17:00:00,5725.292610427935,3384.514260093685,453.8210434202194,3834.0027405104665,962.178757909829
2030-09-12 18:00:00,5771.350514062157,3396.4134985909527,477.0387164056675,3880.159025111273,985.264504375044
2030-09-12 19:00:00,5782.265008486276,3453.1925273413217,487.1841145536836,3974.789190092998,989.2344441114952
2030-09-12 20:00:00,5628.511017619121,3427.919235141365,483.95932598654167,3905.182135079128,989.1637497828934
2030-09-12 21:00:00,5594.213807314835,3235.6492407275496,460.0951156462635,3774.017948944384,947.3992315660043
2030-09-12 22:00:00,5193.042191026046,2976.09937718569,411.724753185282,3630.230755877341,845.0674268140348
2030-09-12 23:00:00,4865.992027721078,2793.9672305854083,376.78472192169295,3431.0272586598257,742.3385903606246
2030-09-13 00:00:00,4712.953223044918,2740.649742296804,354.8846733171353,3395.13493824383,682.9264803227549
2030-09-13 01:00:00,4606.820908410539,2675.8509074147178,342.8432795200986,3351.2766563995942,622.6588853172121
2030-09-13 02:00:00,4510.460184273529,2652.1800381014136,339.5933119768287,3264.4852917401404,604.4496703569324
2030-09-13 03:00:00,4434.711983864517,2666.062517148848,345.4733235149371,3291.497287031917,605.3418344123584
2030-09-13 04:00:00,4565.274437569334,2786.069890358014,339.82316977668563,3353.003105995506,613.7627889403481
2030-09-13 05:00:00,4685.540954946284,2997.7902215739023,374.1847278368059,3408.130033505024,652.7685974030005
2030-09-13 06:00:00,4910.425837176199,3233.6046785856897,407.2067767554563,3627.81055682788,745.0950251751731
2030-09-13 07:00:00,5020.801239675677,3155.09111823713,412.2438190502865,3643.3662874850615,873.8105952950282
2030-09-13 08:00:00,5330.886424717331,3166.019648244305,415.5464435027761,3681.661423787784,905.1664166919456
2030-09-13 09:00:00,5573.905624636263,3218.0278766681604,399.8198815982197,3703.74456392648,945.9559063909992
2030-09-13 10:00:00,5637.712603136075,3190.42080568916,410.8445732225491,3730.115473532196,934.0400599967014
2030-09-13 11:00:00,5498.701547400962,3134.599628486836,410.4199991355824,3731.742227089432,937.8196952857928
2030-09-13 12:00:00,5586.189404636766,3056.625301252667,397.6906304875566,3615.114616194463,875.500787157029
2030-09-13 13:00:00,5483.960837737021,3110.159672693262,403.7008271966214,3658.840253163168,842.088962584262
2030-09-13 14:00:00,5611.64489998332,3150.601451985633,402.08692193556703,3607.2918285928,875.3782381560876
2030-09-13 15:00:00,5563.562222418611,3140.0451177988225,412.462930342326,3646.2569254940186,892.4740358320252
2030-09-13 16:00:00,5571.17863260252,3241.202634529953,428.7805044270803,3675.7054037073062,923.526322495012
2030-09-13 17:00:00,5699.323539429991,3412.606479236436,455.475422071906,3830.0485682731896,968.5272299686156
2030-09-13 18:00:00,5726.519612832477,3469.3833003972627,477.45773873477685,3875.40891136538,985.1793447535672
2030-09-13 19:00:00,5687.948938373367,3453.4236579295234,484.0249083763848,3925.142328377752,990.0466289418428
2030-09-13 20:00:00,5762.230579802832,3407.3585206384987,475.31540227289423,3928.908330328966,987.4538215446756
2030-09-13 21:00:00,5564.707688982171,3270.2630981871434,454.2525680652855,3803.004329163528,921.5102339702908
2030-09-13 22:00:00,5263.497463742737,3015.5053390132,405.9412807304976,3599.5159373897777,848.3182200726719
2030-09-13 23:00:00,4912.186758408303,2881.9029878048063,378.42111881968754,3489.03919956402,741.8371537855475
2030-09-14 00:00:00,4558.328243051227,2773.971568513012,357.315306423143,3287.933936068765,663.4012511934957
2030-09-14 01:00:00,4550.36003494838,2695.248025582666,342.47911412482955,3241.630323779942,618.5317732028506
2030-09-14 02:00:00,4416.457737694435,2571.848913038827,339.53990673054403,3254.9249725170407,614.1677696352486
2030-09-14 03:00:00,4478.064271088003,2684.059463949313,343.47969884043124,3245.5999908184644,600.2104833718274
2030-09-14 04:00:00,4489.168670248749,2796.9901591989674,350.0790299461538,3270.369678693374,617.0768172839374
2030-09-14 05:00:00,4545.737058730578,3037.291915488925,372.8062373175874,3361.774981510039,641.647359365857
2030-09-14 06:00:00,4699.6025810632655,3114.7955431065257,414.7815791767391,3661.133658262181,752.6529913117832
2030-09-14 07:00:00,4984.097527293474,3120.488719965299,415.007652816381,3749.905776568527,870.4226163914138
2030-09-14 08:00:00,5246.830095170412,3179.461085813387,411.76395966863305,3673.6134724057215,903.7389367498496
2030-09-14 09:00:00,5467.696552446631,3152.8984417737097,402.5530962031101,3761.938004643189,923.365662047334
2030-09-14 10:00:00,5617.179874460154,3181.6493365092115,401.5527565875311,3716.5370018700896,910.7729721700922
2030-09-14 11:00:00,5568.912136324242,3119.255741616965,409.9332925749503,3652.87548179605,920.384947353843
2030-09-14 12:00:00,5342.773171062857,3067.753025076745,404.2847722935306,3615.358078158472,868.6954572743824
2030-09-14 13:00:00,5417.982016511301,3117.5526102110857,404.5264408452187,3609.0626202242074,861.3592608110526
2030-09-14 14:00:00,5435.662175674996,3121.636180362348,411.4355968385682,3649.4028711243423,861.7782702708704
2030-09-14 15:00:00,5526.88410364616,3104.919300436389,407.2706231985035,3643.053831139277,879.3672578621174
2030-09-14 16:00:00,5549.968380549342,3246.190311539948,432.7515601322064,3730.183299127452,917.2840331737294
2030-09-14 17:00:00,5560.3373935663,3363.960938910083,456.29392009993416,3862.947824153986,951.2736449210768
2030-09-14 18:00:00,5667.544765966349,3473.386860515784,478.424084811996,3925.5138054198674,981.2313753814592
2030-09-14 19:00:00,5646.283592071012,3506.428755771122,476.5287390403105,3984.228773071567,996.2842688644716
2030-09-14 20:00:00,5793.318066710654,3384.855557490509,477.57087251954965,3863.406344491145,967.8104493534486
2030-09-14 21:00:00,5520.935252628121,3184.431545291629,447.430287730499,3797.2876801565417,935.6698155054834
2030-09-14 22:00:00,5189.343282381044,2969.415488194505,406.37532249431047,3626.034694112763,849.2441922103513
2030-09-14 23:00:00,4783.168120507494,2864.6938952764986,376.3169714279298,3415.2751230704225,724.8727165124056
2030-09-15 00:00:00,4463.528359708728,2689.802502548521,354.9051209947322,3328.5969519940013,652.0722205275574
2030-09-15 01:00:00,4420.243016217477,2654.199664166444,333.9460351019528,3291.7261453165897,612.461961266288
2030-09-15 02:00:00,4319.718966320574,2628.8149352137484,338.1350762020343,3214.282778926406,599.4572339520647
2030-09-15 03:00:00,4306.166999773326,2652.7990245827696,338.4421688919043,3263.2959075856206,606.9716811917599
2030-09-15 04:00:00,4309.777221341227,2778.947417848883,347.1908377294102,3318.114548664704,605.5937008460209
2030-09-15 05:00:00,4428.644148687454,2964.2803556569183,378.8606672491672,3388.8219099653666,635.2495308037206
2030-09-15 06:00:00,4624.766231353019,3118.4961977654184,415.5821014194155,3548.7676251695075,754.4223495691699
2030-09-15 07:00:00,4774.21943126956,3059.861898860598,416.6665695745201,3648.03878751998,870.01846386937
2030-09-15 08:00:00,5097.087607371897,3167.628859004027,416.3761285299411,3671.631155087136,899.5671663726617
2030-09-15 09:00:00,5281.379747921613,3152.574287161004,406.8065749876053,3739.472097825954,918.3079983894394
2030-09-15 10:00:00,5335.846593007088,3146.45207952668,405.4269022566856,3655.464721481426,933.822005276646
2030-09-15 11:00:00,5367.483475991637,3120.5291954229942,410.6083749041164,3676.308051357914,908.0093271268802
2030-09-15 12:00:00,5286.89093848892,3059.7317936054983,398.5624830495196,3609.0184694505247,892.7835057484161
2030-09-15 13:00:00,5379.618579659829,3051.083537311033,404.5507668314205,3553.898780967972,867.5162412041378
2030-09-15 14:00:00,5369.900574836738,3086.1581770939,401.8075877505568,3643.606026515795,858.1388555170438
2030-09-15 15:00:00,5395.086130150427,3145.326362671285,413.2198913992616,3642.5820844302098,876.0502995782355
2030-09-15 16:00:00,5471.373241833966,3282.726114175311,424.8230977197476,3700.1792554235553,913.4885579543871
2030-09-15 17:00:00,5400.866286706051,3396.661092329625,450.8268647318135,3727.72893210976,957.8188559457784
2030-09-15 18:00:00,5411.004803697475,3384.416103600528,476.5681299114664,3863.2674924920816,975.05158291142
2030-09-15 19:00:00,5509.375070213634,3411.3515228777555,480.4289068518201,3922.841379911675,984.9723017944214
2030-09-15 20:00:00,5498.238330387922,3322.6178510524887,475.5048394692451,3933.833755832489,973.1180929475504
2030-09-15 21:00:00,5346.982006479334,3171.392312575124,450.1460505574351,3752.37173887436,936.8624249477472
2030-09-15 22:00:00,4947.852945031887,3035.175361041928,411.4728946572599,3624.933393506587,847.1575240422209
2030-09-15 23:00:00,4689.941402419215,2737.3126451080784,382.4563016237396,3483.140128778651,718.9066039811689
2030-09-16 00:00:00,4593.492842061715,2641.0647179917287,353.5337900949688,3403.1003631222607,652.6158892339124
2030-09-16 01:00:00,4534.755444346294,2648.373936804949,336.5182334754855,3405.520591603468,628.9015123297572
2030-09-16 02:00:00,4428.634855418466,2584.5594430702167,340.0184285857869,3289.9769512687567,609.00472242006
2030-09-16 03:00:00,4393.079030861465,2684.7948842322608,336.5729931906541,3224.7274172878538,613.6094144885581
2030-09-16 04:00:00,4467.277015234296,2740.589769278745,344.02132703509125,3289.677318418964,603.9457689173817
2030-09-16 05:00:00,4602.2775460769335,2945.493366294728,386.4686037516001,3392.427288189428,640.1901584446017
2030-09-16 06:00:00,4836.122877930861,3149.734744488393,412.4941342227864,3613.736326975743,758.9423096897447
2030-09-16 07:00:00,5071.545640541062,3118.955689021617,413.8315211672387,3725.328664370229,863.3052906482695
2030-09-16 08:00:00,5350.704769099107,3254.9169701763426,415.29847661093225,3718.1071680563487,896.8866705486507
2030-09-16 09:00:00,5565.004862308463,3189.5557600571124,405.7288628930355,3653.6058322825215,935.1333827383222
2030-09-16 10:00:00,5611.202728911319,3200.2535503220583,405.2548621223116,3671.95669219452,937.8602846811056
2030-09-16 11:00:00,5519.169375235913,3069.8857606204306,407.32282355043793,3626.890285928642,899.2236074669844
2030-09-16 12:00:00,5472.717665058818,3074.2842486212708,400.1562671378624,3594.928725856389,879.0992360462876
2030-09-16 13:00:00,5487.564677317532,3090.278559356971,405.3459786146895,3572.5700558774743,869.2382518059533
2030-09-16 14:00:00,5546.3693231830985,3139.629207818274,406.06929733402814,3611.5668053376457,866.0390139837779
2030-09-16 15:00:00,5527.756763387398,3171.764442986118,416.8141473891819,3659.948747469722,889.5977345185385
2030-09-16 16:00:00,5525.655421549883,3233.585675782011,432.4570445133586,3742.4103363072886,911.4225928798706
2030-09-16 17:00:00,5717.242044430288,3406.5936296684727,459.4968596780443,3830.558012566227,950.019008202276
2030-09-16 18:00:00,5710.31287071197,3378.682702696419,469.0456211592278,3944.21987845033,983.844720070048
2030-09-16 19:00:00,5621.952254328012,3460.915228704883,482.8254834620313,3884.048511140496,976.2841480177474
2030-09-16 20:00:00,5796.44337525981,3385.938534521673,474.0374809593116,3977.281998252608,970.213508143267
2030-09-16 21:00:00,5452.264982796419,3240.9460764221467,452.62090151872377,3781.089238629721,933.8658188805848
2030-09-16 22:00:00,5236.280235565134,3005.8661735252977,406.5942853076463,3629.251994129805,846.1343107712028
2030-09-16 23:00:00,4780.750198199602,2833.837919940106,376.9125968916651,3427.496759457331,721.5385581999627
2030-09-17 00:00:00,4664.826527441495,2756.2391736006825,359.56946826130263,3349.8181409785616,647.0749687418819
2030-09-17 01:00:00,4518.274510898579,2636.544632591755,342.68174808747057,3299.322130616517,627.3664477070479
2030-09-17 02:00:00,4527.745649782593,2668.639595592494,339.04935612749455,3263.9289687981977,598.3614053408808
2030-09-17 03:00:00,4501.529674227723,2686.456331448218,343.7267655454901,3224.3734235915786,594.7005045664333
2030-09-17 04:00:00,4560.92989462261,2737.236438794663,351.0552738351301,3305.917458861113,619.331514777154
2030-09-17 05:00:00,4683.62499095232,2993.659699151334,373.9014133753408,3428.147543759246,641.4469659578733
2030-09-17 06:00:00,4834.790971144867,3149.685521801679,412.878349748822,3642.532131181352,760.5369572971243
2030-09-17 07:00:00,5016.244993107615,3129.568974941939,413.4929109414871,3725.2776834105703,872.3808312184876
2030-09-17 08:00:00,5369.36568179226,3179.215214614443,412.6238684292156,3671.093168714443,897.6834882848275
2030-09-17 09:00:00,5560.8778317317565,3149.829757707917,409.333215003114,3728.2035020270914,910.6557376210196
2030-09-17 10:00:00,5610.090161863541,3120.262672533908,403.9083325930601,3680.343678475044,927.92237817421
2030-09-17 11:00:00,5525.4296433826685,3092.2334983081987,407.6456268122651,3664.922342674379,918.199411347768
2030-09-17 12:00:00,5494.330865805969,3103.0131669491147,402.7801789734055,3683.470533893885,893.9343645466953
2030-09-17 13:00:00,5518.432298774236,3126.99007759658,403.5839839084565,3574.533775792861,879.1033893238002
2030-09-17 14:00:00,5540.728747950871,3159.3053215358086,403.5091372139905,3570.5567106927106,855.6722822140974
2030-09-17 15:00:00,5590.380627046934,3179.1904190465684,413.4365697573149,3626.581343812181,871.676176350752
2030-09-17 16:00:00,5568.011475340064,3252.412273613485,423.840969697297,3679.49896016911,908.7609887894308
2030-09-17 17:00:00,5689.361992404277,3449.394614635541,455.9160032731164,3829.52991696203,953.3893736553056
2030-09-17 18:00:00,5656.4104049534135,3482.9785190057964,471.22818035417305,3887.7305420033913,981.091613509486
2030-09-17 19:00:00,5711.069472308496,3489.908470498808,482.9787692618193,3850.797653215299,988.6171214871282
2030-09-17 20:00:00,5610.350701933069,3378.285712441769,477.5008200340671,3891.713156647719,967.9847485610628
2030-09-17 21:00:00,5603.915250030525,3187.723698283704,456.6352411151337,3813.076577885776,947.438580763392
2030-09-17 22:00:00,5269.584566402658,2983.0252736259586,404.0581198089901,3603.606581985852,864.1370019533449
2030-09-17 23:00:00,4870.942643643559,2815.708090999,372.486693014706,3481.5735686685307,736.6382705864813
2030-09-18 00:00:00,4735.793336965396,2735.5265962652534,343.5306179607469,3366.826663267765,661.8994391316942
2030-09-18 01:00:00,4528.88342811747,2690.9568243333865,345.8548628076228,3301.697934386625,629.4619794998232
2030-09-18 02:00:00,4517.126939214528,2640.991255056515,342.0144962513067,3307.7180203889566,612.9251034548552
2030-09-18 03:00:00,4496.037530349857,2671.504226777448,341.08284663369903,3310.735222777524,608.5833182383777
2030-09-18 04:00:00,4540.309931092238,2773.537653924354,348.440277919037,3331.0741904095657,625.2904831367678
2030-09-18 05:00:00,4656.374975720812,3042.0332725032745,368.2966385200816,3449.428423129919,649.1358389383817
2030-09-18 06:00:00,4808.569361393166,3163.1730507494585,410.1303103262063,3609.433234677933,755.7667753169839
2030-09-18 07:00:00,5049.262222404228,3150.2993368186417,414.6052460816032,3714.723745366736,881.2569625216495
2030-09-18 08:00:00,5339.055152250111,3180.827272576738,419.84887172336346,3742.266147227466,921.3018736671066
2030-09-18 09:00:00,5575.074560039303,3210.92718594895,412.538973153654,3684.9811195432976,949.3433205107046
2030-09-18 10:00:00,5601.98242644257,3242.4606256644047,407.16604748237233,3699.875901073987,925.615155087726
2030-09-18 11:00:00,5551.934776599992,3112.0016604817806,406.3562432761946,3689.7631594830905,925.380704543378
2030-09-18 12:00:00,5507.823194249802,3058.969746024444,401.7384886906162,3590.2709750956574,891.352997877452
2030-09-18 13:00:00,5583.1771314212965,3086.353843155102,411.2035165313304,3672.478180817717,864.225806023278
2030-09-18 14:00:00,5620.198876364062,3027.2756845569165,405.81898895823286,3597.658740869137,883.2703387537155
2030-09-18 15:00:00,5592.085176314546,3124.5621314887776,397.50298947061407,3655.918637737133,875.9668791845902
2030-09-18 16:00:00,5597.47128523464,3300.651804812778,421.93193410139565,3751.457161449798,915.5105668464636
2030-09-18 17:00:00,5732.502963348255,3423.8931603638434,454.48794701295446,3912.929192168868,971.6575166566238
2030-09-18 18:00:00,5589.614744974049,3384.5674423850505,477.3837596532152,3930.553420864344,995.4240516397584
2030-09-18 19:00:00,5717.248376932418,3420.7385857108247,489.9958010450217,3947.049829001314,965.4157853086854
2030-09-18 20:00:00,5750.118260916778,3410.6021692480504,475.82352037211047,3963.509092529743,990.0238846707588
2030-09-18 21:00:00,5539.373511856078,3216.482606810484,452.08517554280064,3774.9008156133423,952.8931672150708
2030-09-18 22:00:00,5317.029157135009,2993.3879093071446,400.4953514167606,3593.3277973887825,850.3627966999609
2030-09-18 23:00:00,4975.896899503527,2801.693290495574,379.126749162607,3458.1305356448865,743.2688774299806
2030-09-19 00:00:00,4721.1446468033855,2688.4333288076227,357.3609601008619,3381.842740075811,666.7433942272393
2030-09-19 01:00:00,4617.734469128052,2683.2075355225293,342.9665739437753,3296.128024822597,629.5681848752089
2030-09-19 02:00:00,4470.146954227874,2692.062149936497,340.1955212970646,3301.984345086103,599.7001530657618
2030-09-19 03:00:00,4467.496270142238,2677.716183643978,340.3872542945885,3310.465573330111,617.7272672890678
2030-09-19 04:00:00,4553.282947378564,2784.136912106912,356.80830359902313,3360.0898580910443,619.277126426176
2030-09-19 05:00:00,4669.32707361438,3009.289245180915,375.2138927784189,3487.853026708725,643.4527345295444
2030-09-19 06:00:00,4884.34649273486,3148.941385345586,405.14169150331065,3635.181877332356,762.8034778548484
2030-09-19 07:00:00,5026.745771478356,3214.808433964919,409.4533320016039,3681.0991835826,869.2865444439366
2030-09-19 08:00:00,5448.264275833245,3182.8930488685155,415.753373834164,3708.735999112881,925.7527687288284
2030-09-19 09:00:00,5535.6782596449375,3194.024344758473,408.03107108979646,3661.786742677918,937.4090730815184
2030-09-19 10:00:00,5637.199366762378,3215.0547027987304,404.87354141691367,3739.485012482144,928.1242328802967
2030-09-19 11:00:00,5686.054209868634,3083.038835610148,408.37285399275504,3661.43103558736,922.4339642657596
2030-09-19 12:00:00,5489.874165811297,3083.556399152372,411.84620429504207,3558.553853110148,886.8112165101932
2030-09-19 13:00:00,5490.219917795522,3126.7842154572822,413.83213744616535,3642.49473774517,861.9206816445396
2030-09-19 14:00:00,5661.649255678345,3111.2020792719254,400.4282385460551,3628.940816578052,882.1738975337493
2030-09-19 15:00:00,5521.128814623071,3175.8260788206712,412.74644056717153,3616.741547931757,892.1962580075872
2030-09-19 16:00:00,5646.549840599717,3296.2653746842047,425.5676987594566,3774.182906122552,916.0665700842426
2030-09-19 17:00:00,5683.118315947003,3410.5725338034936,451.2870132434321,3783.566126763345,959.7311756324168
2030-09-19 18:00:00,5730.0139311833855,3478.882999961095,469.8783473545005,3972.44687162424,1006.9451718849424
2030-09-19 19:00:00,5715.307230708844,3521.2003578434505,478.0996667085393,3933.262370104211,988.105109307716
2030-09-19 20:00:00,5776.678472854025,3374.8959497907304,484.6603863009126,3936.0553172557698,998.9947479048204
2030-09-19 21:00:00,5535.804793635546,3282.1265953939733,454.5378349088884,3798.2557964065454,947.2932693331372
2030-09-19 22:00:00,5290.964784577462,3105.9550380420333,409.5557426087316,3612.2256412583,859.1221302485252
2030-09-19 23:00:00,4952.131541717621,2834.429278614792,380.6639428658684,3419.513567021436,743.8235096025339
2030-09-20 00:00:00,4647.12912285237,2693.4489327249034,357.4765818241072,3364.459744819088,680.0171751718866
2030-09-20 01:00:00,4551.392835531374,2732.5127221055664,341.83523738717594,3357.0621411710363,625.219455584771
2030-09-20 02:00:00,4596.183058255718,2693.62518571354,345.13273457342086,3325.907631541223,609.2597120680634
2030-09-20 03:00:00,4524.312010259604,2679.813021368359,335.8586676001788,3282.19249045083,613.2515433542707
2030-09-20 04:00:00,4507.451104613181,2784.5545507343086,351.2452990777769,3336.7705243808127,631.6934951111981
2030-09-20 05:00:00,4662.376423560692,3022.543433825071,378.35317068015206,3378.4762321486487,652.7064114032107
2030-09-20 06:00:00,4766.683146168307,3184.7808546862607,407.6344262095719,3666.063786060798,762.3650426126615
2030-09-20 07:00:00,5016.740154008859,3172.6270374685414,419.07221072473374,3615.8579877144857,871.9300080175859
2030-09-20 08:00:00,5402.646803214116,3226.3476505826147,415.4591778926389,3681.3550506926663,918.0244067054898
2030-09-20 09:00:00,5596.28775188365,3212.910855977557,411.72895926524296,3793.809606755284,924.8647314637426
2030-09-20 10:00:00,5613.047689389307,3158.321911407854,412.5473257983298,3751.9548209096174,933.4593647087894
2030-09-20 11:00:00,5485.566918324232,3144.043162059999,408.9821032939523,3656.946027368316,911.7872488948686
2030-09-20 12:00:00,5443.0142363798805,3148.1648277568984,410.4433817548453,3597.5267061980067,880.4947114415949
2030-09-20 13:00:00,5548.472039394672,3158.645179077239,410.5680969406074,3579.075845021508,878.0144541320558
2030-09-20 14:00:00,5629.421531339121,3131.2689833138397,408.78785244416673,3636.438219214064,877.159156494566
2030-09-20 15:00:00,5718.512835621335,3185.141448501696,415.01683598858415,3674.375042882806,888.995158319223
2030-09-20 16:00:00,5585.858469439288,3296.184714992477,422.723917446162,3735.932043369096,922.1622346463706
2030-09-20 17:00:00,5710.987028230773,3386.572676248852,457.5837063005348,3938.086536967225,965.4869812709884
2030-09-20 18:00:00,5773.995947745539,3386.5570762570924,473.56346079961486,3976.546454343487,1005.5282270459004
2030-09-20 19:00:00,5790.356646635683,3511.4145208889904,488.4297453237752,3934.6388209628,996.7729244944924
2030-09-20 20:00:00,5716.804193259769,3425.926113824117,485.7756710716756,3973.860789929,988.0238018030792
2030-09-20 21:00:00,5541.22804321693,3176.2594830097983,454.1397916124336,3782.856703471166,944.965154462303
2030-09-20 22:00:00,5330.3145900977615,2989.5943943028865,400.1147376562337,3613.6965330262665,858.3520055084144
2030-09-20 23:00:00,4986.780863718067,2881.5597375085567,367.5517854624935,3486.859716184827,739.5899463963738
2030-09-21 00:00:00,4598.952855433677,2768.545796688241,357.4745631987041,3377.397023835081,666.5123788001214
2030-09-21 01:00:00,4584.558731282375,2696.6650601488645,345.51644034162507,3323.018057826732,628.8181483589649
2030-09-21 02:00:00,4513.203706230082,2672.7469748407143,344.12458791485363,3291.0391174419165,607.5706181111736
2030-09-21 03:00:00,4423.5823353821725,2686.1635020133253,337.8791194208913,3281.5116844033705,608.703238370146
2030-09-21 04:00:00,4536.469352817522,2755.902796617206,347.2067834055716,3289.1191064179493,618.1144513834319
2030-09-21 05:00:00,4661.799239510545,2980.850234601256,373.5003206046948,3418.9160090750047,636.91904561327
2030-09-21 06:00:00,4741.701901815807,3172.4752780507933,408.95970439031777,3615.443575926709,758.884063049776
2030-09-21 07:00:00,4967.810148488768,3185.8902231867705,416.17905921992514,3711.690909664516,880.0214448545579
2030-09-21 08:00:00,5343.050482937437,3168.3513980439725,411.41308681649775,3721.636946065785,917.2091819680776
2030-09-21 09:00:00,5493.789676756798,3161.321325279151,413.6735613315012,3673.2987756183184,911.2546507078068
2030-09-21 10:00:00,5608.212544226719,3175.236922474924,411.6261335554127,3669.2851308627182,925.233982507493
2030-09-21 11:00:00,5527.688682228371,3161.0406181104177,404.7430585670908,3635.1311980452288,924.218629582011
2030-09-21 12:00:00,5518.71783167563,3021.318732748527,403.5474492408232,3621.332048952973,875.7607659699942
2030-09-21 13:00:00,5509.880457242572,3124.1744770556497,406.2112020292448,3536.416858526118,874.5221120275246
2030-09-21 14:00:00,5488.349547992637,3123.450926897687,406.4908560688986,3665.237397021506,856.6422076552436
2030-09-21 15:00:00,5485.617193623854,3157.5182897531367,411.3614051457635,3678.9143443649136,887.1522539704213
2030-09-21 16:00:00,5676.057565510448,3307.8647441597213,425.0760404601,3685.3756111259736,914.2566255532156
2030-09-21 17:00:00,5649.39273525994,3416.3072524104064,458.0291219998125,3841.6686712502255,947.4089407142188
2030-09-21 18:00:00,5619.940537362983,3432.8457131080604,473.5054569738506,3923.169654322249,974.8961994869688
2030-09-21 19:00:00,5676.541135699483,3474.3478501551026,485.7081128055319,3913.219452619504,990.4784667030837
2030-09-21 20:00:00,5732.614428096993,3328.02649409622,482.8291968883911,3963.509573229751,979.1153515541994
2030-09-21 21:00:00,5446.317550637655,3200.9562488893425,452.2506870450882,3831.929721215196,939.0702747436868
2030-09-21 22:00:00,5301.887073483492,2979.293748873328,403.17139688983394,3620.755279462156,849.4480613029878
2030-09-21 23:00:00,4912.648740371567,2825.1057142128225,379.4512465758165,3351.8789649359182,737.4435903348198
2030-09-22 00:00:00,4479.22403190639,2756.092643721117,353.4768720744375,3352.062364847491,648.4961273742051
2030-09-22 01:00:00,4392.032651512994,2629.786255969724,342.4155941584008,3253.893877406714,626.6759898890182
2030-09-22 02:00:00,4310.023966125294,2573.3354739420965,340.9859441521832,3246.110560290073,600.7146456761735
2030-09-22 03:00:00,4300.968378417485,2677.189268632036,345.3435427377916,3235.05497481303,603.1624624343394
2030-09-22 04:00:00,4380.363536186364,2733.88901100435,347.0949573726484,3314.9323406550543,610.9196091743964
2030-09-22 05:00:00,4459.209643349984,2969.01272385049,378.93883493792544,3340.688893995788,632.5925463612937
2030-09-22 06:00:00,4660.258304930019,3171.8903398149114,406.4723022040001,3601.0444372461493,753.7601457955566
2030-09-22 07:00:00,4775.2831308735485,3122.7954274997514,414.69883558468575,3616.74545329328,866.1273569563853
2030-09-22 08:00:00,5154.91571287851,3188.9608303249597,410.8897631203336,3614.96065940188,904.6839075345238
2030-09-22 09:00:00,5430.431992789791,3180.893350076497,403.2549611510801,3637.361590056904,913.8529074308408
2030-09-22 10:00:00,5410.144755454435,3086.09699177713,405.30661676029536,3713.457672060909,898.1451260906937
2030-09-22 11:00:00,5293.129431147126,3081.718070320172,404.88648758754994,3631.065985825855,917.454618477934
2030-09-22 12:00:00,5188.698680429912,2975.276269640561,405.58505059934055,3591.3461951605595,883.7451649205846
2030-09-22 13:00:00,5370.574642851855,3076.941043226119,412.3242303264593,3565.627598750388,867.6824675055983
2030-09-22 14:00:00,5256.262069904979,3025.226467921096,397.6279883208321,3554.0021248569224,865.7345428724248
2030-09-22 15:00:00,5335.638550610969,3070.22394370703,415.7942178061395,3633.267016784335,880.291946830877
2030-09-22 16:00:00,5342.698606728052,3210.4368566602475,422.0041055975116,3751.199101997188,904.8970250571732
2030-09-22 17:00:00,5455.233408275003,3405.946765069278,457.3715786106399,3782.2250645609815,967.64530972264
2030-09-22 18:00:00,5486.671821363119,3362.986671316711,476.83026857475096,3893.443323448378,974.1484299110635
2030-09-22 19:00:00,5525.693826518824,3455.506959792416,482.2807822529626,4000.366023132217,984.8879774806016
2030-09-22 20:00:00,5506.7661263526,3345.153786954685,477.73264797547694,3909.784582713558,980.8820702659502
2030-09-22 21:00:00,5233.883017712767,3122.7582661917754,444.7893203013212,3765.1323107522,932.9016262369346
2030-09-22 22:00:00,5032.16378711136,2955.614642328799,410.9482882590003,3605.6813715830176,841.6671681704809
2030-09-22 23:00:00,4775.222767968654,2773.22614182456,381.31651823050106,3460.994370264243,717.6446385674665
2030-09-23 00:00:00,4589.893107753404,2740.7850806024503,352.9410754743695,3384.569286095299,660.063797565986
2030-09-23 01:00:00,4464.525743489602,2655.515168061095,351.9738307228958,3301.590735723939,622.8415490909277
2030-09-23 02:00:00,4466.682763808325,2629.606699296893,344.51066435673084,3325.172140402429,602.6270109243342
2030-09-23 03:00:00,4510.638841582199,2740.772837604733,338.5991532889932,3272.816126146891,611.010254462136
2030-09-23 04:00:00,4493.844051428911,2768.627422272086,344.3539362050111,3335.388524184455,608.3679167223908
2030-09-23 05:00:00,4645.978847965025,3012.788397713466,373.7830812649697,3431.8750762437385,652.9968642898485
2030-09-23 06:00:00,4771.284473342989,3142.382536949677,415.7788573172382,3620.689926827797,749.9966900115271
2030-09-23 07:00:00,5007.831701091171,3202.874173629192,413.1758434557429,3763.839780783531,855.1630398539525
2030-09-23 08:00:00,5397.255339829319,3181.4752905667883,411.540860023873,3717.445212107284,905.0085130332895
2030-09-23 09:00:00,5543.526563630793,3192.599013281874,405.3817821487393,3651.227345517956,948.213445111248
2030-09-23 10:00:00,5556.169377478269,3126.734214835154,407.1895614992584,3695.16656197647,939.8212342307236
2030-09-23 11:00:00,5540.807803385182,3109.861382233224,414.6180339769509,3648.080975730367,920.9080905652372
2030-09-23 12:00:00,5408.188134284459,3104.5557998916,407.80621116619,3573.786123785133,883.90346191777
2030-09-23 13:00:00,5411.886542421883,3095.0719125271453,404.8548141655441,3623.915167409384,870.8618815328599
2030-09-23 14:00:00,5443.692458154427,3019.61108378722,405.2836158727848,3664.086784146785,853.7429846088279
2030-09-23 15:00:00,5581.799615390596,3109.313475504526,410.0642497984059,3639.9919870254025,878.498246417245
2030-09-23 16:00:00,5616.267623907237,3277.82187535645,428.5546535753781,3778.875493888941,902.3380513094418
2030-09-23 17:00:00,5656.582424875746,3431.991878514252,450.4616200918752,3898.173191751318,947.4034361182222
2030-09-23 18:00:00,5541.918045917012,3425.588875544459,474.84140225292566,3917.976286443298,988.4219121011938
2030-09-23 19:00:00,5665.101840618886,3437.306629639778,479.01435497300656,4005.27529084334,973.6320346180268
2030-09-23 20:00:00,5663.127754656787,3448.8421718927807,473.108214211251,3954.54165004044,997.8567647997996
2030-09-23 21:00:00,5529.570578506163,3222.176561505757,455.1153298828547,3804.850815929587,960.249439462496
2030-09-23 22:00:00,5190.538512241274,3018.728191857422,411.3184367752286,3568.500259299665,838.6860055882782
2030-09-23 23:00:00,4842.772647774983,2802.110976349953,370.0286643393337,3437.544592990506,728.8021284663794
2030-09-24 00:00:00,4688.834769068911,2757.1690434618886,355.9521989401484,3330.487590392394,663.0558043094428
2030-09-24 01:00:00,4576.332046517496,2702.4143490818124,349.1920795584403,3271.538682916435,609.9845293374174
2030-09-24 02:00:00,4564.21667310004,2654.320240341235,340.28115730440123,3251.7102732261187,614.901640276108
2030-09-24 03:00:00,4496.765200880437,2755.1045750641742,340.352451632654,3264.6096666141966,601.2580585479346
2030-09-24 04:00:00,4505.163684911891,2755.8629306487333,342.4612456415369,3301.174785037593,611.9461192750122
2030-09-24 05:00:00,4695.750474163193,3016.980606546261,377.57439920707697,3435.1249721981544,656.5757915312979
2030-09-24 06:00:00,4812.029241964203,3111.5495327665367,410.63882471665926,3643.836459557357,759.8305292395924
2030-09-24 07:00:00,5095.707851921376,3148.2419200416152,410.5474016814409,3661.992051946538,866.9910645968166
2030-09-24 08:00:00,5369.840883495306,3222.5548851575504,414.987283440962,3713.040621819133,908.9332473747304
2030-09-24 09:00:00,5551.767047392453,3197.695534003837,415.0295032122577,3713.515953338319,926.78715747101
2030-09-24 10:00:00,5692.448148526939,3141.4412418992897,406.59854477690624,3690.7419932007247,913.9033618924508
2030-09-24 11:00:00,5538.3457030240725,3128.790292504133,410.9838289497684,3657.256840998319,912.5118545127694
2030-09-24 12:00:00,5502.634322539335,3045.0404281599763,403.4216088536474,3632.413560474222,896.1130359853686
2030-09-24 13:00:00,5480.795957541921,3126.704857169117,413.23248404004136,3635.2382102328206,869.3717545467615
2030-09-24 14:00:00,5524.435079437567,3086.211462469716,404.9481437375096,3744.204195233666,873.6482949549271
2030-09-24 15:00:00,5628.608479081588,3205.4936579409496,407.6987577373797,3624.173416459976,883.711973386036
2030-09-24 16:00:00,5695.701397551144,3273.571642997676,426.86609206764,3739.135268023457,925.6000552138026
2030-09-24 17:00:00,5722.134209621668,3431.4510064688766,458.3181245406275,3835.865291860071,954.3280413265752
2030-09-24 18:00:00,5728.674102267759,3386.262237941426,475.89936211939175,3899.1496631667774,990.5322999567184
2030-09-24 19:00:00,5746.27051655126,3470.49702975945,486.2762083222468,3950.1288415865633,997.961322781832
2030-09-24 20:00:00,5675.535836440291,3369.1804369121005,479.6050282452152,3944.297311158,1003.3203391400608
2030-09-24 21:00:00,5528.841572553297,3238.0825820134964,447.856608188058,3781.2794079590167,929.4353086769298
2030-09-24 22:00:00,5234.367137807696,3050.717741806182,407.4558361159446,3603.569763242031,860.6099796747743
2030-09-24 23:00:00,4927.895855522315,2839.280766888171,379.21339327924727,3474.170671453799,754.7680276536069
2030-09-25 00:00:00,4647.543494026296,2710.970721214559,361.9424802736325,3318.395426490162,655.1618203377496
2030-09-25 01:00:00,4598.093798455007,2693.090875477138,344.22007441462995,3280.2402629194075,627.3223755636792
2030-09-25 02:00:00,4517.568628862841,2672.3573535227874,339.6337231857211,3299.972577757,601.2402607626498
2030-09-25 03:00:00,4587.6373409278,2702.884711910068,353.9779332423944,3259.1045620075374,610.137276828319
2030-09-25 04:00:00,4393.77109280733,2760.20331154535,348.2261971284481,3312.613518752187,608.5778121733708
2030-09-25 05:00:00,4627.472616824817,3011.0860565080748,370.8962071673215,3426.4716239645923,644.5495276350325
2030-09-25 06:00:00,4860.746141326474,3179.750407222206,409.89523993263896,3666.2606622227495,755.2976632720614
2030-09-25 07:00:00,5082.298447657105,3152.52692491464,410.33014837563417,3683.2782753528686,878.2173719708329
2030-09-25 08:00:00,5311.894956891699,3192.652552932382,417.8750969211601,3709.5772061656176,922.5684986477696
2030-09-25 09:00:00,5628.724047752437,3195.164949295628,403.3594747926068,3689.3087685462647,935.7034983276352
2030-09-25 10:00:00,5634.141814462972,3207.153921638369,408.5059484628466,3690.613406498601,928.9159744489548
2030-09-25 11:00:00,5634.385704045411,3125.971498502201,406.0531104533443,3719.772811158474,930.2200421986104
2030-09-25 12:00:00,5391.089745908122,3049.5310135488567,393.0669829745998,3656.0165624785154,894.8568977014108
2030-09-25 13:00:00,5582.25768826365,3074.576775516809,403.8784764659647,3599.204523882972,880.7584333660309
2030-09-25 14:00:00,5527.001944047702,3178.612634558659,402.3072991764427,3645.5719231704174,872.6583319590164
2030-09-25 15:00:00,5517.241287023048,3171.841850206133,413.79969232092657,3716.4383671090136,884.4049722709791
2030-09-25 16:00:00,5615.557296174948,3270.1068790433123,430.963765753128,3767.840560850617,915.4639423321532
2030-09-25 17:00:00,5700.806728900464,3414.454444889197,450.6380984952741,3792.254243003023,954.7773748113668
2030-09-25 18:00:00,5698.996173406073,3424.1148313517947,476.01740289417216,3970.6244598575463,996.4194847405728
2030-09-25 19:00:00,5671.99288944426,3474.874771109368,482.89940141840816,3901.212231362284,1001.1970768601008
2030-09-25 20:00:00,5741.483130354235,3378.346368461498,480.0133188101523,3862.52739715176,986.5303648561847
2030-09-25 21:00:00,5630.762954598808,3292.5166838457103,450.1631381536799,3809.544945754189,953.2170095281624
2030-09-25 22:00:00,5296.89538891479,3071.545591888141,417.29679763115,3612.564293365973,867.3511313841075
2030-09-25 23:00:00,4985.860691274665,2827.40803440257,372.62006392354505,3418.9324188393957,727.5019671623132
2030-09-26 00:00:00,4718.861006362649,2725.173518857512,350.2349208511054,3398.638093726801,668.2258455587515
2030-09-26 01:00:00,4566.798110363385,2625.377019929501,346.7609263647124,3260.2803097259693,628.0905310109071
2030-09-26 02:00:00,4546.283425337587,2655.828594808166,338.1187256997197,3295.265914850203,606.7807947539646
2030-09-26 03:00:00,4503.884259490594,2723.7393023900736,340.8819168919175,3324.707667338581,605.252848502973
2030-09-26 04:00:00,4557.68438942526,2778.849621195136,348.55206531856936,3303.0659995492333,622.585790214093
2030-09-26 05:00:00,4690.672485946544,2949.057427835557,379.0302307323831,3452.27586359146,653.7116300724128
2030-09-26 06:00:00,4891.142251146168,3231.45490256114,409.4448397664709,3565.2655586756664,751.492245096416
2030-09-26 07:00:00,5139.581025948098,3155.0703575872726,414.1620171649852,3719.574538344068,881.1226546008493
2030-09-26 08:00:00,5509.361243447084,3269.2152308571804,415.43551280736745,3686.5602914709134,934.8425128654084
2030-09-26 09:00:00,5612.759668499362,3187.4653073256704,411.0025288830561,3716.528440547658,908.8119690814744
2030-09-26 10:00:00,5637.092577163968,3211.5935098715795,405.589942309135,3759.8787560718656,920.3602149508134
2030-09-26 11:00:00,5585.338471811573,3190.885934866702,413.174145360486,3661.242566663717,915.3737746497056
2030-09-26 12:00:00,5452.953650501321,3027.057562827106,396.6179916492472,3655.264090550044,876.3114176458631
2030-09-26 13:00:00,5661.015199377406,3103.249878292674,407.22970205249806,3550.864766160681,889.5710612872184
2030-09-26 14:00:00,5521.595427131698,3038.544465275732,405.8215202001805,3605.6153283666968,881.7874886568932
2030-09-26 15:00:00,5674.022940140578,3153.9579788883093,409.4674156802915,3694.32374981552,882.4743599074511
2030-09-26 16:00:00,5609.406413597563,3289.345435389413,430.6985848250369,3714.3791129470137,913.6044893385604
2030-09-26 17:00:00,5767.014431032993,3415.4363474621173,453.9774580557518,3974.1509474507434,963.785643449802
2030-09-26 18:00:00,5669.57165567074,3488.421217208193,473.34091151886224,3866.647667647119,995.5059904268372
2030-09-26 19:00:00,5646.71231126459,3453.321682634212,482.7256511934589,3926.77210206988,990.1468806600913
2030-09-26 20:00:00,5716.523632376787,3421.8537652179825,488.8991658093785,3911.7341941068953,1012.4675851343876
2030-09-26 21:00:00,5450.005193274744,3253.5886111748696,455.0518894683606,3842.392308029446,942.9097337120928
2030-09-26 22:00:00,5309.95523956667,3024.821088747748,405.55309483683806,3666.103567129113,846.6816563160714
2030-09-26 23:00:00,4901.788528826532,2811.3064706701243,372.0428198904044,3425.874769351118,738.6340283563005
2030-09-27 00:00:00,4667.003508338143,2730.031629498561,355.05981642713016,3335.9022042799584,662.511328518934
2030-09-27 01:00:00,4609.765318832664,2720.175580724939,342.4482327700026,3288.341049180159,628.935242955633
2030-09-27 02:00:00,4430.745831188914,2649.0426137142013,333.9584343082621,3283.8810562339845,604.6243514766463
2030-09-27 03:00:00,4495.0054181209,2696.028962514261,350.1278568966256,3253.3882202884947,612.4756153464019
2030-09-27 04:00:00,4580.866100278771,2772.15351189028,349.9090723666,3322.2349513530944,608.8344198737527
2030-09-27 05:00:00,4731.747961620705,3022.4057873396628,375.31200359153496,3470.9446814885887,653.3885346804659
2030-09-27 06:00:00,4942.930845986802,3159.577413349904,410.2691923125994,3583.867063270227,761.426492665641
2030-09-27 07:00:00,5015.074809432656,3176.9602747469926,418.1664051002602,3650.315575549193,870.9934834603653
2030-09-27 08:00:00,5380.140596731765,3175.1539150562726,425.9376125170705,3707.9165860787434,918.8322860756052
2030-09-27 09:00:00,5671.571849772276,3175.6642542653526,421.5468485840544,3699.8843331095127,928.6895778536912
2030-09-27 10:00:00,5639.096630906491,3200.6663022346897,407.68731066449726,3687.587095634115,925.5365522323516
2030-09-27 11:00:00,5524.270808206394,3141.2611319337443,407.1345104940307,3690.979183698368,928.732213119566
2030-09-27 12:00:00,5483.378328460393,3123.8884772392503,403.9013951161069,3648.623525178614,889.0306637174785
2030-09-27 13:00:00,5520.1441141626265,3094.223184510988,407.2335660801167,3618.778888490792,866.7961852452332
2030-09-27 14:00:00,5621.235478983121,3110.878517874053,418.2177457473104,3665.549119815731,877.2200026387104
2030-09-27 15:00:00,5630.6627696047335,3165.384707666989,410.2288952075826,3623.795396374589,876.0914610866755
2030-09-27 16:00:00,5645.173498861051,3324.8940264326047,427.4221430146967,3784.3363357933463,933.8376302751903
2030-09-27 17:00:00,5703.540680831419,3407.423920112568,460.8838096527776,3915.668546081736,968.9602151984898
2030-09-27 18:00:00,5702.221135508464,3478.6138246377304,474.4939935208476,3927.827645580394,994.2189913836364
2030-09-27 19:00:00,5656.185651773306,3450.9757467417085,490.0865842445359,4016.750131237042,999.7652350416304
2030-09-27 20:00:00,5789.706347281457,3336.366300269093,484.8415231306228,3966.191655698829,974.9604681291652
2030-09-27 21:00:00,5628.393023558058,3274.3342495314373,449.4349166986396,3781.494203521895,927.814198504926
2030-09-27 22:00:00,5303.666502508795,3042.4039117661277,405.3909867560205,3548.9873355108284,844.9786734993393
2030-09-27 23:00:00,4926.241029650775,2841.600710846809,379.7103876253654,3410.283837830302,738.0221991368757
2030-09-28 00:00:00,4685.372892819635,2716.450553172784,356.1203841598672,3344.1371976521955,643.6301110487968
2030-09-28 01:00:00,4538.103440074775,2679.103034409268,342.6472438952236,3274.1906177168557,625.6703091066564
2030-09-28 02:00:00,4468.200257551719,2633.235230773044,335.37146205519826,3298.929613773077,599.779383845734
2030-09-28 03:00:00,4425.16351699015,2656.908978607848,342.537390763728,3259.107491648939,602.0959022891736
2030-09-28 04:00:00,4487.336778080381,2759.7986463204893,346.1710215841689,3364.252718300057,616.7658437633803
2030-09-28 05:00:00,4643.849325440438,2968.1237834755475,372.04094142054566,3352.144317025596,639.805648742999
2030-09-28 06:00:00,4690.749254195821,3145.7651868063103,415.3932971578527,3593.2089865230832,740.668258495414
2030-09-28 07:00:00,5005.762422919626,3117.4735296535537,413.75852964228216,3606.6627008894943,864.2848805886503
2030-09-28 08:00:00,5303.6108381388885,3228.8733623684425,426.857578066763,3752.9230969586783,911.5490359371344
2030-09-28 09:00:00,5479.705237780627,3198.8945619332308,407.629225972848,3713.008732928859,918.6513382686384
2030-09-28 10:00:00,5602.206382201395,3255.340528181197,411.4710392330732,3710.9525372440767,917.4098682762524
2030-09-28 11:00:00,5547.025457000575,3087.5155734657405,404.281579000298,3705.0120276391294,912.062142201564
2030-09-28 12:00:00,5428.9616495701175,3055.606407705514,400.3873634496349,3600.628424557725,887.7892223871879
2030-09-28 13:00:00,5516.720403802842,3099.7882070568107,405.3103213181837,3609.075416634552,868.0272082338328
2030-09-28 14:00:00,5558.723081193723,3125.638739999929,406.3314882054731,3601.143843043229,876.5924563035471
2030-09-28 15:00:00,5545.594110313375,3222.125926571774,411.4865461945872,3684.681508080964,890.1689039606724
2030-09-28 16:00:00,5656.519732520736,3270.816108372644,429.069981692827,3675.9361401890646,914.2625043390558
2030-09-28 17:00:00,5756.801061317897,3369.3983668102487,456.4176641371987,3894.608120351728,967.6853503710252
2030-09-28 18:00:00,5661.091778307044,3460.908031967376,468.9437860441043,3958.2929733344185,977.2675677888378
2030-09-28 19:00:00,5615.6020167478055,3415.0086311430045,491.1631125078092,3882.4041615053807,977.9809270135382
2030-09-28 20:00:00,5711.664087728913,3438.4919251900533,490.9753877819195,3967.612166322659,982.8915628556936
2030-09-28 21:00:00,5483.266164579308,3223.2255359977016,460.8078114404945,3776.922213844106,939.3631011346882
2030-09-28 22:00:00,5210.926375562638,3030.2302154784184,416.8346730322438,3623.3668438851664,850.6111561876069
2030-09-28 23:00:00,4878.953900958077,2818.6980174890955,377.0369876771132,3470.2461523748675,732.0930201938805
2030-09-29 00:00:00,4454.387645878878,2724.205937202853,351.51570023332147,3304.876449089378,654.3388365914973
2030-09-29 01:00:00,4377.244643968944,2646.096270331821,346.36913269221725,3292.53683287423,620.0765867108814
2030-09-29 02:00:00,4312.763937275737,2623.6249493676696,339.4256193560658,3230.8088385341307,600.8087929099778
2030-09-29 03:00:00,4284.588309058268,2655.056773014956,333.0274039212146,3261.557586611549,609.416624230946
2030-09-29 04:00:00,4364.700162609112,2771.717586927193,346.2992639081869,3288.7239470607,602.1869844839528
2030-09-29 05:00:00,4401.881163085169,2951.4975933881224,369.9153431391724,3411.4447551552216,640.6299480850381
2030-09-29 06:00:00,4599.294960776004,3144.3824405971927,414.23257877828553,3598.69837211445,748.4054485778682
2030-09-29 07:00:00,4911.448459689243,3126.116247167904,411.6000987706602,3628.77878389919,859.724951689635
2030-09-29 08:00:00,5174.944708718804,3155.416452482851,417.9794969676666,3684.442327123051,912.1896829946064
2030-09-29 09:00:00,5377.690093494838,3131.969233207487,410.7774168918701,3769.966760481348,923.1725588682564
2030-09-29 10:00:00,5348.006017274854,3185.475011897959,409.4798189330742,3605.3761111648055,930.3206963485196
2030-09-29 11:00:00,5312.005245840196,3084.8135722399843,403.413315298459,3614.055833303796,914.8925922862646
2030-09-29 12:00:00,5290.638900109695,3041.9284934374296,403.71371107364473,3655.6696078013047,872.228119122793
2030-09-29 13:00:00,5375.629653916363,3063.2582981646306,403.3687715524143,3601.2451729691384,855.446391504111
2030-09-29 14:00:00,5293.160736348559,3096.733579330525,404.335937496565,3636.681910120316,872.884065808267
2030-09-29 15:00:00,5241.858093893892,3148.7715147892536,417.1277415638211,3645.319227568223,885.1948588046513
2030-09-29 16:00:00,5382.105423927815,3275.6059422691487,426.7867273343787,3698.60476015383,927.3257815875984
2030-09-29 17:00:00,5540.303898453846,3365.899304228483,453.7235554593259,3859.470910004872,947.855364961484
2030-09-29 18:00:00,5457.482102862376,3416.246953241128,465.8312441846769,3880.457726417515,978.887025444586
2030-09-29 19:00:00,5585.123536553261,3401.039303415745,487.276965586208,3869.4983787964593,993.2855378285082
2030-09-29 20:00:00,5509.922720579941,3354.7775096886844,478.9137983025413,3911.898747214597,985.333639924796
2030-09-29 21:00:00,5300.441606232277,3186.759910314332,454.9232513774127,3785.3982149462336,941.0025573279725
2030-09-29 22:00:00,5069.9464915459575,2989.928312548208,402.4457291675562,3532.659513729127,850.511339496205
2030-09-29 23:00:00,4756.057072044216,2782.6958414924798,375.9154334236824,3417.394707168968,739.2747042417733
2030-09-30 00:00:00,4698.400957084232,2750.9738906572397,357.3930982745277,3291.9271165181112,663.9421827976468
2030-09-30 01:00:00,4536.322567625176,2666.3068671378724,345.0712376134396,3274.2802706336247,617.1735574683021
2030-09-30 02:00:00,4390.739353680369,2629.1578154158237,339.31381755522705,3298.9343457956224,612.9023829026413
2030-09-30 03:00:00,4532.251738379376,2726.342945368153,342.1095012983523,3219.860753957264,616.9915825447338
2030-09-30 04:00:00,4466.100863744078,2810.008259135476,348.52283391782584,3293.3105451308875,621.1644862974656
2030-09-30 05:00:00,4698.142552895791,3006.2172082202437,368.5300232964196,3399.7205418410017,650.9764067894614
2030-09-30 06:00:00,4815.4345772095685,3166.461579250718,407.4043014869929,3551.399011289664,758.8468449670842
2030-09-30 07:00:00,4936.050197128921,3108.7814716078974,412.6692032395977,3739.69191524727,881.1889830716573
2030-09-30 08:00:00,5446.981033396546,3195.9701357923223,406.57676750767183,3702.7462574997953,912.2959512536064
2030-09-30 09:00:00,5653.293564010316,3202.1349752878323,407.4411676751938,3709.589933643909,913.0620892863292
2030-09-30 10:00:00,5702.009488792089,3146.1827027170607,409.7514858309354,3612.700799639817,914.1197879598204
2030-09-30 11:00:00,5470.230885968368,3093.011358881753,407.1392567639713,3701.977413651223,912.4531781249632
2030-09-30 12:00:00,5433.464345759823,3041.705926834012,395.3105820924102,3660.8159081299264,876.4945072598156
2030-09-30 13:00:00,5494.6057268608965,3095.9298768675835,402.303518798012,3642.675888736854,857.7567825837092
2030-09-30 14:00:00,5456.491295475937,3092.8234028463407,411.5648717471423,3636.485755132218,861.1740063329045
2030-09-30 15:00:00,5494.771243657522,3167.601785732626,412.3978167544543,3603.088635632602,885.5216127803645
2030-09-30 16:00:00,5553.912278275293,3261.6470728098684,432.1694082628433,3727.429020167936,909.8897483389084
2030-09-30 17:00:00,5636.3371958275175,3377.0894202848035,452.1395601852748,3968.5099661561862,966.483049874646
2030-09-30 18:00:00,5694.544454836886,3498.956444197228,475.3073315676597,3893.090972392337,985.7159938764894
2030-09-30 19:00:00,5665.543207069953,3534.973451936164,490.862998239106,3895.71050868831,973.5415464165536
2030-09-30 20:00:00,5704.0699233061705,3410.7242455842133,489.6812716819692,3913.7825587623097,983.619272676748
2030-09-30 21:00:00,5532.502576307237,3221.704855903169,451.6403286891208,3826.8163450871352,941.4903049250566
2030-09-30 22:00:00,5278.467132668828,3013.5637782187946,415.1126068917591,3549.7854776407107,846.7944649307391
2030-09-30 23:00:00,4822.417083289523,2842.0199278738,376.2589963562112,3402.6051267288017,742.7559528387425
2030-10-01 00:00:00,5153.273267998445,3372.823503489561,373.3596207785935,3412.1296033898934,706.3948479677202
2030-10-01 01:00:00,5082.615342941247,3237.326349179999,355.2575828671076,3326.8517138824795,657.8581916184479
2030-10-01 02:00:00,4935.9217686129305,3349.2676040853557,352.8278451143524,3314.0007266308294,644.0711086194979
2030-10-01 03:00:00,4922.190285818546,3337.9578899869857,350.1640241815297,3340.293570944456,645.177611766647
2030-10-01 04:00:00,4982.338998943693,3477.266994723633,367.2558820525925,3371.800976872992,651.1642829184286
2030-10-01 05:00:00,5171.473755962217,3647.326275180647,388.27180136192186,3422.417181937204,685.3065399326094
2030-10-01 06:00:00,5356.760063117895,3914.6124749319774,426.4446414398408,3636.625884062721,797.0067568472701
2030-10-01 07:00:00,5480.356975500516,3853.7308592486993,435.32887540168,3653.811194756682,909.18378959148
2030-10-01 08:00:00,5933.301040996458,3913.292118581877,436.7395879033307,3700.7271585758926,970.2185526812476
2030-10-01 09:00:00,6219.512582866614,3898.437204853414,419.06636688274,3761.728169299149,994.2987169074034
2030-10-01 10:00:00,6186.36384036436,3927.5283341479294,422.5086583138764,3784.558137547607,990.9869171773688
2030-10-01 11:00:00,6058.101686603884,3842.284286550618,415.7209172238021,3642.205180065082,988.2117345721514
2030-10-01 12:00:00,5903.351979262507,3802.617581499424,415.27686425475946,3645.8419787035873,945.7821173442658
2030-10-01 13:00:00,6176.426133754516,3817.1922428724847,420.8153752463216,3661.598415944552,932.9716992991314
2030-10-01 14:00:00,6204.308162132384,3892.7519855368,423.76363986891766,3638.155070187456,925.100281958102
2030-10-01 15:00:00,6323.171503915509,3978.9913492227856,428.64329343437777,3656.3885719820382,933.7816942167776
2030-10-01 16:00:00,6276.628572200275,4055.956309084142,443.0009681050856,3719.272747367506,979.1620516272524
2030-10-01 17:00:00,6235.383734772749,4251.691308583696,474.671368247075,3928.668000088078,1014.7871091402992
2030-10-01 18:00:00,6303.995926903631,4234.94550543172,488.1952385219458,3908.4315125573694,1048.5855926681484
2030-10-01 19:00:00,6321.465040593736,4305.013487121302,512.7466294537315,3925.6955425945616,1044.7856044989185
2030-10-01 20:00:00,6231.927805244998,4221.794745652947,492.0469662198133,3951.55104810641,1054.480347982104
2030-10-01 21:00:00,6142.126468807337,3930.988995512802,463.9010672987953,3827.051359371456,1002.395601612112
2030-10-01 22:00:00,5691.382421535023,3732.0198374785095,426.5914847155872,3631.280147555197,909.2607476801978
2030-10-01 23:00:00,5424.727686338479,3482.66413850784,380.9070404263005,3462.6623444585744,799.0203095507294
2030-10-02 00:00:00,5151.688734826539,3368.641700257984,370.2073930135144,3403.958719758581,707.4778481688707
2030-10-02 01:00:00,4975.478493450901,3313.9502811909333,352.8878546378607,3382.275517399297,659.2209138104698
2030-10-02 02:00:00,4958.732933449317,3285.398921868766,350.51158571558324,3271.914715684547,641.071225736515
2030-10-02 03:00:00,4996.372548202814,3293.2410431747635,355.8156698911006,3258.716321263698,651.5130848371239
2030-10-02 04:00:00,4961.676221808022,3416.838371925043,366.31622429733255,3355.203642454921,652.0760713976626
2030-10-02 05:00:00,5132.691322331255,3797.663011738839,389.8277534895768,3386.721508734449,685.6797605280515
2030-10-02 06:00:00,5380.828441591874,3889.107467305083,428.83199448138873,3641.699207770632,809.4901918608812
2030-10-02 07:00:00,5449.082598249816,3893.9477730930735,428.262517233588,3691.9210977813145,925.3251111124724
2030-10-02 08:00:00,5979.470545822179,3973.1379990540336,430.82714305490526,3752.4421473631487,971.1614888019394
2030-10-02 09:00:00,6167.961763082076,3852.416285328527,417.37121194576224,3741.390415485325,984.1314824702428
2030-10-02 10:00:00,6209.957794959058,3990.769360010903,419.4889073727067,3756.894571366565,990.7316042726274
2030-10-02 11:00:00,6188.959310973264,3875.201443298132,420.103578313781,3641.5941709183458,979.836849668916
2030-10-02 12:00:00,6049.900600227972,3832.728499319469,418.7474420617864,3668.837580941498,937.402824122648
2030-10-02 13:00:00,6124.902425159236,3812.043604034456,423.0651898800394,3638.1085903948415,944.4269887788043
2030-10-02 14:00:00,6184.910235571394,3799.117438527164,428.4086171540589,3632.9848403809606,918.4191525007684
2030-10-02 15:00:00,6191.124887387581,3853.630964236741,421.66703230673,3735.6302963930857,936.962438195412
2030-10-02 16:00:00,6240.453155961025,4011.960250585613,441.70383217391526,3794.000833831711,970.645665761632
2030-10-02 17:00:00,6343.600149490826,4196.602952093882,470.656769327878,3916.397617316181,1028.0792635148891
2030-10-02 18:00:00,6254.014985069576,4240.537034471252,487.0613212419885,3922.166972274652,1065.668659401221
2030-10-02 19:00:00,6227.124242766388,4288.883315862611,503.919258223853,3984.8065590443102,1063.012256810788
2030-10-02 20:00:00,6177.776421517625,4193.457989343519,502.4765323638612,3932.411569808167,1065.8204100177088
2030-10-02 21:00:00,6156.344279300896,3985.686090306061,479.7811604008511,3855.964836847183,1019.6692832636924
2030-10-02 22:00:00,5863.621579731015,3705.655403935982,417.45249758412376,3611.990272674848,912.7409840185966
2030-10-02 23:00:00,5473.926442330366,3487.055175664568,390.3409857521548,3466.5302506686508,771.6158041562735
2030-10-03 00:00:00,5250.897828968199,3327.860555034256,364.9483781309149,3414.600504738266,701.0307014024581
2030-10-03 01:00:00,5085.690158465455,3341.2104828104275,359.8851223044422,3292.5398278558937,669.8891783660147
2030-10-03 02:00:00,4981.381848698576,3325.740420609387,354.0821583419419,3358.140860352401,648.7225947048705
2030-10-03 03:00:00,5013.085487509496,3375.259904806704,358.2471863495902,3349.0731624153536,637.583951938843
2030-10-03 04:00:00,5029.368339533376,3420.7056004662027,359.9802751965427,3298.8507865709826,666.0353830383126
2030-10-03 05:00:00,5217.738404766263,3657.9342109483146,389.5590131355243,3449.007316573485,688.4765398691296
2030-10-03 06:00:00,5350.750519766384,3935.8029125320822,430.8201556852528,3744.309004352864,802.0162768878387
2030-10-03 07:00:00,5634.511597361036,3861.737062779738,421.8639172946907,3721.268691225815,943.8116864435958
2030-10-03 08:00:00,5913.791146880634,3954.84814276865,436.165601038371,3779.19109239543,977.4820533101044
2030-10-03 09:00:00,6143.668282780184,4041.0323335352223,424.19838016937774,3713.3904711813298,985.5279868030932
2030-10-03 10:00:00,6375.313160260733,3926.409622434217,421.9730555372212,3700.1479106736056,970.4936298363336
2030-10-03 11:00:00,6104.854704506734,3915.7703576202016,426.2191617250434,3746.478761723772,987.3316979313668
2030-10-03 12:00:00,6114.101860550025,3755.1940744088015,421.608712896552,3647.613286815717,961.9750741434184
2030-10-03 13:00:00,6193.266302328757,3878.457214828788,426.101848662298,3646.152925674941,939.323454449648
2030-10-03 14:00:00,6080.970768916012,3838.360600081316,427.6487214559021,3675.597645322832,923.7254487942868
2030-10-03 15:00:00,6207.747064010077,3925.635898784317,421.4507835725074,3673.638935366042,954.9671942186536
2030-10-03 16:00:00,6245.3916400953785,4111.557457562849,438.6829091101064,3775.6555633621447,966.8520535868082
2030-10-03 17:00:00,6376.704394865546,4218.330866916437,470.9686002529352,3927.303488334752,1026.745147043761
2030-10-03 18:00:00,6357.643087689033,4312.917333760194,495.0057668822553,3993.200470647228,1060.47156149894
2030-10-03 19:00:00,6395.183279396983,4332.538506479826,506.4396490138919,3993.282651848585,1063.7739171430246
2030-10-03 20:00:00,6288.086989477258,4160.211534087146,503.9474244358578,3958.239663437015,1043.600596655578
2030-10-03 21:00:00,6070.573966233206,4020.69495133508,474.9692894443829,3828.466993532984,1001.0998451991056
2030-10-03 22:00:00,5762.39269368693,3727.545715032343,419.50297529590586,3641.5807172327154,919.4317623253708
2030-10-03 23:00:00,5443.3256320092205,3487.118686189728,391.101665722078,3461.4487759043386,785.8446862290148
2030-10-04 00:00:00,5224.774182404136,3371.8633664073623,367.61074940704935,3370.736110010715,695.4435987706379
2030-10-04 01:00:00,5091.170138438104,3329.708236313116,358.88124599199944,3353.349955841972,660.2188802366805
2030-10-04 02:00:00,5001.984767028633,3289.217708828429,353.57791695018244,3348.1103001863926,655.5294526025801
2030-10-04 03:00:00,5017.834631686576,3311.647611606721,348.8119446816044,3325.0396344518226,641.1061801642288
2030-10-04 04:00:00,5058.01035625015,3471.4992893539834,355.17954268238213,3368.8365574577774,645.3147224337978
2030-10-04 05:00:00,5196.201702412456,3732.443415813207,390.4957891702119,3479.5454359916444,701.7058463590625
2030-10-04 06:00:00,5479.999706457238,3903.1972626552,426.6848813449441,3572.95934433356,793.1220130490502
2030-10-04 07:00:00,5693.065917344004,3910.376457757958,430.6287081499781,3780.020446217902,944.5841763653304
2030-10-04 08:00:00,6018.981385225445,3982.577706932992,436.2324688266594,3728.1932331464777,971.0003212874524
2030-10-04 09:00:00,6154.298084475825,3988.162995794305,421.2985899541667,3802.6284975740905,990.6032125237308
2030-10-04 10:00:00,6156.673123403881,3915.202570503205,425.5136573911441,3754.052321914835,980.2037636633064
2030-10-04 11:00:00,6103.578785200645,3886.951688472175,416.6283845558117,3665.7699695217143,987.3226364189892
2030-10-04 12:00:00,6001.030238916013,3793.802316462609,426.31328589728855,3643.406445304753,937.5220708549758
2030-10-04 13:00:00,6139.200100960526,3878.4420223539337,422.533273800669,3666.786953788821,936.7785084853452
2030-10-04 14:00:00,6122.693712099553,3888.760425538834,418.01100366165184,3646.156121753848,912.0522476445018
2030-10-04 15:00:00,6079.265539162118,3930.17527297118,426.5569302122853,3753.5426655643223,939.5368996465525
2030-10-04 16:00:00,6300.943367277056,4061.603200058165,439.0298922420733,3724.104242953893,970.6212887580144
2030-10-04 17:00:00,6293.575859985887,4178.661625156952,468.74495208308105,3843.40009515054,1018.2364117052084
2030-10-04 18:00:00,6350.660091677403,4257.7660714385565,497.48166162485774,3945.9983341563793,1053.573116735363
2030-10-04 19:00:00,6263.190589619274,4331.856745387495,506.2336379489126,3940.735931543882,1061.280489473018
2030-10-04 20:00:00,6292.51042912109,4232.853385351881,501.70273288119466,3983.409134715256,1059.6167209786108
2030-10-04 21:00:00,6135.964241277629,3955.729140297866,469.0067854638498,3856.068661076613,989.29296232679
2030-10-04 22:00:00,5792.105903959342,3743.0269342306938,425.32483817021176,3661.62403656999,931.1544616754112
2030-10-04 23:00:00,5396.228883903512,3442.9787034700566,383.64332229798646,3475.964087493149,790.2412816661977
2030-10-05 00:00:00,5162.838268270294,3409.479085284508,377.2976133969452,3366.545039326391,701.9847757549805
2030-10-05 01:00:00,5029.770447828258,3330.561245501819,355.7761095294843,3273.8442139783847,669.2504973690955
2030-10-05 02:00:00,5033.219994673196,3297.050962871064,358.2470807795557,3297.5701564156825,646.0064823429981
2030-10-05 03:00:00,4867.61228893546,3352.112802953764,360.9907334979288,3243.859066059156,631.1828570178119
2030-10-05 04:00:00,4889.504320993789,3384.853349803328,354.16611778085456,3361.2449161183763,642.9794275070693
2030-10-05 05:00:00,5044.302538653168,3779.844127149332,387.0411732833676,3423.652273949264,686.2231824824635
2030-10-05 06:00:00,5350.913080278263,3902.051575016045,427.1676226339728,3627.508946914936,805.9005435664449
2030-10-05 07:00:00,5537.350349248093,3875.245371162496,425.6402724121711,3639.079115256725,923.360306005839
2030-10-05 08:00:00,5932.057421143169,3963.565932616375,437.22778620502726,3687.720005944009,978.1590621447696
2030-10-05 09:00:00,6187.284409459528,3947.636625433178,423.7960305805318,3719.8742453945056,964.1882216089848
2030-10-05 10:00:00,6151.779504774389,3960.485419682418,419.7966986575432,3672.7627014601017,982.136867607682
2030-10-05 11:00:00,6119.005287524911,3913.85788306372,429.7626099429832,3599.073930409541,980.6723146447436
2030-10-05 12:00:00,5927.003723927553,3767.2165205341503,418.7236951003532,3683.560987434847,923.0211316876624
2030-10-05 13:00:00,6012.214802614142,3799.468758280505,416.8740709006223,3665.3165977391495,933.4971279582596
2030-10-05 14:00:00,6168.198840216845,3876.6362986489007,418.8498598910069,3612.9040904207054,917.3378953178624
2030-10-05 15:00:00,6148.678674202796,3905.3097640177343,428.58458434852406,3725.252851851615,929.9889403997124
2030-10-05 16:00:00,6052.873280336723,4035.445996211329,443.4232766025867,3845.500603053844,963.8708206573916
2030-10-05 17:00:00,6223.663637237673,4188.620126614384,471.52355770849897,3883.717395195924,1034.694952616191
2030-10-05 18:00:00,6310.767079931089,4304.75795020073,495.7821174184594,3950.903009124044,1011.3551135005464
2030-10-05 19:00:00,6199.801227185269,4283.867110194267,504.3719621085547,4007.8641362547146,1062.5862803085026
2030-10-05 20:00:00,6366.114358513898,4208.558586717986,500.69585295572017,3983.313180091928,1045.3180189654802
2030-10-05 21:00:00,6046.959795706356,3965.374807397289,466.6719786570028,3781.739654620908,998.911959852727
2030-10-05 22:00:00,5745.077917819291,3755.742840763567,423.6375489121821,3635.9908034314703,898.3606895266857
2030-10-05 23:00:00,5385.566052906438,3516.974475799775,384.9044835504644,3417.326512199538,773.8936140482875
2030-10-06 00:00:00,4933.9594252219495,3274.7726709988438,375.1863481311836,3359.714955402465,704.1705330417105
2030-10-06 01:00:00,4848.087272786713,3231.0321835870923,355.1205709174967,3361.766695360478,650.7508043066532
2030-10-06 02:00:00,4722.275857526716,3211.782674462122,361.4667374798047,3312.3371156211497,642.6052091719498
2030-10-06 03:00:00,4695.301268360751,3154.544409069843,349.6603639116011,3334.098710961663,644.0469119263597
2030-10-06 04:00:00,4782.560120314098,3370.2500944459102,353.7053793223371,3333.988171762176,641.2053652081509
2030-10-06 05:00:00,4975.48401540848,3728.418955589556,384.29904959762825,3494.4319751816693,679.6524688083888
2030-10-06 06:00:00,5175.610041713441,3877.469061324351,419.3374290362936,3571.9027722036394,785.9047680899996
2030-10-06 07:00:00,5318.19386099437,3872.528347988232,424.01813892911713,3709.103354682077,926.617124648199
2030-10-06 08:00:00,5591.947200919794,3957.416236830141,425.839851335588,3707.964954909404,962.5475029098948
2030-10-06 09:00:00,5826.317726471343,3893.260981000405,420.7093102279181,3679.5422414352,966.892801093794
2030-10-06 10:00:00,5805.609810245221,3918.5604226998994,433.4984194546041,3683.769605163025,980.1236629256848
2030-10-06 11:00:00,5984.672085819901,3864.572756979645,428.1931895390698,3700.276403936829,961.9716829608784
2030-10-06 12:00:00,5805.07154918781,3725.923374902305,426.5868704838712,3603.320986366112,928.6280026624154
2030-10-06 13:00:00,5693.454692535038,3858.112156823163,417.999653240658,3632.3823662196287,901.1501004328336
2030-10-06 14:00:00,5803.2965689486045,3750.613825253002,423.8900733497625,3666.66890139799,920.7284817419528
2030-10-06 15:00:00,5897.889571866754,3832.0066987910113,427.7428403429819,3650.127941803676,932.2621442612428
2030-10-06 16:00:00,6007.418956975001,4022.391475617995,440.421950762324,3710.157145591686,970.3693750949104
2030-10-06 17:00:00,5973.260661269142,4135.540060639569,472.7120590464664,3795.97268445284,1006.777674938865
2030-10-06 18:00:00,6085.6575446858005,4219.32046586977,482.4923517818544,3943.872177228146,1039.5764563542166
2030-10-06 19:00:00,6125.044421415494,4270.201858104647,493.636858573146,4026.355407399123,1042.051143997276
2030-10-06 20:00:00,6010.315230132704,4217.877704270614,497.43655215767,3915.456290180117,1042.049096356783
2030-10-06 21:00:00,5823.805645040657,3987.05952798033,471.86635404721017,3737.662887930208,1007.3622978337064
2030-10-06 22:00:00,5556.325564238273,3671.927053490442,430.5682185473372,3578.7762528406315,901.341751107054
2030-10-06 23:00:00,5089.830415122998,3461.7590224108576,387.20072433507215,3466.793728872995,784.9026705295672
2030-10-07 00:00:00,5151.080627931083,3389.1661717041043,377.416110371422,3339.1062977456268,699.6083224433762
2030-10-07 01:00:00,4951.811400844432,3350.5254007720164,354.44399618878754,3381.907687580545,657.9759204037188
2030-10-07 02:00:00,4974.559387491076,3352.890969575372,352.06837772447807,3328.9900521135487,640.3759452020378
2030-10-07 03:00:00,4968.125517480758,3299.12584917986,353.8490112099455,3317.943269045761,640.4539174225595
2030-10-07 04:00:00,4901.83279244073,3402.642613462582,357.47971784152577,3318.3103388958725,642.6491412211758
2030-10-07 05:00:00,5104.101133697916,3653.988702726884,392.0994508134797,3450.844058277538,675.4831804329601
2030-10-07 06:00:00,5277.45881087053,3896.0682100615936,428.4163700179871,3539.003184417015,795.841248738041
2030-10-07 07:00:00,5500.175218316556,3888.411126234909,427.6236036658702,3708.5851073192657,923.9515545534144
2030-10-07 08:00:00,5829.901765447411,4003.960473620975,425.84717618945126,3743.82098425253,967.6112144091298
2030-10-07 09:00:00,6155.42472215177,3980.688393134297,413.2539365348316,3743.702568965132,985.430892555434
2030-10-07 10:00:00,6102.869113399606,3913.8415502168696,423.4930880794326,3730.9244196660375,978.546370914144
2030-10-07 11:00:00,6050.268995374933,3817.587217732928,424.3221975855592,3682.0757259484817,981.3876374154416
2030-10-07 12:00:00,5892.2614581391135,3796.14721886136,413.4143674678455,3537.9796002570315,931.2110096492488
2030-10-07 13:00:00,6090.559928084178,3780.392685584479,425.5317906422834,3627.861700534015,935.0139039131324
2030-10-07 14:00:00,5997.473590833276,3823.9882415838506,421.237891506189,3637.937759313151,906.179061076439
2030-10-07 15:00:00,6102.496662794739,3917.632509420583,432.25397866929313,3652.14024867421,926.9623111707488
2030-10-07 16:00:00,6265.604353708664,4001.71127066258,445.4576211853025,3839.015594541464,968.8798284920736
2030-10-07 17:00:00,6185.043446938332,4198.994743475355,468.2758139965113,3939.102864741612,1026.1143359782866
2030-10-07 18:00:00,6276.227911992379,4181.337704258859,480.7474021183734,3986.351802260797,1053.5092536901527
2030-10-07 19:00:00,6362.429550665351,4244.519711167122,496.0822419267452,3972.942275141884,1030.1346857228723
2030-10-07 20:00:00,6371.032056470181,4150.68076937957,503.0408104725856,3886.072056260389,1050.4844218863534
2030-10-07 21:00:00,6064.327165436128,3949.691316498425,466.6387934643008,3838.7539650711497,1001.9327700058082
2030-10-07 22:00:00,5805.423029717935,3711.533402015986,424.3371499592469,3642.1203561052303,901.2366559588072
2030-10-07 23:00:00,5363.517710827302,3513.7105398062463,394.5995329568972,3500.627328673725,773.6577166242511
2030-10-08 00:00:00,5125.513322959601,3449.753268771942,375.0235064997648,3394.692751938196,694.7410832948376
2030-10-08 01:00:00,4983.310886462916,3318.300679282917,359.7549523124141,3291.9769002173152,661.6678274973561
2030-10-08 02:00:00,5034.246309789757,3217.381797818825,357.1069704564778,3355.721823214542,635.5528443196146
2030-10-08 03:00:00,4935.412037287972,3313.9100517251395,355.5300946096275,3299.2707186321327,646.9091380968636
2030-10-08 04:00:00,5017.91210556851,3437.9136925329744,357.53032888767217,3329.9002782430803,659.4342190265936
2030-10-08 05:00:00,5239.307788300263,3778.723386180215,387.3216984016042,3417.339754356302,678.0681315496488
2030-10-08 06:00:00,5381.854276635743,3919.2172733322273,423.20720080838487,3633.5585688162537,807.6928196977133
2030-10-08 07:00:00,5502.75537336651,3957.44673951629,429.1740042531986,3718.702093284074,932.3290467778286
2030-10-08 08:00:00,5966.268274573467,4102.756867341331,430.7438941468493,3685.449691086548,957.034721523188
2030-10-08 09:00:00,6169.636546549831,3995.183732244566,423.3009021247033,3794.773934332961,986.0290334807304
2030-10-08 10:00:00,6322.3879381632205,3937.1623234448543,429.6636987396264,3730.4314582096986,990.043079895853
2030-10-08 11:00:00,6194.171973827025,3849.95442534516,430.3979581036892,3687.762458372429,980.4405826226428
2030-10-08 12:00:00,6097.041197251655,3813.939713638531,412.6558470080397,3652.8091861838543,941.0680030251112
2030-10-08 13:00:00,6044.518524124643,3861.053846764454,424.4790664918926,3628.2114983173033,898.4640512815246
2030-10-08 14:00:00,6183.756179795403,3845.61317963542,427.8975001293302,3728.622309915182,927.6959906360448
2030-10-08 15:00:00,6085.536498216524,3909.539546340646,420.0169070472096,3635.442384113786,939.165975633986
2030-10-08 16:00:00,6188.00604221599,4076.776487431724,448.0995319457194,3770.816834859004,972.2508801735328
2030-10-08 17:00:00,6254.820620629373,4184.078073848837,469.2906626011296,3939.9436364781295,1031.9936219086285
2030-10-08 18:00:00,6138.0702622341405,4312.85849031546,487.5206440130173,3953.57372382932,1068.516982932392
2030-10-08 19:00:00,6488.952354511795,4304.555963074224,500.563013563581,3974.5105501283088,1063.503308315106
2030-10-08 20:00:00,6241.944630926663,4228.057744007192,502.3543816730044,3983.708589335025,1031.4905330594145
2030-10-08 21:00:00,6219.195625325676,4018.272675111569,474.2201120859005,3846.659439581653,996.6126120567146
2030-10-08 22:00:00,5769.447156127367,3743.787812000902,422.8906944755673,3599.833570580357,907.0901953359422
2030-10-08 23:00:00,5484.391055293506,3482.303379894807,385.4550036882771,3455.3265688748124,770.757744817315
2030-10-09 00:00:00,5273.434018378661,3363.54713178775,360.8093552548305,3372.3118468749844,712.3889603177231
2030-10-09 01:00:00,5011.5126959250565,3359.9164801507386,358.1922429693802,3329.300687938976,669.2787160729066
2030-10-09 02:00:00,4985.23763068514,3286.1670835406203,351.34066978471645,3319.1711148412546,653.3302993965602
2030-10-09 03:00:00,4955.743219666168,3378.257273917761,356.22410754444326,3289.603542103453,654.2604982135409
2030-10-09 04:00:00,4997.221048445859,3447.698750110515,359.22093353325533,3378.6797616852687,661.1085945827504
2030-10-09 05:00:00,5246.533222112898,3700.362103605345,386.3809604772607,3445.534271923534,673.7784064311697
2030-10-09 06:00:00,5380.629762318626,3941.445788732392,429.33924804914994,3640.869406012454,807.8996611554245
2030-10-09 07:00:00,5579.184246019254,3869.678755566712,425.4582742983969,3736.703801234662,932.917191483715
2030-10-09 08:00:00,5977.595421646662,3902.06409701536,432.3068994568774,3749.778001128932,964.7613772119996
2030-10-09 09:00:00,6080.336635913402,3912.613984020285,420.9932546581057,3724.084041601584,997.9490953741608
2030-10-09 10:00:00,6266.192243031962,4024.525968152728,426.8626508228827,3738.796905956544,988.1718537417336
2030-10-09 11:00:00,6123.556704378733,3818.263484443169,430.354464302048,3751.247782859616,982.0403856405618
2030-10-09 12:00:00,5957.212852710507,3755.8225462991422,414.6761594962511,3628.072238520101,942.372076316666
2030-10-09 13:00:00,6117.470254349874,3950.6283929815095,418.78858526579455,3615.528315940571,903.7433792150496
2030-10-09 14:00:00,6185.050006351668,3851.564885584016,423.3406122578123,3646.202496872947,923.5441913740927
2030-10-09 15:00:00,6223.235634629021,3945.367466953319,432.5077253860097,3782.626975414595,954.1004605324586
2030-10-09 16:00:00,6211.4131293914825,4048.5253977105513,439.21605129357226,3818.062094368039,971.0728558535304
2030-10-09 17:00:00,6257.829496496654,4255.025716039536,474.0912154001055,3898.375164287555,1018.5324814632534
2030-10-09 18:00:00,6383.632455954338,4320.058376440548,494.2844358210973,4041.26782280667,1074.9587239011107
2030-10-09 19:00:00,6201.542566589314,4336.244120479604,502.77509486628674,3959.654336907442,1039.9813993212754
2030-10-09 20:00:00,6427.352868333791,4171.9762982473,504.0651743845689,4002.525343421533,1048.6052028092577
2030-10-09 21:00:00,6068.10696320704,4036.198094575256,469.37888370089127,3870.199813025645,1000.2717910075842
2030-10-09 22:00:00,5757.562889655541,3751.4751931272863,425.9831925323877,3628.2787946097737,902.025681952126
2030-10-09 23:00:00,5409.4917839062855,3532.373625325546,387.0777260327046,3548.059629618449,782.4324992749923
2030-10-10 00:00:00,5152.874345684088,3399.966202900628,365.41886986844224,3386.145478773171,715.0425092456067
2030-10-10 01:00:00,5041.1777648452535,3279.957336789125,359.04062408669546,3320.615350406174,656.671869715129
2030-10-10 02:00:00,4946.698764573789,3320.75907359098,355.56118232719706,3342.0718999146,643.6861486474103
2030-10-10 03:00:00,4980.720855152182,3377.005540941414,355.60732210198125,3345.083440507344,635.0105946772632
2030-10-10 04:00:00,5048.258052282526,3467.5887018051626,356.488090560998,3371.7748950125724,660.640813592287
2030-10-10 05:00:00,5190.802158330822,3744.2105274737055,388.2221542695581,3440.297663587537,693.7573450781696
2030-10-10 06:00:00,5410.66468693807,3923.9226768804097,427.3663988757335,3728.2600120185225,811.7099141199766
2030-10-10 07:00:00,5487.650395980462,3869.818175102612,421.91369980640167,3734.9443454760144,941.4302625579694
2030-10-10 08:00:00,5925.118123095294,4033.9445567649946,432.9247468928383,3831.926098576509,947.0760701747782
2030-10-10 09:00:00,6160.853962766517,4040.608691613767,418.9256032927678,3726.329404027756,994.5536370928407
2030-10-10 10:00:00,6169.304919603168,4008.943017046567,427.1333296844612,3754.226687835626,993.3028835324516
2030-10-10 11:00:00,6075.614391478202,3875.723654497426,425.8992397600188,3710.866244642532,987.0361820694064
2030-10-10 12:00:00,6010.137546898891,3828.681567992904,422.9477488794788,3608.597266089387,952.9605606333548
2030-10-10 13:00:00,6149.380873318062,3835.331616210716,415.6180697202085,3643.578716703783,917.3864441876462
2030-10-10 14:00:00,6161.681333866515,3870.3475422536,426.4694582116726,3679.458549082389,915.7975669933649
2030-10-10 15:00:00,6226.908161219752,3937.766520186792,427.4055153714749,3692.636440484622,929.391471468352
2030-10-10 16:00:00,6225.216549250177,4052.029814195441,437.9616476364244,3849.7904730746127,972.7467141720356
2030-10-10 17:00:00,6352.011013373491,4200.773375153891,467.7344283603097,3892.024771455088,1038.342680030765
2030-10-10 18:00:00,6331.178939559508,4278.746248745551,488.6628558265744,3992.082719879794,1063.2349638225476
2030-10-10 19:00:00,6239.084594298349,4349.022028971518,504.6132580231368,4015.048522932372,1031.318213375603
2030-10-10 20:00:00,6392.118929985878,4245.645899700766,501.79079785433294,3963.145670258024,1073.1487523772842
2030-10-10 21:00:00,6126.464613200493,3979.927124566504,470.9749295322153,3864.355981274821,1008.368020624827
2030-10-10 22:00:00,5829.2545763018,3726.40086544884,420.7735586989941,3627.344143932659,923.0922434473422
2030-10-10 23:00:00,5393.240182138517,3528.862852398663,389.5089175837605,3443.5683057616075,792.0092773586804
2030-10-11 00:00:00,5171.901020454436,3368.041058789649,369.5226299759608,3386.510205289392,700.5352630190985
2030-10-11 01:00:00,5123.720475158362,3336.7807986311045,352.684837716566,3316.2220499509526,658.2497573365536
2030-10-11 02:00:00,4954.198102013132,3302.195392936006,346.7576444653503,3360.2203673511685,654.5354699454539
2030-10-11 03:00:00,4968.030252527232,3311.534235105837,355.9546374944189,3328.642753655637,649.8441621941686
2030-10-11 04:00:00,4968.547048693177,3447.70523232847,353.93661495509207,3303.9979195535234,656.7304363414489
2030-10-11 05:00:00,5139.485179859805,3649.489017948924,392.5115802659269,3445.310053946794,675.6823752655913
2030-10-11 06:00:00,5432.597087229491,3895.291843589598,431.889377218588,3701.408212875232,805.4434614039371
2030-10-11 07:00:00,5497.912235245427,3942.71279349982,435.0951451152527,3690.886865288556,929.179352821372
2030-10-11 08:00:00,5963.241918472127,3925.816361364844,430.98385764570514,3722.5282992027273,973.7869988520488
2030-10-11 09:00:00,6195.692408661711,3973.05184623486,428.4368721136324,3716.5733483860577,1010.289731005281
2030-10-11 10:00:00,6264.543880256252,4000.9577318023994,436.9046817150508,3755.031016008319,998.0530872111289
2030-10-11 11:00:00,6192.75035831621,3895.935944389451,430.02451087735096,3767.235488113722,981.941935063432
2030-10-11 12:00:00,6132.288048371103,3809.6536086447736,412.7636911956448,3632.816845395336,958.0526212672544
2030-10-11 13:00:00,6145.0640559382055,3860.896027045136,419.9171112715642,3667.631034866398,925.9368871338406
2030-10-11 14:00:00,6140.761565123758,3821.619523163157,427.7130085360581,3699.906322403229,938.5715414830546
2030-10-11 15:00:00,6121.699208867303,3910.788439873196,429.6792408256198,3720.966455003924,939.1514973142404
2030-10-11 16:00:00,6161.815192478151,4069.367570072746,448.9410178733315,3790.367250110076,975.2238161327842
2030-10-11 17:00:00,6397.9875339703285,4233.332085046863,479.1461429474659,3873.566155174028,1026.795573891434
2030-10-11 18:00:00,6347.896815837769,4262.189555288221,505.7371456249152,4009.348404495727,1054.971190133031
2030-10-11 19:00:00,6394.718200078544,4292.879515018065,508.30278044931504,3984.5260854152825,1048.7038071028303
2030-10-11 20:00:00,6297.2782926314085,4210.812757135152,501.8281225578413,3975.335520419481,1054.1902366054344
2030-10-11 21:00:00,6178.020329805608,4021.4780790559366,457.1493770070884,3891.042222169417,1012.6023907145086
2030-10-11 22:00:00,5706.940977481676,3695.578434691085,426.4480506532405,3667.593120064903,912.9417024540468
2030-10-11 23:00:00,5396.86974860465,3505.294427850059,394.5102379653666,3468.2065571388584,781.6956593128641
2030-10-12 00:00:00,5182.035871902264,3418.6632223847296,369.8159287862412,3382.410852310382,698.0798834019442
2030-10-12 01:00:00,5067.851001983252,3328.771983076806,355.8884743660533,3297.6713691412606,669.7790007795677
2030-10-12 02:00:00,4978.121699403052,3253.4175090323984,365.9594204309584,3302.4964580161063,649.8265800346701
2030-10-12 03:00:00,4921.165460920839,3317.1127872454704,355.55869922150976,3303.782888495175,641.0840629103909
2030-10-12 04:00:00,4975.789077064704,3481.6536811564124,357.56108408863776,3350.0536484155705,658.3057714093552
2030-10-12 05:00:00,5015.489228359251,3696.9805875554953,388.38631092465886,3406.759642114061,695.7145962547119
2030-10-12 06:00:00,5282.538372791986,3876.1061542121192,427.2265508441927,3752.820179481971,797.0182016032433
2030-10-12 07:00:00,5543.553733574136,3904.13557465262,426.0422693234256,3710.960073715925,908.49544389172
2030-10-12 08:00:00,5921.732366593812,4001.624986017742,430.1199306431292,3764.8438415990663,983.075782884798
2030-10-12 09:00:00,6181.697073210146,3938.776989168645,427.5506934760737,3778.6482734638903,994.1652454505136
2030-10-12 10:00:00,6044.628894300352,3961.821353694631,422.9451515561864,3700.481870855477,972.9906944849916
2030-10-12 11:00:00,6112.925760906488,3867.1119102773446,420.4636720794432,3688.448194647651,974.0959845689656
2030-10-12 12:00:00,5894.603140205397,3755.1088691533137,428.02682511971153,3592.9461616333683,926.5938277425992
2030-10-12 13:00:00,6152.217729465676,3784.028265046687,418.4474941507453,3660.446723490601,923.7519994710416
2030-10-12 14:00:00,6210.051379116142,3843.03171193553,424.38191748396025,3583.0634010830327,910.059423865921
2030-10-12 15:00:00,6055.162851014754,3972.3985213715455,429.07465126920334,3684.177348266411,924.6699364361408
2030-10-12 16:00:00,6274.6845725879,4032.333608221156,435.9826520074418,3782.276631836102,968.9128589648628
2030-10-12 17:00:00,6247.089280732202,4243.511837591056,478.3636606717344,3878.709419756312,1012.5117677379616
2030-10-12 18:00:00,6233.070411666732,4249.068788903397,489.34768013083215,3955.2592865327897,1052.3556086015942
2030-10-12 19:00:00,6180.534278728185,4293.129600396538,501.2522685423289,4005.936547478537,1056.665920732173
2030-10-12 20:00:00,6206.285185685495,4245.252771923425,499.5684339802416,3971.004393680656,1051.6040665190174
2030-10-12 21:00:00,5994.69912235326,3996.736349107413,471.5840010326354,3812.449989938452,990.9723799393936
2030-10-12 22:00:00,5733.88620637542,3741.3854283052447,425.20217397527017,3680.581742672089,902.9347681526464
2030-10-12 23:00:00,5379.208383988305,3504.7464257229094,392.1792149065615,3457.0707047929704,777.0634439162802
2030-10-13 00:00:00,4872.966064678674,3363.283550726182,372.7979837266397,3395.1199187262105,695.9988238196453
2030-10-13 01:00:00,4849.09026312502,3265.623799143244,353.49476871223203,3309.789948227868,651.2587788749452
2030-10-13 02:00:00,4772.454769460193,3263.822933894729,357.80457918931216,3319.28589607534,642.3876480625884
2030-10-13 03:00:00,4738.782207657225,3246.8144383174954,352.21162983722434,3265.6427234246817,644.0192252853631
2030-10-13 04:00:00,4886.613218667691,3420.682474426547,356.84006696719695,3255.7799392624697,644.2814429468881
2030-10-13 05:00:00,4963.70927405816,3677.94718942965,386.77002543349295,3460.272057390825,687.2254838212091
2030-10-13 06:00:00,5175.366432476069,3893.921229174863,427.8772412119571,3634.071404347583,793.3484197788844
2030-10-13 07:00:00,5306.552154454448,3834.458169690236,434.97703151496586,3636.409369964182,921.3929529850952
2030-10-13 08:00:00,5743.85215752854,3857.146412671617,426.5956221067852,3730.0735821152407,955.7903468779742
2030-10-13 09:00:00,5924.369334804994,3896.2274519123007,418.4695948758874,3702.2685075552154,1010.5795466488868
2030-10-13 10:00:00,5963.529559648135,3866.9302364576297,424.3742213436857,3665.473515925378,989.371546988754
2030-10-13 11:00:00,5946.787100498911,3808.467600951314,422.7031013047656,3750.9438966700586,963.1417736977776
2030-10-13 12:00:00,5721.0687903895805,3737.933469731812,415.53867476010697,3593.1545528722936,953.469256370499
2030-10-13 13:00:00,5883.467787985052,3777.6723611204047,420.2894600750405,3630.986441976492,914.329543205502
2030-10-13 14:00:00,5874.48570506789,3771.42056100812,420.7696681449096,3563.8176551139472,942.45705014052
2030-10-13 15:00:00,5867.873421767514,3880.58997227395,426.0925664477009,3653.9770326337016,934.7051246479094
2030-10-13 16:00:00,6039.945149044934,4034.700381984369,444.1253333202637,3742.643960077677,965.5384952763044
2030-10-13 17:00:00,6038.059708955372,4245.794484774092,470.6018799789366,3835.494826469616,995.9644850540992
2030-10-13 18:00:00,6050.868232639787,4219.416369737322,494.4846974161237,3917.357717577586,1035.4870514391175
2030-10-13 19:00:00,6085.943777807451,4214.532317679956,501.34764905516863,3935.614181888349,1029.8748400821908
2030-10-13 20:00:00,6106.27311172246,4091.446162172268,504.7014684189826,3948.863756739336,1031.3755966481438
2030-10-13 21:00:00,5990.83833273997,3953.2078015775055,464.2686338802717,3738.080055386042,1003.7488736294472
2030-10-13 22:00:00,5497.782709272282,3751.068781114312,420.641651974304,3638.8359767205206,892.0529133737344
2030-10-13 23:00:00,5227.611759395915,3476.3177814659057,392.4138867675397,3438.252664321982,769.5563351643164
2030-10-14 00:00:00,5151.825742924371,3374.9234981446534,371.69882884236034,3443.829609903531,706.1549737560786
2030-10-14 01:00:00,5065.121956792696,3297.6473524715184,357.88423696276186,3305.089601272761,666.3351683569467
2030-10-14 02:00:00,4851.679231976864,3261.91141841899,352.3218070088652,3341.949430164009,655.2334382554076
2030-10-14 03:00:00,4929.323529622948,3289.1841641876654,356.2374467205026,3298.683382245696,644.5984619995394
2030-10-14 04:00:00,4971.192224657965,3464.0892656018555,352.8776338618951,3357.0293878839398,659.0781438601334
2030-10-14 05:00:00,5051.541191265993,3722.428132244564,391.11940980814825,3445.025941929364,682.7135180763311
2030-10-14 06:00:00,5357.172502360966,3906.389572804462,426.12809484638274,3646.785206495925,806.7822490049671
2030-10-14 07:00:00,5440.194950986397,3966.4329630637753,427.2372173038472,3645.478428652049,919.9989033271344
2030-10-14 08:00:00,5888.91728858163,3909.8266474287952,435.8742615532643,3742.335237436568,965.5960969895336
2030-10-14 09:00:00,6153.754318870659,3978.4481625703634,422.67337672121664,3746.574985672999,978.107792976734
2030-10-14 10:00:00,6202.556048844563,3962.509246940407,434.38605427043547,3721.2112922689694,964.651994631992
2030-10-14 11:00:00,6106.901974980962,3860.726112546698,421.6911900459745,3662.976841830648,979.3445089881136
2030-10-14 12:00:00,5991.884462763735,3819.9120644427535,413.9874904494303,3651.323889747613,926.148809691294
2030-10-14 13:00:00,6108.6312553392045,3823.523931809215,424.4835617311284,3629.2749111482153,907.7508741733136
2030-10-14 14:00:00,6032.843608942993,3913.233865231638,419.6651639749578,3679.791469123351,915.7444619216096
2030-10-14 15:00:00,6079.8849843586495,3940.8707992790905,426.3334861106216,3717.731119533221,937.874271806777
2030-10-14 16:00:00,6222.951190130293,4058.139313832958,445.2187931944231,3755.82647375966,983.560850473246
2030-10-14 17:00:00,6320.647514142445,4157.902452664923,474.3830906724213,3911.085506404585,1028.7336637257476
2030-10-14 18:00:00,6402.868055392912,4316.633647272896,499.6934414344792,3909.8084880435504,1056.0787199799354
2030-10-14 19:00:00,6248.140810274032,4312.957655711132,505.17193106467687,3974.618691392346,1042.3043292198151
2030-10-14 20:00:00,6344.833096552479,4131.918395376514,493.6293676094273,3940.564178463283,1057.790531931922
2030-10-14 21:00:00,6067.252841969435,4044.4042204782695,471.468338890766,3820.788675319304,1021.6893511982493
2030-10-14 22:00:00,5775.232533120424,3738.895070473545,421.9390022525167,3608.209984053039,910.4532347444851
2030-10-14 23:00:00,5385.845432288664,3556.064990244254,385.4211809248713,3455.670935588128,777.1131040241255
2030-10-15 00:00:00,5222.012523312981,3391.4086917554587,367.5138661598136,3353.4746043318046,710.6820347110723
2030-10-15 01:00:00,5000.401217738545,3317.176727119673,355.899460336561,3375.0955376197176,666.4152281587043
2030-10-15 02:00:00,5000.816251840998,3316.6155660491468,359.38482938223444,3321.735840794569,650.3814672586947
2030-10-15 03:00:00,5009.693705013883,3338.381382877204,348.07950858776013,3355.9153550749675,651.6602554064887
2030-10-15 04:00:00,4959.553397773253,3430.8359176841054,359.2787613068926,3382.6126403988515,662.1161039830241
2030-10-15 05:00:00,5239.167999110417,3764.0686430639703,391.2362387918985,3446.0964122335904,689.9857116391919
2030-10-15 06:00:00,5324.230725543759,3902.348788117749,432.0215840195614,3642.550306278928,796.4586782617869
2030-10-15 07:00:00,5556.671225895282,3886.11348893239,431.0526869858608,3652.26135148949,915.9672414481782
2030-10-15 08:00:00,5824.637097965062,3965.334716524813,436.7596122134405,3767.145065336576,963.100681801032
2030-10-15 09:00:00,6279.369859185823,3991.5753099510016,421.9331452115796,3774.066451762591,980.6735499597098
2030-10-15 10:00:00,6287.500472235285,3926.4997129540734,432.6354121032135,3736.602500003954,996.0764765689252
2030-10-15 11:00:00,6206.907442528609,3895.9744994711327,425.88126509489433,3726.970256705409,975.9212978091824
2030-10-15 12:00:00,6117.211593750281,3762.893418577211,423.6757719959708,3651.861628759477,942.3015725525428
2030-10-15 13:00:00,5998.724021526254,3820.442058045548,422.96611849787706,3596.628425568091,921.4415828078468
2030-10-15 14:00:00,6103.489557264596,3902.9464347137327,416.7510804995532,3596.8390381027893,934.5351455532276
2030-10-15 15:00:00,6079.272991706511,3959.543329261506,430.91827146664906,3725.671423340874,935.8580944349771
2030-10-15 16:00:00,6243.557778627875,4054.22078095269,442.6912318380369,3701.506711660076,981.1530099015596
2030-10-15 17:00:00,6318.322732858668,4138.59923857062,466.4207223276212,3941.1339614473927,1033.0923221706537
2030-10-15 18:00:00,6285.78593720693,4297.443758866751,500.3821709788312,3964.140090792816,1055.9031221841565
2030-10-15 19:00:00,6188.521998475639,4309.322809985112,502.1915449196853,3997.69662055522,1040.8017708207228
2030-10-15 20:00:00,6268.824631936584,4243.381157099623,497.2684925399621,3922.324066426057,1037.6435604999065
2030-10-15 21:00:00,6011.044391116578,3944.371497215567,479.0656109513469,3863.216509939667,989.7323495319736
2030-10-15 22:00:00,5763.132405632105,3789.670243008275,422.8369046280749,3582.090235836221,898.8132829900705
2030-10-15 23:00:00,5443.5848032101885,3496.797172138803,388.9220443753007,3440.465159209474,780.8573803272774
2030-10-16 00:00:00,5144.548639733147,3357.8527358690208,365.1653084265838,3361.2062964390475,710.4643587383476
2030-10-16 01:00:00,5039.373809554425,3294.4163327682645,359.64853865351387,3306.054608792228,677.12166667333
2030-10-16 02:00:00,5025.477583473818,3314.668416896969,366.0996743630457,3294.8645453877216,654.02873768257
2030-10-16 03:00:00,4957.455758449345,3358.7353717045894,360.6429530171538,3309.007243149308,666.7223008013625
2030-10-16 04:00:00,4994.990769151524,3468.403886769184,355.51776147664486,3385.5095169663778,652.2815075682292
2030-10-16 05:00:00,5215.258842225018,3735.967571334096,396.309812272901,3513.587881764817,696.7934876175127
2030-10-16 06:00:00,5321.506071601963,3891.224253532614,428.0005106517611,3656.8294269475455,805.8141177038748
2030-10-16 07:00:00,5661.040517241631,3956.0450628747,425.6315787338622,3718.144041875201,927.9682585953966
2030-10-16 08:00:00,5948.341226946232,3968.2842881495135,419.59684001607445,3790.4273540202753,950.7290073349208
2030-10-16 09:00:00,6178.121748617587,3977.519305898692,424.1458525557253,3753.113181171395,983.3283474891208
2030-10-16 10:00:00,6262.211970293813,3896.455487397786,430.8880362837796,3746.765351123883,1004.1242912558988
2030-10-16 11:00:00,6257.643451246948,3896.35420561884,424.379011232512,3689.349772186628,968.127843172306
2030-10-16 12:00:00,6134.416431306152,3831.593447873856,417.45127309061576,3576.006161668574,958.2646006373916
2030-10-16 13:00:00,6120.046792978748,3869.932082092409,422.4669744862469,3634.986833296416,933.6668215330454
2030-10-16 14:00:00,6106.240497027965,3915.0745585781433,427.23337284953726,3672.6817693963567,934.301323447692
2030-10-16 15:00:00,6196.283587604518,3876.5689456159575,428.1321294283547,3703.592595300668,950.5054647526496
2030-10-16 16:00:00,6246.893204109978,4012.864613933667,446.2038903987697,3813.4095152816026,961.434843830279
2030-10-16 17:00:00,6414.635120049647,4277.253913909151,466.67396463887496,3946.5542864887498,1028.3150473546818
2030-10-16 18:00:00,6172.615289615269,4303.017795772736,490.50765965941054,3918.0471624135207,1056.930587244877
2030-10-16 19:00:00,6326.070568336043,4340.226847105718,499.8774258727998,4039.597801081679,1054.972633389689
2030-10-16 20:00:00,6370.283437294774,4200.093169605816,505.9421826393421,3925.720155009238,1065.0705328729218
2030-10-16 21:00:00,6190.394638250131,4032.614829045717,468.6994996984525,3805.563074967031,999.0275037506016
2030-10-16 22:00:00,5872.543496391606,3777.4212908857367,427.63927116090167,3614.201332874821,919.72587338158
2030-10-16 23:00:00,5458.926512868481,3509.8918365263685,384.485193655132,3426.3501736273083,776.7994159468064
2030-10-17 00:00:00,5177.799396552108,3432.929478541517,371.7968094419891,3355.1717335619105,710.9472826308001
2030-10-17 01:00:00,5101.410101203087,3316.363997486816,364.53551874233216,3376.854005544327,679.567856851946
2030-10-17 02:00:00,4957.268553329586,3352.264855334542,348.69707074941914,3348.467582292194,658.6390765467502
2030-10-17 03:00:00,5038.253531221567,3350.1655479012893,356.17008141211664,3327.4594941627447,644.1318215954972
2030-10-17 04:00:00,4998.605818961027,3458.268499194423,367.3517393819147,3392.6578810986466,646.1263637578998
2030-10-17 05:00:00,5206.5064803432015,3784.972344198112,393.09323532945706,3470.432148774318,698.7813223605652
2030-10-17 06:00:00,5386.38965552445,3954.10200439632,433.1840972727387,3672.326058070768,820.2176280045369
2030-10-17 07:00:00,5639.317757531629,3928.300406630578,419.9008164961828,3679.055573178075,921.2649770669192
2030-10-17 08:00:00,6003.087488305269,4069.8728618695104,432.5964267082637,3789.36230504964,970.4684053099036
2030-10-17 09:00:00,6139.260916991316,3980.3517201773375,421.6800967652465,3760.831757287384,981.3223579746964
2030-10-17 10:00:00,6206.53532387712,4022.746362991925,420.161068437164,3775.128353609304,991.8143136951704
2030-10-17 11:00:00,6239.0691163347365,3918.647754262197,425.1883208430066,3734.107241838295,971.3727658733068
2030-10-17 12:00:00,6124.089090614318,3839.150219139317,414.7918774972504,3675.365582214091,960.3653423676948
2030-10-17 13:00:00,6140.4001786197305,3871.2917039582258,431.54155689683,3643.683550955862,913.1066640616372
2030-10-17 14:00:00,6165.316839729759,3819.235223764618,422.793136125274,3638.371668700521,937.8270616017776
2030-10-17 15:00:00,6162.16916627778,4004.932506879498,422.0153369302793,3676.051756464846,949.8263190584272
2030-10-17 16:00:00,6195.596746487832,4116.291634016123,439.8445974380223,3780.839765891289,995.0633960052996
2030-10-17 17:00:00,6279.925604095068,4259.191914564689,471.3690920629155,3897.980901148061,1035.4165687664718
2030-10-17 18:00:00,6215.885239882166,4253.785568214705,496.5273103423313,4019.694744562232,1047.1253667203712
2030-10-17 19:00:00,6285.128902545044,4340.33941583989,497.8011751843633,3972.6140743342416,1085.405913162151
2030-10-17 20:00:00,6490.820613267558,4268.489591764439,496.8610316017181,3975.8724310949774,1044.1122691023345
2030-10-17 21:00:00,6232.942883793325,4008.5022921763584,476.0563337896859,3855.93182274588,1008.8455426800364
2030-10-17 22:00:00,5873.017048006904,3811.270360846824,421.5092722947764,3637.978679127325,909.6147946296884
2030-10-17 23:00:00,5475.918016528492,3531.992411024142,398.02089416071135,3487.7538231292224,772.771553306766
2030-10-18 00:00:00,5177.542022720086,3365.9553495028,374.0268593669098,3331.329740151657,692.1034741179693
2030-10-18 01:00:00,5119.859704349868,3335.435859358936,354.85829243436547,3320.3127009712807,673.4881060505724
2030-10-18 02:00:00,5025.131712040605,3321.7417307106875,357.6470856640128,3337.752973907672,653.7774936877886
2030-10-18 03:00:00,4994.801337798591,3383.025651597384,358.93344943040046,3312.18532537054,655.4145876978163
2030-10-18 04:00:00,5049.462354507959,3479.9622851039403,359.9228343322,3303.445640054754,638.6208723085807
2030-10-18 05:00:00,5133.867897376224,3726.367954289132,392.08060928966233,3476.8485735909544,694.8641988534306
2030-10-18 06:00:00,5433.510243849584,3985.578174121667,428.5637990987471,3730.562059193768,796.5333249680002
2030-10-18 07:00:00,5599.375261389916,3963.484449372549,433.1251918268569,3768.354504299866,938.8663052897482
2030-10-18 08:00:00,6001.674173979998,4021.417045137058,433.8714201543541,3738.555063850063,984.920684634948
2030-10-18 09:00:00,6263.394104745232,4018.910386101056,420.0868139334615,3755.2442797615313,978.126467940266
2030-10-18 10:00:00,6307.100869754822,3935.302946094628,427.8176248691893,3733.034027620453,978.2194031760894
2030-10-18 11:00:00,6168.307544028992,3904.3599875968735,429.2295406046768,3728.4295928817423,990.5807748945404
2030-10-18 12:00:00,6083.369334356716,3844.0494937393423,425.6197261701365,3706.065965085135,936.877602532614
2030-10-18 13:00:00,6172.515126088018,3906.2662689206086,426.252753579988,3622.228771704575,949.167960071396
2030-10-18 14:00:00,6230.648284043905,3850.9789595512234,427.1568742085132,3658.113069895314,926.660676627512
2030-10-18 15:00:00,6247.969360928371,3937.796640143519,430.3879183109668,3672.01035347474,955.486267614142
2030-10-18 16:00:00,6354.801878617462,4059.462303452309,449.42300563987993,3820.9594381750057,978.4250054029912
2030-10-18 17:00:00,6322.964294298025,4283.09484346255,481.0551503540232,3910.279831325629,1049.1281097389883
2030-10-18 18:00:00,6447.059869773646,4287.070314958418,498.3090265280773,3968.385876427574,1059.760581606531
2030-10-18 19:00:00,6297.487483140067,4338.560216829129,510.49488507290994,3990.44964980034,1050.869302451857
2030-10-18 20:00:00,6370.369652302295,4200.392385837877,501.9455773679659,3919.742909419529,1058.7383054461015
2030-10-18 21:00:00,6085.161927721396,4010.719503592305,475.94345258671945,3784.5339784371326,1028.637361975887
2030-10-18 22:00:00,5842.914912846426,3787.53839947412,432.9900193680844,3680.215160363232,932.9560391566932
2030-10-18 23:00:00,5363.87719530548,3544.749088993739,395.1841793106537,3422.0206914295704,785.6739559859795
2030-10-19 00:00:00,5176.494243731853,3401.283477486903,369.410895787937,3420.0746265920898,712.6760510628882
2030-10-19 01:00:00,5111.23197648877,3310.278989473536,360.28544655890795,3303.664170421252,661.6995493371435
2030-10-19 02:00:00,4895.555324768691,3269.458455071562,356.9740336272512,3283.884359320286,646.2010972769339
2030-10-19 03:00:00,5031.380505650764,3337.8266170011184,356.58243866140106,3352.5062287675323,646.0722777349664
2030-10-19 04:00:00,5020.151724241758,3368.845384302304,360.604155221282,3371.700745936101,667.4966472863856
2030-10-19 05:00:00,5125.137578331442,3777.2971305330816,386.0587379487597,3490.0972438259623,690.1616728349547
2030-10-19 06:00:00,5391.568220386224,3951.547388819764,436.38695963934055,3645.62364805344,801.8924235829867
2030-10-19 07:00:00,5515.28848844384,3851.134503935081,436.4518889832744,3643.166988889832,929.028983564016
2030-10-19 08:00:00,5871.899361178006,4036.3790987515463,431.2817005288605,3712.9933657077695,976.3871577296354
2030-10-19 09:00:00,6194.076340639138,3939.405768324551,418.4376942856795,3787.868591215072,992.3253109893192
2030-10-19 10:00:00,6186.117778252185,3927.0754208360686,426.16269487554126,3765.454133851664,995.1511046908696
2030-10-19 11:00:00,5978.166065669143,3862.354460590095,422.56230171355753,3618.1634580017535,982.2632573106844
2030-10-19 12:00:00,5936.161802846056,3795.055656168284,421.2773851394156,3606.0033775713423,932.5833193107794
2030-10-19 13:00:00,6224.1687141536,3831.1867322832313,424.3263255339044,3638.866432851267,946.2878610292388
2030-10-19 14:00:00,6121.15179474895,3853.4805782242406,421.3027153239162,3658.777328190268,936.0658706858072
2030-10-19 15:00:00,6014.090428421959,3880.048470917584,433.77864615300166,3693.625577062284,919.109482207206
2030-10-19 16:00:00,6302.458742048241,4089.989224312145,441.646764721692,3687.509337132272,979.6871736004572
2030-10-19 17:00:00,6335.121645121306,4163.19801588319,481.985324605805,3955.194764027233,1009.0698019649468
2030-10-19 18:00:00,6308.582234026425,4281.869032394876,495.0959173411602,3965.505651403236,1048.806885061927
2030-10-19 19:00:00,6314.6414327563525,4352.867243835389,503.68835588635153,3975.115898064632,1054.864993789001
2030-10-19 20:00:00,6335.890121287274,4133.25794083189,505.4459731262847,3940.948456539989,1048.2734334181328
2030-10-19 21:00:00,6149.066994808981,4028.552282888214,474.1864268113883,3801.429531750391,994.8095870556672
2030-10-19 22:00:00,5758.9409820509645,3757.9761943592334,424.7893031719405,3644.611503544288,898.2966812033261
2030-10-19 23:00:00,5338.095815531287,3508.7032156509936,394.8477655632899,3513.7669834913363,785.2569335366669
2030-10-20 00:00:00,4975.378049153403,3362.8177334164043,367.79006071533286,3317.181568461304,685.7278113972409
2030-10-20 01:00:00,4898.854596936857,3254.1264844272864,358.4217190961153,3361.2993743471097,661.4569414662466
2030-10-20 02:00:00,4822.787030378951,3247.825917755057,357.1388329240507,3269.9552808718563,638.2759324731328
2030-10-20 03:00:00,4757.600197350578,3280.874356123799,359.1031759590268,3310.628910290145,633.1948281136139
2030-10-20 04:00:00,4685.041973557979,3347.036990057151,354.3092294183988,3360.7178846479387,658.6935804089298
2030-10-20 05:00:00,4904.432684920896,3720.243345293107,391.1582832275701,3437.824093980176,681.2265793685125
2030-10-20 06:00:00,5094.196281079134,3907.142362326445,428.7375556501737,3671.9218082336006,797.9292740202582
2030-10-20 07:00:00,5395.7948047371865,3832.6451452696874,434.0446927238052,3739.8225358171753,937.1619501164732
2030-10-20 08:00:00,5679.232840317016,3850.3225069165146,424.2188805099308,3677.519303780161,979.172478139631
2030-10-20 09:00:00,5921.596759990835,3949.562454866054,423.91955936798064,3709.6088593017184,966.726578166327
2030-10-20 10:00:00,6018.658711339529,3884.537914502552,419.8711595663424,3733.74466576505,982.3924312752582
2030-10-20 11:00:00,5836.651695243372,3769.8366421231294,431.7913119749934,3663.3520014880537,987.0740128886498
2030-10-20 12:00:00,5773.863480206257,3801.509407588273,420.3613582309093,3596.887032346607,938.7417789933764
2030-10-20 13:00:00,5821.356466168917,3762.00506090115,424.7996384055929,3617.038514108516,924.6835742177266
2030-10-20 14:00:00,5978.820612235538,3848.596989538633,417.4714851111728,3583.016426855632,923.5572131144702
2030-10-20 15:00:00,5967.323583444138,3827.1832971965946,431.3291283399132,3655.093880981112,939.8994854941986
2030-10-20 16:00:00,5886.148407432316,3982.459936345196,440.9870335910481,3805.4276348512826,959.2254997519362
2030-10-20 17:00:00,6009.853851539955,4161.454266054149,470.4934707627128,3894.4859038316345,1009.664168646292
2030-10-20 18:00:00,6042.992729417997,4238.138871429158,493.32854615572126,3952.951725106599,1024.36458023812
2030-10-20 19:00:00,5997.197780098787,4273.404972303784,491.2050825600324,3893.146834017228,1036.0684813302323
2030-10-20 20:00:00,6083.125190829319,4225.78474080402,501.04770135015815,3936.165865048652,1058.137353339364
2030-10-20 21:00:00,5890.409445526852,3965.27235617392,470.0200692076272,3817.1341841503895,993.4092732229713
2030-10-20 22:00:00,5572.6173750167145,3649.082591376065,422.1748907767023,3590.504098042085,911.095435261098
2030-10-20 23:00:00,5183.395349887187,3525.830377373796,389.8662317681688,3489.2503351292235,763.3913602822366
2030-10-21 00:00:00,5180.21693558563,3373.304182751466,370.61773723049504,3362.515794634565,706.625004429165
2030-10-21 01:00:00,5097.399830143812,3344.2118016343898,358.42514027858294,3319.1740319266514,655.132149420102
2030-10-21 02:00:00,4995.973844987378,3273.068565865005,349.83307705372545,3307.411194810087,643.8205577666367
2030-10-21 03:00:00,4969.7635687681895,3341.7512541929486,353.03793702799334,3316.518670895025,646.5256876982428
2030-10-21 04:00:00,4972.286600263527,3440.296317119135,363.5572707813562,3334.6175525561434,647.9073178393147
2030-10-21 05:00:00,5159.093791629965,3685.372695053989,390.13092324721305,3448.677265063379,689.6110486728429
2030-10-21 06:00:00,5287.008328457731,3962.477630490232,430.28325440812495,3603.7038365831695,802.5421707369842
2030-10-21 07:00:00,5555.983331836611,3867.7741235774856,424.7712825704997,3726.120673059116,913.6277686024182
2030-10-21 08:00:00,5821.166983447795,3964.109871358059,431.8686788480849,3867.408759252629,969.9893485179788
2030-10-21 09:00:00,5979.254718515971,4000.913242593344,422.2095410596036,3773.548341964594,993.6501221628822
2030-10-21 10:00:00,6179.041821375462,3980.9748010977255,421.5617348180394,3796.934767813934,975.7008123810652
2030-10-21 11:00:00,6133.354674236603,3951.461215407745,423.144158190772,3713.0208446304314,960.7817608757376
2030-10-21 12:00:00,6032.45538430283,3838.8865943895134,418.3856970983194,3659.355882805452,928.7937055592104
2030-10-21 13:00:00,6089.751953922481,3829.3191717066975,417.5107829299736,3725.429686029309,930.8004987382864
2030-10-21 14:00:00,6236.048576483272,3861.638933029316,422.94251106382586,3727.924190320708,925.4271099597532
2030-10-21 15:00:00,6151.01201378244,3940.891658330178,428.01309087355145,3666.860677179976,917.2545611517208
2030-10-21 16:00:00,6259.9428542615615,4030.732198091454,447.5527476924725,3795.948079367352,983.3478721700976
2030-10-21 17:00:00,6396.98058295915,4209.420572091808,480.3264496590401,3931.058841602997,1029.4885151877031
2030-10-21 18:00:00,6318.732488457528,4317.689157841707,493.0873761041348,3936.9254037594633,1060.2790848628508
2030-10-21 19:00:00,6309.631851946672,4354.556490162614,502.8497806968255,4056.464237096175,1031.334455023111
2030-10-21 20:00:00,6241.309151499729,4241.2063372634,505.00097753682536,3908.366767076374,1043.324159505751
2030-10-21 21:00:00,6146.079329379819,4031.6357060782734,468.2680296456725,3783.76676628392,1014.6111749475182
2030-10-21 22:00:00,5794.296426948177,3752.124956434015,428.2492460256525,3607.437006933044,921.0324652024158
2030-10-21 23:00:00,5413.648681448684,3471.7688981114648,387.4654509623157,3489.750458972456,782.7342526769834
2030-10-22 00:00:00,5156.250889243449,3404.926212848909,369.6261566006085,3397.100537523257,717.5875520797752
2030-10-22 01:00:00,5089.633983712853,3239.6946413902137,357.25402253919435,3299.75180789498,660.9687571988803
2030-10-22 02:00:00,5016.596658411713,3327.2102904283342,360.0420190821534,3309.689674693393,649.1317484349922
2030-10-22 03:00:00,4909.736895182836,3345.7068202853047,352.5581837995816,3267.9730709783216,647.5543121214522
2030-10-22 04:00:00,5029.533874637016,3400.541830006171,363.1682834462861,3291.348194164871,655.6193786760418
2030-10-22 05:00:00,5167.933451466466,3718.0724673687823,394.6017084953994,3472.173230395652,687.0114022679602
2030-10-22 06:00:00,5370.973820164959,3863.1144508143375,429.32059568725816,3610.306851963868,799.7833717994106
2030-10-22 07:00:00,5505.348378768539,3884.840153207972,427.2453033321392,3763.115926087706,926.2062063366558
2030-10-22 08:00:00,5952.594164458143,3951.8245287529617,434.2271362851075,3741.805035400499,980.079960620422
2030-10-22 09:00:00,6179.878311717088,3990.800024595084,427.006305033321,3801.366831536283,986.3332644770172
2030-10-22 10:00:00,6306.622174990268,3973.174117356889,431.2833240297165,3699.562574350664,991.1545850347542
2030-10-22 11:00:00,6145.55381837566,3918.9021567757145,425.4143971433607,3666.854289655232,978.3109321152956
2030-10-22 12:00:00,6063.7644287140965,3837.0731118928456,417.2729115893569,3633.840277312067,939.1047999493004
2030-10-22 13:00:00,5946.256830229679,3887.694120698849,421.92674059563313,3653.934130268764,932.6541559514352
2030-10-22 14:00:00,6146.39176561988,3873.017409623404,426.1302793305725,3646.3424668033313,932.057530863954
2030-10-22 15:00:00,6211.265602540078,3916.284369621232,434.0856537340629,3722.516509933371,936.7965011581634
2030-10-22 16:00:00,6194.573871010714,4101.241280198666,443.02279561491366,3810.72705312815,974.8159843195576
2030-10-22 17:00:00,6202.7526624378825,4198.83793952856,470.1262256712394,3852.720690114644,1012.268874452805
2030-10-22 18:00:00,6235.630718054486,4244.941154022876,498.3615182105031,4009.020092102903,1052.9098314551088
2030-10-22 19:00:00,6414.721474758544,4273.688869667454,505.2037392959456,3994.792217453925,1069.5208500471872
2030-10-22 20:00:00,6312.814082417054,4281.475649519271,498.8241399573418,3891.469083818427,1056.018306623374
2030-10-22 21:00:00,6112.924787354782,4005.970193549912,472.5262219807941,3849.670351256565,1002.4597696234364
2030-10-22 22:00:00,5993.406389053793,3760.611418142048,427.6736906514056,3584.8032038972647,926.1679974925596
2030-10-22 23:00:00,5385.5298249521165,3608.407077122442,385.77856472595,3518.4435686331294,769.099775531446
2030-10-23 00:00:00,5191.289553590596,3449.1799646393,370.0933822682817,3356.9588595703262,698.0388861954215
2030-10-23 01:00:00,5046.535637300911,3250.55671159404,350.62813718574955,3320.146237205549,666.8354393414512
2030-10-23 02:00:00,5060.77406545018,3299.156373810879,347.1296083526965,3255.882972235617,648.6569182875834
2030-10-23 03:00:00,5002.923366396612,3382.056124851114,358.33799820096107,3324.9391346367347,656.0751368446716
2030-10-23 04:00:00,4955.0122996167065,3478.907539966729,358.721458621113,3290.7940280831,650.6227699303948
2030-10-23 05:00:00,5152.586958447959,3750.562720245256,394.8068053428003,3403.4107593604203,684.9873421383633
2030-10-23 06:00:00,5412.581069853651,3955.650506389226,426.450191530524,3692.821964039134,812.69557049367
2030-10-23 07:00:00,5565.386041685472,3923.405181932837,425.7433491101887,3688.107616379728,930.461575065518
2030-10-23 08:00:00,5960.768999018864,3995.839017380831,437.4928135667252,3802.681646671927,984.3636258828992
2030-10-23 09:00:00,6075.245131556544,3908.5724123734494,425.4237755769014,3795.0078993909055,985.9910221300032
2030-10-23 10:00:00,6273.233783365629,4032.4810070609465,422.2999245815238,3730.130001435549,986.9005177458876
2030-10-23 11:00:00,6185.861864265466,3896.66743852192,425.3232696148197,3729.141280346742,989.1057951638014
2030-10-23 12:00:00,5985.840188613806,3809.942496835693,423.0510595974316,3669.6076146160985,920.9097726727512
2030-10-23 13:00:00,6056.575413072148,3848.067482397239,425.4927191752054,3716.143394094661,936.0008433355993
2030-10-23 14:00:00,6223.860988440488,3828.0220168443,418.16714447484543,3614.989054264828,912.0698983127032
2030-10-23 15:00:00,6115.5104893649495,3948.5719092912977,427.4843458400275,3721.09311712831,946.074956153174
2030-10-23 16:00:00,6210.278349814135,4105.532146222899,434.1971076589586,3865.244537864893,974.5561805155576
2030-10-23 17:00:00,6278.303853719844,4173.79516025117,478.6124917803879,3904.977376741438,1040.8193176079078
2030-10-23 18:00:00,6357.593409282111,4303.673014031035,493.19274994283774,3933.7769582200935,1053.598109977435
2030-10-23 19:00:00,6367.122558972613,4262.748943241953,494.5701686600946,3967.924571132959,1063.0367645339416
2030-10-23 20:00:00,6306.228637203074,4250.503253703943,499.2647479728996,3887.896690087471,1049.341704373887
2030-10-23 21:00:00,6163.029729870931,3950.456125458245,471.9319116698656,3849.581244843889,1022.918913707628
2030-10-23 22:00:00,5850.535579975727,3798.9185153215462,422.501372541709,3667.294509250677,904.8474207832749
2030-10-23 23:00:00,5445.533540799619,3517.58307834724,388.6654252730288,3524.368380268598,779.6525328404454
2030-10-24 00:00:00,5271.1783073467095,3479.3210907320254,362.486989737275,3388.949314110551,706.5741151640126
2030-10-24 01:00:00,5030.518030513965,3386.296664008915,362.389916431292,3410.390047638099,679.892832771482
2030-10-24 02:00:00,5012.50882017409,3374.857971067342,354.0796368254466,3305.8956296307388,649.9818904950721
2030-10-24 03:00:00,5000.325168968965,3289.380410808034,353.12785490544934,3365.856076665056,633.1536303492796
2030-10-24 04:00:00,5002.859764868833,3523.856969568428,364.288316219112,3350.4464771448597,653.9208411538135
2030-10-24 05:00:00,5226.160388561981,3757.238451038434,391.3456233957464,3465.6250995086366,696.174452792904
2030-10-24 06:00:00,5409.409940399016,4020.603955594349,429.8625289788795,3647.522975331079,801.0973413853815
2030-10-24 07:00:00,5572.819150014436,3899.660662030635,421.9577215387277,3748.082658581333,936.8284427486076
2030-10-24 08:00:00,5986.088649862523,3935.7117880997,428.7858000019002,3694.099662520337,985.0050488245572
2030-10-24 09:00:00,6197.427795350259,4044.194381897464,420.5844105955362,3757.539773818847,989.5481547439076
2030-10-24 10:00:00,6322.510411479953,3988.223887912932,425.6272314900664,3768.006973294025,995.3236808109416
2030-10-24 11:00:00,6166.697250949634,3895.105368289796,426.4770298355802,3748.6455422260647,998.0109301903876
2030-10-24 12:00:00,6097.217035482476,3833.979316500405,417.29639745195584,3651.7528963617615,934.7171938378192
2030-10-24 13:00:00,6214.401814833359,3843.753692566276,425.0098256787961,3697.277634693693,926.8943563999152
2030-10-24 14:00:00,6293.834400980118,3896.0061100331977,420.6074376382577,3697.143475779261,924.905639909661
2030-10-24 15:00:00,6396.85666230528,3917.593058796912,428.801939809374,3728.28310915498,931.2323246439598
2030-10-24 16:00:00,6154.166630948677,4126.4911017155855,438.92196824378817,3883.1231933334057,976.5416771149204
2030-10-24 17:00:00,6356.487316860423,4282.343713044975,471.79418944417546,3909.938661044316,1022.8060149937888
2030-10-24 18:00:00,6224.726102365724,4242.911899103209,485.9036289219017,3950.1821163150016,1093.913045331651
2030-10-24 19:00:00,6313.77324338674,4399.178738742415,507.4474374933518,4046.223080559736,1061.3305534093638
2030-10-24 20:00:00,6444.319830525875,4292.494790377274,495.68783049368574,3935.394359584344,1050.014191596496
2030-10-24 21:00:00,6278.876524622107,4053.6255567478775,472.79881934699927,3879.893744375035,1016.8905069203998
2030-10-24 22:00:00,5931.84376295647,3768.774611069515,425.67347281172914,3697.283111350912,903.798035738929
2030-10-24 23:00:00,5424.599113138646,3513.402447217617,388.8167551198528,3549.966451942916,793.9059848497325
2030-10-25 00:00:00,5248.99537705088,3362.964116988569,372.1859983249871,3355.480192360403,719.3821504416908
2030-10-25 01:00:00,4983.285859538108,3305.381746552869,356.171932567333,3331.412323441697,663.5904078225676
2030-10-25 02:00:00,4938.168241570669,3303.8442098245414,365.04810445296033,3280.182021343945,657.1920584137645
2030-10-25 03:00:00,5106.488424707254,3294.144148733343,356.79549579074074,3310.6809851453854,644.278619315187
2030-10-25 04:00:00,4881.305163779407,3433.332182123552,362.3739126938409,3423.400932253169,657.6076428036895
2030-10-25 05:00:00,5032.691611049312,3802.370335078732,398.3472470222804,3539.2997013921595,694.4176370844966
2030-10-25 06:00:00,5304.214956922982,3945.511843433441,428.7261209125815,3667.1600979353175,804.7665804557589
2030-10-25 07:00:00,5512.080900846861,3971.937913345967,427.2007581002859,3696.399352990141,912.137164423397
2030-10-25 08:00:00,5980.897532609823,4087.587455550373,429.3070453647457,3777.878745480484,980.5169377349704
2030-10-25 09:00:00,6255.94379054173,3932.528242803046,431.8096422778809,3721.151777787932,972.9093986588728
2030-10-25 10:00:00,6280.668722469549,4002.434576900313,432.5714697285019,3793.02150289125,985.4534308227908
2030-10-25 11:00:00,6279.91828450608,3888.6810573772914,425.6821474703872,3668.300621810765,1004.1091783438496
2030-10-25 12:00:00,6106.362304340866,3833.9787810511193,423.3737007740645,3659.535502721497,943.537066974898
2030-10-25 13:00:00,6189.440094124936,3902.100546647216,423.4166422294562,3645.16169387127,938.699230180079
2030-10-25 14:00:00,6332.570119209726,3931.5550664236384,424.3744486670801,3708.9729449907672,941.7515938973676
2030-10-25 15:00:00,6215.297821854547,3920.188825317941,427.777874243768,3699.755376983356,942.6902255117398
2030-10-25 16:00:00,6200.195789061804,4049.0552231261313,444.1773533135466,3831.5818031104377,957.0216513851632
2030-10-25 17:00:00,6370.053076066988,4258.66509105647,481.1468572158237,3920.6415286790943,1044.3661504642214
2030-10-25 18:00:00,6347.837580709094,4204.707217545667,493.946242156746,3971.742620693444,1061.3188131426891
2030-10-25 19:00:00,6315.3764703783145,4315.925180803914,506.1000756204253,4040.1002574853214,1055.5650856368327
2030-10-25 20:00:00,6212.107786161509,4208.559978320444,501.72928250511234,3991.5622929275432,1047.738821366618
2030-10-25 21:00:00,6162.025215734808,4031.247216824739,473.68690490654586,3806.196910236952,1027.7541765623876
2030-10-25 22:00:00,5915.405454772977,3735.680421921052,422.21994586386506,3578.227103094204,913.9589074688698
2030-10-25 23:00:00,5537.190915082966,3595.0503640216684,386.1721792032861,3505.506166542033,806.6532259735205
2030-10-26 00:00:00,5136.655814359096,3376.8591612810983,369.0937834709936,3396.5850341849623,702.8615377953719
2030-10-26 01:00:00,4941.067924210999,3366.0242883518263,358.1337419978502,3407.503740030243,673.098216578064
2030-10-26 02:00:00,5089.326100236368,3349.8471714606976,353.56771802681146,3320.490209517654,646.0228020760275
2030-10-26 03:00:00,4913.0764648224,3359.7239808678028,359.42776787457325,3302.1020325324257,639.3041880253721
2030-10-26 04:00:00,4984.684344021677,3505.083378756666,359.89346660380835,3358.97082097972,650.5943159105414
2030-10-26 05:00:00,5170.800644082201,3761.1144954139295,393.9873195639671,3456.707813347411,687.3188407289579
2030-10-26 06:00:00,5360.446724525714,3878.1914846762807,431.3916236070686,3623.3698889337857,808.7775557993469
2030-10-26 07:00:00,5470.172491596103,3977.2822222829686,432.8991872290288,3724.02218362553,935.1225502521728
2030-10-26 08:00:00,5950.092459806735,4009.445658578121,435.7757347619235,3728.295188452377,958.9409437618704
2030-10-26 09:00:00,6212.806980305289,3933.916601272951,420.1409696152666,3720.657463789649,986.5791335143234
2030-10-26 10:00:00,6131.248309096332,3907.175067314649,421.01066880874737,3704.544876743704,984.5830429443272
2030-10-26 11:00:00,6113.630363779931,3864.864143731476,432.8925185913581,3746.440730837271,982.6700968031076
2030-10-26 12:00:00,5890.71439262345,3829.287838340815,421.5381478434912,3629.381137551005,938.7403134692412
2030-10-26 13:00:00,6048.315792286128,3792.913834844136,427.0848994953001,3635.309078116906,930.5312413826314
2030-10-26 14:00:00,6116.4495855180185,3834.916148994625,422.34842908475935,3661.905181635635,913.197236314222
2030-10-26 15:00:00,6135.025269561197,3936.3624181898494,434.31900636364514,3688.677118858081,935.1276778561416
2030-10-26 16:00:00,6156.46917722352,4090.1351101775863,444.6183960828525,3782.198284762476,956.4344972230884
2030-10-26 17:00:00,6327.239925016658,4275.792382890918,472.1498899696175,3885.3805730454874,1001.6156929355624
2030-10-26 18:00:00,6308.216909642093,4277.954869816941,496.3962385491447,4012.474329397457,1052.8542849240737
2030-10-26 19:00:00,6201.533846489021,4284.375312581595,500.1905364877349,3992.877750984781,1049.876797254562
2030-10-26 20:00:00,6301.038138382123,4291.120560732286,502.96173236075225,4002.314870273492,1048.2046476165335
2030-10-26 21:00:00,6069.944005245558,4034.92222658983,476.2575985934981,3832.0899700906425,1004.620432772308
2030-10-26 22:00:00,5787.601200515318,3799.52526168945,423.28520617979393,3643.883888507669,914.7163361881718
2030-10-26 23:00:00,5364.69973009626,3560.019644680296,394.203874409436,3495.203048103064,796.6803834020252
2030-10-27 00:00:00,4976.888462319955,3423.1060194441943,370.6288734955949,3311.3970757870625,704.2907101748257
2030-10-27 01:00:00,4859.176630960796,3246.5767832844285,357.58668257191744,3342.754753987316,658.1909870927755
2030-10-27 02:00:00,4738.572678025813,3275.236460175693,356.59772107293827,3275.6963999463283,649.6685565900723
2030-10-27 03:00:00,4772.927245547227,3283.31383112563,356.6248921454626,3326.1379718421185,642.977787005643
2030-10-27 04:00:00,4791.293855635932,3374.924973241237,360.8315646029544,3307.2029220265717,656.2199960216836
2030-10-27 05:00:00,4879.845815779385,3698.168950321135,392.4462540766759,3384.822946519234,688.7345073074457
2030-10-27 06:00:00,5225.629741494686,3829.020500448594,426.6809291209744,3668.5086780801535,785.4441008551094
2030-10-27 07:00:00,5390.491896958964,3865.427579225751,428.8333087565203,3677.32452455218,941.1845225235444
2030-10-27 08:00:00,5651.25004545303,3868.335668212226,419.25299031004033,3725.453751436726,976.2261172858464
2030-10-27 09:00:00,5881.130161506714,3888.021140177764,421.2585280903906,3666.4121355943407,987.84073393387
2030-10-27 10:00:00,6016.522451935863,3910.4740502722,419.5744056303189,3706.628418247594,995.9208128346496
2030-10-27 11:00:00,5896.283626920263,3839.7622619910394,414.6820467996165,3713.519091213938,999.9307221961618
2030-10-27 12:00:00,5744.918984650069,3730.702630866099,421.7846485530533,3594.4001382907904,950.610976278499
2030-10-27 13:00:00,5869.804858779208,3768.029850357472,426.3542522849276,3589.169504573945,914.0859282439534
2030-10-27 14:00:00,5968.082978723994,3826.80146316536,418.156726274632,3587.721554638456,927.8823329628914
2030-10-27 15:00:00,5850.672729771839,3885.029594462877,431.55954841832033,3708.466131191808,947.5917533866634
2030-10-27 16:00:00,6074.869676639856,3990.689238437465,448.98418196725424,3705.1083321025408,975.1313584023858
2030-10-27 17:00:00,6120.414990545727,4125.607525543485,478.7603310703663,3884.201732334135,1016.9805902177646
2030-10-27 18:00:00,6060.7685194378655,4254.84502488799,496.8289907586234,4011.9764696873526,1045.7709836777226
2030-10-27 19:00:00,6028.539677575301,4233.86993994436,507.3032478591924,3965.54224353156,1055.0326280232614
2030-10-27 20:00:00,6114.873635216849,4094.2834217539016,496.3259259914109,3882.851092002847,1045.7279384918031
2030-10-27 21:00:00,5931.064942319058,4044.785655658435,471.7134315972477,3814.8638911605785,1013.6962545830722
2030-10-27 22:00:00,5596.620069228921,3751.4558989543575,421.7561082075974,3652.570098267688,902.8073092963092
2030-10-27 23:00:00,5234.224165542319,3457.5766874909764,391.52302231580177,3433.34591991578,777.0580481952173
2030-10-28 00:00:00,5109.454472653361,3343.8090730628464,369.3811909389693,3382.731025575368,707.7496495786331
2030-10-28 01:00:00,5021.456013827925,3331.907764094547,357.64501071918005,3323.116782184504,662.9255283751077
2030-10-28 02:00:00,4943.098087658545,3332.372606613861,350.32765057943186,3296.8304969234805,651.4365806817588
2030-10-28 03:00:00,4970.949972951348,3378.08187569456,355.265153654205,3333.85667538244,642.0284668817608
2030-10-28 04:00:00,5008.877449035752,3422.3469173217013,360.6723970409392,3391.747357766213,643.0113116673544
2030-10-28 05:00:00,5089.065378551532,3691.337401396893,389.17923041992736,3514.2605819650125,682.8964645952416
2030-10-28 06:00:00,5306.010758579583,3820.8856940853534,419.94634407017537,3668.773234595161,806.8896445377126
2030-10-28 07:00:00,5581.405221133135,3911.41805034666,430.3870177566458,3696.293407637085,924.7701862583632
2030-10-28 08:00:00,5874.509917457278,3957.670488213356,431.7439061549897,3823.5875763422296,981.1862997800318
2030-10-28 09:00:00,6180.368045247858,4008.4427386704647,428.8572898464226,3771.836663209917,981.4732227282574
2030-10-28 10:00:00,6097.141271617549,3891.897155877632,431.0770012193008,3767.1537268213233,975.6970578707774
2030-10-28 11:00:00,6040.583650903482,3909.417926951094,420.2414005242471,3748.1989649780376,984.8784363912212
2030-10-28 12:00:00,5995.182974955201,3850.500502520301,422.4774056983247,3696.0081908528655,931.2957981776476
2030-10-28 13:00:00,6083.309559199704,3908.039519758013,419.315900884786,3629.284414473976,914.4782953668638
2030-10-28 14:00:00,6126.214782311198,3829.8934452286417,423.5490530031087,3733.428586453969,931.8685440810568
2030-10-28 15:00:00,6124.534348202553,3864.370405645198,430.45298137747307,3693.251302298067,923.6687611926776
2030-10-28 16:00:00,6264.166293043672,4052.7456689970577,445.1183522410952,3732.7538429134033,958.7865760047426
2030-10-28 17:00:00,6329.222696777758,4238.998919475112,476.8210082387935,3914.072919981418,1002.5890571856512
2030-10-28 18:00:00,6324.4204255120085,4285.018427464881,489.2988454393098,3941.1789626972745,1059.8585195541418
2030-10-28 19:00:00,6439.603606069687,4270.855378081586,500.4686166656639,3981.84478419216,1035.22508752486
2030-10-28 20:00:00,6309.918199630777,4191.4603316982,488.29559404573297,3950.061703307672,1044.2865726075624
2030-10-28 21:00:00,6048.685389862846,4004.6100422530494,473.8224526224491,3807.27415450026,979.4293427438148
2030-10-28 22:00:00,5851.04071063373,3717.409656520937,423.3418018876419,3677.487055476821,899.6397303409257
2030-10-28 23:00:00,5290.202316857511,3518.677548821221,389.5718768274608,3539.5230179529794,791.5993455048654
2030-10-29 00:00:00,5090.536215619813,3411.374705113111,370.73086928649576,3393.9320783727394,717.7175699890284
2030-10-29 01:00:00,5041.446030682713,3339.705539896769,353.5995047582615,3335.2209654598355,666.8698311779821
2030-10-29 02:00:00,5050.810834107324,3360.4429691891205,355.1313589845162,3347.496683902961,653.4802668336634
2030-10-29 03:00:00,5001.154490709332,3328.269298537451,351.5712907671414,3320.614772187017,654.7295880075851
2030-10-29 04:00:00,4975.449878335469,3458.874537094718,365.5297125200152,3376.9232898473674,643.5379890951518
2030-10-29 05:00:00,5140.055975898442,3735.098166606572,388.55937093247474,3469.2947873308885,685.412701372236
2030-10-29 06:00:00,5395.228241502475,3977.423802249793,428.88254742749433,3693.296112933256,810.4166368059798
2030-10-29 07:00:00,5610.272268382345,3963.647009982135,423.5375511407778,3719.898353750672,936.6963532557412
2030-10-29 08:00:00,5993.34335510303,3959.964586383273,440.3911989674744,3717.701283239016,964.2913239631604
2030-10-29 09:00:00,6178.266096170024,3960.2796115449614,431.8644325543126,3719.7299059531288,982.9077423492548
2030-10-29 10:00:00,6195.912039996039,4000.9226408526974,427.083246864787,3747.90749055899,992.5909296977036
2030-10-29 11:00:00,6093.344765856316,3856.66998988236,424.94864385469606,3733.606271558126,995.5816058038712
2030-10-29 12:00:00,6027.118804746935,3930.557560650396,417.3517682386124,3597.146143569941,964.932422672714
2030-10-29 13:00:00,6131.072378749949,3857.3416067984526,418.4061430569668,3687.687521572901,930.0741795760048
2030-10-29 14:00:00,6138.605128229479,3850.79026649516,427.87887395429806,3676.872525924796,935.4043937687125
2030-10-29 15:00:00,6207.196451671813,3970.313541550908,429.9101209816933,3642.5782257579335,933.2086568912712
2030-10-29 16:00:00,6250.497178419101,4076.5892555833175,444.7891148056193,3800.310698161964,966.4206440103712
2030-10-29 17:00:00,6333.159665420016,4193.975203984935,483.7003511376474,3890.9498879515545,1018.8802344897896
2030-10-29 18:00:00,6236.610207745241,4323.373638999783,496.6865235022653,3959.562966464969,1072.2531702790195
2030-10-29 19:00:00,6378.460611098099,4425.320163108501,506.7851227569367,3960.532226615802,1042.722710557733
2030-10-29 20:00:00,6290.833332094001,4218.587470103394,505.5856342213999,4057.155483195405,1071.0026270512994
2030-10-29 21:00:00,6216.033964603006,3998.848735300284,476.9509448083583,3824.762754401897,1012.9017801224372
2030-10-29 22:00:00,5951.725994431648,3726.255291562615,430.28374274754754,3658.8479333780087,905.6715678430634
2030-10-29 23:00:00,5453.414087760774,3539.6817619105664,393.3774972408201,3496.63465814204,783.4229735601779
2030-10-30 00:00:00,5146.231932941496,3407.714293306543,365.279406122626,3368.504232015297,712.9732741961813
2030-10-30 01:00:00,5001.9796202017205,3347.19960610125,351.5588989783745,3356.497930625272,674.6624637123981
2030-10-30 02:00:00,5056.380783031556,3266.723335638765,354.24707358393044,3376.1539576460723,641.7669652388463
2030-10-30 03:00:00,4954.799138413468,3364.8522468938254,360.902573135226,3288.2845968004995,646.9180781311345
2030-10-30 04:00:00,5080.005183077926,3482.8558112791675,358.23602530076545,3312.772078567359,654.0865286915639
2030-10-30 05:00:00,5200.657124586274,3759.342784873548,385.4013145340936,3449.039131104873,684.9096641633993
2030-10-30 06:00:00,5396.831371953895,3965.435472753822,423.78669922439536,3699.073008319111,826.8549982511299
2030-10-30 07:00:00,5595.951925797772,3878.125413394657,424.06991363172375,3722.630389948648,948.2030202452736
2030-10-30 08:00:00,5925.367503060296,4032.817177006605,427.4224159593964,3707.102611192772,969.00992415908
2030-10-30 09:00:00,6136.833629917613,3975.805572601756,426.0212402716513,3737.780940104591,997.6286495404056
2030-10-30 10:00:00,6238.132297442327,3934.676709825611,420.1033690053876,3759.46023243654,985.6730101986644
2030-10-30 11:00:00,6316.866720737037,3854.320413653216,422.988283423558,3728.248850745235,1004.1592543590386
2030-10-30 12:00:00,6098.66990888986,3811.188413868868,411.8118703000994,3645.681606402847,945.9233695146102
2030-10-30 13:00:00,6168.248346746875,3851.319120117567,422.6591726428112,3649.329614923793,913.3058811345248
2030-10-30 14:00:00,6185.751124418214,3908.0361791270575,421.37037791326327,3683.283435426936,915.339387150088
2030-10-30 15:00:00,6248.937937565492,3965.038572600839,418.9289968746348,3730.190979476786,945.5887073341652
2030-10-30 16:00:00,6188.34891081652,4099.774303886013,447.0870557275358,3739.4182508942818,980.7021178484968
2030-10-30 17:00:00,6366.954957256901,4246.638510250928,477.7035615094933,3919.189804483646,1021.5073603805624
2030-10-30 18:00:00,6201.477924258584,4331.283497407997,503.7196197103008,4017.9275322094327,1052.7064810000786
2030-10-30 19:00:00,6409.887069918447,4393.171930970938,504.3396425501421,3989.8323644443694,1047.2119289267025
2030-10-30 20:00:00,6244.977850759531,4231.087088019015,500.6666481279655,3946.9099433858223,1062.3927091618125
2030-10-30 21:00:00,6245.500215975685,4056.821893206143,464.1618235450778,3829.082756512292,1012.4020619178372
2030-10-30 22:00:00,5871.564299968671,3723.1512565745793,417.4642880300148,3632.5095987780182,931.8245161812328
2030-10-30 23:00:00,5457.974527952561,3490.5273675017943,387.5674166112413,3492.359389379567,781.1002798740851
2030-10-31 00:00:00,5293.958644620744,3425.635627181221,362.88040297565726,3345.190882852732,711.8436184105788
2030-10-31 01:00:00,5056.722930547281,3307.489139464059,363.1581726836437,3333.705568428036,669.5087344586184
2030-10-31 02:00:00,5106.8261476764565,3272.8264312866563,357.8250932742697,3370.73772377926,657.4256696512324
2030-10-31 03:00:00,4983.656296954029,3335.016400881646,353.0349317277178,3367.767165727208,649.4684331042042
2030-10-31 04:00:00,4986.129097786685,3498.5340634567738,357.42295365674784,3367.766474776798,661.3829876152427
2030-10-31 05:00:00,5216.298910508006,3704.767059078347,391.3114349356963,3466.4153621424075,691.5855252583546
2030-10-31 06:00:00,5430.611445243419,3948.1761610254207,427.5417462140558,3696.3460529698127,812.1183875073033
2030-10-31 07:00:00,5550.883513503876,3942.7916660061055,430.8964190151548,3681.5555887537857,936.1945286867764
2030-10-31 08:00:00,6025.213237107696,3966.356758070095,432.7559552666276,3799.742659069,982.7457492806373
2030-10-31 09:00:00,6240.53107243312,4052.3119384046663,420.5858128196337,3770.253239056196,996.7224736364813
2030-10-31 10:00:00,6271.26559733453,3976.0896625052274,426.5123521806995,3843.7030250136527,981.3628280240082
2030-10-31 11:00:00,6272.58493348636,3911.046978632983,422.9306412732713,3659.225362215013,990.391015262586
2030-10-31 12:00:00,6128.102843993649,3773.839651164435,408.9112209472067,3626.16179795644,950.4236281864054
2030-10-31 13:00:00,6201.720203867218,3883.1889370846025,422.7494268011957,3650.701786975289,921.2971374642404
2030-10-31 14:00:00,6324.853783402717,3937.855613826888,425.3945729972224,3637.07051310066,931.5424579326605
2030-10-31 15:00:00,6158.726566774636,3932.0885374490704,440.1179858401936,3750.0405065694113,946.4036904653852
2030-10-31 16:00:00,6263.718472834788,4132.957412372745,452.00999086090457,3800.856062985809,978.0106612534908
2030-10-31 17:00:00,6406.4803777011375,4302.256378561597,480.0524143218802,3922.346617968741,1007.1359367817892
2030-10-31 18:00:00,6367.709890067144,4345.266678164258,501.2288734987076,4031.331798586173,1079.0799768838715
2030-10-31 19:00:00,6367.278446311945,4381.70265643755,501.3183988424674,3930.767109517178,1042.8946883438734
2030-10-31 20:00:00,6502.633128152931,4226.507225013645,494.401748215557,3936.546635740373,1057.102828412689
2030-10-31 21:00:00,6089.559428249478,3984.011931041485,468.7344382668971,3838.8396743805984,1012.9763222346947
2030-10-31 22:00:00,5902.805106886549,3778.84275412158,416.56712815939306,3678.247551651735,923.2623523697414
2030-10-31 23:00:00,5456.097449564236,3568.725436817615,387.43019569290186,3432.796688290832,769.5972456906153
2030-11-01 00:00:00,6091.663967670089,4432.934888098561,471.9984541093312,3818.92348978992,845.8714372297662
2030-11-01 01:00:00,5990.7506483471325,4275.691153733672,463.9828744959076,3811.1824830619857,813.5185613882861
2030-11-01 02:00:00,5926.538467211164,4233.734124638938,452.05560916939294,3675.1378130243834,782.3120599968073
2030-11-01 03:00:00,5809.1036779544265,4335.622998746739,448.41071431797246,3799.155863973265,781.0361915805823
2030-11-01 04:00:00,5921.557901803668,4417.46927643273,460.7045178280294,3762.908042669933,789.6213680531213
2030-11-01 05:00:00,5973.08564194229,4778.1474681118825,495.5839525852133,3908.82744127738,847.724084499989
2030-11-01 06:00:00,6252.729758206581,5048.582751510594,547.3409923912703,4065.7310227981498,976.9637411608456
2030-11-01 07:00:00,6476.296011789525,5066.354271525089,549.8907120446634,4162.210748061833,1132.525643791192
2030-11-01 08:00:00,6917.622377071923,5107.0271937185325,547.2813170350342,4233.729411168222,1199.767695572922
2030-11-01 09:00:00,7158.848672962007,5182.840424602232,536.5482042854109,4239.206087022704,1176.245817860147
2030-11-01 10:00:00,7302.100868451251,5168.526050471884,541.1402745957693,4210.371434434592,1206.0348356887357
2030-11-01 11:00:00,7406.445754271183,5093.435995689168,540.7224418262518,4095.961331994116,1199.477960383961
2030-11-01 12:00:00,7205.085066711103,5007.733962503829,542.6356084642565,4137.642037322255,1134.8425446201006
2030-11-01 13:00:00,7173.527870607039,4911.332446831666,540.6893695826,4132.56142048264,1134.7859570967871
2030-11-01 14:00:00,7146.863765781149,4955.143498144145,529.9409505314245,4077.120296155775,1121.663539924343
2030-11-01 15:00:00,7238.972380287165,5018.753999798644,553.3808071865323,4118.784394444959,1146.0755614668512
2030-11-01 16:00:00,7381.317699797003,5335.784688403937,572.1556389429268,4297.016308237235,1167.2180023382095
2030-11-01 17:00:00,7316.190581158927,5445.023713313519,605.8815698245726,4357.675079355083,1243.4153680470004
2030-11-01 18:00:00,7432.014374025083,5547.48836731475,638.1941546720313,4489.249231789447,1268.412963245387
2030-11-01 19:00:00,7420.252087651195,5610.550761432891,640.365558913492,4433.49220019197,1246.1782702216758
2030-11-01 20:00:00,7508.490206939935,5451.643081028503,621.6936733254603,4467.751235263651,1242.4691406183658
2030-11-01 21:00:00,7095.055514784929,5144.107683181757,594.9369066774265,4342.399925797052,1209.4059778531905
2030-11-01 22:00:00,6719.437130049456,4848.995883437811,541.260404064408,4020.041453399992,1104.1311307883716
2030-11-01 23:00:00,6426.429128562208,4497.950394703687,498.7658428965753,3851.528902841405,959.4573147019108
2030-11-02 00:00:00,5985.310986383891,4400.18326270535,463.2740782329495,3783.377144145707,858.4306271621833
2030-11-02 01:00:00,5822.678214277041,4267.018410173087,452.7620481974791,3760.092924321405,791.6985278433885
2030-11-02 02:00:00,5766.833398605824,4183.576751918669,452.7726227494248,3718.034227109653,784.0931414541417
2030-11-02 03:00:00,5885.620253638222,4291.838434581508,454.0107748631032,3713.748618715291,788.2534706451825
2030-11-02 04:00:00,5859.509890508261,4399.76686650895,449.80965212648186,3699.2675314950448,787.5300891467225
2030-11-02 05:00:00,5926.3000914688855,4831.9647314724925,496.08658406453833,3849.690184514204,842.532058405319
2030-11-02 06:00:00,6125.3395609867885,4991.567762951796,549.056571423594,4100.355180248303,964.7366128682156
2030-11-02 07:00:00,6546.735129084614,4996.659255623575,532.9458602750248,4224.784704054631,1097.7537967088697
2030-11-02 08:00:00,6929.232365309211,5107.352633337563,550.3544800948818,4149.764294921702,1154.7188314899186
2030-11-02 09:00:00,7083.717353563184,5027.027795938433,537.60323738202,4141.538940942463,1204.0395777001197
2030-11-02 10:00:00,7118.381546145229,5053.720544250239,547.0664484611691,4207.423106350488,1169.4880980949713
2030-11-02 11:00:00,7208.032883183935,4963.12532111582,539.3151496116932,4115.49056042648,1158.8429551846295
2030-11-02 12:00:00,7087.255896051124,4878.916842394763,534.4412598678343,4117.090825794672,1128.427533370447
2030-11-02 13:00:00,7076.746894895392,4944.038195266423,522.2833261513323,4053.4681067240376,1103.5090370950277
2030-11-02 14:00:00,7184.8208475716265,5005.199231080333,536.7232791617898,4021.974626222051,1116.358778434487
2030-11-02 15:00:00,7171.198323517939,4957.047517707611,543.9954957322764,4134.923892145233,1144.4074573586845
2030-11-02 16:00:00,7156.281829387176,5225.7366736429685,555.8667323555584,4231.516058075083,1175.3483710479293
2030-11-02 17:00:00,7326.37822614957,5409.2850354839975,601.6262153518197,4322.595123465136,1248.6218950875511
2030-11-02 18:00:00,7324.894547278529,5564.887518095426,626.0366035339674,4484.001083268362,1255.943624290648
2030-11-02 19:00:00,7405.306450630032,5551.260399856032,645.0136583624791,4515.3151561449085,1250.2696364396168
2030-11-02 20:00:00,7455.391725400567,5401.041747395375,630.265770954184,4421.105755631092,1261.1317443408186
2030-11-02 21:00:00,7101.560458142514,5164.618837361113,590.6546001003293,4276.5490102835465,1204.9940553291008
2030-11-02 22:00:00,6786.879899451447,4824.66491096871,528.9399634082763,4073.9460469134906,1122.003296122602
2030-11-02 23:00:00,6229.8935638050325,4519.2195779521135,492.7408345352086,3836.1104693359857,950.066045487286
2030-11-03 00:00:00,5767.403447864516,4332.995697618647,471.8075934649303,3697.09999198572,845.7556454896139
2030-11-03 01:00:00,5696.6250413830885,4197.44184072977,442.963166149974,3750.7227052342273,795.1229305727595
2030-11-03 02:00:00,5606.673483127091,4173.687817485721,448.2444894313604,3613.474216018293,772.5217815708467
2030-11-03 03:00:00,5618.516626339719,4228.841386740475,451.22402019996144,3656.848459077573,775.3626029815717
2030-11-03 04:00:00,5558.175013657088,4400.529239520974,450.422355086784,3649.060689133159,794.4396219725675
2030-11-03 05:00:00,5796.254245452171,4754.287358626477,485.8710598151989,3896.0698061589424,813.9605721854425
2030-11-03 06:00:00,5954.541286366555,4938.682609749075,542.4127158548604,4047.01355927114,984.8444430798552
2030-11-03 07:00:00,6178.977169603649,4941.524815334324,547.9093918875276,4169.441431907849,1110.9344092110516
2030-11-03 08:00:00,6857.998381091256,5131.9603266342765,552.7587606330557,4120.727871003154,1167.2061350053295
2030-11-03 09:00:00,6791.017987301934,4986.694514051063,540.3901586029435,4163.15687198606,1197.17227739619
2030-11-03 10:00:00,6912.996163909117,5010.480245935926,528.7475330302459,4183.79454725156,1169.6530244475694
2030-11-03 11:00:00,6923.96551980744,4959.3952585415245,540.2675671688866,4118.908211428723,1186.4593270115809
2030-11-03 12:00:00,6771.26400223065,4908.346673437067,525.9482332684439,4050.491693352052,1115.8633908701097
2030-11-03 13:00:00,6928.159563347004,4927.6014545014,548.4144537388248,3974.673890465293,1099.9131855805952
2030-11-03 14:00:00,6933.06955878799,4877.2593236378325,535.2219041546837,4040.009622971271,1106.9687346981862
2030-11-03 15:00:00,6866.846421292627,5001.74753633336,547.322816016885,4151.52442923665,1126.400907862472
2030-11-03 16:00:00,7054.841860678806,5223.560514369741,572.8857573106195,4171.743300261709,1147.1174296969843
2030-11-03 17:00:00,7122.122630028587,5339.715376466493,604.4229634104001,4299.977741142668,1250.4371925498676
2030-11-03 18:00:00,6955.1372228865575,5480.049172937013,618.5160793818926,4371.19567874839,1261.7930292996552
2030-11-03 19:00:00,7177.808066596113,5346.686031348038,644.3039459476497,4411.152591402624,1258.8294069307797
2030-11-03 20:00:00,7175.94699107329,5271.2681598482895,623.9194011603759,4419.613555969504,1265.7215563263896
2030-11-03 21:00:00,6904.306249833951,5028.445575888896,593.0765151749457,4271.291302572831,1200.7398364327737
2030-11-03 22:00:00,6513.134915198125,4752.274755499359,538.0082010171026,4061.927689219839,1100.1595816777588
2030-11-03 23:00:00,6116.180356586607,4463.428783999402,488.9666104428314,4004.499281708283,931.2882470217984
2030-11-04 00:00:00,5937.702112466891,4378.828342120451,462.3152349869198,3768.77485869004,851.1866050234205
2030-11-04 01:00:00,5774.14535075405,4279.739721387947,459.17917618894194,3770.609149431079,812.0487838032234
2030-11-04 02:00:00,5815.382534148995,4244.678663235697,443.6708355239611,3692.5962560091057,774.8477877941186
2030-11-04 03:00:00,5646.880743431381,4232.721752683599,440.55758542321394,3691.3640778228014,763.1577490339862
2030-11-04 04:00:00,5719.612203822531,4434.086410375645,463.015503455132,3765.8213075276167,790.2313324590517
2030-11-04 05:00:00,5947.820169067233,4872.268606197933,494.6971666221589,3928.4227072195754,830.8353475718055
2030-11-04 06:00:00,6147.72448578248,5043.841423272535,543.004628080571,4047.311621625871,953.9581320053902
2030-11-04 07:00:00,6384.775855528062,5087.73559421958,551.9288010522772,4205.883691878585,1153.5888459262137
2030-11-04 08:00:00,6915.501196813726,5062.560897942621,546.8324033240681,4164.923703632308,1177.6149568673543
2030-11-04 09:00:00,7196.579705094201,5070.00432361838,537.7102363494395,4146.727393073156,1192.8272695742896
2030-11-04 10:00:00,7122.471811020322,5157.3624070696,543.7956014876609,4177.48867587231,1190.7281888448665
2030-11-04 11:00:00,7201.159552039767,4864.322532918359,538.9984694584168,4108.088442857041,1161.09981898187
2030-11-04 12:00:00,6976.50640972586,4895.070184942704,533.5820515451776,4012.158785468208,1149.0966475752414
2030-11-04 13:00:00,7116.536815792847,4992.602356346481,538.9328376213942,4120.335059725167,1117.0559002119587
2030-11-04 14:00:00,7096.054878248156,4866.972967733469,528.6677586669165,4070.74188922932,1125.26976966212
2030-11-04 15:00:00,7223.607546210173,5106.9409464632245,544.1622270081584,4135.921604779996,1131.796772257384
2030-11-04 16:00:00,7321.246305137644,5307.091780240747,561.2289501291697,4206.377981789535,1163.6206354755568
2030-11-04 17:00:00,7444.101279221159,5435.000109241244,603.4510269586378,4396.1227198376855,1251.535670563187
2030-11-04 18:00:00,7394.436509935255,5484.174549275035,625.2907408052389,4470.047936328192,1263.0373223033723
2030-11-04 19:00:00,7444.528532883546,5593.02926983476,644.9123507997024,4398.738243475038,1268.1793820658245
2030-11-04 20:00:00,7408.02743460251,5396.249262098128,637.2040462835423,4504.174899857894,1271.186539254487
2030-11-04 21:00:00,7205.759602737638,5157.324958603954,601.2171092640177,4309.396099578004,1223.922857604527
2030-11-04 22:00:00,6677.508897560514,4752.134773848413,538.7364615359922,4023.946996214207,1116.2658504789777
2030-11-04 23:00:00,6298.861247812369,4552.17088433362,489.1327716432752,3904.267675301196,948.8565242491496
2030-11-05 00:00:00,6000.506733516005,4341.257569177895,463.7957397306333,3771.0479278659664,842.5862214543472
2030-11-05 01:00:00,5964.301313046543,4355.126882800883,452.1173940814197,3730.317225947501,796.8393044299165
2030-11-05 02:00:00,5830.567804099655,4285.86928080966,446.0166581617208,3752.9204531211353,787.7257241756986
2030-11-05 03:00:00,5824.710749059155,4251.584436340283,450.1262513207938,3725.9375499981406,770.6884790988327
2030-11-05 04:00:00,5849.606343860791,4429.663132171709,451.9636787323465,3700.972318876829,790.0403263622866
2030-11-05 05:00:00,5968.36234254646,4811.272855520014,496.48798977493817,3879.949913936669,850.9239195079706
2030-11-05 06:00:00,6228.208826877434,5048.553921991103,539.4708590525569,4096.068953702918,973.02929719673
2030-11-05 07:00:00,6490.514016124681,5072.686229730213,551.5845562349062,4158.885358082125,1136.170680016777
2030-11-05 08:00:00,6902.039409245804,5096.738506330486,545.4870746747456,4171.146656857102,1168.2727694096584
2030-11-05 09:00:00,7138.4446163936445,5046.567495954103,538.0519999850425,4177.796770423554,1200.827083475845
2030-11-05 10:00:00,7216.304268904713,5157.824300010817,542.6747491308184,4179.093172499808,1215.5315467141854
2030-11-05 11:00:00,6990.726291255127,5014.988848785231,536.4138521319031,4131.9975264375735,1179.047349232864
2030-11-05 12:00:00,7018.5097504828445,4890.273856094673,529.0042196936511,4066.306496085724,1130.7037760693952
2030-11-05 13:00:00,7171.845351772453,4966.012812221475,529.6595333955432,4073.26682001432,1103.8379368948815
2030-11-05 14:00:00,7191.618504643207,5037.4790977156,527.8918387547756,4160.374927174439,1113.4746673832724
2030-11-05 15:00:00,7142.785112389362,5139.9373640132,540.2099253051869,4131.270523571865,1131.4169126936242
2030-11-05 16:00:00,7366.446137989199,5253.476750263261,577.9440870735955,4235.1517985102455,1176.77054242758
2030-11-05 17:00:00,7374.082450366651,5466.67987266498,604.0763576394396,4402.059586075839,1221.458869901143
2030-11-05 18:00:00,7295.902820100545,5541.753392354366,625.2582725812744,4370.075456718545,1269.2997765252258
2030-11-05 19:00:00,7454.49111343735,5560.705998231554,645.0889684708494,4457.457861595511,1296.8168851418138
2030-11-05 20:00:00,7408.846751473806,5409.94481180272,633.3920598534793,4453.826001194087,1256.1630678257998
2030-11-05 21:00:00,7118.38976563304,5126.119885073905,598.6578028092118,4305.472212818974,1225.6529644341665
2030-11-05 22:00:00,6820.887855711164,4841.644703406849,535.2336295321696,4041.658334787077,1098.2714129650976
2030-11-05 23:00:00,6253.217127683822,4563.15673613589,490.46336764398114,3848.632082428523,947.5784296107352
2030-11-06 00:00:00,6075.642180762798,4410.755750395894,479.9047945108669,3766.2708798556378,866.3484927654622
2030-11-06 01:00:00,5970.952059134324,4303.471625144477,462.4701635480861,3768.264478260536,799.8924913002811
2030-11-06 02:00:00,5933.784957098511,4242.566071622836,445.6822280464806,3698.018028695377,788.856662196667
2030-11-06 03:00:00,5734.468482319005,4329.796365023153,452.5422447190185,3695.02197424176,786.7990864098233
2030-11-06 04:00:00,5863.523735761687,4468.804356174265,456.5366002946707,3808.511493992756,776.8038493234867
2030-11-06 05:00:00,6019.1935597520405,4849.602255230249,485.3636607877306,3867.434119516784,831.3991392187306
2030-11-06 06:00:00,6223.151907406024,5094.4051226307565,534.1154312942401,4128.647121254352,975.2652354040536
2030-11-06 07:00:00,6505.42325195779,5048.076518552663,544.2359746988827,4175.384506523279,1124.5306636409905
2030-11-06 08:00:00,6849.314630241674,5111.550118667732,550.4440516716561,4190.647667878555,1164.337819568466
2030-11-06 09:00:00,7245.164592317344,5215.099130073877,546.7089696840391,4135.43495799585,1190.752233626366
2030-11-06 10:00:00,7352.346087610011,5070.739927871168,542.002313685702,4267.842289451777,1208.216745621605
2030-11-06 11:00:00,7160.234772667592,4960.771798611208,544.6147582637974,4169.502784679852,1187.6505940621073
2030-11-06 12:00:00,7029.275877003507,4899.995377883977,526.089073187215,4013.7163837929215,1150.274996844659
2030-11-06 13:00:00,7148.379830791754,4991.824517728822,539.3412862053219,4176.849351264704,1117.2727034594295
2030-11-06 14:00:00,7350.283671237065,4830.532067774837,539.6218741139078,4154.078763705262,1135.611387685005
2030-11-06 15:00:00,7181.896498271742,5165.581360018669,543.2464826911337,4115.384373037155,1137.8195373690678
2030-11-06 16:00:00,7368.915944337123,5264.898394732199,562.3098609970154,4208.251555888842,1158.462956188306
2030-11-06 17:00:00,7377.533090020263,5419.894537359872,598.8486970798131,4349.236521525113,1236.3124559701546
2030-11-06 18:00:00,7203.959767647491,5461.322346669936,627.9325946871471,4401.560370939071,1289.2045897601372
2030-11-06 19:00:00,7329.528448898132,5608.592735972225,634.7113781536389,4498.022445264933,1283.8531683116764
2030-11-06 20:00:00,7356.633705803201,5450.6557542242645,642.6935496543398,4465.794779611754,1257.8721104174133
2030-11-06 21:00:00,7242.286850254036,5153.465801667855,591.6151067479834,4233.506115240077,1221.0588188999332
2030-11-06 22:00:00,6771.367795009163,4866.019990718407,541.2305531952925,4147.084335595844,1089.5977632579825
2030-11-06 23:00:00,6394.149379039804,4528.893384427958,493.4168957276251,3885.559018994824,959.5012931112608
2030-11-07 00:00:00,6079.030076984894,4351.239745146732,470.8033812952684,3762.031630396751,839.5536528808547
2030-11-07 01:00:00,5915.776693186629,4293.947947706102,449.009443209437,3774.096422224996,800.4457388728201
2030-11-07 02:00:00,5967.038451029879,4277.612222028839,447.4738190822375,3769.18476281828,798.8854080442411
2030-11-07 03:00:00,5909.864547612087,4346.014407676864,444.9165466641449,3679.732176391838,773.7722069304035
2030-11-07 04:00:00,5747.269609666726,4459.371698680671,456.8007561802878,3743.763606037572,791.1832770289877
2030-11-07 05:00:00,6094.5357241651645,4834.778182290273,487.2250610850454,3924.779887380348,840.2891003676972
2030-11-07 06:00:00,6296.914785662024,5030.301345730444,543.440366083049,4032.470846372842,964.7751603934544
2030-11-07 07:00:00,6405.11817965001,5073.663875805466,550.4724958549132,4154.140117477513,1123.8322792257793
2030-11-07 08:00:00,6998.628182494241,5160.11004275977,556.5394024895494,4304.926605168651,1171.9964863686637
2030-11-07 09:00:00,7256.226578791893,5135.994405247004,538.1019005190822,4154.94162368374,1203.0863964954983
2030-11-07 10:00:00,7194.383016519207,5112.85399175046,531.1371661887525,4151.68133491459,1209.310856095432
2030-11-07 11:00:00,7184.476622471755,5026.1788583261605,533.4838351033427,4175.733979973132,1197.5891133277928
2030-11-07 12:00:00,7026.24791854064,4866.463181224151,531.4806052760167,4176.891267268737,1122.95467552309
2030-11-07 13:00:00,7226.316252325435,4990.546374685663,527.3391049139509,4113.859382304655,1134.683269860872
2030-11-07 14:00:00,7132.510437058709,4929.150717747977,534.1321254688008,4054.3640782648768,1120.2964695087076
2030-11-07 15:00:00,7061.292212098666,5120.237338655821,551.6101448005784,4203.899106236506,1119.397621207395
2030-11-07 16:00:00,7443.544698795714,5101.197413484617,563.3776386665038,4249.735335355784,1201.342141656117
2030-11-07 17:00:00,7482.043386724761,5446.480309175033,602.2452321356802,4382.878019270109,1220.2127613658024
2030-11-07 18:00:00,7232.678224060961,5489.872386864423,626.2725646489284,4386.281467370097,1319.266506022287
2030-11-07 19:00:00,7411.488876146432,5539.101897707328,634.1635703985994,4474.054107390052,1292.551937822206
2030-11-07 20:00:00,7458.049162820293,5481.649023050568,637.0265156749949,4535.722676188137,1265.08295146321
2030-11-07 21:00:00,7190.044323453892,5244.0431377250525,594.7327666226296,4292.402396569166,1213.327542558639
2030-11-07 22:00:00,6764.620979229496,4886.661694784674,538.8353685665758,4036.401497161215,1102.436035956474
2030-11-07 23:00:00,6252.59284694293,4614.58206849014,485.6438317546358,3890.5791965780295,938.0182121795692
2030-11-08 00:00:00,6140.215977331889,4340.944578206623,468.4314196424965,3852.407756286644,854.1344851268392
2030-11-08 01:00:00,5934.42275236756,4327.537721353619,457.06765292373984,3763.1306070416326,794.2578217268104
2030-11-08 02:00:00,5775.482923109407,4211.717632198241,451.6631267637942,3684.279725195565,798.1520358910092
2030-11-08 03:00:00,5854.339776855073,4331.428692479535,447.88891049967634,3709.317027061953,771.6469250518901
2030-11-08 04:00:00,5901.155603443784,4481.197584481166,460.75769306694326,3743.630448675409,801.6983540701272
2030-11-08 05:00:00,5997.951820483942,4801.43378377793,497.24253025602695,3887.071582775677,833.3662529940019
2030-11-08 06:00:00,6188.811946619814,5063.322798649183,543.6236848935512,4165.538467767196,978.4150485370542
2030-11-08 07:00:00,6526.341075750092,5092.661853986557,531.7211785293833,4127.4646593434745,1141.0118503520978
2030-11-08 08:00:00,6873.032400666969,5130.8039081199,541.7105749063825,4169.545385958753,1211.708129432306
2030-11-08 09:00:00,7145.178025442978,5083.933679685662,544.0149901252436,4140.882285230696,1199.0988293676155
2030-11-08 10:00:00,7327.049619925076,5224.024276870395,542.036340388412,4194.555585574357,1164.9315947926802
2030-11-08 11:00:00,7194.07091512109,5042.671515594103,540.5078594473017,4101.721775336874,1195.2369209344845
2030-11-08 12:00:00,6938.704359132455,4900.886248641964,539.7071167947192,4077.399449044458,1120.422974565304
2030-11-08 13:00:00,7266.473326615739,4924.84226583868,544.2736065008938,4094.7688871835194,1145.1124725666546
2030-11-08 14:00:00,7145.337833806885,4985.4999220882255,538.4049179623902,4096.092369622282,1124.8195576147823
2030-11-08 15:00:00,7205.797055344724,5054.023289796497,542.6854273695373,4219.178037716675,1142.4573250098083
2030-11-08 16:00:00,7372.777026841644,5273.268904187729,569.4859123943316,4305.4728811332725,1167.7340244214467
2030-11-08 17:00:00,7305.579979439283,5473.163305671556,595.8455582970126,4453.178022468258,1251.756767306275
2030-11-08 18:00:00,7411.305734464365,5489.60982535902,624.7879592507496,4516.58807630767,1256.2590271000674
2030-11-08 19:00:00,7254.23394322974,5558.908380760738,640.7700033622568,4355.849240211684,1279.326609194963
2030-11-08 20:00:00,7426.788734256052,5423.061209750064,631.6001911339754,4460.538836162885,1302.2970304769744
2030-11-08 21:00:00,7308.433931312531,5041.925957407597,605.0185018214975,4276.23079077343,1209.9585554656255
2030-11-08 22:00:00,6811.69406615901,4802.3281437586775,544.5225131739546,4093.941516234976,1107.248892853228
2030-11-08 23:00:00,6409.968291101446,4571.26358281578,505.25903526098216,3815.263623115631,945.0911142250148
2030-11-09 00:00:00,5950.965120011775,4383.066411194599,466.666163182972,3805.939475384375,846.9551378755045
2030-11-09 01:00:00,5912.858968928941,4270.787543636179,452.12817225844447,3762.353282563393,794.8927990292083
2030-11-09 02:00:00,5761.170305526245,4206.399310868459,450.8274357064083,3685.922790423936,781.7338539581101
2030-11-09 03:00:00,5837.954327345768,4319.897630142459,452.61222449057976,3722.922612256488,779.2170869481563
2030-11-09 04:00:00,5748.519407544611,4359.5693684462,465.7902405679917,3760.581126401478,778.6663718774734
2030-11-09 05:00:00,6026.739342792072,4758.677944272494,493.9068005254581,3876.896837528459,836.5727109434704
2030-11-09 06:00:00,6179.612370800049,5062.060115626939,547.6057670575204,4063.279828318526,953.1762685632756
2030-11-09 07:00:00,6384.307092521016,5160.950037986587,557.4915611697274,4126.031157654768,1122.2499474550882
2030-11-09 08:00:00,6956.319414699123,5107.882463679494,545.7083273435957,4177.083668010645,1172.8514025276145
2030-11-09 09:00:00,7111.506975635443,5088.576789739977,529.5917111983255,4197.474613878753,1198.4576432164429
2030-11-09 10:00:00,7297.649392919317,4991.240066339833,543.7721227030381,4178.78301114252,1181.8322035486285
2030-11-09 11:00:00,7179.420721063191,5062.834697260029,533.9530166986292,4149.840911772602,1190.7754906064456
2030-11-09 12:00:00,6957.523791635392,4851.761271961364,536.1824071436243,4111.987645837642,1141.290470265826
2030-11-09 13:00:00,6992.212172975705,4979.701435727943,550.081544058372,4064.746646491699,1102.076255786239
2030-11-09 14:00:00,7126.238021594023,5030.677309722295,531.8043667891817,4189.113256396704,1117.7589084151928
2030-11-09 15:00:00,7060.472081218129,5044.613549553611,541.4503826445606,4165.8780516082525,1130.9578825897495
2030-11-09 16:00:00,7140.918154270336,5215.561011078954,574.2829396339804,4189.9291981967845,1175.5637117666995
2030-11-09 17:00:00,7419.464907841955,5543.981102091778,607.2992662693104,4343.339525723449,1232.8161342060396
2030-11-09 18:00:00,7205.579263537565,5484.544252275866,619.673960989132,4446.28932657479,1234.8139121050988
2030-11-09 19:00:00,7441.149213092404,5585.520483815731,649.0379863303384,4439.792068193781,1271.7778352555258
2030-11-09 20:00:00,7311.487867542464,5438.955392480427,640.5891445105862,4356.874375961051,1266.9219372332009
2030-11-09 21:00:00,7177.609761921922,5176.613254901461,595.0123822448916,4237.3467344742285,1231.924729172116
2030-11-09 22:00:00,6745.237933437039,4896.189425737885,545.7189971638517,4035.845380001412,1103.0203097252345
2030-11-09 23:00:00,6320.722095990703,4544.973103470411,493.7551078090763,3927.668366829676,963.0197591743134
2030-11-10 00:00:00,5736.421644723632,4289.671918308451,467.5450302132977,3782.429057214313,839.5313467208823
2030-11-10 01:00:00,5653.079910646987,4220.851599347317,452.2984960267447,3709.8990183677406,783.3809943982878
2030-11-10 02:00:00,5635.17110147824,4249.88579115896,450.9325519574244,3699.833097939357,766.7145231569444
2030-11-10 03:00:00,5551.382122739182,4270.430120634111,450.3731665466741,3656.086470175481,775.3845849369723
2030-11-10 04:00:00,5527.713905337674,4456.703819954037,467.7607037652989,3716.9723516246,786.2488677366448
2030-11-10 05:00:00,5889.201127446564,4780.623451778362,492.8694899010399,3882.631066891888,819.0152419540009
2030-11-10 06:00:00,5984.703024836578,4958.138613482994,549.7468637218773,4045.235139289863,977.5949786849666
2030-11-10 07:00:00,6235.04441020533,5008.121827174591,547.6859024949663,4109.0493675994685,1132.2879563812287
2030-11-10 08:00:00,6568.231143459254,5085.506197305149,544.4817558662755,4128.091729213872,1178.197179775814
2030-11-10 09:00:00,6967.342228794586,5102.716019858553,543.4368671323111,4201.063331031882,1171.353294886744
2030-11-10 10:00:00,6917.611638064504,5064.41404212346,538.7855196554816,4173.142088588841,1190.6001591679171
2030-11-10 11:00:00,6926.527321175621,4965.706993249245,537.8350390039535,4028.7444867286927,1190.4954755139456
2030-11-10 12:00:00,6781.755816588323,4885.646783691507,529.971223206153,4023.1456004901634,1136.4638938272362
2030-11-10 13:00:00,6776.471450351144,4825.396951431355,521.2195487274712,4039.428784734976,1124.448976681614
2030-11-10 14:00:00,6925.312991620126,4933.102876686415,535.3457743941017,4076.439346304361,1103.300615561849
2030-11-10 15:00:00,6846.050075392244,4947.319307128468,544.3293900642283,4156.762285881582,1140.3303675859668
2030-11-10 16:00:00,7067.060790657079,5142.187873202008,554.7137656638,4203.016936391668,1175.7002762178004
2030-11-10 17:00:00,7089.106154364859,5373.119983478707,606.2093539460452,4352.2623495483895,1241.948219530047
2030-11-10 18:00:00,7026.251706391799,5551.55416487811,635.7227642975157,4423.036832038251,1258.273978340828
2030-11-10 19:00:00,6982.984026690232,5460.231353116243,638.0632002321828,4410.7733970102445,1259.1647062989236
2030-11-10 20:00:00,7032.63210336574,5413.428030608669,622.5319808509594,4383.4989150819365,1262.222104540837
2030-11-10 21:00:00,6885.0904058397455,5111.84405749786,597.848747812352,4224.208487716651,1218.0581977741813
2030-11-10 22:00:00,6493.469589961258,4754.054986735136,543.4457348716364,4094.047175195826,1091.090919204706
2030-11-10 23:00:00,6085.797352500017,4495.576959749329,484.5111176007712,3863.956380288996,936.6820085175488
2030-11-11 00:00:00,6118.830218447331,4344.465582426133,470.27908722631975,3772.637783553867,848.697468668231
2030-11-11 01:00:00,5811.406047272772,4299.863718786235,455.48399372946136,3742.247330888936,798.6266926275464
2030-11-11 02:00:00,5804.002774278261,4279.35983711895,447.11348658697625,3737.114855220029,785.2617318572854
2030-11-11 03:00:00,5768.622808020117,4322.078914854267,450.41077681165206,3688.860483999141,778.4023394582781
2030-11-11 04:00:00,5807.097628530184,4476.201944514146,450.32163636191433,3708.418874221488,800.3682610498197
2030-11-11 05:00:00,6056.899188917156,4806.134087263288,490.0169047457156,3858.4460948383007,834.4260329746812
2030-11-11 06:00:00,6134.060447961425,5036.237170895064,541.9245196779227,4021.641362823727,987.5277297875812
2030-11-11 07:00:00,6394.786258922439,5090.2415592762045,540.1794770375147,4155.748313824846,1117.56306753186
2030-11-11 08:00:00,6770.68540160666,5099.6872534280255,545.3098388240654,4156.211703409746,1183.844219681819
2030-11-11 09:00:00,7181.184301774879,5079.712885057699,537.3398381584236,4253.990830610083,1170.7976939930177
2030-11-11 10:00:00,7299.085533333002,5094.454275497496,543.171264292351,4153.506191942113,1195.1789565980907
2030-11-11 11:00:00,7293.871710518346,4943.037803270559,540.5296457094879,4187.87352956378,1171.84091184082
2030-11-11 12:00:00,6962.868814584573,4891.622136752523,542.1821532557088,4067.2333106518095,1147.240787250861
2030-11-11 13:00:00,7216.878436540304,4952.670530481032,534.7220939246147,4033.9380349315807,1121.469358778226
2030-11-11 14:00:00,7211.013820739351,4893.318072433147,534.0861743906205,3998.936533216711,1118.061173534041
2030-11-11 15:00:00,7100.4890416255785,5116.943665823686,544.017077384021,4112.793322209274,1136.1671055229504
2030-11-11 16:00:00,7231.83156203233,5190.3696695529525,563.015800832252,4195.3580833775495,1168.643039069756
2030-11-11 17:00:00,7335.114860383602,5458.146463203081,602.7589818751849,4325.858085281322,1230.9926676716716
2030-11-11 18:00:00,7363.974495955295,5543.077512155725,625.6021487944578,4327.205021326682,1266.4831037945758
2030-11-11 19:00:00,7297.040821801292,5491.220385018048,640.0104017178836,4422.952767021452,1262.096484618373
2030-11-11 20:00:00,7371.231325748601,5516.820487598388,636.6163203669815,4444.054972677603,1266.7878537630454
2030-11-11 21:00:00,7198.469512803663,5145.688403409678,590.374692516738,4291.562792504278,1194.5351794714124
2030-11-11 22:00:00,6689.79715621381,4834.817743650938,537.4485074285243,4100.071529565232,1081.4221724297854
2030-11-11 23:00:00,6302.781615186555,4492.605856905265,491.286942864071,3940.247862911485,942.2551525195285
2030-11-12 00:00:00,6036.742348485314,4386.486244786493,460.695123694779,3766.064661948028,855.7247139640036
2030-11-12 01:00:00,5963.9164081042045,4257.750304350234,457.2141256323133,3697.7329598498313,802.5210146919156
2030-11-12 02:00:00,5999.075849605657,4315.022240625873,454.7161046245096,3670.040121582626,778.974982180846
2030-11-12 03:00:00,5767.334381934799,4279.2961898786025,450.42000556472806,3632.77379944414,766.8687360264041
2030-11-12 04:00:00,5822.8642819007655,4403.184976697153,458.9629379419136,3740.1873690179937,793.2393823330395
2030-11-12 05:00:00,5997.050101126934,4784.219090373066,500.5223399408357,3865.286985242896,830.9893263680053
2030-11-12 06:00:00,6143.959522162602,5056.170576404056,531.6243860495565,4079.031973818797,973.3438987046663
2030-11-12 07:00:00,6505.527731500735,5061.015756778159,546.6300293826447,4222.3366626911375,1109.4571473508915
2030-11-12 08:00:00,7046.037070353969,5067.912318328014,541.9690251083416,4238.391095060165,1180.2482173570363
2030-11-12 09:00:00,7322.000242546685,5142.198080138893,532.8771847788548,4228.070968699811,1195.7411219672886
2030-11-12 10:00:00,7336.63092882116,5095.723108787062,543.0355126873716,4130.543991990212,1201.4401678808103
2030-11-12 11:00:00,7092.1693935982175,5033.490707027714,531.6442755260333,4273.105365506605,1179.2427099230763
2030-11-12 12:00:00,6941.056850231238,4908.346874978159,528.7872777240267,4097.887026721283,1131.262040857621
2030-11-12 13:00:00,7058.867995893092,4898.217729841706,539.896950628174,4085.257510174981,1104.074966899682
2030-11-12 14:00:00,7267.078219593425,4984.121001848263,532.5684112641853,4057.101709886345,1119.9086778142926
2030-11-12 15:00:00,7199.159114915976,5137.953260906764,534.8299714162972,4156.76347813995,1138.026116311004
2030-11-12 16:00:00,7256.308766794724,5288.316294731734,573.0917623852731,4250.672186806621,1173.8594546288737
2030-11-12 17:00:00,7500.75936326795,5388.108916947423,616.965589266336,4378.858425794657,1253.053105364342
2030-11-12 18:00:00,7323.680800400286,5512.487983379725,631.186039638927,4387.31668250454,1280.4752700032857
2030-11-12 19:00:00,7273.689696346829,5483.209205248699,642.5222198677454,4400.471598986101,1275.9197824649948
2030-11-12 20:00:00,7427.880415299882,5433.969873699526,630.5019442607701,4419.753888577998,1275.8229916345667
2030-11-12 21:00:00,7211.12776167584,5204.787732801068,600.0948070159807,4259.348771208553,1217.514380907566
2030-11-12 22:00:00,6792.9002689641975,4908.820604386654,538.9581437164659,4034.3856925727578,1096.642808720322
2030-11-12 23:00:00,6291.764042122052,4605.678999749674,487.6911665385447,3929.657160316704,958.0477544298903
2030-11-13 00:00:00,6027.130032433825,4313.994292958232,470.227217981298,3774.331847898882,850.3960821978291
2030-11-13 01:00:00,6054.635831817893,4404.21534506749,452.549198795678,3737.387588628675,807.7247202957201
2030-11-13 02:00:00,5797.746675032928,4261.3865991180255,450.11171923954765,3691.511444951777,785.8135568975367
2030-11-13 03:00:00,5779.3771777390975,4291.594124303214,449.918786779086,3722.588129601949,774.8319892207547
2030-11-13 04:00:00,5923.318037000594,4374.649834152245,458.9219960926511,3789.850832058676,795.6499034687284
2030-11-13 05:00:00,6059.439673118468,4811.903933004521,493.2412271548887,3878.501495703366,837.5143198586724
2030-11-13 06:00:00,6302.271634435033,5148.049335814311,552.9913590715603,4110.151921117788,992.9023492408468
2030-11-13 07:00:00,6602.224472023935,5061.8483362813295,536.8745670915171,4182.511492436826,1128.2823089848744
2030-11-13 08:00:00,7031.53153200176,5177.901981278144,547.9413618220105,4143.471005870011,1187.4244908411988
2030-11-13 09:00:00,7195.251345487386,5117.5850644825305,541.2568252357914,4202.766177137483,1195.1252267086093
2030-11-13 10:00:00,7333.77917736805,5093.762134871523,546.4874931216773,4204.399307735614,1213.1373667671423
2030-11-13 11:00:00,7172.024864336766,5079.363098162887,542.2255195505705,4164.143748082853,1178.6437567672772
2030-11-13 12:00:00,7026.333471272677,5014.139865845907,527.0160410056276,4080.389920203996,1150.0130356665652
2030-11-13 13:00:00,7228.13981997675,5003.941871885668,538.7049006299064,4006.817131125923,1127.1766400957808
2030-11-13 14:00:00,7129.532983360556,4968.348176946835,532.0120992129735,4183.98665337112,1120.8189542424443
2030-11-13 15:00:00,7335.163737951023,5040.363198639796,544.5807790443324,4161.436737590853,1146.7656266889176
2030-11-13 16:00:00,7263.046461497906,5241.082455011934,563.6919313155745,4205.330754102365,1203.8957215050812
2030-11-13 17:00:00,7427.833454712316,5399.259939712326,597.3201783791839,4406.000195225974,1253.6057125976529
2030-11-13 18:00:00,7326.173680497351,5502.420105446976,625.5146559627347,4476.31761219868,1256.2904503421414
2030-11-13 19:00:00,7445.50212105406,5619.327559368539,634.955794302794,4498.766834518957,1269.018475835477
2030-11-13 20:00:00,7423.22911391732,5438.39355419247,635.7764823244165,4375.880392026927,1271.731447448792
2030-11-13 21:00:00,7220.6670146284,5070.933549692103,605.5707204215678,4308.296746476724,1222.429363166072
2030-11-13 22:00:00,6794.301247318254,4943.966274298343,529.5995608078814,4100.384030855023,1118.5881722392255
2030-11-13 23:00:00,6367.096464713557,4545.695074410233,491.9419728110816,3841.157123158137,951.8287501595092
2030-11-14 00:00:00,6064.685329419454,4338.969166005558,470.9196525838079,3795.540055512807,850.7231498313215
2030-11-14 01:00:00,5934.598192057378,4389.554404883806,459.85050104070086,3708.751645907716,804.5832003252428
2030-11-14 02:00:00,5896.301432450965,4231.980055830639,451.60090367015056,3674.941529249968,780.4639685106131
2030-11-14 03:00:00,5900.324468231963,4300.403986999108,456.6648087813771,3703.060043857378,787.116893279461
2030-11-14 04:00:00,5982.024593452223,4423.506632664586,459.3923144145628,3784.5738861386394,788.9377585032496
2030-11-14 05:00:00,6110.768830433301,4783.048815087494,498.1811966026225,3914.061777749116,837.7166758256184
2030-11-14 06:00:00,6436.145919786805,5106.06782310174,539.1542130382493,4127.034128982483,988.8079320131052
2030-11-14 07:00:00,6493.3930800620265,5142.146646668124,551.2440047531711,4204.169610379885,1123.4853741599095
2030-11-14 08:00:00,7045.750808417679,5123.812109343869,542.8212971787065,4216.0204243962135,1180.985730431908
2030-11-14 09:00:00,7249.069367106734,5131.552958416002,538.9200064616323,4150.97698804646,1182.4518473713947
2030-11-14 10:00:00,7245.31565440249,5169.71693312078,546.8245039132461,4192.832675776055,1195.430204413614
2030-11-14 11:00:00,7305.847118143938,5034.643165198406,537.510786339271,4150.2047123390685,1193.4949437634143
2030-11-14 12:00:00,7158.088005836099,4924.745260141866,531.3230497496621,4132.333962932454,1123.0704425321103
2030-11-14 13:00:00,7164.937029623922,5035.452333996337,533.0311220532066,4022.240359428018,1141.1781562994329
2030-11-14 14:00:00,7214.098520656789,5034.875338154658,536.3950611653526,4091.861650225109,1147.474855341031
2030-11-14 15:00:00,7225.000666811507,5007.686978489042,540.2971259033818,4089.362020573741,1145.439180966004
2030-11-14 16:00:00,7368.428543800504,5217.405938119568,556.8303518939215,4186.400949126969,1181.6064201693844
2030-11-14 17:00:00,7332.565181103666,5500.112422579236,600.3388907558883,4371.951379320818,1231.8245052370935
2030-11-14 18:00:00,7344.51134383289,5605.796491451389,630.0569320571043,4460.357794461477,1259.6429063765374
2030-11-14 19:00:00,7488.533945347855,5669.808049317853,630.9472012928943,4438.114136470161,1256.0849364468206
2030-11-14 20:00:00,7471.636698220141,5413.304421352435,637.6439101324756,4429.7347221331365,1267.1153767358712
2030-11-14 21:00:00,7203.238659048146,5229.385337787734,605.0426468183758,4312.0720647998005,1223.13895689203
2030-11-14 22:00:00,6741.192851844975,4814.97205598742,521.8690255080651,4129.051895501379,1111.1160076535668
2030-11-14 23:00:00,6353.802665654928,4652.742739444267,499.8051882715862,3918.8133641571367,955.4167601058454
2030-11-15 00:00:00,6076.339258362005,4412.924395305337,471.0457507870079,3858.188140359831,862.1596992776095
2030-11-15 01:00:00,6004.207891247697,4393.48872773863,459.3920314134371,3732.8659410172063,793.9764362062464
2030-11-15 02:00:00,5907.661421400166,4317.079061047758,453.2945807295636,3723.31812760534,795.8578482270581
2030-11-15 03:00:00,5699.426434407155,4260.708212081377,457.6557012893203,3713.692406786079,789.339165030339
2030-11-15 04:00:00,5915.1441914935895,4477.367140842766,464.9509702606069,3753.0764036135056,785.82217327161
2030-11-15 05:00:00,6118.47106180666,4858.79556379758,494.49564524062976,3889.1973434443794,831.8281337853113
2030-11-15 06:00:00,6358.234165741729,5089.091844542178,552.874964768701,4112.954400672994,961.4609330599882
2030-11-15 07:00:00,6356.010618562872,5057.937823070713,544.665522071169,4168.156452121345,1129.080750358146
2030-11-15 08:00:00,7035.121576231578,5160.561854086404,555.424781120414,4132.383682653521,1170.461134734565
2030-11-15 09:00:00,7157.545906232475,5153.319873175864,543.8164196367744,4256.793421280989,1198.0873067755329
2030-11-15 10:00:00,7361.229697988874,5070.196192318564,542.2722002375017,4203.455972535306,1198.1792284232863
2030-11-15 11:00:00,7216.383017414937,5089.075170144137,538.1310990217793,4134.416427517564,1193.4090798429938
2030-11-15 12:00:00,6924.509684921283,4834.106047346568,531.6745682970248,4083.364075873868,1133.0956198290662
2030-11-15 13:00:00,7311.928200984618,4985.536786895283,538.0723584939327,4173.474958588478,1123.657976210549
2030-11-15 14:00:00,7178.459322481578,5030.224500239174,527.2127099435874,4015.6959265981895,1119.647147341606
2030-11-15 15:00:00,7373.802346433326,5131.114422717576,542.7755064615086,4094.6858381772818,1127.3096863248832
2030-11-15 16:00:00,7320.701772202414,5291.119481705819,567.9956687113961,4221.889238987085,1196.3017151314846
2030-11-15 17:00:00,7276.752905032755,5457.248722660473,602.0096387889669,4362.222106734569,1248.6348108153145
2030-11-15 18:00:00,7487.687449240951,5616.997490987176,626.8779425736124,4418.149726341558,1285.4135839268115
2030-11-15 19:00:00,7395.554449178036,5659.374791903209,641.0130692172696,4427.977106259024,1268.2823004333454
2030-11-15 20:00:00,7487.070725820076,5667.240246286729,636.0243528168874,4379.044893079566,1280.6940133719606
2030-11-15 21:00:00,7096.885036253271,5199.160908938827,599.9162510022121,4312.435114731386,1223.1711247525704
2030-11-15 22:00:00,6808.914209789138,4896.535535761896,543.7021978168254,4095.7097116075274,1106.371410665566
2030-11-15 23:00:00,6399.026057414182,4625.213110033628,494.9475222429857,3959.00520348879,969.321894974312
2030-11-16 00:00:00,6013.798576832197,4352.6303365533695,472.31279590161455,3778.4823895659215,857.0349822569732
2030-11-16 01:00:00,5802.523593473289,4249.649106537923,455.1886764616488,3687.120555201362,796.9779688677088
2030-11-16 02:00:00,5866.631711085689,4287.655394119641,451.0255674898713,3741.212174877599,768.9415755624631
2030-11-16 03:00:00,5776.590823397119,4259.935545442106,459.81904023834,3726.598522186165,769.6751870992
2030-11-16 04:00:00,5844.680862702398,4522.281960621734,453.2017323354494,3759.35476000968,784.7941026442404
2030-11-16 05:00:00,5968.315547219967,4788.957583702088,497.1419611630766,3873.1620771064822,828.9383248440984
2030-11-16 06:00:00,6225.162684080735,5104.548509909843,544.029535459913,4047.923148669363,976.512069639391
2030-11-16 07:00:00,6507.70844830657,5083.844089431314,546.7314836978899,4120.755988916243,1120.6565232728856
2030-11-16 08:00:00,6922.821182049373,5102.952794874877,556.9781421378365,4178.574409187915,1180.811553778252
2030-11-16 09:00:00,7116.773303319947,5088.437362180668,549.4323526491661,4237.243982823004,1183.779596351602
2030-11-16 10:00:00,7237.456106305304,5086.470219091527,540.4751779870105,4219.774263469805,1178.0993331525417
2030-11-16 11:00:00,7216.890294781396,4946.079219821919,543.0714293411295,4121.387811235386,1184.8721425309188
2030-11-16 12:00:00,7101.935802764335,4991.007458324851,539.9607909073784,4129.583177321667,1138.2421203418448
2030-11-16 13:00:00,7065.308470278603,4963.651128626632,535.6309335273146,4079.3423296903816,1096.0167570817569
2030-11-16 14:00:00,7206.571214552729,4993.63386074989,544.0825413581622,4143.909078674979,1110.5262701307638
2030-11-16 15:00:00,7073.918531073601,5142.977187128704,557.9813438491082,4167.153803147862,1147.867113173903
2030-11-16 16:00:00,7255.523763784342,5257.913855374354,562.1637189484611,4224.393139833472,1185.9009713980813
2030-11-16 17:00:00,7457.362790584989,5541.39393753784,602.9082322631891,4320.334270484444,1236.7493332331146
2030-11-16 18:00:00,7242.595459449154,5501.630211242539,630.4170912086206,4436.933298265217,1271.1933181114405
2030-11-16 19:00:00,7391.658464520379,5463.968116369716,645.6914697188515,4349.890838333187,1288.9584754301873
2030-11-16 20:00:00,7457.590979005364,5540.754600921368,642.0567836476752,4427.406270408933,1246.6889864922898
2030-11-16 21:00:00,7227.040065482973,5242.935140337365,597.5062756052906,4322.224012464915,1239.4391955688725
2030-11-16 22:00:00,6670.696464202317,4838.390097807716,535.4773338272704,4043.206934784268,1107.1528926958558
2030-11-16 23:00:00,6361.1483011809605,4517.461925145143,504.834464766085,3872.502533516825,945.999154434205
2030-11-17 00:00:00,5898.963029563749,4305.547632803387,462.0962858808466,3763.305756753871,859.1693043671253
2030-11-17 01:00:00,5695.568101336555,4210.8272932671525,455.158273996736,3740.1278173894,816.3150169950372
2030-11-17 02:00:00,5600.405808781387,4158.959726675426,445.30371979981976,3736.6163695903215,770.716771675717
2030-11-17 03:00:00,5595.714046702209,4314.910943269982,445.458372167596,3746.201471154495,772.9603997297052
2030-11-17 04:00:00,5544.42780510386,4507.498683531666,456.6766753702209,3689.3178620641934,780.8533475354614
2030-11-17 05:00:00,5659.758259302252,4734.867603278885,497.1975051728356,3830.525601621671,831.6406761941063
2030-11-17 06:00:00,6044.596445647823,5045.846545160561,553.4451917540092,4031.453082068689,967.6543454243896
2030-11-17 07:00:00,6333.749679860385,4978.292375565367,532.4935841826259,4102.813611626744,1116.4811278367656
2030-11-17 08:00:00,6616.485471400634,5017.932512163936,546.6084919151916,4152.552728573349,1160.8518289059284
2030-11-17 09:00:00,6806.981893476173,5066.7880122686165,542.850126332375,4146.333314767202,1176.516780866414
2030-11-17 10:00:00,7030.870259629818,5071.62615709195,532.4194909569329,4095.667753610682,1176.9921048700714
2030-11-17 11:00:00,6991.147577873518,4955.17002953864,529.3327506358494,4132.853294728191,1188.59719815889
2030-11-17 12:00:00,6742.913767495605,4804.288951031675,518.2734121259347,4085.806850774833,1119.833752122042
2030-11-17 13:00:00,6956.385162474134,4913.211512663529,536.0531612293674,4055.1580889900783,1113.3336334948178
2030-11-17 14:00:00,6957.522617469364,4830.963263378765,542.9511173514367,4129.410963715968,1114.7736740200653
2030-11-17 15:00:00,7003.025268772566,5092.436638460987,545.6238973340851,4079.860376928545,1117.510103894023
2030-11-17 16:00:00,6938.494442483019,5278.187968158709,566.3099538962712,4164.6075127179,1184.135180746215
2030-11-17 17:00:00,7076.418011260493,5304.013009261949,605.2987720210169,4380.2439781817,1224.2618849089092
2030-11-17 18:00:00,7042.554068892634,5327.158253628812,622.5141917923315,4444.457585926611,1268.7770710914767
2030-11-17 19:00:00,7233.589133975855,5503.75971559302,632.3646854763233,4410.848264977515,1269.7251631145336
2030-11-17 20:00:00,7141.536663781373,5474.045363260662,631.6364974794886,4410.14114135163,1263.07557113361
2030-11-17 21:00:00,6780.893916245667,5216.693478087404,601.1831424624085,4197.789361014945,1211.0499136531446
2030-11-17 22:00:00,6517.622458048909,4767.322035437046,532.6171941649062,4104.487482989705,1092.0751943378486
2030-11-17 23:00:00,6092.685825373265,4493.4690919219465,483.4683065419462,3937.722597341298,949.9925647271608
2030-11-18 00:00:00,6068.177027910199,4331.396279716557,457.95053873146986,3794.481592677374,855.5802791809191
2030-11-18 01:00:00,5863.9637274350935,4258.245773240302,449.104070847008,3643.158338714823,795.3342659064438
2030-11-18 02:00:00,5761.494467412897,4270.404672532221,455.8161614188276,3737.778811941472,772.9905697600379
2030-11-18 03:00:00,5719.628342855291,4210.629964645404,450.2567371786034,3759.653048453807,761.6561496499814
2030-11-18 04:00:00,5935.692050599652,4435.505454328811,459.67427919312496,3806.055738191106,791.3714361048051
2030-11-18 05:00:00,5993.53867578924,4721.014115929588,496.32978924193895,3917.117223727597,832.9533620739314
2030-11-18 06:00:00,6177.638176083582,5076.519666663666,536.4733605425827,4045.558496965527,962.5874334714924
2030-11-18 07:00:00,6358.335146705604,5111.011066328636,545.2648455454664,4169.765041571721,1122.1202113176057
2030-11-18 08:00:00,6917.730444852095,5153.774175416291,546.6572460469819,4137.592069531957,1162.4307847583073
2030-11-18 09:00:00,7088.5196555174525,5037.041610015443,537.2788610232145,4217.481563877925,1195.460057539016
2030-11-18 10:00:00,7294.720796065095,5159.022881521344,549.7787498479182,4245.412298359796,1187.305952408028
2030-11-18 11:00:00,7114.437362791883,5058.98061075678,538.3251965943524,4092.176219778628,1192.683667125381
2030-11-18 12:00:00,7044.383462667236,4863.005278312075,531.9553138873463,4072.326484329793,1140.4297669046232
2030-11-18 13:00:00,6970.754754317199,5022.270782778694,538.8575895312867,4053.157790841396,1128.756301410587
2030-11-18 14:00:00,7125.654140336014,5013.8453481854185,531.5193614219797,4174.455780403619,1115.4316606200414
2030-11-18 15:00:00,7105.617481027786,5053.414294484114,551.6024549778462,4171.112511545561,1133.9898964418671
2030-11-18 16:00:00,7175.617349069674,5227.989270613259,569.4398074363735,4224.660094142224,1188.325569349817
2030-11-18 17:00:00,7276.616724449823,5430.121535819095,598.3022678746406,4381.3684785623645,1223.075049857075
2030-11-18 18:00:00,7404.167753618484,5514.148898157964,632.1007067969275,4462.892626449038,1249.2024210851105
2030-11-18 19:00:00,7364.878343695955,5626.501960970861,631.4997217196646,4401.304711464525,1286.8512308163347
2030-11-18 20:00:00,7368.451775995381,5527.019724307464,631.5776492955757,4374.305468437433,1243.3538180301127
2030-11-18 21:00:00,7258.449348124939,5168.815314764187,599.1216311685295,4325.504408602298,1213.5943603991782
2030-11-18 22:00:00,6744.137743371753,4805.03572190312,540.0298468709301,4164.766290251801,1089.4101986165865
2030-11-18 23:00:00,6130.423167628519,4503.721788750885,494.0462607358692,3880.1858472034855,944.6207014048086
2030-11-19 00:00:00,5984.283806687155,4400.286273190028,467.5933226019083,3763.906809423841,842.3510479977145
2030-11-19 01:00:00,5958.088898798659,4212.691966008581,461.2460006716703,3765.470724677926,800.999321568694
2030-11-19 02:00:00,5787.81615801611,4280.664319480014,447.25879982865246,3646.624194733707,783.8181295825794
2030-11-19 03:00:00,5863.528317014584,4374.422211548457,458.4624151877636,3731.299123738326,778.22330578049
2030-11-19 04:00:00,5830.178482251715,4491.74518297172,457.4101714998672,3748.2797185559903,794.8714909069995
2030-11-19 05:00:00,5990.9121124669,4810.334700191383,498.0199153035354,3861.280383772976,828.4424880628336
2030-11-19 06:00:00,6276.429378464611,5083.34067390834,547.5155076368941,4083.299077458703,975.533225105661
2030-11-19 07:00:00,6581.277843883316,5058.793167244464,545.85677497912,4196.421005959814,1115.2858887680975
2030-11-19 08:00:00,6895.317682054268,5064.701392145605,539.7324295701046,4146.279954359459,1162.7905162933052
2030-11-19 09:00:00,7173.585400285821,5082.209033277832,539.5623872636488,4205.324368451429,1201.134099382902
2030-11-19 10:00:00,7216.594542333722,5019.557206128302,537.2241374309347,4076.0226065780894,1211.90401713571
2030-11-19 11:00:00,7155.659536385054,5003.007410687467,543.6534285909454,4171.458350968673,1205.754468585735
2030-11-19 12:00:00,7171.450868842652,4931.936669910478,541.5188888722158,4067.4633683940697,1151.3679561377237
2030-11-19 13:00:00,7216.619158614345,4958.895680342199,534.1816766384039,4132.342939140993,1133.1454790116409
2030-11-19 14:00:00,7352.061025051486,5029.375178425908,537.2943785234401,4032.968701005423,1111.801200051477
2030-11-19 15:00:00,7200.515395729757,5103.985768654392,541.6997951330864,4122.127627896532,1125.9512882658105
2030-11-19 16:00:00,7268.062375713858,5249.201948494211,560.6155370510695,4182.611395805518,1176.6777290968455
2030-11-19 17:00:00,7254.804929039949,5479.554034005679,595.6839488169303,4343.411145362286,1232.861405798961
2030-11-19 18:00:00,7377.702733799351,5532.068857144811,641.143839613792,4429.628214076067,1277.549923124746
2030-11-19 19:00:00,7467.786746910737,5630.746774683418,647.0599318968801,4445.267761979348,1287.0220898121222
2030-11-19 20:00:00,7423.052024594758,5402.967703625123,630.6341453743736,4416.5925614736025,1273.6639196732028
2030-11-19 21:00:00,7209.130102449168,5200.027038007799,586.2992227533588,4290.277669891583,1202.228802971336
2030-11-19 22:00:00,6837.130156112129,4820.402700035286,536.3680942360239,4097.496147637313,1095.471841725099
2030-11-19 23:00:00,6377.484068509681,4536.283950575761,491.66192123755,3967.503191793709,950.733855474596
2030-11-20 00:00:00,6020.155015672079,4441.078830852344,473.0208767508731,3795.730262548604,873.0867965284261
2030-11-20 01:00:00,5992.136510912306,4248.776883952774,448.59027022062617,3772.770300983186,815.5563957184798
2030-11-20 02:00:00,5770.870125122607,4216.064399397637,446.5278141708547,3703.8386447298863,782.7332013154233
2030-11-20 03:00:00,5719.224467405002,4339.483446365352,445.61653878079466,3731.374749649544,789.6527105926613
2030-11-20 04:00:00,5880.918710063703,4519.455378502053,452.80810859428976,3808.88650629656,792.4209608408038
2030-11-20 05:00:00,6011.610089234597,4830.919410728466,483.5951453330337,3912.551991929225,840.37723640701
2030-11-20 06:00:00,6221.208646913533,5071.942078904643,537.7494494918676,4125.12044318335,975.975296382182
2030-11-20 07:00:00,6527.729648738057,5110.305725087415,540.4743064627,4138.1361803402815,1135.6882761651352
2030-11-20 08:00:00,6914.39734340134,5110.897036784729,542.5962971708396,4166.377095138718,1185.9129899624595
2030-11-20 09:00:00,7253.159621421639,5124.89554628273,542.9823580628075,4207.333294932985,1202.0454055617547
2030-11-20 10:00:00,7389.0431927626,5128.876440288134,548.0637379860906,4183.04042810484,1195.4931237835067
2030-11-20 11:00:00,7201.9475468820665,4920.253164318495,542.8121904717676,4186.540646762475,1200.9206856195938
2030-11-20 12:00:00,7116.477200035413,4921.16098381822,536.2111186382076,4099.641567489817,1139.7154317395164
2030-11-20 13:00:00,7052.523836236375,5094.7202569496485,539.8972868009279,4158.067958206772,1134.0482904317994
2030-11-20 14:00:00,7160.037391572462,5019.760196411671,538.0088972448207,4062.320653613024,1149.2825677291523
2030-11-20 15:00:00,7191.942921049465,5129.121675251984,541.2316467452509,4099.143041022615,1173.991279637524
2030-11-20 16:00:00,7279.185259818726,5214.608812161943,562.6805637678495,4135.0665760151405,1174.1107638170513
2030-11-20 17:00:00,7448.821087737866,5525.80857467169,612.2676151917713,4300.613308155044,1234.589768226177
2030-11-20 18:00:00,7377.64342818684,5503.910956916347,619.79390963126,4440.757984914476,1278.759295132239
2030-11-20 19:00:00,7304.776380611826,5671.2426641599095,632.056184443494,4444.719882047428,1280.268841344128
2030-11-20 20:00:00,7354.6939068115635,5398.557244925445,626.3908703945987,4468.590702542923,1274.366351350094
2030-11-20 21:00:00,7266.992336417858,5289.360510100968,600.172122223447,4276.665300907024,1228.1977817066686
2030-11-20 22:00:00,6880.214915231037,4824.971734827585,536.2513892048303,4087.6542300339074,1097.7333573854369
2030-11-20 23:00:00,6383.688069886031,4501.254854622607,494.3459009294189,3879.876140666482,949.571901892829
2030-11-21 00:00:00,6060.579590120857,4402.563830819098,469.4138626501181,3818.461022065163,849.4489836184206
2030-11-21 01:00:00,5925.138694105213,4312.782280802764,460.2513479629328,3778.068119845248,796.0977124632282
2030-11-21 02:00:00,5968.889776019796,4350.6582555435325,449.9165901153463,3746.1290733150254,794.9964121379036
2030-11-21 03:00:00,5896.129106480801,4298.592347464627,449.0022412057994,3768.0638869758,771.9076550755836
2030-11-21 04:00:00,5851.671211031088,4536.618419288443,463.4044776541541,3798.0059462146673,801.0083949401699
2030-11-21 05:00:00,6111.306324022275,4885.479865812421,493.0455273904601,3884.758077928857,833.0356185836123
2030-11-21 06:00:00,6256.46721879362,5086.453418301559,544.731402752867,4131.977069711437,999.3094897268248
2030-11-21 07:00:00,6415.779612639883,5049.260230740767,542.342096112334,4235.084965674393,1128.9792253138437
2030-11-21 08:00:00,7039.713257505479,5112.46559808218,551.9513968441236,4171.697957485396,1176.455316138308
2030-11-21 09:00:00,7155.0187874273215,5128.087530873905,535.549116787704,4219.346486342814,1209.2645911407446
2030-11-21 10:00:00,7357.33924610327,5110.496528336123,536.4308574239324,4208.980097645423,1190.4742104889458
2030-11-21 11:00:00,7255.753764971602,5006.322193011003,541.2811855612656,4167.936905784206,1208.5535534249584
2030-11-21 12:00:00,7075.076514859336,4941.79791557357,534.1628850253603,4059.0634685718,1145.6200519912672
2030-11-21 13:00:00,7135.43917424286,4935.025354201518,539.1741556771517,4070.1590477400055,1126.8692427689616
2030-11-21 14:00:00,7216.795354591637,5003.610001839693,525.6565583180508,4045.274633983979,1135.9514478115348
2030-11-21 15:00:00,7252.80320000889,5147.753948794079,555.76292906315,4182.355630483386,1150.7467453710178
2030-11-21 16:00:00,7338.586073399128,5363.591046791287,559.4670067312979,4195.445092825417,1184.719035643059
2030-11-21 17:00:00,7378.417647202642,5528.820656392232,602.3874667857525,4355.206624892555,1249.3802213706624
2030-11-21 18:00:00,7317.247125127814,5461.873901026779,624.0723112092984,4422.551905841391,1270.103929068065
2030-11-21 19:00:00,7531.636495752415,5710.374844440307,638.5778921678278,4524.401449865404,1293.255390143354
2030-11-21 20:00:00,7287.768898161428,5565.167174751373,637.2605977467615,4464.734917416777,1267.9947048698343
2030-11-21 21:00:00,7130.47912916944,5247.340233283457,604.590515058363,4368.820102492676,1182.1586814724265
2030-11-21 22:00:00,6837.587625145608,4851.1690063994,543.0179626921148,4086.674702760353,1119.407019365059
2030-11-21 23:00:00,6418.501032515619,4650.511245004736,496.0313218638992,3979.5893456177855,931.9763130001556
2030-11-22 00:00:00,5986.819175464198,4397.21618113674,467.6185668266109,3845.74232011749,855.0060529816478
2030-11-22 01:00:00,5893.884101141782,4261.062224856136,459.5915873721276,3776.602910858699,814.1615876487892
2030-11-22 02:00:00,5930.736184678003,4296.487272064561,452.0257971210893,3743.644388844807,787.037169197377
2030-11-22 03:00:00,5824.676119003499,4295.446241919002,447.0851400832454,3738.878201667425,792.4567928308527
2030-11-22 04:00:00,5947.211718443072,4434.341270316604,453.7762981302771,3774.175472319265,792.4209428498294
2030-11-22 05:00:00,6092.477839728489,4815.106248425896,487.0690057360657,3919.546427720252,839.3074340864091
2030-11-22 06:00:00,6317.75299352713,5117.674431021519,549.8592078535299,4073.277987943945,976.9436388462632
2030-11-22 07:00:00,6518.786541499001,5121.88852877763,550.9319006107362,4155.607092218875,1146.7472097139384
2030-11-22 08:00:00,6982.04031460529,5208.72178613259,554.7527345903794,4278.326971691118,1188.3726748453266
2030-11-22 09:00:00,7268.429616380999,5213.89673408625,531.2404730617243,4224.87986125019,1215.0242175004587
2030-11-22 10:00:00,7385.821594621597,5110.999442798724,542.3059900509053,4153.8866130851975,1205.8347548102724
2030-11-22 11:00:00,7222.826925337485,4968.232400088902,543.632171065052,4141.4618252941145,1208.945645598198
2030-11-22 12:00:00,7113.6063947018365,4916.535099650727,520.8380770094395,4081.016177889916,1142.1879457127836
2030-11-22 13:00:00,7261.582102386038,4967.18938021096,537.9839903511152,4088.9879924825855,1117.5595466337854
2030-11-22 14:00:00,7178.898481234864,5022.6921246239535,550.3771369942897,4096.7213788508025,1129.7677173488482
2030-11-22 15:00:00,7206.683012410204,5148.811426620597,546.4298255395579,4199.070104449682,1144.8034743753328
2030-11-22 16:00:00,7352.608380971978,5209.362111189781,568.5083249260151,4224.256274887855,1176.6419177995365
2030-11-22 17:00:00,7431.421634130215,5481.618916889924,609.4102642222498,4373.255525951452,1262.6446528113224
2030-11-22 18:00:00,7477.332663656308,5507.888016284482,631.4477756433653,4407.4469777726845,1277.5942057301172
2030-11-22 19:00:00,7390.898189924339,5558.218562089899,648.161450308715,4464.112550556685,1268.796959383054
2030-11-22 20:00:00,7593.684788769016,5456.641520823233,631.90044110359,4512.810628179859,1279.7738098760544
2030-11-22 21:00:00,7334.399284815064,5166.483445977367,602.3888250892975,4247.095127499038,1239.7951457429538
2030-11-22 22:00:00,6802.333843666399,4826.027157404373,545.7515785240843,4100.69147984901,1113.9603191306678
2030-11-22 23:00:00,6483.347377306827,4619.6361626207,510.4643421568885,3939.136480467468,953.3084906274228
2030-11-23 00:00:00,6050.386564210465,4375.855132406813,475.4209335185017,3788.2561902853618,847.5480593717472
2030-11-23 01:00:00,5751.257436664754,4270.7958453630845,449.87643961399687,3729.5609382588696,801.5620507754556
2030-11-23 02:00:00,5846.066121428783,4269.950520207798,454.9555768583696,3658.343799981107,766.9611358950131
2030-11-23 03:00:00,5790.225589466075,4238.185255197313,443.8776223740573,3713.588033212355,770.4612308381528
2030-11-23 04:00:00,5828.045161558611,4506.663722868143,456.8165319815101,3709.100476859936,769.054095815916
2030-11-23 05:00:00,5983.011672385764,4775.302514049788,485.6068603527072,3903.3668853485856,809.2439633453605
2030-11-23 06:00:00,6183.103331519656,5125.163468585029,544.7898412350569,4094.754236411869,965.15996477703
2030-11-23 07:00:00,6575.104427478626,5137.455605872608,545.8801377039529,4179.497160294803,1107.161121072771
2030-11-23 08:00:00,6827.699892984761,5130.237918655009,543.7860802654504,4115.620561058583,1173.9795337556518
2030-11-23 09:00:00,7036.63043476563,5183.364034930164,535.1957259817098,4269.281349140429,1201.888296639596
2030-11-23 10:00:00,7302.022645047034,5171.90494167288,540.3389251739794,4204.348407363847,1198.3822644122938
2030-11-23 11:00:00,7149.693530706477,4960.460729226866,535.60681814477,4108.533490177053,1167.2851269463229
2030-11-23 12:00:00,7024.913060657209,4899.866804751216,520.9007665104955,4092.653200171905,1133.4583375116424
2030-11-23 13:00:00,7138.176933708081,5048.582868559955,533.1956872518898,4038.204987574199,1109.0787916420186
2030-11-23 14:00:00,7176.879749790813,4891.656359324041,536.6816458742793,4168.192408407057,1117.1122458313666
2030-11-23 15:00:00,7169.752548277236,5096.253678039826,543.6393126407003,4119.591079024258,1135.27949964567
2030-11-23 16:00:00,7325.487727141754,5314.144344670553,561.1588446308513,4213.576447738359,1167.5161335122666
2030-11-23 17:00:00,7309.841153220109,5384.308377986781,605.8123728598687,4393.026994869274,1253.0236645272453
2030-11-23 18:00:00,7325.479326810341,5537.171680243913,621.001118769445,4468.29246617262,1291.1390640079355
2030-11-23 19:00:00,7185.87639735553,5602.007521310897,645.6241964908285,4502.881828456367,1263.2645524252298
2030-11-23 20:00:00,7406.053222592353,5566.743280108969,640.5580181364162,4419.475856105294,1282.9598008377395
2030-11-23 21:00:00,7077.52071732182,5159.744102458799,607.2959461024521,4283.431064124945,1204.4406903593208
2030-11-23 22:00:00,6747.678521823368,4876.404143103488,543.2855160140401,4061.302931253544,1095.3977784494443
2030-11-23 23:00:00,6316.185384518233,4539.273772218475,501.9239443447762,3904.977966879707,939.8887573612798
2030-11-24 00:00:00,5706.4225905866815,4324.805054314892,467.5681402553818,3746.35281203848,834.829177841103
2030-11-24 01:00:00,5661.041611246768,4221.25428844459,458.24578662182665,3743.654736696192,809.0395711464954
2030-11-24 02:00:00,5660.878842083588,4231.484126421094,449.8799634594204,3659.456976243225,772.8568997572717
2030-11-24 03:00:00,5614.136036456155,4237.770981909145,455.75501991970674,3682.223448396152,771.3834274707391
2030-11-24 04:00:00,5692.517328814274,4433.950859413981,455.02176137649866,3694.8072083236193,792.9869355047313
2030-11-24 05:00:00,5853.062352618677,4765.111221955997,489.5951107018633,3895.3448058419335,821.0607139981263
2030-11-24 06:00:00,6019.839899826118,4996.887592502893,540.3876622002495,4076.290385963346,951.0723165808108
2030-11-24 07:00:00,6285.699939934583,5003.8284928900885,541.3148530563576,4166.463002864108,1121.8279902257957
2030-11-24 08:00:00,6608.178029224893,5053.3101412536535,547.7346934234351,4149.601224634936,1160.489901972952
2030-11-24 09:00:00,6906.715591713162,5124.523958119102,542.4640127607221,4179.518712493468,1198.0065311157234
2030-11-24 10:00:00,6984.187300950554,4920.648245322491,535.4808983361713,4196.87604324664,1186.1207523333508
2030-11-24 11:00:00,6966.5412890119815,4918.734944431876,534.5556139371414,4112.801212936577,1179.1454136842426
2030-11-24 12:00:00,6856.222822867731,4923.860793055801,526.3492258538646,4096.179122664294,1140.929554155502
2030-11-24 13:00:00,6779.810700954251,4937.167342350233,531.649034967691,4025.763701163313,1116.3686045686477
2030-11-24 14:00:00,7035.33715655086,5072.361844915434,533.664594580224,4115.9107653703895,1097.0736373764198
2030-11-24 15:00:00,6981.076366534422,5039.977047428918,545.4701197450036,4134.657258372077,1113.7203225197711
2030-11-24 16:00:00,7086.726659629305,5220.213682498453,552.5823923643064,4237.884779009758,1173.0883827893445
2030-11-24 17:00:00,7129.95543125395,5421.414720616783,605.1932856299668,4315.432655508469,1224.0126144188555
2030-11-24 18:00:00,7096.903030032039,5498.188591440049,616.9233922630652,4409.941941834439,1274.3092431682735
2030-11-24 19:00:00,7097.870825953774,5595.320692292372,636.039880156236,4422.832468734954,1260.625118006955
2030-11-24 20:00:00,7191.250450645681,5313.618445492716,632.2689100979826,4451.652512694157,1254.3278621690135
2030-11-24 21:00:00,6858.526760837309,5167.29508814917,601.3745659595937,4254.6579623614725,1197.196297012227
2030-11-24 22:00:00,6547.773710919132,4723.687438276667,537.8667441444865,4071.275245490825,1107.8526075771986
2030-11-24 23:00:00,6081.912095747742,4523.86986548998,486.8458978278059,3912.4188674089655,929.8835620017916
2030-11-25 00:00:00,6008.483694441487,4414.289745789558,472.2468681722946,3809.319123372103,843.966051066158
2030-11-25 01:00:00,5966.558178064416,4336.507171412886,455.54640729811297,3740.402838136462,806.4999896438832
2030-11-25 02:00:00,5825.053116568747,4231.97846821279,445.4912208013532,3696.709970928604,782.9016493956658
2030-11-25 03:00:00,5828.74935052648,4450.131072981782,455.8802587621024,3731.69124815956,789.9917624962276
2030-11-25 04:00:00,5830.484118274648,4419.138540093641,462.7928916414133,3758.2258004137234,796.0318783538468
2030-11-25 05:00:00,5975.226509783654,4769.533820888155,492.3245348184493,3870.468363892064,826.1946945901889
2030-11-25 06:00:00,6279.8958146061805,5085.89143037792,542.1083540049132,4153.393595801818,953.6413658169362
2030-11-25 07:00:00,6417.723343999622,5012.254344036564,548.4274484978773,4114.919411623885,1112.1186718242473
2030-11-25 08:00:00,6853.265601769486,5112.249497121764,541.4650498341724,4214.133277999414,1178.7699112663822
2030-11-25 09:00:00,7256.529428681823,5237.869549597854,537.9107872837378,4234.8411136778095,1179.3388634823002
2030-11-25 10:00:00,7202.65979145923,5065.342996671145,536.6387964010747,4249.047865099817,1183.208351883387
2030-11-25 11:00:00,7127.619283983532,5004.952533819079,536.9706050732553,4197.640837145008,1185.6688197777491
2030-11-25 12:00:00,7148.67121170962,4876.895114260363,530.027290904403,4122.771898821356,1150.4797521218647
2030-11-25 13:00:00,7122.260501935133,4987.963353753269,537.1076571494416,4073.616355323718,1124.3980409410915
2030-11-25 14:00:00,7285.952472712863,4988.103327789714,536.637722075584,4153.328421183071,1117.1049789192805
2030-11-25 15:00:00,7220.927605234299,5058.433499211929,540.8031777166619,4143.270638135398,1125.5338685576992
2030-11-25 16:00:00,7385.81708216535,5182.490686754601,563.0996545666254,4157.478848539868,1191.7389365451943
2030-11-25 17:00:00,7313.11506502693,5491.343336055075,601.7348225679622,4348.35441553528,1251.516274869813
2030-11-25 18:00:00,7316.899998686822,5509.806009492546,622.1767770918275,4409.320337414474,1262.8910077634184
2030-11-25 19:00:00,7462.375418380549,5539.319627713561,636.4844921081658,4478.715582472992,1255.5317910346416
2030-11-25 20:00:00,7461.549842310509,5435.286916887056,632.3387324153762,4426.279162376041,1269.926754763606
2030-11-25 21:00:00,7147.694626975904,5160.806193086427,594.3023252585717,4339.892295999958,1217.1877993432715
2030-11-25 22:00:00,6873.523525920924,4809.715108304513,547.0208815508456,4124.79846919373,1098.1940821735852
2030-11-25 23:00:00,6432.561289024393,4578.044487221122,501.8744574005392,3916.7934909621545,958.6567621833316
2030-11-26 00:00:00,5952.181896226935,4395.033505065748,476.2185335200736,3782.2819189696943,852.3230566974682
2030-11-26 01:00:00,6010.085577511439,4239.466066519734,446.0656391464582,3733.15577525852,816.4748383795754
2030-11-26 02:00:00,5858.346287073121,4210.733135229675,442.6849493570047,3710.167379413158,783.8001960273732
2030-11-26 03:00:00,5850.042303699154,4403.818796611572,449.3620793257933,3716.364929617453,777.4544202563214
2030-11-26 04:00:00,5847.897201490869,4424.186566786376,460.3412199875008,3738.707352336121,793.7797959422114
2030-11-26 05:00:00,6106.871618618796,4726.150839297757,496.7797015206833,3897.352277407048,826.8148540902178
2030-11-26 06:00:00,6268.864110425198,5123.14181046502,542.3172403593892,4152.077824748379,970.0660206410682
2030-11-26 07:00:00,6531.688532595443,5100.650308807706,553.9300829921381,4258.013367873621,1104.4147282993276
2030-11-26 08:00:00,7027.156461967158,5255.697361399523,544.3656553662706,4156.741090981203,1202.2336773403408
2030-11-26 09:00:00,7167.954311727438,5149.612858337487,552.4570684137615,4244.741517708325,1186.5920266787584
2030-11-26 10:00:00,7198.400961046668,5104.566726335615,533.860402375762,4223.482628987714,1196.9372091511702
2030-11-26 11:00:00,7201.293268158025,5003.697643443099,545.8204146984573,4166.890185911914,1188.7732201602623
2030-11-26 12:00:00,6878.59902172797,4938.019912879539,527.9463678856962,4056.604143946852,1133.2732991637145
2030-11-26 13:00:00,7151.05016354285,5068.530718980298,536.0626403436655,4086.6502012234296,1129.4899082901638
2030-11-26 14:00:00,7175.968359588349,5027.444092639118,537.9152466021939,4100.913977883854,1122.3003086022777
2030-11-26 15:00:00,7295.281966414032,5080.227351467854,540.4757311804458,4085.259922080456,1150.922781191534
2030-11-26 16:00:00,7265.255532704588,5259.381547748892,569.6087052509635,4183.135320512564,1200.290051818269
2030-11-26 17:00:00,7392.840961086392,5454.420685541222,602.2548020305314,4286.8968732333815,1227.6089714066106
2030-11-26 18:00:00,7526.673213745435,5572.542128082077,631.8399507729912,4413.638914781009,1270.2938148481776
2030-11-26 19:00:00,7319.04620435166,5493.193678855239,644.9908188519031,4416.724876548158,1257.1974520063409
2030-11-26 20:00:00,7495.024732962817,5564.457229444164,632.9142836543039,4354.917653753105,1285.498534866665
2030-11-26 21:00:00,7104.993309922758,5186.045255071906,607.7107698587093,4213.858127503634,1212.2592834279044
2030-11-26 22:00:00,6897.301637177598,4932.735183948526,545.5867168279701,3985.635336134501,1111.2140765733818
2030-11-26 23:00:00,6376.728877258186,4523.4250787202745,494.30488227780415,3928.2593286364,935.420837572538
2030-11-27 00:00:00,6105.464148988209,4343.077204959061,470.1844660050919,3809.023574377765,862.8234623340918
2030-11-27 01:00:00,6048.203874875339,4203.021370453216,455.7598042783122,3793.0336566701535,828.5105178016814
2030-11-27 02:00:00,5957.439991503286,4242.088924027081,458.531528849469,3714.6725471799177,787.7574199726026
2030-11-27 03:00:00,5811.968462179812,4373.798160831142,452.5185326160153,3676.633973205367,785.0663452961797
2030-11-27 04:00:00,5808.814540206831,4493.133025005293,458.188691255972,3758.361973117409,795.6271407638656
2030-11-27 05:00:00,6116.551451267577,4761.711669298113,483.9279430336121,3901.059609911775,834.1911302802041
2030-11-27 06:00:00,6405.467393134772,5105.052465440626,548.3624425414364,4117.08845281676,960.3812396919204
2030-11-27 07:00:00,6465.311569030324,5171.531691265105,558.5443509434947,4179.837909509026,1124.2214454778834
2030-11-27 08:00:00,7003.293258314878,5168.909154707576,548.9219372897443,4156.41862984524,1192.9109988110436
2030-11-27 09:00:00,7182.727761456375,5165.092474184008,544.6528123256421,4212.39503066112,1184.1055811191816
2030-11-27 10:00:00,7380.216169638719,5067.334102234298,549.2085217620701,4146.456510867822,1176.9096858598696
2030-11-27 11:00:00,7048.482902875901,5033.210553942112,546.1035220491168,4155.957452943951,1181.627917865702
2030-11-27 12:00:00,7114.329556193575,4910.502780320125,522.7769008874637,4055.858483040925,1141.5714712729248
2030-11-27 13:00:00,7421.48919026356,4947.565779911042,537.4386429034458,4099.826199940294,1124.1854969172898
2030-11-27 14:00:00,7223.154130703822,5028.156584016716,534.930510242396,4076.683387952062,1146.3808870881635
2030-11-27 15:00:00,7303.363119540981,5143.634367058536,549.5748449472576,4086.837998081988,1159.9624199044624
2030-11-27 16:00:00,7373.604259793844,5314.163621960567,565.3341561127943,4188.933459164975,1183.6454498059895
2030-11-27 17:00:00,7333.518884409279,5513.008761790757,607.5242109517403,4355.360251431337,1243.5332014923629
2030-11-27 18:00:00,7395.444168167419,5595.819202766768,629.7897075558442,4383.312152822024,1289.967469047957
2030-11-27 19:00:00,7423.606495948944,5625.930383687964,643.9778882573079,4466.957654618936,1321.30688036592
2030-11-27 20:00:00,7530.33321015236,5438.112668721443,635.4562982058335,4506.847680682015,1290.84404887218
2030-11-27 21:00:00,7162.364470561806,5168.860374417817,597.5757966691891,4331.3485512406905,1226.436339614169
2030-11-27 22:00:00,6906.8723638239735,4840.911295146655,544.8991784967952,4125.510783391665,1123.0080177931395
2030-11-27 23:00:00,6364.091325838563,4537.769840905483,494.1532344299486,3902.6119064681343,951.051551410781
2030-11-28 00:00:00,6146.239253116374,4527.738167921556,479.7998493233504,3814.529347952721,857.5845806089121
2030-11-28 01:00:00,6004.71817747607,4378.691029518997,446.5862253237986,3720.081479348872,820.3489304030178
2030-11-28 02:00:00,5866.924692972654,4311.6319467510775,455.7367282471043,3757.989420415494,791.7509723666359
2030-11-28 03:00:00,5871.21472314987,4298.045108490829,454.24121053899376,3705.8932612963526,774.6448584158425
2030-11-28 04:00:00,5886.087310862297,4446.881723703705,448.6764459862468,3805.671409154007,806.2965120893533
2030-11-28 05:00:00,6009.205668494329,4890.2654130542605,497.55830309308016,3906.044775226695,844.3298265194553
2030-11-28 06:00:00,6439.478221966554,5061.468194647133,543.2283278586882,4126.856706091588,1005.7299373033926
2030-11-28 07:00:00,6564.191813735764,5145.557640146101,554.8989390784715,4233.9188296597495,1128.4798244488384
2030-11-28 08:00:00,6914.84415177443,5233.557975969452,553.063166861174,4171.057661437572,1191.7200017409589
2030-11-28 09:00:00,7289.274514741558,5129.347159251139,547.2746786924083,4211.711354173549,1220.6754431878946
2030-11-28 10:00:00,7374.299301439171,5182.479176422338,539.270425306961,4223.358080114607,1188.3403634709018
2030-11-28 11:00:00,7266.2400105461875,5029.980410257081,552.1476182699463,4122.6382395638775,1186.0931581140967
2030-11-28 12:00:00,7041.982892596325,4965.775153600769,528.5013173108254,4091.878351683749,1171.826734758807
2030-11-28 13:00:00,7139.414260482509,5071.100660695132,535.6081743200285,4093.732169064895,1111.4566614794908
2030-11-28 14:00:00,7128.018994193208,5018.512695381923,537.3690453274481,4150.040350625346,1140.244921295983
2030-11-28 15:00:00,7238.768668358848,5193.8249897557325,549.5283810299304,4106.456939851809,1130.0720149909127
2030-11-28 16:00:00,7223.962302514404,5322.497582562176,559.0725251929631,4314.285194905768,1188.7113068925878
2030-11-28 17:00:00,7419.658749823233,5580.477505841488,600.2222048059891,4292.047266693216,1244.5799285585488
2030-11-28 18:00:00,7367.044233445781,5519.794050660606,618.4223891014989,4470.638279467365,1295.6750854152967
2030-11-28 19:00:00,7560.469308943751,5650.201381924581,650.2317991218906,4495.65336099898,1293.170412666506
2030-11-28 20:00:00,7487.891763395663,5548.554907003115,634.5864905770886,4429.360256802045,1289.3414513236817
2030-11-28 21:00:00,7147.605415761663,5217.449105837905,599.5954707636715,4402.016358541526,1218.3392636085082
2030-11-28 22:00:00,6935.2366568907,4916.098816323156,533.4051218023671,4080.260628125246,1120.892193666832
2030-11-28 23:00:00,6407.239790164615,4592.486349046997,497.12140811570725,3915.738032091051,950.2210627299476
2030-11-29 00:00:00,6064.63190945057,4364.470702636719,470.8001022958927,3827.946257382236,872.8255993599739
2030-11-29 01:00:00,5974.72878131509,4407.969454878569,459.0028854144645,3819.414784638153,818.7811918694772
2030-11-29 02:00:00,5866.037556140856,4306.08543753748,453.67554040541154,3777.955360713502,777.3197556853802
2030-11-29 03:00:00,5959.6800645914045,4315.544240266435,450.0314096134037,3707.629325200588,779.7123807271249
2030-11-29 04:00:00,5877.274841166993,4464.863784557502,457.1166255286858,3803.783105200817,807.6118391089601
2030-11-29 05:00:00,6016.205905512722,4929.2830894392,497.64694599162993,3831.6627165733366,838.1040133362441
2030-11-29 06:00:00,6320.74791112605,5099.104479291436,554.7591828792399,4155.793332073901,968.048855262628
2030-11-29 07:00:00,6601.980232415797,5128.185567637261,552.1792991714033,4196.248031603139,1134.3592305588431
2030-11-29 08:00:00,6910.368198339919,5157.41767788397,561.2614504209354,4250.576517457514,1171.7265537455276
2030-11-29 09:00:00,7323.740588186166,5131.197112777743,542.1910096422007,4242.494338831953,1201.563342738236
2030-11-29 10:00:00,7370.008690969245,5205.839504287307,540.6750898064356,4134.649688411053,1201.5622048324026
2030-11-29 11:00:00,7238.72611873706,5177.561866881308,551.2254579409783,4180.030215581975,1185.8705828429945
2030-11-29 12:00:00,7170.843821538976,4918.398595634538,529.681547653195,4093.659407575385,1149.2281149277856
2030-11-29 13:00:00,7350.716086719944,5108.903397036259,549.4316179024037,4097.488390842733,1127.7452824908028
2030-11-29 14:00:00,7288.852454053299,5020.625676491832,534.6865135975946,4140.458843708592,1127.196296951066
2030-11-29 15:00:00,7249.146938269921,5161.047078309743,546.6853042631649,4152.731440254059,1143.076204481844
2030-11-29 16:00:00,7377.995288193816,5335.020612426939,563.982155945872,4292.0389380714405,1190.6410789089582
2030-11-29 17:00:00,7385.998114039629,5500.7177363114615,600.7858920325928,4333.367708828823,1237.2440152893955
2030-11-29 18:00:00,7483.31573673423,5597.713125501847,634.6924005942406,4486.124503880955,1290.9912799048398
2030-11-29 19:00:00,7564.968483353345,5613.907555466503,647.1600105381862,4420.345146517859,1284.5587323828838
2030-11-29 20:00:00,7379.231582505043,5503.552065945037,637.7740921966213,4486.374578763766,1292.260195843976
2030-11-29 21:00:00,7367.110122956558,5276.115899385226,588.8728127154882,4223.234253659837,1213.3928094821815
2030-11-29 22:00:00,6955.329864647489,4906.650570554205,532.1090327391756,4050.549352279308,1119.0206078002466
2030-11-29 23:00:00,6361.1683306632285,4672.261075482591,493.7084795959394,3835.818547532671,963.202408729408
2030-11-30 00:00:00,5954.340247457679,4459.400561440678,475.1920651192201,3854.529742922108,853.5239467623828
2030-11-30 01:00:00,5925.0591621665535,4346.284223618312,451.89335505472,3733.202553616556,815.3855388023981
2030-11-30 02:00:00,5937.138673573958,4201.281959847333,444.9835524883315,3715.66425508348,787.5372503593778
2030-11-30 03:00:00,5810.115340635321,4328.249023976984,457.21755852140194,3779.279376354208,786.8928312139282
2030-11-30 04:00:00,5860.997859657315,4504.734705970769,458.8798312364136,3736.372624360468,779.7430672251047
2030-11-30 05:00:00,5919.59150127824,4763.622274833755,490.49978827355295,3853.505794888076,843.5681551303468
2030-11-30 06:00:00,6272.397759213053,5090.297539852158,545.8230823686785,4090.806259564937,976.8852765959158
2030-11-30 07:00:00,6466.853141059902,5008.040587963752,559.233678920714,4051.6182089462527,1125.4971255514693
2030-11-30 08:00:00,7043.834101713225,5092.1691872434685,547.8916491670068,4154.127195726936,1184.1897686435918
2030-11-30 09:00:00,7155.3682942828045,5164.024994783904,543.620135875046,4210.076005539673,1207.2701583249896
2030-11-30 10:00:00,7321.976193363001,5054.287016074114,540.2016173891361,4102.108404360495,1203.1113666529768
2030-11-30 11:00:00,7323.061325138256,4969.448796013655,535.1953148690139,4197.260759380706,1165.8695302919546
2030-11-30 12:00:00,6915.590767983814,4952.169818520528,525.0140255931152,4103.155035496507,1144.11027337615
2030-11-30 13:00:00,6956.209964359047,4947.571130315542,535.5546774391911,4063.473644631531,1114.833256596454
2030-11-30 14:00:00,7104.762020843604,5065.628046052324,537.5026464556502,4201.284488810779,1134.739440351581
2030-11-30 15:00:00,7160.958830125627,5111.16758601594,553.2858048976409,4074.776488192368,1154.9892312082295
2030-11-30 16:00:00,7240.384914155885,5279.145550994842,574.5424101701293,4260.676903161002,1187.0261139721035
2030-11-30 17:00:00,7279.475530156761,5510.201527738068,602.7729486815961,4398.286219908832,1233.7963203558556
2030-11-30 18:00:00,7430.43777772246,5423.275485935101,634.6391278325463,4483.287602026264,1277.088865649495
2030-11-30 19:00:00,7319.21474544418,5529.742285582947,627.5070705355981,4493.639464561908,1283.0094483124728
2030-11-30 20:00:00,7463.653528311643,5521.136998647017,634.4255493234654,4500.434807785963,1281.3558875419271
2030-11-30 21:00:00,7040.295556734486,5166.216341428221,605.5134750986809,4253.323639927074,1240.4754894718076
2030-11-30 22:00:00,6784.88900650397,4865.167674436843,542.8395035184012,4041.07557275184,1096.9345991125554
2030-11-30 23:00:00,6404.793826314648,4589.313848332023,491.4603578432684,3931.2116956789578,953.3211186777536
2030-12-01 00:00:00,6287.486107283386,4615.895596422354,498.6423630419591,4032.9483933847273,999.0566151804076
2030-12-01 01:00:00,6219.958465096564,4506.246222014846,487.8115238633159,3984.7744442366816,945.2518753992466
2030-12-01 02:00:00,6053.932782497109,4509.559157718287,475.65024841798174,3916.634075426947,905.6063250130594
2030-12-01 03:00:00,6129.213589942014,4506.001095080646,483.7627400525896,3940.511685476863,910.5903919300732
2030-12-01 04:00:00,5972.275192665448,4723.656146338439,490.8304578737994,3981.014093304823,913.4284602725644
2030-12-01 05:00:00,6276.508375648403,5082.611040850724,533.5891918380037,4070.2142867090097,971.2447168595456
2030-12-01 06:00:00,6405.069299626456,5404.855700534499,576.086909015129,4389.180187682716,1113.4702657538992
2030-12-01 07:00:00,6809.097821016923,5377.686021086906,592.4751726334165,4372.114111266646,1316.32818695398
2030-12-01 08:00:00,7212.122345087514,5414.857519165377,584.274956582815,4437.913346862706,1358.3073219976827
2030-12-01 09:00:00,7542.787449798547,5475.291828551389,566.8268018474445,4344.779955670135,1384.8010134603494
2030-12-01 10:00:00,7618.404651655845,5391.669388139902,583.9344006351438,4373.468591721894,1375.9666869093244
2030-12-01 11:00:00,7486.185307988787,5218.118485937499,579.0189067956173,4354.898486165213,1370.7722779215503
2030-12-01 12:00:00,7215.30890884421,5184.886266196623,575.2085437729166,4209.185259880742,1305.756526078713
2030-12-01 13:00:00,7468.0123634994015,5244.7240166944175,575.7291343806207,4260.19326102629,1301.901449388758
2030-12-01 14:00:00,7487.964919305585,5347.01067243689,569.6370004282164,4365.790325998277,1303.9194520563085
2030-12-01 15:00:00,7442.001428869676,5399.5913613060375,576.6906714125935,4406.8654605155925,1300.2231318087902
2030-12-01 16:00:00,7643.138868444784,5577.550297502816,599.5095892670886,4421.71038367567,1372.6550634991745
2030-12-01 17:00:00,7719.949647405217,5875.7817439783485,642.5908257321954,4598.768585669586,1426.613750943491
2030-12-01 18:00:00,7644.987925516297,5779.1910392026975,677.9557704686061,4671.986399867396,1503.80806512121
2030-12-01 19:00:00,7684.897897777821,5889.037012235476,691.8763559902903,4657.202377890754,1476.298819912853
2030-12-01 20:00:00,7690.559809086714,5781.746608395969,669.2013562686038,4631.084632142517,1460.975696527014
2030-12-01 21:00:00,7334.743159057425,5428.002376769974,645.8176332399106,4561.993728086796,1412.261004576435
2030-12-01 22:00:00,6971.727419853215,5140.776269835697,580.6197858520305,4326.180396344934,1262.818614446452
2030-12-01 23:00:00,6515.794149848858,4760.090815745377,536.5551012397596,4146.337285046729,1110.4294802590775
2030-12-02 00:00:00,6497.418621755151,4610.857979375623,497.2841597028548,4026.510030665687,999.1457325299144
2030-12-02 01:00:00,6326.398164151974,4584.679927603376,493.5082061416676,4034.727213558052,929.1100493098356
2030-12-02 02:00:00,6284.068085998531,4471.784269067077,467.7381867026073,4079.45824293646,903.058344087388
2030-12-02 03:00:00,6198.725769697383,4508.57053928211,484.4357680651673,3971.721442855988,916.2675820942816
2030-12-02 04:00:00,6328.374906016596,4722.843655072872,497.0135223628997,4027.0781724058384,912.2181482118834
2030-12-02 05:00:00,6324.459475038413,5128.0714839319,529.0646668055729,4158.312244546523,960.3449106419554
2030-12-02 06:00:00,6760.238770684313,5390.456407312541,591.5083505734542,4351.201776428673,1139.0357613313
2030-12-02 07:00:00,6968.55885273582,5428.595691557626,583.5954277988956,4429.182094028361,1295.3478335532743
2030-12-02 08:00:00,7473.986238634368,5448.468197728027,587.8532279808837,4453.028089321976,1385.421193487084
2030-12-02 09:00:00,7595.766110013536,5501.752577311195,578.6388815281807,4487.077032469384,1376.311026821431
2030-12-02 10:00:00,7806.759492095221,5511.17224814032,577.8752034425983,4449.450151866778,1378.6161147629164
2030-12-02 11:00:00,7649.108213565152,5411.867682384414,582.8306349162136,4448.75052512081,1363.9985929207603
2030-12-02 12:00:00,7516.511540385893,5325.8865732018185,575.1941961719767,4386.863411008795,1336.2203138465754
2030-12-02 13:00:00,7681.008989726914,5302.58830841167,569.9646851320542,4323.544890881473,1287.1707143545375
2030-12-02 14:00:00,7673.119635035297,5270.357439567904,572.2096818504324,4359.058184907435,1278.60481851804
2030-12-02 15:00:00,7722.126533711917,5463.271913711993,586.4234601493348,4392.489940226123,1296.5207245635142
2030-12-02 16:00:00,7715.1638274259985,5599.747883120219,613.3872543957235,4481.5745843071445,1367.8242707031816
2030-12-02 17:00:00,7900.650202469206,5792.000950227076,647.3205494602612,4620.927472273004,1449.811712400416
2030-12-02 18:00:00,7918.370102597836,5843.450028072289,687.7514941313516,4696.400277801354,1495.3144818649605
2030-12-02 19:00:00,7895.993202391411,5969.065478364802,692.5872375001961,4817.839170010936,1489.9408375077223
2030-12-02 20:00:00,7981.870058039525,5890.469878609295,688.0500818871677,4781.358823158293,1468.579295265364
2030-12-02 21:00:00,7756.673139630781,5480.13308615376,642.3973351649462,4621.991868594248,1411.222216347992
2030-12-02 22:00:00,7305.413138451114,5229.626809862149,574.4653777629254,4329.624944918702,1286.109319143834
2030-12-02 23:00:00,6723.790439619374,4855.803996861929,528.8035694163333,4160.974899932935,1103.2134826876984
2030-12-03 00:00:00,6488.905457111388,4731.0786872890185,505.3756862447744,4013.317045959046,1002.4080487493752
2030-12-03 01:00:00,6319.502247453655,4636.396086924065,490.7750638475546,4021.950142979851,934.9966592189512
2030-12-03 02:00:00,6247.751419016545,4508.458871466644,481.6426021231052,3997.6831904334967,920.5263784851744
2030-12-03 03:00:00,6251.143530814782,4718.540729477328,484.6772764240303,3914.3283539668287,908.4350196262442
2030-12-03 04:00:00,6251.794311967131,4769.996355928793,493.4201010077351,4008.240443103061,922.2344495787504
2030-12-03 05:00:00,6521.75565439669,5022.511129441567,531.7222701204638,4070.9367485501466,976.7846476015972
2030-12-03 06:00:00,6776.223653875637,5412.161417029739,579.0320621268055,4356.615068449407,1132.963536580307
2030-12-03 07:00:00,6920.749160402016,5387.141493238939,587.1323698296422,4490.08219930387,1319.5481184100297
2030-12-03 08:00:00,7451.427872118874,5536.966062601161,588.4274588418795,4458.355046893693,1356.9969509838795
2030-12-03 09:00:00,7786.38032699445,5496.4372926523065,584.1192810015692,4477.479789656622,1374.8679931233992
2030-12-03 10:00:00,7916.582375369602,5506.731738166713,584.2144111708765,4370.771347657143,1389.6447157853534
2030-12-03 11:00:00,7822.204231925344,5315.106419469322,568.3167033919718,4444.088049964692,1391.7912717968084
2030-12-03 12:00:00,7561.689889479355,5241.363667008355,570.6908561731,4401.23492534476,1357.6955517433685
2030-12-03 13:00:00,7671.869862657341,5328.159400413462,578.0998430660354,4441.151348158749,1297.6016106030374
2030-12-03 14:00:00,7796.660330179097,5328.502962608871,577.3618941108055,4354.08023421334,1301.8693841719305
2030-12-03 15:00:00,7801.04827942907,5486.557118536309,583.789659528103,4437.685889624462,1326.5538497643593
2030-12-03 16:00:00,7810.341510601875,5547.372847874552,604.90709899485,4623.862140338122,1379.6798319191066
2030-12-03 17:00:00,7966.118539380198,5780.264351024787,644.7239051791146,4627.188385994311,1442.487376448044
2030-12-03 18:00:00,8125.204488660992,6022.528858454685,679.1075298646225,4766.196454040412,1483.1724341013987
2030-12-03 19:00:00,7872.92184019131,5974.145059977024,697.6135184585346,4841.714468657782,1484.4674512385186
2030-12-03 20:00:00,7931.863294864171,5869.208320370014,675.4985043616823,4676.823555357226,1516.6924669532077
2030-12-03 21:00:00,7746.183297344096,5569.8823950753695,644.5663093910431,4560.274595189706,1403.5367643530085
2030-12-03 22:00:00,7261.357254879118,5197.7926388036285,582.5105536432133,4390.850540411502,1257.0713806109488
2030-12-03 23:00:00,6921.485194649563,4911.357153677139,530.461269721647,4159.198823228373,1116.5383419826048
2030-12-04 00:00:00,6450.1652793073135,4729.934238111641,520.2101167419048,4035.402326101764,995.0180590035552
2030-12-04 01:00:00,6276.234875974488,4630.779236515816,488.4514701680512,4020.663965858812,942.3265879528842
2030-12-04 02:00:00,6264.702456648208,4587.99865896125,482.99485736269617,4043.365006366709,906.08076762886
2030-12-04 03:00:00,6374.054893863624,4605.801634227683,481.3245096197383,3960.502404445396,922.7191672581636
2030-12-04 04:00:00,6379.6137857363765,4748.734365100676,486.8300049253422,3992.398170808038,917.152857531672
2030-12-04 05:00:00,6581.733759934286,5128.96788062499,534.6265399588293,4163.357842524496,974.6194796295728
2030-12-04 06:00:00,6908.809749008134,5439.498129339678,589.0487268861929,4399.254950609268,1155.9691207960204
2030-12-04 07:00:00,7065.017121052166,5403.904488859668,591.4287603879416,4417.907699626127,1316.7733115231604
2030-12-04 08:00:00,7388.455414027859,5442.658903013687,586.142637241469,4406.133493191551,1376.741584907154
2030-12-04 09:00:00,7779.92300658398,5548.142580037868,577.4756930642386,4399.138290700072,1386.8991733166165
2030-12-04 10:00:00,7962.728655509879,5478.207752757049,586.733642331771,4533.316874691299,1376.001468426794
2030-12-04 11:00:00,7763.401513999939,5429.947873715198,581.8232875042345,4505.981057288636,1399.383664598105
2030-12-04 12:00:00,7621.852107997407,5259.543742496123,569.3409044487936,4357.288905705555,1331.7419851680463
2030-12-04 13:00:00,7689.746418477151,5269.535101672162,582.1227904768621,4338.331461663347,1295.936463518468
2030-12-04 14:00:00,7801.144723432305,5347.43326655582,568.8471109699491,4365.441796568815,1327.5811485734948
2030-12-04 15:00:00,7859.965341212323,5450.662775673527,583.1050347438647,4424.157365107083,1340.9591126343707
2030-12-04 16:00:00,7880.500378584382,5627.765572810309,611.4329067616203,4588.247696390014,1359.244806317634
2030-12-04 17:00:00,8097.629335843298,5876.369583590286,653.6597343166065,4666.067029227008,1467.2838690001024
2030-12-04 18:00:00,7899.611847478672,5940.959418268102,669.9099621863288,4690.798477410002,1476.5581448114692
2030-12-04 19:00:00,7980.314861022689,6046.653612581257,682.2361691061071,4700.663989251491,1464.5615547802677
2030-12-04 20:00:00,8010.430544419004,5847.519655769047,683.3843402493263,4697.345826070489,1513.1716291765065
2030-12-04 21:00:00,7757.361324965606,5497.287605209667,640.2026823137076,4558.525595365048,1431.492394558845
2030-12-04 22:00:00,7371.3930720913295,5220.957749062428,587.926506207089,4411.338431609852,1305.7644500244442
2030-12-04 23:00:00,6809.047856249136,4826.184625049257,535.0410229025209,4226.586702496724,1112.4558088660217
2030-12-05 00:00:00,6647.573157202718,4751.276853930168,513.3784591947951,4132.950480635039,992.1001384687788
2030-12-05 01:00:00,6350.872801407648,4578.405359986992,490.7974134179685,4051.962036734889,951.1278277034612
2030-12-05 02:00:00,6319.917289360322,4504.296321357113,478.29061934426056,3934.370813865652,922.8692827229912
2030-12-05 03:00:00,6208.4771030314205,4613.658572750801,476.5829222437436,4043.7239263953634,915.3953489257564
2030-12-05 04:00:00,6303.479058727719,4735.853399356918,488.2683417492079,4030.49751285796,914.5975831886012
2030-12-05 05:00:00,6696.643232922251,5184.958768827564,540.0200893726926,4165.583257223152,971.6527019751584
2030-12-05 06:00:00,6801.712685752492,5443.620923196742,594.5361038351753,4365.950993125921,1132.5329416048428
2030-12-05 07:00:00,7034.849102772907,5415.866145337549,583.975402664567,4467.641515549758,1316.193360702379
2030-12-05 08:00:00,7515.397414851498,5514.300070602849,586.4580998329124,4493.166291689964,1378.080925959226
2030-12-05 09:00:00,7826.055018851635,5561.499305580416,582.1651467909442,4490.180241250895,1401.1102856626223
2030-12-05 10:00:00,7873.266330839205,5485.831322044414,579.1949732534518,4505.821730209712,1378.2361342769032
2030-12-05 11:00:00,7969.480106696257,5285.604420149054,583.8874634190477,4505.3037294171545,1400.285558464763
2030-12-05 12:00:00,7596.0934904651,5283.018872817048,577.0983251842729,4393.591860698554,1367.0137468555563
2030-12-05 13:00:00,7818.919560500997,5263.805497691184,571.7528549471257,4410.607201168418,1307.4133872686723
2030-12-05 14:00:00,7626.990640763627,5383.077344313173,569.7944417485435,4360.677926607136,1308.058893292544
2030-12-05 15:00:00,7725.657462041404,5531.391759276731,584.6292669423113,4429.625330621616,1327.3027646110888
2030-12-05 16:00:00,7771.671477244541,5706.456162242233,615.0164238039816,4552.684765692067,1358.220561291735
2030-12-05 17:00:00,7987.63109597569,5762.288610162777,652.3527734883742,4674.143950692083,1438.3298472089746
2030-12-05 18:00:00,7915.104385254402,5953.058529541887,666.4804505918352,4789.900266694492,1461.7372996929428
2030-12-05 19:00:00,8056.197130016265,5984.578837676315,695.5546500079919,4695.827154805204,1505.0778108464087
2030-12-05 20:00:00,8173.71612236127,5916.850948599934,690.5447323214272,4768.717655069936,1492.1976958650923
2030-12-05 21:00:00,7863.004401794426,5523.563945329152,651.456232731325,4576.582098275396,1414.6406826794987
2030-12-05 22:00:00,7454.222954337048,5236.570631232178,576.9300377147375,4345.647998239057,1298.7638210839734
2030-12-05 23:00:00,6911.27018007375,4854.752069699046,529.2271978636863,4186.633829368223,1094.3508521123106
2030-12-06 00:00:00,6526.045933834966,4731.077090914191,511.60157606062063,4106.194502569493,981.2667271235412
2030-12-06 01:00:00,6441.644282240077,4625.462605553434,485.16143916398624,4071.855617862237,926.6495445945312
2030-12-06 02:00:00,6228.046495168192,4608.08704869418,488.461050595001,3986.4819155327614,930.072350476565
2030-12-06 03:00:00,6211.871181717364,4645.138888213763,494.4973415916791,3962.665303810632,920.6025154071272
2030-12-06 04:00:00,6315.128390595694,4726.516319637764,500.7765205192105,3992.118189353957,937.7474520207584
2030-12-06 05:00:00,6566.428630906117,5205.452525694353,545.7446979161942,4118.776164323606,991.124833754978
2030-12-06 06:00:00,6743.6714573582185,5470.289120594921,583.3878903495071,4373.332940890532,1140.7593379383752
2030-12-06 07:00:00,7222.548812666552,5517.962210945964,591.3784356025699,4484.3030553058425,1317.3976563989268
2030-12-06 08:00:00,7551.586105320898,5555.462377411205,590.7644504941314,4390.654838817698,1382.8634029670652
2030-12-06 09:00:00,7716.956136520039,5432.940040108818,588.4798511927014,4574.52993216901,1408.5866674891731
2030-12-06 10:00:00,7762.091054997865,5571.181197205757,586.215014643453,4469.150190100108,1411.9629181498904
2030-12-06 11:00:00,7762.810784842182,5407.570862504548,592.8369220638903,4468.073516447392,1365.443873644883
2030-12-06 12:00:00,7594.560080343514,5404.764272679164,573.0509408196577,4416.520163436979,1348.0714715456895
2030-12-06 13:00:00,7748.858405962546,5494.666931950158,566.8404681247467,4455.605727936453,1301.9732290095444
2030-12-06 14:00:00,7698.635525414589,5429.829167162181,591.3306680659194,4357.799189728035,1341.3258286417542
2030-12-06 15:00:00,7819.938645921989,5485.528623228048,587.1739764558871,4439.485833129091,1349.7470008098232
2030-12-06 16:00:00,7861.246176334968,5726.296314299054,610.8661375576106,4453.49652309682,1368.988286705146
2030-12-06 17:00:00,7824.944417931875,5914.369488566594,654.9039464025019,4667.353507311415,1465.3997946307572
2030-12-06 18:00:00,7894.171635793122,5892.993383237104,673.2090199771519,4777.49822146457,1507.460250293886
2030-12-06 19:00:00,8124.690926869093,6015.588001607894,682.8358170397939,4772.112079318259,1516.1177998870492
2030-12-06 20:00:00,7881.758928475418,5919.509060070859,674.4466545215524,4739.463260355236,1489.9444257922537
2030-12-06 21:00:00,7897.406587184303,5609.647319122775,643.2729663126496,4634.567426112966,1444.610509825836
2030-12-06 22:00:00,7445.25346612048,5222.673770430998,584.7624160402862,4430.694719861081,1310.4250667207352
2030-12-06 23:00:00,7054.398231023125,4831.123482967792,551.1433825880804,4191.703224700464,1110.996567361519
2030-12-07 00:00:00,6431.557968314503,4688.798147018532,507.9654326292264,4042.09509357309,987.3907642465324
2030-12-07 01:00:00,6394.151184821638,4536.379108851524,488.8819337748049,3977.6860978597697,942.8703115765207
2030-12-07 02:00:00,6179.893473720282,4521.598492227843,487.9904465877221,3940.97836645681,906.2318028103552
2030-12-07 03:00:00,6223.3216866621015,4658.922110542459,495.2525339817311,4011.338461078637,909.6737933394968
2030-12-07 04:00:00,6394.902830975926,4698.9167956717365,499.43812423744544,4020.6451425963264,917.2087342966432
2030-12-07 05:00:00,6456.630638909348,5178.746585822802,537.3078151031292,4119.432473770285,961.6333420612124
2030-12-07 06:00:00,6621.24143449028,5468.641891070757,587.7657253503867,4385.851577253821,1127.8180189072232
2030-12-07 07:00:00,6959.881091983041,5420.356085522951,585.3799512340619,4446.349865911071,1314.5534072058515
2030-12-07 08:00:00,7383.936126911676,5432.537369746963,594.003263439356,4439.247718043735,1352.9086742620284
2030-12-07 09:00:00,7703.620761254009,5435.372730999625,578.0972443177599,4490.363534064187,1382.73979855804
2030-12-07 10:00:00,7694.337365517517,5514.443823590929,580.0436360014318,4520.569394855223,1407.4037244706838
2030-12-07 11:00:00,7640.31816553535,5388.671915318181,582.1354610656042,4363.692203989178,1389.1671907548714
2030-12-07 12:00:00,7590.177718573686,5261.008626579594,569.6587162598732,4338.976293359337,1344.294053171897
2030-12-07 13:00:00,7811.749699533916,5370.407088644285,579.5991144172201,4356.0486712743495,1309.658437603783
2030-12-07 14:00:00,7633.657123326064,5348.284405573553,582.6129410550218,4353.53508404721,1314.19022226455
2030-12-07 15:00:00,7795.873195293096,5393.546040265166,585.5858138211727,4406.824376082672,1312.8234855220387
2030-12-07 16:00:00,7824.17129123009,5651.32104377561,616.2320126422253,4521.755619610742,1363.6147393212066
2030-12-07 17:00:00,7967.763544546241,5769.884548105567,656.298402945388,4703.1218198309325,1453.529940957197
2030-12-07 18:00:00,7879.235210699588,5970.922162659985,657.7518709291043,4851.291599954344,1464.70657342621
2030-12-07 19:00:00,7871.795714507087,6011.171337767216,683.4758431391728,4882.018018518667,1481.5483191724654
2030-12-07 20:00:00,8050.44324120823,5848.0502429368735,688.944392533235,4706.981528681071,1467.297160763195
2030-12-07 21:00:00,7612.6848446696895,5590.503021463109,648.1030330451844,4482.981253936349,1414.0299719132304
2030-12-07 22:00:00,7304.831914718235,5177.65313705886,582.3318084582097,4348.70706303064,1293.2596288144466
2030-12-07 23:00:00,6870.679750892395,4928.702818710114,536.1797655396813,4212.687045270506,1112.9311026421542
2030-12-08 00:00:00,6227.14414431264,4625.241159940375,503.4104792473324,3997.294783733806,977.5781968986896
2030-12-08 01:00:00,6096.925960040309,4599.324642063344,490.78444038574185,3940.368057303964,939.6034192742676
2030-12-08 02:00:00,6018.838524763804,4526.558931692628,491.4728161350124,3972.7913273164218,914.3918371528466
2030-12-08 03:00:00,6042.551095842674,4500.571909187067,479.7458869628936,3986.871063292366,895.0972677216821
2030-12-08 04:00:00,6000.9492828441935,4698.536971775773,491.0321708076113,4028.6275641091465,922.9144565994256
2030-12-08 05:00:00,6259.941643832032,5035.5816773178685,542.9813725189346,4046.920926431525,959.6052820594794
2030-12-08 06:00:00,6563.016767281531,5319.011558642911,582.4380187523728,4297.938744714628,1124.6731986960308
2030-12-08 07:00:00,6861.383978000955,5375.741327917441,593.9584867054399,4353.317748788683,1290.3915899747667
2030-12-08 08:00:00,7173.477804269743,5505.310427678203,595.2471700012663,4356.467592857346,1357.894399995268
2030-12-08 09:00:00,7519.173783223237,5317.827656610936,581.729707030346,4453.260473799636,1405.6765116805595
2030-12-08 10:00:00,7442.279410885626,5482.1137484227365,579.9909353336334,4429.621250347336,1363.6699613999622
2030-12-08 11:00:00,7437.97062692389,5265.004535770853,575.9177427301377,4369.199001606104,1357.1031974094128
2030-12-08 12:00:00,7392.863275373552,5238.228342317736,574.2988863472001,4354.564336774383,1323.158365381649
2030-12-08 13:00:00,7325.342298745849,5304.099191964666,574.2919915754775,4323.1789493539645,1303.716345824991
2030-12-08 14:00:00,7495.341966439431,5296.707800798504,572.2551133534383,4392.056577628374,1311.922615216964
2030-12-08 15:00:00,7563.027159783363,5392.757228442892,590.6991493617838,4488.62303976934,1299.6757144098926
2030-12-08 16:00:00,7386.087465843601,5653.458168751669,610.2744979434176,4411.601057120887,1357.4541719987192
2030-12-08 17:00:00,7692.455543533687,5731.522274206807,630.3850513139347,4552.012390660716,1443.6452717135546
2030-12-08 18:00:00,7687.064853619714,5943.058475680984,680.3935232686272,4704.311124286524,1450.1678310898749
2030-12-08 19:00:00,7536.603583581872,5898.38924522214,678.534079901965,4692.700767236423,1475.0462276796504
2030-12-08 20:00:00,7553.957412994582,5747.31031144115,675.5568589370399,4642.10332921621,1464.0520525287882
2030-12-08 21:00:00,7356.191581209747,5469.673084135722,646.2391996073129,4518.693765439273,1425.480408369276
2030-12-08 22:00:00,7063.557723061242,5192.348370789718,584.0650708801095,4323.221119188284,1263.0425190379017
2030-12-08 23:00:00,6432.019967392964,4790.941099305347,533.01650655518,4118.239592544024,1104.2127449583525
2030-12-09 00:00:00,6466.231009097151,4678.77308073879,514.7864020863695,4031.225299273112,984.0555189989858
2030-12-09 01:00:00,6281.528075738328,4538.940344341843,507.2287825788791,4019.7961742974894,927.8912891930204
2030-12-09 02:00:00,6136.658696980552,4569.015079666866,488.8312054947053,3899.924033313252,914.4606468170286
2030-12-09 03:00:00,6230.870954265678,4678.366525717139,491.0188177299024,3965.023359257152,904.402719448302
2030-12-09 04:00:00,6251.431598285359,4683.3339647796265,491.4356580975924,4036.404218093084,942.3697778443832
2030-12-09 05:00:00,6485.844061483804,5157.354934894277,530.7762760421311,4193.214294588264,975.2759484138924
2030-12-09 06:00:00,6561.929064610915,5396.795892487824,599.4477510950935,4399.399203575469,1134.8441748634882
2030-12-09 07:00:00,6924.268317038151,5428.751801311688,595.9567211759153,4428.400932927306,1310.175873424741
2030-12-09 08:00:00,7572.328034808673,5512.236169537867,590.7403288102444,4437.750472271452,1340.97067953429
2030-12-09 09:00:00,7673.021317534364,5527.520425486158,572.4197104639919,4491.202795621004,1378.6785372440245
2030-12-09 10:00:00,7646.017410193855,5297.176161169359,588.5721891067946,4504.824212434393,1388.661328717413
2030-12-09 11:00:00,7825.9577864684,5368.932270964565,583.7088126945024,4458.212845672098,1364.463925221118
2030-12-09 12:00:00,7567.88436371691,5274.554908925803,561.4357909169696,4293.257475331684,1323.0086992902773
2030-12-09 13:00:00,7646.647465375436,5306.398600714958,574.2475145372136,4414.866477993172,1317.8789307697612
2030-12-09 14:00:00,7809.52676939571,5347.690876379833,564.0988744662701,4350.427207997657,1298.1368432189304
2030-12-09 15:00:00,7720.696785583849,5506.761866744113,591.9528594482997,4430.787858332049,1315.0107907927984
2030-12-09 16:00:00,7840.192700788545,5698.770565353162,608.6481808990768,4485.655893836453,1369.1897077939184
2030-12-09 17:00:00,7889.5982261206545,5964.385900760701,649.9148912597777,4697.275544099981,1446.129434551077
2030-12-09 18:00:00,7906.579376631684,5860.0235276030535,681.4032818165842,4733.423654759406,1485.6633836191256
2030-12-09 19:00:00,7952.716536424098,5974.570789558038,688.9014081332837,4730.440341164126,1474.9915834821652
2030-12-09 20:00:00,7930.50580731928,5771.21705082459,672.4580112872983,4764.81981866129,1481.8228282833634
2030-12-09 21:00:00,7709.708340476254,5570.252050033649,655.6957386867583,4597.297356538467,1407.1343206487568
2030-12-09 22:00:00,7333.960883313029,5134.026233337312,587.6005672694703,4377.9960771960805,1265.5409698944609
2030-12-09 23:00:00,6861.645244574309,4817.870032559413,526.5907577218867,4125.646330756142,1080.922356952718
2030-12-10 00:00:00,6562.57721599767,4730.139476731408,507.9653516448053,4038.164431644616,1003.361281039471
2030-12-10 01:00:00,6489.273187226841,4573.977635418774,483.696618702329,4012.379266486808,948.530448657718
2030-12-10 02:00:00,6286.76846970804,4568.949309253912,489.0580234450699,3960.016545833144,922.8149021156356
2030-12-10 03:00:00,6225.235707894205,4551.894301483784,489.2928757730371,3962.035599187348,917.8473843166854
2030-12-10 04:00:00,6167.804725144369,4798.776808340559,496.1252749982157,3995.312277608986,928.8852615698156
2030-12-10 05:00:00,6421.04336108653,5189.766365605851,544.8782380869304,4149.092625233341,962.523974414406
2030-12-10 06:00:00,6827.595618431401,5532.655831935129,586.950625525323,4374.139975100958,1129.4514392045944
2030-12-10 07:00:00,7133.891462498518,5422.287230396068,578.8072768137384,4396.45502057549,1309.5238647689507
2030-12-10 08:00:00,7413.08777058811,5480.060684270028,577.048613605268,4508.5286200319415,1376.834572637752
2030-12-10 09:00:00,7754.140087928884,5570.226231805493,573.2910852202407,4535.127117985621,1389.9971900733133
2030-12-10 10:00:00,7673.849065610871,5419.491683173999,590.3393140898398,4508.998353634871,1393.1747709827496
2030-12-10 11:00:00,7784.950678059002,5338.535428009941,584.7436416377415,4392.164320643578,1381.8523050167516
2030-12-10 12:00:00,7557.583208785837,5367.752774159246,576.7318448776749,4333.051096682227,1299.1984975266812
2030-12-10 13:00:00,7766.812185574691,5398.406904543145,590.996967053979,4387.147456761879,1308.8678349163897
2030-12-10 14:00:00,7824.708955970616,5365.776725849346,585.5847318297758,4376.337519189338,1324.199924572137
2030-12-10 15:00:00,7728.147138566021,5462.524464705839,583.6338844067685,4416.311248375863,1318.6787816719138
2030-12-10 16:00:00,7906.951292017074,5634.472362433506,610.2483170947332,4538.684148437295,1373.696068498275
2030-12-10 17:00:00,8151.215657504527,5816.583259312503,660.4173231722451,4663.132217961685,1439.46850821554
2030-12-10 18:00:00,8012.379952707,6045.635895205698,672.8617628438334,4680.640978489005,1516.7182664644436
2030-12-10 19:00:00,8042.622415795523,6030.438004496538,689.5073921712947,4793.8555647934445,1506.2353515202872
2030-12-10 20:00:00,8058.775820872784,5868.589454419216,683.0301776114377,4717.940493243931,1470.579272816712
2030-12-10 21:00:00,7706.985165838673,5639.635052885888,638.09198687533,4659.003947950554,1417.9971256539786
2030-12-10 22:00:00,7345.892934598719,5144.5333673942605,584.5289261480675,4437.018632968624,1278.040299522316
2030-12-10 23:00:00,6834.353025125702,4913.740093151079,532.993550405197,4146.411652591037,1100.3942498902234
2030-12-11 00:00:00,6573.420935641753,4693.974379213107,501.53476075602174,4013.942498007029,998.8086358358256
2030-12-11 01:00:00,6384.663316805573,4573.363669369654,482.9087315982063,4062.9749338552297,933.0631243874494
2030-12-11 02:00:00,6288.995300758993,4601.057797284945,490.2343816008745,4031.083858201891,925.4670463369216
2030-12-11 03:00:00,6331.053057096837,4670.98161490226,482.8030368831139,3887.647762893134,906.9413116427
2030-12-11 04:00:00,6311.154164431495,4684.854091891902,487.54583050064815,4021.897213546,931.4632180339074
2030-12-11 05:00:00,6564.510048779708,5115.832518824324,539.8539068210347,4149.414781334508,973.783287452962
2030-12-11 06:00:00,7027.0797394127085,5396.148535379068,588.7627592542506,4343.233934170166,1134.9336698426544
2030-12-11 07:00:00,7061.47193554514,5495.44837873557,585.3687780728206,4423.513530559931,1324.7607694860258
2030-12-11 08:00:00,7580.074828154025,5556.747066474265,591.4759341851094,4519.477195192788,1383.390491492636
2030-12-11 09:00:00,7807.708367076935,5560.2677507283615,577.5306371435667,4556.295558328999,1419.2332190464888
2030-12-11 10:00:00,7910.521996918196,5478.605794452436,577.8116565860777,4447.930214329465,1407.715635916532
2030-12-11 11:00:00,7817.957385518462,5333.41520831678,585.9040771248309,4520.145984379828,1382.5814449120369
2030-12-11 12:00:00,7784.112691976825,5391.992491887217,567.0416434301226,4388.020486093261,1328.4070295311474
2030-12-11 13:00:00,7693.236058562003,5295.060637784712,576.352764830637,4384.934490701015,1325.2198167122206
2030-12-11 14:00:00,7773.432203983377,5180.947305640809,566.3565484495766,4488.954614250859,1314.3270987151318
2030-12-11 15:00:00,7688.984648711169,5517.838269596125,583.2272274288765,4443.662769024562,1305.363578644522
2030-12-11 16:00:00,7830.025151753511,5545.7852793747215,604.7497060650035,4432.371281769823,1382.404084537562
2030-12-11 17:00:00,8120.187398349494,5885.064481507213,643.9290420379972,4753.117518250625,1476.0973548250442
2030-12-11 18:00:00,7712.196992785051,5998.613739721202,679.3707751192028,4763.587691441455,1510.4943487973942
2030-12-11 19:00:00,8141.573542620954,5991.937788952714,680.0672723493913,4742.862642711211,1492.311352013977
2030-12-11 20:00:00,7922.326117151435,5843.855758700117,685.1855322461059,4770.692379677113,1523.1455293332417
2030-12-11 21:00:00,7891.917212568286,5585.860157816577,645.9562630112003,4581.971264802934,1435.634752969785
2030-12-11 22:00:00,7548.874669929118,5221.553678522873,576.2045568332023,4382.331487812649,1283.0577996981851
2030-12-11 23:00:00,6861.280813502577,4861.324438202708,537.8440221638242,4283.116650014373,1093.1460440272435
2030-12-12 00:00:00,6600.5232486756495,4702.453074897533,507.0914905710006,4079.182800354388,1001.8343412023712
2030-12-12 01:00:00,6513.216512837713,4646.886213175811,492.40949467289823,4037.602229548439,943.5902592306307
2030-12-12 02:00:00,6337.499100021373,4559.94367938475,480.81861720843824,3996.7196120444105,925.147876036728
2030-12-12 03:00:00,6272.967667437379,4687.442866797261,482.9778270658573,4025.1701001237466,903.2313630607316
2030-12-12 04:00:00,6491.0866654114125,4802.896003050533,493.6542732753543,4003.089897578184,938.1520535737302
2030-12-12 05:00:00,6549.1324823844725,5033.7583364385655,539.7463883902328,4119.8627713302985,977.8012099747576
2030-12-12 06:00:00,6622.39647932613,5466.9394293986,570.5043029794748,4401.323084344068,1121.0361583585932
2030-12-12 07:00:00,6954.0989882728,5481.299545464079,591.0691607930193,4498.662533889615,1340.0710290422585
2030-12-12 08:00:00,7406.535379634747,5534.759864453711,586.1630286938066,4453.166337153258,1374.7077028591928
2030-12-12 09:00:00,7776.457262561595,5620.2153629167005,576.0299667851009,4424.759882091427,1398.6568656934744
2030-12-12 10:00:00,7977.460433755994,5467.721874575945,582.3762432003289,4414.88062344936,1379.7994421329468
2030-12-12 11:00:00,7813.1659529817725,5554.397139903832,574.9402391715291,4496.940800636802,1360.393001537871
2030-12-12 12:00:00,7694.65224351177,5254.612547468572,564.4043657578655,4475.1621402737,1349.281036816746
2030-12-12 13:00:00,7756.808294441606,5362.974543121238,576.0366036160259,4360.960954438195,1320.3447759140802
2030-12-12 14:00:00,7756.750318856781,5307.223696154642,576.4641320436962,4355.311476385368,1302.7965509064495
2030-12-12 15:00:00,7757.663510152258,5497.358479130143,581.5037039679198,4431.998411972683,1322.740846331106
2030-12-12 16:00:00,7847.2884268355965,5695.882360791274,610.360006695327,4561.161082595787,1374.4793714390516
2030-12-12 17:00:00,7925.070973149744,5866.012125982961,659.3258738351009,4722.142120410693,1440.045742366408
2030-12-12 18:00:00,8147.858355057309,5965.338713427783,686.3486336973579,4742.935215298276,1516.7554956014371
2030-12-12 19:00:00,8117.613081037709,5925.531082548485,690.809937559782,4800.672715085619,1478.6297913093333
2030-12-12 20:00:00,8081.778857217586,5888.471165922135,681.4346384399843,4694.861539815423,1466.4409423084053
2030-12-12 21:00:00,7727.609514893317,5649.097442269064,644.4785904571484,4614.573659297599,1419.032152946863
2030-12-12 22:00:00,7466.051395160226,5138.33408560264,574.6077736273346,4395.206618048033,1280.9218250794374
2030-12-12 23:00:00,6939.365500955611,4963.3913005504655,535.4513021705108,4087.159549753036,1095.5400624843344
2030-12-13 00:00:00,6567.137779839412,4682.29969291313,508.0873131716902,4161.267717127404,992.9456296752096
2030-12-13 01:00:00,6299.093496888931,4637.087107292325,497.890855780402,4041.4019940299418,932.4966216315393
2030-12-13 02:00:00,6350.9516499505535,4493.843860203445,487.2463347921063,3939.855563563058,933.520604304878
2030-12-13 03:00:00,6372.290982613631,4620.120733027539,486.43637910754177,4042.081839594598,897.8894841440384
2030-12-13 04:00:00,6276.345297607753,4826.729094500258,498.5629795434409,3968.8974157553607,946.7217662471608
2030-12-13 05:00:00,6536.036590050796,5207.700209964975,536.3900298183896,4154.921820532355,979.42813781966
2030-12-13 06:00:00,6743.616427657677,5350.381349806141,587.1912401267532,4387.848436065029,1146.1863019148802
2030-12-13 07:00:00,7026.5320092122565,5437.753393392101,587.1748572407041,4434.882197415956,1318.6576751889322
2030-12-13 08:00:00,7569.773267946307,5539.138614296675,593.690880084243,4518.074562582496,1380.378011617034
2030-12-13 09:00:00,7719.064863394049,5466.01552055133,578.4871953514767,4580.843757133945,1407.81763700413
2030-12-13 10:00:00,7794.016685444095,5491.474554105967,592.7313519562606,4491.402930929375,1401.8262751229772
2030-12-13 11:00:00,7752.6855965448,5359.628060124552,576.4464161059458,4532.96550098208,1392.8726355383883
2030-12-13 12:00:00,7657.297827067391,5357.586205252515,569.5065130925999,4400.009878130451,1333.9660470978786
2030-12-13 13:00:00,7697.148796284561,5388.215652540646,585.350235769201,4373.570820545741,1309.3315402879882
2030-12-13 14:00:00,7706.883523491841,5333.071821211333,584.3178781399353,4335.875189569675,1318.0603160188127
2030-12-13 15:00:00,7860.925648094593,5509.3226111075655,585.7215150893913,4505.682301483704,1353.197625342491
2030-12-13 16:00:00,7977.081572618471,5655.672101302882,611.6979216016996,4579.463441262481,1403.363880605661
2030-12-13 17:00:00,8031.366587821587,5900.995491525492,642.2141911090102,4690.286112147775,1457.9150779302438
2030-12-13 18:00:00,8085.709358139457,6071.944919548422,674.3665860003067,4726.3856737887645,1501.8525843732857
2030-12-13 19:00:00,8141.261489745663,6041.038444875837,684.0524340370324,4814.3779405466175,1484.7365059294773
2030-12-13 20:00:00,7952.593698284239,5914.664546625238,671.697620862845,4791.812701141254,1497.1883458898642
2030-12-13 21:00:00,7770.232955801949,5615.603473115516,657.1966714335962,4545.3528228107125,1412.0296555838138
2030-12-13 22:00:00,7573.374598113711,5239.09095227842,577.326846894018,4391.079571046639,1284.3548128978528
2030-12-13 23:00:00,6797.25757827029,4961.22968922184,532.2546926766091,4213.900013207452,1093.0883984640589
2030-12-14 00:00:00,6511.770494537517,4773.372740269825,494.2426846804827,4049.65617549094,1003.8699558560862
2030-12-14 01:00:00,6346.7994215631325,4581.826188741316,489.2872764002467,3990.158635701701,932.7646235404228
2030-12-14 02:00:00,6201.7124798635205,4573.850495341442,481.69841011949234,3950.017739453957,928.4843080969308
2030-12-14 03:00:00,6105.183838394801,4688.14409412399,476.6698659380792,3993.107943037926,918.002681852268
2030-12-14 04:00:00,6273.244430171752,4834.688484751013,496.22861878435793,4083.1045147965488,933.6460972118248
2030-12-14 05:00:00,6365.992475594332,5241.285653469264,534.1186953427293,4075.827674554509,965.4008762286816
2030-12-14 06:00:00,6771.051130641058,5455.256721677339,583.5071809131845,4387.157165678517,1135.5427661163208
2030-12-14 07:00:00,7093.910812033117,5389.710077241362,583.5603699033966,4522.440004477806,1332.4549083623772
2030-12-14 08:00:00,7501.320817023621,5614.260890888423,596.4217638649,4456.313613386001,1370.5152489446054
2030-12-14 09:00:00,7676.72442126374,5506.051484581014,582.3491896892617,4389.6341408884855,1383.6364038261124
2030-12-14 10:00:00,7852.194695433209,5547.766634054657,582.6126580882169,4466.120396067287,1412.1581065885796
2030-12-14 11:00:00,7799.017235280584,5353.280587722497,576.3958240710481,4401.236463972215,1379.2322702395495
2030-12-14 12:00:00,7503.566723411634,5366.883597094222,573.3350753585275,4333.590139497015,1310.4962261630642
2030-12-14 13:00:00,7685.291636767005,5358.840388982036,585.9601672957778,4421.045454763118,1282.626632100608
2030-12-14 14:00:00,7667.103952498775,5436.638114121214,576.4504218302068,4351.461446760624,1314.692105232983
2030-12-14 15:00:00,7767.174399649056,5496.619029344491,580.5543633182904,4407.658331192309,1333.1062199344926
2030-12-14 16:00:00,7802.166851770044,5604.570665636862,603.7393581545733,4563.026215624381,1381.3591942334308
2030-12-14 17:00:00,8018.245779672058,5942.529371397191,651.5377920977085,4595.995900032435,1445.144105002608
2030-12-14 18:00:00,7885.660234760746,5968.636872026251,669.9281658634535,4824.802468341563,1500.1518228858492
2030-12-14 19:00:00,7984.528194049768,5982.730110351323,696.1289847638304,4761.249066746776,1484.7106493367048
2030-12-14 20:00:00,7799.610795694119,5940.459981203703,675.1863726223613,4802.490591582641,1479.0480417116696
2030-12-14 21:00:00,7790.77049389824,5556.132112393971,637.3291596212827,4588.869714953876,1441.7972135836212
2030-12-14 22:00:00,7192.013308190251,5267.185981081975,589.9911239612437,4407.708375260757,1279.759210838066
2030-12-14 23:00:00,6827.3787676811,4923.427221319244,534.991871070749,4123.245610040074,1092.2649534278698
2030-12-15 00:00:00,6196.262693738628,4565.263796923406,510.72233060694856,4057.7612151876574,991.8206903961616
2030-12-15 01:00:00,6070.961342398768,4531.979563329723,485.8165085611976,3956.351846220268,934.2344008457318
2030-12-15 02:00:00,6053.296631094045,4559.932712426032,484.4251301805809,3965.183289432785,908.3093956892144
2030-12-15 03:00:00,5996.300279848978,4572.032505512426,487.3745367005357,3984.7768275827657,900.5790313765694
2030-12-15 04:00:00,6060.914934930707,4770.359622299995,487.5514882472637,3999.702755734715,911.0768828527042
2030-12-15 05:00:00,6277.912119002204,5154.775379450268,522.4081489478925,4196.081878883584,976.3873970157186
2030-12-15 06:00:00,6452.127291915506,5434.074445538668,575.9991272111761,4321.2543675785055,1120.5007222776987
2030-12-15 07:00:00,6670.6076318340765,5420.56296930714,579.5949643513958,4399.132628634531,1308.681633867573
2030-12-15 08:00:00,7314.154587267737,5472.763724366128,594.315633052117,4477.567653732529,1363.927886722632
2030-12-15 09:00:00,7502.661877360769,5361.862356710198,582.7274625215455,4411.917571371785,1411.267322174497
2030-12-15 10:00:00,7460.962334054758,5422.443549069597,576.1569868470139,4454.206081918469,1384.924733006515
2030-12-15 11:00:00,7462.73447374609,5331.615686216331,581.7269551788647,4439.887589477682,1378.4514263859644
2030-12-15 12:00:00,7295.078424000065,5297.211733443511,560.4282878459913,4341.64040767316,1328.351248206572
2030-12-15 13:00:00,7312.509086342246,5293.0796842559575,581.9271885013607,4347.803697083639,1304.4875562089792
2030-12-15 14:00:00,7481.594314668477,5313.402090857214,588.3231233107715,4385.609725125955,1288.3692934335784
2030-12-15 15:00:00,7463.022613900923,5410.493295608833,582.960816110743,4443.275545990966,1303.4066806618964
2030-12-15 16:00:00,7524.321700931893,5587.515101896886,614.0178644579689,4530.7389928101975,1338.9633312831022
2030-12-15 17:00:00,7605.282907636561,5736.241819609048,642.8501951822883,4692.945242701643,1444.0897948025938
2030-12-15 18:00:00,7711.711961803325,5822.694611210282,669.2008574765907,4732.9310527483685,1449.9849424775116
2030-12-15 19:00:00,7839.830438460055,5879.579633904473,695.7498827931764,4766.321433476694,1472.1175424588623
2030-12-15 20:00:00,7618.751315672514,5767.36380752515,678.3747681477766,4698.900952602361,1483.4781720882258
2030-12-15 21:00:00,7403.903149830611,5516.206350407906,648.6879036432828,4639.620764399077,1401.1672168237876
2030-12-15 22:00:00,7030.647372314096,5100.144677872452,587.2225231998349,4338.617582411638,1276.9092617058382
2030-12-15 23:00:00,6602.243297064086,4835.998979871487,533.148638219212,4069.905200979201,1106.8291763554828
2030-12-16 00:00:00,6354.0143483421325,4704.947229658202,511.5771604720156,4151.471622054866,991.2935277253612
2030-12-16 01:00:00,6473.985749864322,4585.029589527425,486.4408063338403,4014.2050920450015,939.4604025683104
2030-12-16 02:00:00,6234.658373298469,4624.928818150298,490.8822464958301,3920.946765818906,911.9801810761082
2030-12-16 03:00:00,6274.845006611191,4611.812000159438,487.8139192275184,3943.836409384553,910.924475823287
2030-12-16 04:00:00,6203.904962080575,4824.964499170458,494.2632798096902,3987.089381578302,907.5777096677796
2030-12-16 05:00:00,6408.094634674062,5200.721710253153,537.4552886099921,4138.2717387713865,967.6018046420462
2030-12-16 06:00:00,6816.37403179429,5408.611337186477,575.5766710167991,4447.606405058684,1126.3685992496023
2030-12-16 07:00:00,6940.779168020108,5410.411344044574,584.5030538442026,4440.30342904111,1304.1824837530532
2030-12-16 08:00:00,7516.588194144505,5488.259519351116,591.6522647285705,4470.377803248326,1374.1011832493946
2030-12-16 09:00:00,7721.22938427982,5489.637369500224,589.5562312961566,4527.388982260626,1388.6123879733157
2030-12-16 10:00:00,7620.235387598843,5447.074628936812,588.0322072027953,4469.530383793782,1400.4556197342563
2030-12-16 11:00:00,7867.160859611375,5425.631491279668,578.7489775831349,4423.917031241384,1403.2678006755884
2030-12-16 12:00:00,7666.10247926809,5313.524486985241,573.300520277694,4373.258870933909,1314.872795754262
2030-12-16 13:00:00,7717.881731605216,5254.478451297415,585.0041760045456,4340.747849797883,1312.8870128445667
2030-12-16 14:00:00,7757.9288502366035,5367.244045121644,573.5826620622204,4364.11249888404,1302.470730144275
2030-12-16 15:00:00,7804.700320952995,5451.510017956317,585.1891223911798,4465.351409175188,1296.5913557973156
2030-12-16 16:00:00,7812.658773222967,5662.239447535137,607.6310562999267,4517.474449112677,1371.018981502484
2030-12-16 17:00:00,7897.319568563521,5863.024405055511,654.690452255785,4762.057459255098,1453.2374758828466
2030-12-16 18:00:00,8026.513559205278,5889.61260044323,681.8455936444684,4721.197444778899,1490.7201603195597
2030-12-16 19:00:00,7841.782736780943,5933.181633935647,684.7704976700575,4815.372768533768,1465.430341896496
2030-12-16 20:00:00,8096.419175793929,5855.191591552048,693.9794971287472,4718.872932652821,1473.06140572587
2030-12-16 21:00:00,7805.334083261307,5526.932936925285,645.0158252313752,4597.941148145998,1440.5177484813362
2030-12-16 22:00:00,7230.085583761017,5197.572424079135,581.8058151462767,4344.351161577095,1282.1521134713669
2030-12-16 23:00:00,6718.976622609056,4891.044405943258,541.1470290630938,4184.2818276224325,1082.5259132829656
2030-12-17 00:00:00,6523.759320485215,4671.060434109781,498.1830876580392,4146.306601907631,984.0366806306812
2030-12-17 01:00:00,6405.286385949388,4540.624521525171,490.25611529842416,4037.0099269999246,942.4230480445708
2030-12-17 02:00:00,6376.970439119828,4563.926047056943,486.2952409387852,3944.272533668623,913.1750886884876
2030-12-17 03:00:00,6316.382406475595,4789.594240438839,470.3545959904615,3991.627407469536,917.56308284167
2030-12-17 04:00:00,6371.351582786008,4852.948601521795,499.669940461719,4004.157539512724,912.838465897844
2030-12-17 05:00:00,6568.321307729084,5225.520884095739,529.1213474092868,4139.119060213308,974.9604009455152
2030-12-17 06:00:00,6813.274065803015,5509.871354382347,581.4908796190281,4297.581384191984,1130.5217197313746
2030-12-17 07:00:00,7013.902337688164,5405.773813422451,587.040636610346,4502.318244906851,1313.1291533080555
2030-12-17 08:00:00,7564.096121709888,5489.213270742052,586.7899543074317,4438.545721390408,1385.542242680648
2030-12-17 09:00:00,7893.809138211058,5482.989954455293,577.2428852232437,4444.488394424016,1384.6871112994013
2030-12-17 10:00:00,7967.12677107052,5474.484225453221,584.5744319171379,4405.608660990179,1384.6904554146545
2030-12-17 11:00:00,7659.940582222414,5453.210319023745,580.2321441668544,4415.304593247492,1383.074965813288
2030-12-17 12:00:00,7651.598534738336,5256.539603621988,567.8052481330076,4408.2020962832685,1337.595868045458
2030-12-17 13:00:00,7684.535590895125,5356.862561485503,578.8973990207966,4400.417021540156,1305.6176742204534
2030-12-17 14:00:00,7771.188473975938,5314.5072808005525,580.3384107338861,4359.767384678652,1295.0092150683674
2030-12-17 15:00:00,7796.512836702216,5557.573838094647,587.3409501711711,4422.212212017139,1333.5854300636538
2030-12-17 16:00:00,7872.889447888794,5704.0886357181,604.4296113120059,4480.980873708514,1350.526690255646
2030-12-17 17:00:00,7917.931547538117,5876.296508176422,662.7874817586754,4593.297339436394,1443.525735454912
2030-12-17 18:00:00,8060.476941465416,6039.653994415888,668.1342064502096,4711.1406477905975,1476.4183035050307
2030-12-17 19:00:00,8115.556440296648,5983.371117040051,688.0435605190486,4750.896624657794,1486.681235331881
2030-12-17 20:00:00,8048.461675303559,5913.082588627892,690.9832285652753,4741.209625686734,1474.6456918939816
2030-12-17 21:00:00,7777.112893940038,5554.4821776569925,643.1775523094032,4556.284030113092,1452.3050340113268
2030-12-17 22:00:00,7286.295742380751,5147.575619131274,580.1126048971212,4403.330128404254,1295.3765625937726
2030-12-17 23:00:00,6929.705179731581,4912.738229991989,535.6928026226685,4171.330700738819,1088.564155811887
2030-12-18 00:00:00,6436.697071834979,4715.193050452069,503.9153804697386,4052.741483643909,988.9874839147548
2030-12-18 01:00:00,6353.686858448769,4624.371049169727,485.0434716059495,4076.129349808774,942.8045718077404
2030-12-18 02:00:00,6377.166925623395,4586.005129319976,481.64374381624646,4051.197547994878,916.2415834631252
2030-12-18 03:00:00,6361.338292472257,4686.287005042332,488.6046648936092,3896.03745710155,940.0393459898168
2030-12-18 04:00:00,6290.132419573107,4820.0079977707255,488.0632854933466,3941.169531553821,916.9934026938
2030-12-18 05:00:00,6495.733091269414,5220.310850666915,537.6599826675732,4136.060789205463,979.3994610477064
2030-12-18 06:00:00,6814.260877470158,5490.251520489492,583.7985911046976,4389.6489425215805,1137.5328893663147
2030-12-18 07:00:00,7110.009293161239,5460.909367346004,584.0204627809322,4422.922712347998,1316.2318841260442
2030-12-18 08:00:00,7502.691503342854,5505.515534543925,589.6085220791263,4518.7261143905935,1349.817476224088
2030-12-18 09:00:00,7898.451391333649,5511.635541283967,573.9819876129797,4474.828220956761,1408.96634562677
2030-12-18 10:00:00,8003.592518158566,5455.581019544404,583.3267072381634,4423.612348110546,1372.5365233271737
2030-12-18 11:00:00,7959.812785543554,5370.541975370869,579.350840888382,4442.081618512424,1380.392283962117
2030-12-18 12:00:00,7636.721292491507,5312.7368318011495,583.3192493447892,4361.135864716177,1339.4700524895138
2030-12-18 13:00:00,7816.245621539429,5387.718492328895,581.4096338759215,4431.408952775274,1324.274806684293
2030-12-18 14:00:00,7722.476833666301,5400.736521874599,582.7475537682487,4417.5586546219965,1339.6539230044457
2030-12-18 15:00:00,7799.800950161931,5486.29915571225,581.7409985393899,4370.913694649237,1336.8530898697047
2030-12-18 16:00:00,7954.373073653712,5536.522423400564,617.7781357139759,4555.837458927978,1383.8235587012878
2030-12-18 17:00:00,8003.8490003126,5914.636735617441,659.2880475116287,4735.723956340412,1451.9169989871104
2030-12-18 18:00:00,8106.164741780893,5927.594583182829,679.4532402222013,4781.724094287598,1455.2902398027834
2030-12-18 19:00:00,7933.87621173117,6052.133548176211,689.711514868466,4804.459431890432,1491.8014592231116
2030-12-18 20:00:00,8071.22418004196,5820.633745936279,676.2826220812542,4882.237127454667,1486.3885499241194
2030-12-18 21:00:00,7803.25502635523,5592.278848582875,640.653182559219,4663.896938966799,1424.7547950642254
2030-12-18 22:00:00,7494.480297912314,5165.057888771352,585.5582059806541,4372.227704422251,1312.4371462025665
2030-12-18 23:00:00,6950.655506388841,4909.307871193124,532.5914795510462,4196.730254287042,1109.0459626279337
2030-12-19 00:00:00,6609.0187769438335,4666.533181780743,499.2564163912785,4032.763228631237,1002.1454331595772
2030-12-19 01:00:00,6339.4301430368,4550.46583320155,491.3479934007064,4067.094028244197,962.0019308660286
2030-12-19 02:00:00,6323.508926101647,4629.5478555523205,485.41670203876606,4006.962068877174,928.356575492779
2030-12-19 03:00:00,6328.248033035667,4687.834802518553,485.7559522121289,4040.716971868316,926.4057221062086
2030-12-19 04:00:00,6395.654688144247,4758.453787116446,497.27948537259954,4039.4984515878527,940.161522648004
2030-12-19 05:00:00,6573.331326533954,5213.639034048125,538.8654335641431,4203.243172302035,961.2903977854436
2030-12-19 06:00:00,6736.981498698319,5436.703977116252,591.3996795215229,4465.137597267046,1154.3684077559544
2030-12-19 07:00:00,7021.239243282361,5497.277657547361,590.3933871594858,4399.442681193847,1336.2471654788758
2030-12-19 08:00:00,7562.238354187861,5542.10648153818,587.9393432672209,4446.101440077304,1378.163101581657
2030-12-19 09:00:00,7809.309692877318,5582.306129210241,582.9670213997637,4451.438165570072,1424.1421843796545
2030-12-19 10:00:00,7794.285920721336,5490.100443483258,574.4292440924323,4481.85691685886,1397.9616145932866
2030-12-19 11:00:00,7764.927020844834,5304.510075555441,587.1626898063071,4454.509084360501,1395.1340222917004
2030-12-19 12:00:00,7689.760852212536,5352.39347560977,578.9398756805174,4412.782705062791,1308.6793040587763
2030-12-19 13:00:00,7762.275639048494,5475.564230887178,590.1546927310013,4394.951843841463,1300.2346653394295
2030-12-19 14:00:00,7724.271891483885,5409.905895793377,577.4755334561785,4368.310945037828,1308.7267134686572
2030-12-19 15:00:00,7907.504280640158,5512.58511343651,584.0437178578077,4470.7686893792015,1340.356387652433
2030-12-19 16:00:00,7920.271467075366,5653.646442856872,610.7820169818062,4532.836831192709,1372.3732614111427
2030-12-19 17:00:00,8099.068857418947,5946.777418275619,649.1870312850077,4583.138617880074,1460.8663592671292
2030-12-19 18:00:00,7935.481389664479,5901.785892541801,682.1786716120271,4848.458621780861,1493.1619150109852
2030-12-19 19:00:00,7946.222978332125,6076.278119963059,680.3672840929587,4808.332380263332,1498.2918568851849
2030-12-19 20:00:00,8141.9575953446465,5882.982428078609,686.566588001839,4734.494496279671,1483.0219023562547
2030-12-19 21:00:00,7791.227040189847,5634.575341032877,648.1554886343297,4531.193269342404,1410.3540364849812
2030-12-19 22:00:00,7370.918997096385,5108.618954518679,581.5469140308932,4379.3312549029,1306.2371112056996
2030-12-19 23:00:00,6902.103505974214,4909.763403181306,529.1700029132132,4263.92241045933,1107.65934361473
2030-12-20 00:00:00,6471.712197697966,4667.079229868004,498.8498120347789,4122.769596007309,1000.394440335228
2030-12-20 01:00:00,6351.820665581029,4600.5704407413305,488.4451837857529,4051.854212877316,949.1971992288952
2030-12-20 02:00:00,6315.723202083022,4521.662508542211,485.0325205002717,3911.8028989860422,918.5653332411318
2030-12-20 03:00:00,6279.325110460355,4572.350456059122,487.6591542199064,3936.343057872071,913.439188094438
2030-12-20 04:00:00,6281.841940257766,4804.771187115486,489.2711910634016,3987.20000095326,935.8306977649833
2030-12-20 05:00:00,6619.38091949339,5249.156537744527,534.6930456638968,4158.470024319849,992.3042220052683
2030-12-20 06:00:00,6776.32362940951,5494.680520535937,592.2225677715683,4485.952288783463,1148.06413303248
2030-12-20 07:00:00,7060.561371154419,5454.296483342648,589.7778216733442,4465.227934789458,1322.2424551819804
2030-12-20 08:00:00,7561.100946469446,5544.508635483641,594.6027654486506,4487.448678166181,1376.2338111651773
2030-12-20 09:00:00,7902.017727675017,5546.228202959329,586.3026717717212,4511.725267960278,1413.3696711401878
2030-12-20 10:00:00,7889.170462052933,5486.482284372106,584.6631505385288,4525.506593878748,1397.9358848920383
2030-12-20 11:00:00,7944.590569904417,5316.22527006128,588.2341374216253,4448.754129012844,1362.9345020574283
2030-12-20 12:00:00,7643.264809909238,5305.393543639532,586.9065856601385,4407.674796555664,1325.708098494452
2030-12-20 13:00:00,7716.12384991893,5414.450960515087,584.353724685139,4337.114043038554,1307.507449170674
2030-12-20 14:00:00,7676.248357194366,5365.5321459056295,584.2770717985331,4363.73173841225,1334.6772288705215
2030-12-20 15:00:00,7714.78027933729,5587.69028944458,585.6482585086196,4371.8323276827605,1325.6677982984247
2030-12-20 16:00:00,8089.4345183658015,5593.791905056359,606.3066664757195,4503.310286770047,1378.7905853086645
2030-12-20 17:00:00,8094.612233728455,5868.338430552412,666.725571484297,4707.876181773845,1465.214768479614
2030-12-20 18:00:00,7820.696941231916,5984.861554895466,684.3176867111126,4742.631502699132,1505.2375366454908
2030-12-20 19:00:00,7920.890449941023,5982.255116553542,681.2837843800727,4764.9553847102825,1476.7399277800885
2030-12-20 20:00:00,7999.726349364459,5809.074564064907,682.5537634500298,4735.886050988822,1515.4419488338988
2030-12-20 21:00:00,7793.062237912455,5617.341437614752,645.0545350618567,4643.834548866523,1427.3653228710502
2030-12-20 22:00:00,7420.410394560705,5263.603923472851,578.7587084833078,4335.835297392073,1280.8564528068998
2030-12-20 23:00:00,6889.881682091427,4936.619427392212,542.2207461092079,4230.671915493613,1118.1117172386848
2030-12-21 00:00:00,6442.041751562088,4770.631697787175,502.06747366741496,4075.9748955000823,986.7976346631604
2030-12-21 01:00:00,6395.906054124717,4676.857303215721,491.3260513917934,3931.710319947296,943.9188996291774
2030-12-21 02:00:00,6269.911298464395,4646.954188595439,490.27876331146814,3960.0583030073785,902.9584321149964
2030-12-21 03:00:00,6191.887888126454,4584.85531013292,493.6791175034561,3962.378101071631,910.6661440728052
2030-12-21 04:00:00,6238.853641347766,4795.868811402912,488.7815929970854,4005.297585381649,932.703508045771
2030-12-21 05:00:00,6444.409956620316,5231.546833331119,534.9968198684177,4061.076342493957,981.4388990488854
2030-12-21 06:00:00,6779.349884650333,5509.967301651768,580.6933878278824,4418.321051383749,1139.6815695096643
2030-12-21 07:00:00,6965.174041795372,5433.710091517989,589.379465344161,4452.703873796041,1298.808984327172
2030-12-21 08:00:00,7466.650031746589,5555.700074709167,591.172437025681,4448.741200660892,1349.757557178583
2030-12-21 09:00:00,7690.816351263568,5554.715439498497,585.6751483579586,4449.599513523462,1377.719147575173
2030-12-21 10:00:00,7782.228782482561,5485.021434232653,588.0225555124671,4490.944103080013,1388.6944424618257
2030-12-21 11:00:00,7730.018637883569,5440.261723441049,584.3368717801307,4351.84515562162,1377.8064747300764
2030-12-21 12:00:00,7560.485924132738,5267.246716943363,571.1840970187191,4384.2043637778015,1335.722776454386
2030-12-21 13:00:00,7683.264980745207,5409.983886801046,589.4736778613214,4346.062556649921,1323.6263358899037
2030-12-21 14:00:00,7538.813499654032,5304.832535342541,582.0054310798478,4381.935258770157,1300.5079940218209
2030-12-21 15:00:00,7582.773472249882,5470.893054517329,581.9716320580619,4457.239877120479,1321.3724630469192
2030-12-21 16:00:00,7856.862772232865,5678.688987542697,616.6677954631533,4514.48854889742,1381.584179363514
2030-12-21 17:00:00,7903.605601858647,5865.071161198466,645.1355435062673,4739.186908320613,1477.9370225630755
2030-12-21 18:00:00,8053.801351725753,5942.899220258035,667.3816200591637,4747.740756669105,1485.388913447158
2030-12-21 19:00:00,8016.725211246253,5968.204979415089,683.5460980509187,4747.122711058393,1470.772554260369
2030-12-21 20:00:00,7871.817467389176,5822.74587394996,697.9148909545936,4763.264479258794,1451.492007000717
2030-12-21 21:00:00,7700.987170112187,5588.313056115032,655.1741450016148,4652.017299018346,1436.3618765820322
2030-12-21 22:00:00,7393.985558842121,5261.352257006172,588.6891274097586,4380.832656827718,1282.9481151893613
2030-12-21 23:00:00,6898.61023420623,4892.573422763464,527.6432818458496,4207.714431537988,1104.7406119704317
2030-12-22 00:00:00,6355.7797322414135,4666.573312282425,509.171836567228,4003.358189883563,986.9971136083568
2030-12-22 01:00:00,6105.295665351121,4616.941085024883,490.8430257549822,3906.042769698961,944.3367345077784
2030-12-22 02:00:00,6080.090752613349,4584.146535155292,478.4339078483138,3947.668968349745,911.0188539561944
2030-12-22 03:00:00,6004.0487556822245,4519.312624378324,485.854834419965,4003.521148822104,899.3875212066827
2030-12-22 04:00:00,6198.377851474182,4672.568961292133,490.05552017573314,4059.033465292984,927.9491063472074
2030-12-22 05:00:00,6232.1797495386445,5138.812126726179,533.2997907625928,4106.927055779302,967.0049412410046
2030-12-22 06:00:00,6463.617899228313,5444.034411485971,582.4727666788773,4248.961479899661,1137.8391288564424
2030-12-22 07:00:00,6772.220242436417,5408.469037156691,578.7957815162373,4497.24616553351,1301.9533098395166
2030-12-22 08:00:00,7114.921859745957,5480.770504497529,573.0330813025346,4490.844563683871,1381.329611066238
2030-12-22 09:00:00,7373.831359822941,5483.3340621876205,575.3786503481722,4451.7229962640085,1406.8901510065682
2030-12-22 10:00:00,7522.171699794175,5390.3282894254135,571.6416687482641,4394.674238600994,1393.8096749913402
2030-12-22 11:00:00,7347.506727906904,5326.830903656953,585.3369340751269,4467.364126763651,1385.5563395745423
2030-12-22 12:00:00,7262.358312067234,5185.388196800275,579.6143623067926,4278.131386445561,1332.374379111215
2030-12-22 13:00:00,7416.828721835246,5238.3271492106205,576.3280294547461,4413.984651267411,1302.7149277046417
2030-12-22 14:00:00,7422.910493653541,5341.557249375991,563.4320180720924,4394.073327285852,1293.7345570481589
2030-12-22 15:00:00,7379.142551855561,5428.568288726263,580.6247314685361,4410.788702595324,1305.1121813009725
2030-12-22 16:00:00,7592.617568261872,5589.176043047201,605.6828099846351,4481.92712915237,1388.9254068287166
2030-12-22 17:00:00,7685.7613472448975,5749.202037842305,645.7852059772382,4561.09502310868,1436.4973286739869
2030-12-22 18:00:00,7661.401016430691,5907.165635118562,678.3836910500135,4673.106585382723,1472.510474091147
2030-12-22 19:00:00,7647.464756189065,6010.636535165508,684.4847394024156,4789.659872698427,1483.872250022084
2030-12-22 20:00:00,7595.176529097984,5795.327218898205,687.5004172501543,4713.789172376731,1504.4481682458545
2030-12-22 21:00:00,7246.729736195591,5510.394854031098,648.6847223061548,4611.86237608544,1426.891782296506
2030-12-22 22:00:00,7057.654611546949,5149.882436886544,592.9965946637932,4277.835070880698,1295.2096095605489
2030-12-22 23:00:00,6563.096081391818,4831.584869244031,538.7680075085542,4161.375655979926,1096.3149682458577
2030-12-23 00:00:00,6548.348220605575,4766.180370181662,516.7525279009034,4089.573310830316,987.322468185024
2030-12-23 01:00:00,6326.322844031152,4532.220165361175,488.95399092152593,4022.215835402968,935.9639450778316
2030-12-23 02:00:00,6267.57911432518,4570.533989130793,489.284074605421,3938.99047836276,904.455680283978
2030-12-23 03:00:00,6234.000459329332,4592.972602854995,488.4062555388626,3997.519866257776,899.7459711411443
2030-12-23 04:00:00,6157.834303617579,4812.489710529829,490.4117937933121,4058.273112220768,934.8122126590137
2030-12-23 05:00:00,6489.920977418879,5215.825104039604,534.058600513635,4118.614624437622,952.6257503678592
2030-12-23 06:00:00,6792.772232599589,5450.485453309108,574.4087939570643,4394.867588491061,1126.1318752941947
2030-12-23 07:00:00,6925.507354032288,5488.776931950542,582.3771899186343,4480.076816792052,1303.5611944786465
2030-12-23 08:00:00,7624.59372694912,5516.271814970544,593.7162637563143,4491.692359346868,1349.217857720845
2030-12-23 09:00:00,7489.639285310657,5496.974986287242,572.7725681454928,4479.550969023462,1413.564335505043
2030-12-23 10:00:00,7941.689777992421,5411.199734890023,582.418448978083,4453.145831082225,1380.3861944690382
2030-12-23 11:00:00,7608.501693342025,5448.692100142673,579.3680378633344,4415.059970041783,1365.6446933623474
2030-12-23 12:00:00,7553.755321254316,5302.796337928666,569.8118050777935,4401.039745119078,1312.9536534663057
2030-12-23 13:00:00,7777.542123513706,5337.245658336574,588.2957319545641,4419.169329640376,1310.404186309503
2030-12-23 14:00:00,7668.598885489737,5456.416303053735,569.5459404005792,4299.289636610857,1305.4020178628418
2030-12-23 15:00:00,7932.9328784056015,5377.25389870838,590.8727359431006,4447.167858302549,1333.8478778179078
2030-12-23 16:00:00,7750.401321173196,5638.231498506394,613.376286679583,4553.246159597619,1400.7202502680605
2030-12-23 17:00:00,7946.745709942694,5779.063570909333,648.6331388914563,4684.657482458778,1473.1012426270183
2030-12-23 18:00:00,7811.859803649508,5949.341093158116,678.2334922643406,4767.563999971086,1501.4907056867144
2030-12-23 19:00:00,7993.8922808115485,6043.806584918926,699.7086322128996,4765.268640357722,1477.8879110005137
2030-12-23 20:00:00,7861.022366792808,5888.169325246479,683.1965052847999,4713.226467480133,1490.564920713979
2030-12-23 21:00:00,7783.089740825536,5590.2243260040605,649.9306607894109,4598.144989124634,1417.347286526497
2030-12-23 22:00:00,7364.364810190002,5197.177347316427,590.5094217262098,4353.733141769027,1274.794068302317
2030-12-23 23:00:00,6885.138252955073,4981.007321277897,537.0832847328068,4240.896932059195,1113.5797105686645
2030-12-24 00:00:00,6588.970011901379,4759.768805422564,508.9902817588967,4080.181588081042,996.5140686171762
2030-12-24 01:00:00,6462.488655192262,4618.762944976745,489.71246719106506,3993.5930186310025,953.375795546976
2030-12-24 02:00:00,6317.895216312186,4650.531785775364,491.8673976084132,3977.4290891642618,908.6820060725744
2030-12-24 03:00:00,6317.483399788446,4691.400538808194,481.2749709494921,3936.58447998647,922.8983460959358
2030-12-24 04:00:00,6415.243838894908,4783.803850644225,496.79405743989935,4075.3858451453216,937.1768771147384
2030-12-24 05:00:00,6403.241907001079,5223.621868984305,534.6926963517875,4133.313247295573,991.9502520755308
2030-12-24 06:00:00,6824.662741791078,5460.372668390841,588.5745787251504,4433.113917140137,1161.683986055733
2030-12-24 07:00:00,6927.770456977106,5450.724788582893,593.2530079678096,4511.670685377783,1310.9133373876118
2030-12-24 08:00:00,7382.984003328034,5464.777907062388,602.7815499633956,4402.983803209044,1377.0396251995244
2030-12-24 09:00:00,7758.095588263263,5626.665766228857,575.1191406042244,4541.058319698526,1386.132960490769
2030-12-24 10:00:00,7734.755140547006,5455.950667695987,583.5035900088573,4521.495838734025,1397.296702637752
2030-12-24 11:00:00,7746.272573618917,5432.748519918056,587.3093228548036,4419.007449043989,1362.0676597898982
2030-12-24 12:00:00,7656.469811123543,5343.216491069627,573.0401967881239,4366.7691077681975,1345.4705444350452
2030-12-24 13:00:00,7686.025118821074,5364.603372402809,583.416417071507,4459.82586452971,1309.6174972271176
2030-12-24 14:00:00,7819.498658472352,5359.198924216221,575.8900703370837,4366.267319309888,1321.6861042237804
2030-12-24 15:00:00,7742.924261473697,5510.42963868883,587.683578470802,4420.571218118185,1345.0686684656566
2030-12-24 16:00:00,7926.972474394639,5609.948228400894,609.5253439851225,4512.5000147684805,1409.6345057829512
2030-12-24 17:00:00,8123.973813309375,5886.564788979869,648.6427421495613,4724.229203994693,1428.463768716728
2030-12-24 18:00:00,7967.97994417787,5956.196084990051,678.3256090173246,4712.322268034874,1497.9587214530764
2030-12-24 19:00:00,7829.077393129064,6016.921668996959,687.447889069006,4851.134269731465,1502.847607437841
2030-12-24 20:00:00,8055.27859961912,5907.043518549244,686.7071003477135,4758.034256874206,1511.9285618997385
2030-12-24 21:00:00,7810.7654379364385,5638.855162306868,648.8027199860927,4627.9130912263445,1419.8858931174923
2030-12-24 22:00:00,7357.532638922072,5210.187470817014,579.3427147633138,4388.480936390298,1272.7818080826498
2030-12-24 23:00:00,6912.301150335004,4889.269193679877,532.5968970131544,4165.556111739613,1107.8540706210342
2030-12-25 00:00:00,6581.609302871365,4916.693265503913,511.6837157490839,4102.751459331393,993.727225078599
2030-12-25 01:00:00,6406.535647323049,4557.68066722022,499.29451033953467,3955.348030127775,950.1226440310072
2030-12-25 02:00:00,6363.635211298543,4585.46684657899,482.52600198562175,3989.354399462295,942.7590144958436
2030-12-25 03:00:00,6352.056952986159,4690.223157253001,493.30053301438846,3949.819225593186,931.4955620735708
2030-12-25 04:00:00,6317.819883251937,4756.832327463728,490.4930924220067,4076.7024922018577,943.7301719850716
2030-12-25 05:00:00,6445.892821101224,5216.338135500824,518.0892506910745,4143.888320271769,963.3943314566344
2030-12-25 06:00:00,6898.991219679767,5389.945735599116,580.9632865415077,4329.250192526993,1141.854873392302
2030-12-25 07:00:00,7009.15339342576,5459.821539496444,589.9863481260993,4405.133709852868,1296.5816211310232
2030-12-25 08:00:00,7562.641400292717,5507.925950575909,581.1910662351294,4504.011801906123,1385.4069911397028
2030-12-25 09:00:00,7782.042971816297,5448.236533751259,574.1992939464845,4514.345992124043,1423.6814167693185
2030-12-25 10:00:00,7891.030831702823,5447.230137567205,578.430284440333,4511.140147939656,1418.7619019116871
2030-12-25 11:00:00,7687.447447424574,5390.782973255927,576.6030270752395,4455.824273147994,1385.1607571406382
2030-12-25 12:00:00,7723.937599910178,5383.327431065322,568.0747819344531,4346.115571744781,1330.099038379521
2030-12-25 13:00:00,7671.508613508459,5436.97901283589,566.1597405751678,4368.1972215848,1320.731984448602
2030-12-25 14:00:00,7885.228942946801,5295.859988644762,566.3141741679865,4402.478682747186,1330.3857293883418
2030-12-25 15:00:00,7926.899698092301,5493.041157435255,586.7916461000653,4391.121942289149,1347.6535096910031
2030-12-25 16:00:00,7822.443694014629,5713.546741074631,604.741150694552,4544.006546167332,1367.2736137383688
2030-12-25 17:00:00,8033.20629521,5790.747527433517,666.2538531526724,4639.693638735403,1461.1381120275328
2030-12-25 18:00:00,8117.178426709292,5921.221807529881,672.7611265123776,4744.930503874038,1501.59848210726
2030-12-25 19:00:00,8134.378139233773,5925.511289287704,679.0377958955598,4841.417555722191,1494.2220461829063
2030-12-25 20:00:00,8067.764988885118,5864.601916123932,678.9016444314261,4713.097653818503,1490.5653462773505
2030-12-25 21:00:00,7625.357004393931,5607.303728187009,638.5740761382418,4570.474787491776,1438.3181067949763
2030-12-25 22:00:00,7210.184879470666,5212.632736186442,577.4916716662633,4397.203469856938,1291.7016131220555
2030-12-25 23:00:00,6859.588279129855,4886.479692369463,535.476600297378,4195.6658736085,1091.2248170285438
2030-12-26 00:00:00,6599.015636697035,4705.468751752197,509.6549407353443,4094.584305185874,1011.2980474313688
2030-12-26 01:00:00,6405.163466803222,4702.712569528427,489.1572347348703,3958.872655876109,950.0560671670684
2030-12-26 02:00:00,6363.921679093023,4669.331132246503,486.1348797921538,4031.682709724009,918.4875996296512
2030-12-26 03:00:00,6256.812872683242,4760.879787160856,479.97550545414913,3941.8138040869208,929.47706600163
2030-12-26 04:00:00,6301.85846279023,4847.727471009473,495.5510155584432,4018.077167076419,921.8003227702196
2030-12-26 05:00:00,6478.367745931999,5197.559457457592,537.8464697712843,4171.145839877111,971.0774439618232
2030-12-26 06:00:00,6662.658543513905,5374.84053566273,583.4837791870049,4444.923373338827,1140.317791281101
2030-12-26 07:00:00,7130.442041379341,5487.585669403679,591.7873864952979,4489.618986681125,1346.8800453222352
2030-12-26 08:00:00,7515.956466190244,5605.478167519557,594.2070393176275,4468.973592654122,1368.9529386718625
2030-12-26 09:00:00,7806.504830837835,5473.712707254889,584.1619294421188,4480.724758376068,1416.8684800607084
2030-12-26 10:00:00,7900.627686509728,5561.771311641565,592.7206613024246,4411.183861671036,1402.842959994025
2030-12-26 11:00:00,7767.006178692074,5504.117650398981,579.7949274438115,4426.968890531009,1378.0074241158925
2030-12-26 12:00:00,7786.137172530493,5377.392938540546,561.3382926575177,4366.239895305854,1344.4372812126685
2030-12-26 13:00:00,7761.955409129664,5390.305931398008,581.7165656337498,4396.847223076936,1333.0506419562878
2030-12-26 14:00:00,7807.167200698816,5412.96897951353,574.4128089358813,4360.0539746709655,1311.951203933451
2030-12-26 15:00:00,7867.83534301798,5557.497188505688,589.7741139223733,4425.630028436,1346.3655999375462
2030-12-26 16:00:00,7958.579323226905,5781.453624001872,612.1214818283278,4546.559284661826,1404.820191944552
2030-12-26 17:00:00,8064.061432207456,5867.521161880701,643.4681235499166,4743.766062839005,1463.5545338467298
2030-12-26 18:00:00,8074.466636118414,5972.311238271856,681.7053848196257,4786.609839910432,1512.635147860217
2030-12-26 19:00:00,8017.9900392499585,6059.482556588283,708.6027412868181,4818.783167492618,1494.914538912648
2030-12-26 20:00:00,8029.080098902911,5930.051936891132,689.3368421635472,4659.067713460739,1488.8036445387056
2030-12-26 21:00:00,7587.209265373328,5647.6283617195095,642.1803170933731,4679.219937174044,1418.8142761437982
2030-12-26 22:00:00,7395.855587440882,5165.687803162173,587.631860454076,4428.215218342589,1266.284246201714
2030-12-26 23:00:00,6932.992109149638,4943.380940746392,535.453572231753,4187.096219853655,1099.3573710579751
2030-12-27 00:00:00,6490.775249167417,4712.137858348302,506.0814721428236,4013.7373480558463,1006.4327931082672
2030-12-27 01:00:00,6425.889012633856,4608.670366869275,500.2013453258013,4007.0288942241295,971.2519572756472
2030-12-27 02:00:00,6343.276668140504,4582.717814775342,482.4441627912129,4004.7109275857592,900.6163657611962
2030-12-27 03:00:00,6221.361682747863,4609.211395949124,486.6055520233625,3897.9443792954153,920.2664503543816
2030-12-27 04:00:00,6409.575834418213,4823.873305352773,492.6183188345864,3968.325557330913,935.951052964324
2030-12-27 05:00:00,6471.565133872059,5268.178130816596,536.1253684661752,4090.208675961265,999.3465958631444
2030-12-27 06:00:00,6847.644596995579,5486.667462592438,584.9599256885155,4336.404065681938,1143.7159659304891
2030-12-27 07:00:00,7076.708943278711,5503.641896653333,586.434632739905,4568.437220204304,1336.751925270255
2030-12-27 08:00:00,7572.977366910813,5606.370863764464,598.1877826494095,4517.594967151677,1378.3070807222075
2030-12-27 09:00:00,7824.47883547529,5562.679911713954,585.2100306072533,4528.243647759149,1422.8903087499182
2030-12-27 10:00:00,8087.1574696022035,5532.231050967439,586.0875691851732,4497.333348277465,1403.0851379252351
2030-12-27 11:00:00,7708.562497305587,5332.3417922281305,578.5937824370517,4467.426453087798,1388.520249863103
2030-12-27 12:00:00,7721.373060530857,5302.340722185167,584.3634720914378,4386.163886901107,1326.0748645395724
2030-12-27 13:00:00,7760.197316346942,5441.371153717538,585.3911280311231,4351.728516618688,1338.2756115187058
2030-12-27 14:00:00,7883.42361130122,5404.089125136648,584.143300884913,4376.247643897426,1346.3839534968222
2030-12-27 15:00:00,7871.964281770231,5491.605314704004,586.1065205908019,4419.906632336631,1349.7719316623068
2030-12-27 16:00:00,7917.859967475642,5602.686788644832,615.9471543500388,4519.118555262398,1370.8338601375378
2030-12-27 17:00:00,8193.194705443486,5804.635978510108,645.4720865641567,4591.946075653121,1461.890343942911
2030-12-27 18:00:00,7860.749796203288,6076.370886877561,682.8355743483921,4751.627803379901,1531.8102656521194
2030-12-27 19:00:00,7931.78342563149,6032.384268001438,700.5907929784785,4812.756645753385,1500.2489461508358
2030-12-27 20:00:00,8110.975314724508,5824.408544224124,683.8882916952723,4702.034907651707,1492.1640301098714
2030-12-27 21:00:00,7791.908132913944,5717.573657421069,654.0955851210662,4609.267987683893,1428.5992484562996
2030-12-27 22:00:00,7491.719208601464,5291.409617822322,584.5527473445758,4301.212765560696,1300.590450940054
2030-12-27 23:00:00,6915.127506610147,4882.7651132773935,536.5050325596188,4166.793841388195,1109.7848711269316
2030-12-28 00:00:00,6455.919856824997,4716.679299740955,507.7022843833416,4049.809703543114,986.4675140456324
2030-12-28 01:00:00,6328.166555208226,4653.921204699971,488.9262084198572,4008.150929111499,956.488329518172
2030-12-28 02:00:00,6288.538460054939,4629.10373639881,480.2717587634651,3962.771750252439,910.1030192811552
2030-12-28 03:00:00,6285.792718865568,4672.856374873489,487.9404801852424,3961.746904940837,925.458747511876
2030-12-28 04:00:00,6272.732997028093,4855.888427397799,496.3477970111536,3943.150636036101,930.0002153971363
2030-12-28 05:00:00,6500.394224110101,5245.940032701854,542.0775048954885,4119.327297240511,985.295001913767
2030-12-28 06:00:00,6727.989282476529,5523.740544560277,583.0361375709973,4410.866621482206,1128.8149357182854
2030-12-28 07:00:00,7034.354089730969,5413.240538474908,590.9575008626767,4450.609829096243,1331.243349761435
2030-12-28 08:00:00,7357.140138797858,5558.795369089078,594.2037569206169,4459.923647589258,1375.9423095953266
2030-12-28 09:00:00,7800.766974802966,5560.224990948714,583.68684019871,4574.519233014263,1411.257043488773
2030-12-28 10:00:00,7838.718212104041,5448.713901073794,575.4219176214107,4450.644630908797,1376.1601014354248
2030-12-28 11:00:00,7739.294938956603,5450.528731909013,589.3243184954569,4383.361461161782,1375.224658333785
2030-12-28 12:00:00,7658.2379126524675,5281.086935759849,569.739740719109,4393.757403087458,1344.2024748875715
2030-12-28 13:00:00,7725.357269475513,5492.64688214156,588.7591316834499,4315.568860857508,1293.5528066847503
2030-12-28 14:00:00,7754.520577719885,5356.797921442022,575.5965250617465,4350.210189977151,1322.780310615229
2030-12-28 15:00:00,7754.63703037599,5469.169109243067,586.55308753919,4521.1292908163705,1326.1155711092977
2030-12-28 16:00:00,7817.3933957156605,5693.922252272946,604.7602192904465,4480.127361702634,1344.194590049665
2030-12-28 17:00:00,7971.571550116386,5913.917111652065,655.9144659821616,4614.06437865279,1440.944679278861
2030-12-28 18:00:00,7954.26474756245,5911.309747021236,675.4925474508921,4729.648542879411,1467.8000783381322
2030-12-28 19:00:00,7920.894842187582,5923.307988562191,681.6989742377948,4789.358841947561,1510.403109474699
2030-12-28 20:00:00,7879.258316313955,5809.494945985726,678.1377406063258,4808.630694710918,1495.5446324347672
2030-12-28 21:00:00,7727.887032768644,5572.691705848936,650.3511485880114,4638.055526550068,1429.335385134705
2030-12-28 22:00:00,7285.816871605837,5165.675592231451,583.073041890105,4331.1198640988,1300.8703872432986
2030-12-28 23:00:00,6811.207488931444,4860.210135270154,536.2025764419325,4181.553053724437,1108.2460112941396
2030-12-29 00:00:00,6379.449253699119,4644.543031250341,500.63450237518657,4105.846944732831,994.5238766595114
2030-12-29 01:00:00,6156.631143517139,4514.894469596583,482.2792468763116,4001.065594378723,923.611986986636
2030-12-29 02:00:00,6054.2593370491695,4558.17388329026,481.2246942408612,3988.630740722562,930.8783439555568
2030-12-29 03:00:00,5955.216679354483,4609.167391686218,481.8491110964215,4011.012165752707,917.721133910824
2030-12-29 04:00:00,5976.897975340323,4739.950333586825,502.6177259305703,3948.345453493953,910.4562206479932
2030-12-29 05:00:00,6187.28313533711,5177.100191442225,529.8021344912981,4200.220312521334,975.7897559204882
2030-12-29 06:00:00,6538.524402334414,5383.25826511921,590.9035773695578,4286.7777491631,1127.260997202994
2030-12-29 07:00:00,6880.978079193896,5416.120672319948,584.5360578057031,4382.869709409512,1309.184821397641
2030-12-29 08:00:00,7293.565544354191,5557.380327275459,592.9731868715339,4418.824355775708,1354.1629023234002
2030-12-29 09:00:00,7662.376614141999,5509.952737937177,574.931221228874,4468.03707346882,1410.1559661502747
2030-12-29 10:00:00,7524.536660475666,5423.143588455659,581.3364589614561,4465.016038575625,1368.3379622260738
2030-12-29 11:00:00,7365.084043711974,5229.90334681188,579.622058165697,4420.0084890429,1373.1163230839843
2030-12-29 12:00:00,7353.341643917862,5204.273357960249,561.6918427848013,4328.932402280223,1315.556442843368
2030-12-29 13:00:00,7459.064299478802,5276.349610956041,575.3111699119293,4287.322278548774,1293.1100401869112
2030-12-29 14:00:00,7560.045687141678,5409.391469340662,576.4525923089686,4407.095614941603,1306.255151484357
2030-12-29 15:00:00,7470.773656851846,5348.9874882823,590.6772879802976,4314.722390463733,1326.1925992470983
2030-12-29 16:00:00,7556.438260666401,5584.306688458211,600.8565675182924,4594.787465508565,1356.726419510407
2030-12-29 17:00:00,7860.468951742919,5913.238358638618,662.708016533124,4624.909533737216,1435.112371730802
2030-12-29 18:00:00,7808.142641424369,5907.933289262023,693.915092351645,4700.764679478247,1466.5235749585838
2030-12-29 19:00:00,7672.697011523478,5999.338797966556,685.3128535383189,4748.938133047965,1474.218120606758
2030-12-29 20:00:00,7660.995649826317,5891.617389008702,683.863815141327,4641.9002415880805,1450.7588414535824
2030-12-29 21:00:00,7560.094542215558,5538.7763515793895,647.4513435900967,4618.539581863193,1396.5865523832178
2030-12-29 22:00:00,7039.099862497095,5148.804114717949,581.9777344772453,4230.877282778034,1278.2325619595624
2030-12-29 23:00:00,6635.719875720169,4920.908278087285,522.5178973686567,4163.367688611799,1096.325051045586
2030-12-30 00:00:00,6534.473245575163,4780.840016810657,508.94159830868,4065.17208279533,987.6508820990496
2030-12-30 01:00:00,6185.041442781479,4643.450486080959,490.4127449774031,4084.9700491374383,951.8753283144636
2030-12-30 02:00:00,6419.575978792144,4587.660026132054,489.57662793385526,4011.027679499788,909.5140002171672
2030-12-30 03:00:00,6277.854697206532,4613.468077724008,484.7359385089742,3988.05975799573,903.7191312982632
2030-12-30 04:00:00,6418.371574655242,4853.421917667542,488.22624639722943,4079.1563992397823,933.9163479773808
2030-12-30 05:00:00,6538.355534059884,5213.408367860103,531.518307102236,4148.063243747984,987.2157867759008
2030-12-30 06:00:00,6771.934239956899,5496.918663285279,584.2549378846796,4362.425226719516,1122.7496344645565
2030-12-30 07:00:00,6915.341020651893,5545.228072270303,598.6506012042339,4449.397078768707,1324.009782681611
2030-12-30 08:00:00,7520.331917673235,5495.805518280442,590.5092622831775,4449.820437232657,1361.839226033965
2030-12-30 09:00:00,7813.260634304297,5516.426418465603,580.3503476068228,4494.9841928116575,1421.8268741165468
2030-12-30 10:00:00,7899.088608947853,5582.334424041132,576.7179855265879,4506.939325281671,1369.6207515959447
2030-12-30 11:00:00,7731.0902615826,5332.144539523252,587.6673747248934,4426.707530872219,1376.2546242849155
2030-12-30 12:00:00,7617.967461217336,5293.0600201863845,575.4688252967998,4407.561915826392,1348.417433803245
2030-12-30 13:00:00,7626.1283099608145,5356.4429359031,586.2127273228265,4359.6627813229,1317.3813898628805
2030-12-30 14:00:00,7765.929340312414,5540.993685400639,573.0712967437445,4456.170085655715,1288.7069061803936
2030-12-30 15:00:00,7823.7606841684255,5518.064501861524,582.1108308005123,4412.981669367145,1326.8212606706531
2030-12-30 16:00:00,7977.577942471297,5605.120328459833,612.2201537296619,4508.006395179965,1363.4242493303257
2030-12-30 17:00:00,7866.619302512693,5833.579031620566,651.261675904619,4626.868758765178,1456.076865325227
2030-12-30 18:00:00,7908.36468562476,5949.77469579627,667.7611882527586,4764.668382253626,1511.8567181884143
2030-12-30 19:00:00,8071.542004744061,5961.030164187582,699.4181482700261,4800.805030333517,1493.5278910427096
2030-12-30 20:00:00,7907.939241111502,5824.439518712447,681.9280987095203,4764.802954355598,1482.0899291863498
2030-12-30 21:00:00,7764.963975489775,5535.357365617638,646.9694122604878,4611.205851079161,1413.250236174868
2030-12-30 22:00:00,7181.348380079861,5219.228903517948,583.1546868880787,4377.789687465647,1266.5102609173514
2030-12-30 23:00:00,6821.130717989964,4930.086277421068,534.486788576719,4175.087231066729,1108.7840636769745
2030-12-31 00:00:00,6562.21668815224,4750.19174912005,501.3571876754722,4153.92501049074,985.0395522395924
2030-12-31 01:00:00,6409.264408737552,4606.107717699918,486.8406138513075,4070.317521155953,953.5046422203026
2030-12-31 02:00:00,6371.02836374957,4605.570621633576,480.9353511610526,4035.318073394902,924.2068389287874
2030-12-31 03:00:00,6313.2823114047815,4734.852737318321,478.2264879007557,3998.448871032997,911.7277132147802
2030-12-31 04:00:00,6314.409006566706,4793.9259605791,502.952081518234,4014.1418019044177,919.9266990822528
2030-12-31 05:00:00,6624.254300553124,5263.168761426473,538.651131775835,4198.239939112438,976.45933294776
2030-12-31 06:00:00,6873.525716668586,5496.35658825338,586.7721641448771,4421.691120670068,1136.6555651065196
2030-12-31 07:00:00,7099.241737600419,5448.376768040418,585.8762930402511,4429.091943508855,1318.1028085534049
2030-12-31 08:00:00,7689.667166541127,5474.837717334254,585.3319904482735,4559.040311434756,1403.0276346321184
2030-12-31 09:00:00,7989.188882397517,5559.448247735049,592.5701863942891,4489.687609654418,1372.018509640242
2030-12-31 10:00:00,7759.575043945646,5508.070710811282,590.5960217800764,4488.597342667513,1394.666548749782
2030-12-31 11:00:00,7791.351791377868,5489.127911744185,579.7672888577474,4470.302193177241,1394.7823871009111
2030-12-31 12:00:00,7715.148484719806,5339.418196641796,571.9000258254455,4397.579902363005,1336.1339836032405
2030-12-31 13:00:00,7897.037541959935,5425.525737182981,583.7829301453231,4405.456224940106,1312.6052235863283
2030-12-31 14:00:00,7724.945586753888,5377.069678130094,569.1119378848011,4392.539053719735,1313.2292915388575
2030-12-31 15:00:00,7756.636969565609,5437.111424614357,582.9521131717494,4430.887721706777,1330.19157761188
2030-12-31 16:00:00,7915.124119827104,5672.213853810327,603.1566751484474,4521.308758374768,1388.8754757799582
2030-12-31 17:00:00,7976.251355337148,5930.177831489382,664.4343501554936,4675.103479359329,1442.1160224578236
2030-12-31 18:00:00,8007.978546147527,5946.694529876756,683.4590995579894,4761.455931054948,1493.379082453156
2030-12-31 19:00:00,8014.39345615307,5990.1770710330775,693.1888983051408,4735.260625649242,1489.1023716711654
2030-12-31 20:00:00,7917.459899800135,5843.777417187499,682.3040833790939,4806.008793826803,1491.100775208482
2030-12-31 21:00:00,7817.809724541548,5567.861331952198,649.7997359673598,4711.4265795971005,1399.018542422351
2030-12-31 22:00:00,7403.832122874017,5165.491128738434,581.7602909080568,4354.086790659676,1265.9391668333765
2030-12-31 23:00:00,7018.40858655408,4836.859533791236,536.5404575408786,4211.696876309649,1083.1876981106948
